"","query","score","category"
"2","song","100","general"
"3","music","69","general"
"4","songs","69","general"
"5","baby","60","general"
"6","tiktok","41","general"
"7","kids","35","general"
"8","roblox","31","general"
"9","nba","27","general"
"10","minecraft","27","general"
"11","fortnite","26","general"
"12","asmr","23","general"
"13","cocomelon","23","general"
"14","nba youngboy","18","general"
"15","fnf","16","general"
"16","youtube","16","general"
"17","dhar mann","15","general"
"18","mrbeast","15","general"
"19","gacha life","14","general"
"20","sssniperwolf","14","general"
"21","sonic","13","general"
"22","lil baby","12","general"
"23","aphmau","12","general"
"24","drake","12","general"
"25","lil durk","11","general"
"26","fnaf","11","general"
"27","song","100","arts & entertainment"
"31","songs","96","arts & entertainment"
"41","music","89","arts & entertainment"
"51","movies","33","arts & entertainment"
"61","funny","30","arts & entertainment"
"71","dhar mann","23","arts & entertainment"
"81","playlist","16","arts & entertainment"
"91","mickey mouse","15","arts & entertainment"
"101","drake","15","arts & entertainment"
"111","karaoke","15","arts & entertainment"
"121","anime","14","arts & entertainment"
"131","rap","14","arts & entertainment"
"141","fortnite","14","arts & entertainment"
"151","youtube","13","arts & entertainment"
"161","roblox","12","arts & entertainment"
"171","how to draw","12","arts & entertainment"
"181","bad bunny","12","arts & entertainment"
"191","naruto","12","arts & entertainment"
"201","minecraft","11","arts & entertainment"
"211","spongebob","11","arts & entertainment"
"221","memes","11","arts & entertainment"
"231","unspeakable","11","arts & entertainment"
"241","kodak","10","arts & entertainment"
"251","cartoon","9","arts & entertainment"
"261","eminem","9","arts & entertainment"
"28","adley","100","autos & vehicles"
"32","paw patrol","66","autos & vehicles"
"42","car","56","autos & vehicles"
"52","cars","39","autos & vehicles"
"62","a for adley","38","autos & vehicles"
"72","trucks","31","autos & vehicles"
"82","bike","30","autos & vehicles"
"92","polo g","25","autos & vehicles"
"102","jeep","22","autos & vehicles"
"112","santa fe","22","autos & vehicles"
"122","santa fe klan","19","autos & vehicles"
"132","carter","17","autos & vehicles"
"142","motorcycle","15","autos & vehicles"
"152","rv","15","autos & vehicles"
"162","carter sharer","14","autos & vehicles"
"172","turbo","14","autos & vehicles"
"182","nardo wick","14","autos & vehicles"
"192","vy","13","autos & vehicles"
"202","dirt bike","13","autos & vehicles"
"212","alfa","13","autos & vehicles"
"222","off road","13","autos & vehicles"
"232","corvette corvette","11","autos & vehicles"
"242","monster truck","11","autos & vehicles"
"252","bryson","10","autos & vehicles"
"262","wheels","10","autos & vehicles"
"29","workout","100","beauty & fitness"
"33","hair","64","beauty & fitness"
"43","yoga","62","beauty & fitness"
"53","makeup","34","beauty & fitness"
"63","body","18","beauty & fitness"
"73","asmr","15","beauty & fitness"
"83","exercise","15","beauty & fitness"
"93","hairstyles","13","beauty & fitness"
"103","adriene yoga","12","beauty & fitness"
"113","abs","11","beauty & fitness"
"123","yoga with adriene","11","beauty & fitness"
"133","nails","10","beauty & fitness"
"143","music","10","beauty & fitness"
"153","zumba","8","beauty & fitness"
"163","short","8","beauty & fitness"
"173","fashion","8","beauty & fitness"
"183","haircut","8","beauty & fitness"
"193","ab workout","8","beauty & fitness"
"203","home workout","7","beauty & fitness"
"213","tattoo","7","beauty & fitness"
"223","carin leon","7","beauty & fitness"
"233","makeup tutorial","7","beauty & fitness"
"243","camila cabello","6","beauty & fitness"
"253","workout at home","6","beauty & fitness"
"263","abs workout","6","beauty & fitness"
"210","audiobook","100","books & literature"
"34","story","92","books & literature"
"44","book","84","books & literature"
"54","harry potter","62","books & literature"
"64","read aloud","61","books & literature"
"74","stories","60","books & literature"
"84","books","57","books & literature"
"94","film theory","32","books & literature"
"104","cleetus mcfarland","28","books & literature"
"114","roblox","27","books & literature"
"124","yeat","26","books & literature"
"134","piggy","24","books & literature"
"144","fortnite","20","books & literature"
"154","warrior cats","19","books & literature"
"164","game of thrones","19","books & literature"
"174","kids stories","18","books & literature"
"184","music","18","books & literature"
"194","chapter 3","17","books & literature"
"204","impractical jokers","17","books & literature"
"214","sus","17","books & literature"
"224","ebs","15","books & literature"
"234","sasunaru","15","books & literature"
"244","yaoi","15","books & literature"
"254","stories for kids","14","books & literature"
"264","magic school bus","14","books & literature"
"215","tiktok","100","business & industrial"
"35","tiktok mashup","23","business & industrial"
"45","norris nuts","6","business & industrial"
"55","songs","6","business & industrial"
"65","chad wild clay","5","business & industrial"
"75","tiktok mashup 2021","5","business & industrial"
"85","tiktok compilation","5","business & industrial"
"95","roblox","4","business & industrial"
"105","tiktok mashup 2022","4","business & industrial"
"115","gacha life","4","business & industrial"
"125","minecraft","4","business & industrial"
"135","music","4","business & industrial"
"145","tiktok songs","4","business & industrial"
"155","tractor","3","business & industrial"
"165","trucks","3","business & industrial"
"175","tiktok mashup clean","3","business & industrial"
"185","gacha life tiktok","3","business & industrial"
"195","tiktok dance","3","business & industrial"
"205","survival","3","business & industrial"
"216","fortnite","3","business & industrial"
"225","tiktok dances","3","business & industrial"
"235","asmr","3","business & industrial"
"245","motivation","2","business & industrial"
"255","gacha life tiktok compilation","2","business & industrial"
"265","aew","2","business & industrial"
"217","kodak","100","computers & electronics"
"36","squid game","75","computers & electronics"
"46","kodak black","71","computers & electronics"
"56","doja cat","45","computers & electronics"
"66","typical gamer","44","computers & electronics"
"76","vlad and niki","44","computers & electronics"
"86","nas","38","computers & electronics"
"96","fortnite","34","computers & electronics"
"106","minecraft","32","computers & electronics"
"116","roblox","32","computers & electronics"
"126","nintendo","32","computers & electronics"
"136","xbox","32","computers & electronics"
"146","mrbeast","31","computers & electronics"
"156","music","30","computers & electronics"
"166","lil nas x","29","computers & electronics"
"176","white noise","26","computers & electronics"
"186","scp","22","computers & electronics"
"196","360","21","computers & electronics"
"206","apple","20","computers & electronics"
"218","dream","19","computers & electronics"
"226","mrbeast gaming","18","computers & electronics"
"236","nintendo switch","17","computers & electronics"
"246","security breach","16","computers & electronics"
"256","dream smp","15","computers & electronics"
"266","sis vs bro","15","computers & electronics"
"219","bts","100","finance"
"37","money","12","finance"
"47","chase","11","finance"
"57","1 hour","10","finance"
"67","songs","7","finance"
"77","butter","6","finance"
"87","butter bts","6","finance"
"97","bank","5","finance"
"107","bts reaction","5","finance"
"117","bts songs","5","finance"
"127","mlp","4","finance"
"137","stocks","4","finance"
"147","amc","4","finance"
"157","dynamite","4","finance"
"167","dynamite bts","3","finance"
"177","run bts","3","finance"
"187","ebk","3","finance"
"197","amc stock","3","finance"
"207","permission to dance bts","3","finance"
"2110","bts on","3","finance"
"227","bts ff","3","finance"
"237","chase atlantic","3","finance"
"247","credit card","3","finance"
"257","blackpink","3","finance"
"267","music","3","finance"
"220","piper","100","food & drink"
"38","food","92","food & drink"
"48","piper rockelle","91","food & drink"
"58","chicken","91","food & drink"
"68","juice wrld","87","food & drink"
"78","jelly","68","food & drink"
"88","cake","67","food & drink"
"98","cooking","53","food & drink"
"108","pizza","49","food & drink"
"118","cheese","45","food & drink"
"128","asmr","43","food & drink"
"138","gummy bear","35","food & drink"
"148","candy","32","food & drink"
"158","ice cream","30","food & drink"
"168","eating","26","food & drink"
"178","mukbang","26","food & drink"
"188","chocolate","24","food & drink"
"198","gummy bear song","24","food & drink"
"208","soup","21","food & drink"
"2111","music","20","food & drink"
"228","frozen","19","food & drink"
"238","seafood","19","food & drink"
"248","rauw alejandro","17","food & drink"
"258","guava juice","17","food & drink"
"268","fresh","17","food & drink"
"229","fnf","100","games"
"39","sonic","90","games"
"49","game","69","games"
"59","gta","56","games"
"69","mario","53","games"
"79","games","52","games"
"89","pokemon","46","games"
"99","roblox","40","games"
"109","slime","38","games"
"119","gta 5","34","games"
"129","flamingo","30","games"
"139","minecraft","30","games"
"149","fortnite","27","games"
"159","music","23","games"
"169","cwc","22","games"
"179","warzone","20","games"
"189","freestyle","18","games"
"199","huggy wuggy","17","games"
"209","xbox","17","games"
"2112","it","17","games"
"2210","super mario","16","games"
"239","call of duty","15","games"
"249","nintendo","14","games"
"259","halo","14","games"
"269","kids videos for kids","14","games"
"230","asmr","100","health"
"310","reaction","21","health"
"410","pain","15","health"
"510","music","13","health"
"610","teeth","12","health"
"710","vaccine","12","health"
"810","morgan wallen","12","health"
"910","asmr eating","11","health"
"1010","doctor","9","health"
"1110","pop smoke","8","health"
"1210","fumando mota","7","health"
"1310","lava","7","health"
"1410","apex","7","health"
"1510","cartel de santa","7","health"
"1610","fat","7","health"
"1710","heart","7","health"
"1810","panda","7","health"
"1910","mood","6","health"
"2010","daily dose of internet","6","health"
"2113","wrong","6","health"
"2211","anxiety","6","health"
"2310","asmr sleep","6","health"
"2410","broken","5","health"
"2510","cpr","4","health"
"2610","pimple popping","4","health"
"240","christmas","100","hobbies & leisure"
"311","shark","88","hobbies & leisure"
"411","baby shark","72","hobbies & leisure"
"511","dog","64","hobbies & leisure"
"611","how to make","54","hobbies & leisure"
"711","cat","50","hobbies & leisure"
"811","songs","47","hobbies & leisure"
"911","fishing","43","hobbies & leisure"
"1011","scary","39","hobbies & leisure"
"1111","music","38","hobbies & leisure"
"1211","kodak","38","hobbies & leisure"
"1311","halloween","37","hobbies & leisure"
"1411","christmas songs","29","hobbies & leisure"
"1511","hunting","29","hobbies & leisure"
"1611","kodak black","26","hobbies & leisure"
"1711","dogs","21","hobbies & leisure"
"1811","crafts","20","hobbies & leisure"
"1911","minecraft","18","hobbies & leisure"
"2011","cats","18","hobbies & leisure"
"2114","christmas music","18","hobbies & leisure"
"2212","fish","18","hobbies & leisure"
"2311","roblox","17","hobbies & leisure"
"2411","happy birthday","16","hobbies & leisure"
"2511","adopt me","16","hobbies & leisure"
"2611","puppy","15","hobbies & leisure"
"250","rug","100","home & garden"
"312","faze rug","93","home & garden"
"412","minecraft","32","home & garden"
"512","kitchen","32","home & garden"
"612","pool","31","home & garden"
"712","fireplace","29","home & garden"
"812","cleaning","29","home & garden"
"912","garden","24","home & garden"
"1012","bad","21","home & garden"
"1112","zhc","21","home & garden"
"1212","diy","20","home & garden"
"1312","bed","18","home & garden"
"1412","music","18","home & garden"
"1512","light","18","home & garden"
"1612","shower","18","home & garden"
"1712","cut","15","home & garden"
"1812","lights","15","home & garden"
"1912","toilet","14","home & garden"
"2012","vacuum","14","home & garden"
"2115","fortnite","13","home & garden"
"2213","box","12","home & garden"
"2312","led","12","home & garden"
"2412","kirby","12","home & garden"
"2512","roblox","11","home & garden"
"2612","amc","10","home & garden"
"260","iphone","100","internet & telecom"
"313","phone","48","internet & telecom"
"413","speed","35","internet & telecom"
"513","texting story","34","internet & telecom"
"613","google","33","internet & telecom"
"713","diamond","32","internet & telecom"
"813","voice","30","internet & telecom"
"913","wap","28","internet & telecom"
"1013","iphone 13","28","internet & telecom"
"1113","familia diamond","27","internet & telecom"
"1213","juice wrld","24","internet & telecom"
"1313","the voice","24","internet & telecom"
"1413","alexa","21","internet & telecom"
"1513","calixo","17","internet & telecom"
"1613","orange","16","internet & telecom"
"1713","samsung","15","internet & telecom"
"1813","song","15","internet & telecom"
"1913","call","15","internet & telecom"
"2013","google link","14","internet & telecom"
"2116","iphone 13 pro","13","internet & telecom"
"2214","11","13","internet & telecom"
"2313","unboxing","13","internet & telecom"
"2413","music","12","internet & telecom"
"2513","123","12","internet & telecom"
"2613","oversimplified","12","internet & telecom"
"270","school","100","jobs & education"
"314","abc","68","jobs & education"
"414","abc song","59","jobs & education"
"514","high","42","jobs & education"
"614","high school","28","jobs & education"
"714","kindergarten","25","jobs & education"
"814","music","22","jobs & education"
"914","teacher","21","jobs & education"
"1014","alphabet","16","jobs & education"
"1114","test","14","jobs & education"
"1214","morning routines","12","jobs & education"
"1314","songs","11","jobs & education"
"1414","middle","9","jobs & education"
"1514","math","9","jobs & education"
"1614","cpr","8","jobs & education"
"1714","middle school","8","jobs & education"
"1814","study music","7","jobs & education"
"1914","8 bitryan","7","jobs & education"
"2014","mgk","6","jobs & education"
"2117","high school football","6","jobs & education"
"2215","alphabet song","6","jobs & education"
"2314","summer","6","jobs & education"
"2414","royale high","5","jobs & education"
"2514","abc phonics","5","jobs & education"
"2614","bde","5","jobs & education"
"271","royalty","100","law & government"
"315","firme","99","law & government"
"415","firme grupo","94","law & government"
"515","royalty family","90","law & government"
"615","police","55","law & government"
"715","bear","51","law & government"
"815","elsa","49","law & government"
"915","minecraft","43","law & government"
"1015","100 days","42","law & government"
"1115","biden","36","law & government"
"1215","elsa and anna","36","law & government"
"1315","hey bear","35","law & government"
"1415","minecraft 100 days","33","law & government"
"1515","bear sensory","31","law & government"
"1615","fire","31","law & government"
"1715","hey bear sensory","29","law & government"
"1815","bluey","28","law & government"
"1915","hey bear baby sensory","27","law & government"
"2015","the royalty family","26","law & government"
"2118","jail","23","law & government"
"2216","msa","21","law & government"
"2315","muni long","20","law & government"
"2415","mafia","20","law & government"
"2515","army","17","law & government"
"2615","100 days in minecraft","17","law & government"
"272","news","100","news"
"316","fox","26","news"
"416","news live","24","news"
"516","fox news","20","news"
"616","news today","16","news"
"716","johnny depp","15","news"
"816","tg","12","news"
"916","wolfoo","12","news"
"1016","cnn","11","news"
"1116","noticias","10","news"
"1216","tg plays","9","news"
"1316","tucker carlson","9","news"
"1416","trump","8","news"
"1516","nbc news","8","news"
"1616","nightly news","8","news"
"1716","msnbc","7","news"
"1816","survival","6","news"
"1916","weather","6","news"
"2016","newsmax","6","news"
"2119","johnny depp trial","6","news"
"2217","nbc nightly news","6","news"
"2316","boyfriend","6","news"
"2416","noticias de hoy","5","news"
"2516","miley cyrus","4","news"
"2616","steve","4","news"
"273","animated","100","online communities"
"317","animated story","68","online communities"
"417","my story animated","62","online communities"
"517","cookie swirl c","33","online communities"
"617","roblox","24","online communities"
"717","lofi","22","online communities"
"817","animated stories","19","online communities"
"917","gmod","16","online communities"
"1017","hallmark movies","14","online communities"
"1117","skyblock","10","online communities"
"1217","imvu","9","online communities"
"1317","cumbias","9","online communities"
"1417","women","9","online communities"
"1517","poke","8","online communities"
"1617","play doh","8","online communities"
"1717","music","8","online communities"
"1817","minecraft","8","online communities"
"1917","cartoon cat","7","online communities"
"2017","fortnite","6","online communities"
"2120","scary stories animated","6","online communities"
"2218","roblox games","6","online communities"
"2317","hola","6","online communities"
"2417","gmod fnaf","6","online communities"
"2517","niko","6","online communities"
"2617","cari","6","online communities"
"274","kids","100","people & society"
"318","baby","96","people & society"
"418","fnaf","59","people & society"
"518","songs","55","people & society"
"618","family","46","people & society"
"718","love","42","people & society"
"818","sml","35","people & society"
"918","music","32","people & society"
"1018","babies","25","people & society"
"1118","girls","23","people & society"
"1218","meditation","22","people & society"
"1318","dream","18","people & society"
"1418","roblox","17","people & society"
"1518","jesus","15","people & society"
"1618","stokes twins","14","people & society"
"1718","kids videos for kids","13","people & society"
"1818","nursery rhymes","13","people & society"
"1918","cocomelon","13","people & society"
"2018","adopt me","13","people & society"
"2121","pregnant","12","people & society"
"2219","minecraft","12","people & society"
"2318","kids songs","11","people & society"
"2418","rosary","11","people & society"
"2518","youtube","11","people & society"
"2618","vr","10","people & society"
"275","shark","100","pets & animals"
"319","baby","92","pets & animals"
"419","baby shark","84","pets & animals"
"519","dog","69","pets & animals"
"619","cat","54","pets & animals"
"719","dogs","23","pets & animals"
"819","cats","21","pets & animals"
"919","adopt me","18","pets & animals"
"1019","puppy","18","pets & animals"
"1119","fish","15","pets & animals"
"1219","pony","15","pets & animals"
"1319","dinosaurs","14","pets & animals"
"1419","birds","13","pets & animals"
"1519","gorilla","12","pets & animals"
"1619","snake","12","pets & animals"
"1719","my little pony","11","pets & animals"
"1819","animals","10","pets & animals"
"1919","doja cat","10","pets & animals"
"2019","tiger","10","pets & animals"
"2122","puppies","8","pets & animals"
"2220","music","8","pets & animals"
"2319","horse","8","pets & animals"
"2419","terraria","8","pets & animals"
"2519","gorilla tag","7","pets & animals"
"2619","lion","7","pets & animals"
"276","house","100","property"
"320","florida","24","property"
"420","bloxburg","21","property"
"520","houses","19","property"
"620","real","19","property"
"720","home","19","property"
"820","vecinos","19","property"
"920","cabin","16","property"
"1020","bloxburg house","16","property"
"1120","real estate","16","property"
"1220","minecraft","15","property"
"1320","en","14","property"
"1420","te","11","property"
"1520","mark wiens","11","property"
"1620","location","10","property"
"1720","minecraft house","9","property"
"1820","housing","8","property"
"1920","rent","8","property"
"2020","sia","7","property"
"2123","my house","7","property"
"2221","abley","7","property"
"2320","beach house","6","property"
"2420","luxury dark","6","property"
"2520","human fall flat","6","property"
"2620","cleo y cuquin","6","property"
"277","the","100","reference"
"321","sml","53","reference"
"421","dream","23","reference"
"521","how to make","20","reference"
"621","history","18","reference"
"721","spanish","12","reference"
"821","minecraft","10","reference"
"921","music","10","reference"
"1021","nukes","7","reference"
"1121","roblox","7","reference"
"1221","ww2","7","reference"
"1321","ingles","7","reference"
"1421","mermaid","7","reference"
"1521","nukes tops 5","7","reference"
"1621","storytime","6","reference"
"1721","werewolf","6","reference"
"1821","story time","6","reference"
"1921","fortnite","6","reference"
"2021","fbg duck","6","reference"
"2124","songs","6","reference"
"2222","motivational speech","5","reference"
"2321","hypnosis","5","reference"
"2421","asmr","5","reference"
"2521","drakeo the ruler","4","reference"
"2621","lele","4","reference"
"278","carti","100","science"
"322","doja","91","science"
"422","playboi carti","89","science"
"522","doja cat","84","science"
"622","lil baby","66","science"
"722","dinosaur","63","science"
"822","lil durk","45","science"
"922","lil baby lil durk","44","science"
"1022","ocean","44","science"
"1122","game theory","37","science"
"1222","dinosaurs","35","science"
"1322","waves","32","science"
"1422","animals","32","science"
"1522","jurassic world","32","science"
"1622","science","30","science"
"1722","robot","28","science"
"1822","astronaut in the ocean","26","science"
"1922","math","25","science"
"2022","ladybug","24","science"
"2125","heat waves","20","science"
"2223","spm","20","science"
"2322","minecraft","18","science"
"2422","skip and shannon","18","science"
"2522","miraculous ladybug","18","science"
"2622","pressure","17","science"
"279","peppa pig","100","shopping"
"323","toys","89","shopping"
"423","how to make","88","shopping"
"523","lego","70","shopping"
"623","kodak","69","shopping"
"723","toy","58","shopping"
"823","baby","55","shopping"
"923","kodak black","49","shopping"
"1023","shorts","47","shopping"
"1123","cj","39","shopping"
"1223","barbie","35","shopping"
"1323","music","30","shopping"
"1423","cj so cool","30","shopping"
"1523","minecraft","29","shopping"
"1623","socks","25","shopping"
"1723","roblox","25","shopping"
"1823","pj masks","25","shopping"
"1923","xbox","24","shopping"
"2023","fortnite","23","shopping"
"2126","bikini","23","shopping"
"2224","poppy playtime","23","shopping"
"2323","nintendo","22","shopping"
"2423","nerf","21","shopping"
"2523","white noise","21","shopping"
"2623","transformers","18","shopping"
"280","nba","100","sports"
"324","gacha","56","sports"
"424","nba youngboy","52","sports"
"524","football","48","sports"
"624","wwe","43","sports"
"724","gacha life","34","sports"
"824","basketball","31","sports"
"924","nfl","30","sports"
"1024","ufc","17","sports"
"1124","baseball","15","sports"
"1224","golf","15","sports"
"1324","olympics","14","sports"
"1424","soccer","14","sports"
"1524","boxing","13","sports"
"1624","wrestling","11","sports"
"1724","super bowl","10","sports"
"1824","mlb","10","sports"
"1924","gacha heat","10","sports"
"2024","lakers","9","sports"
"2127","warriors","9","sports"
"2225","nba highlights","8","sports"
"2324","espn","8","sports"
"2424","cowboys","8","sports"
"2524","ninja","7","sports"
"2624","joe rogan","7","sports"
"281","roma","100","travel"
"325","diana roma","93","travel"
"425","diana","93","travel"
"525","diana and roma","77","travel"
"625","disney","51","travel"
"725","karol g","43","travel"
"825","beach","36","travel"
"925","ride","33","travel"
"1025","weeknd","32","travel"
"1125","train","32","travel"
"1225","disney world","31","travel"
"1325","the weeknd","30","travel"
"1425","disneyland","30","travel"
"1525","vegas","27","travel"
"1625","bus","25","travel"
"1725","rust","25","travel"
"1825","cruise","25","travel"
"1925","roller coaster","22","travel"
"2025","las vegas","21","travel"
"2128","vacation","17","travel"
"2226","zoo","17","travel"
"2325","airplane","17","travel"
"2425","lil yachty","17","travel"
"2525","diana y roma","17","travel"
"2625","travel","16","travel"
