PERSPECTIVE_SEXUALLY_EXPLICIT,PERSPECTIVE_INSULT,PERSPECTIVE_THREAT,PERSPECTIVE_INFLAMMATORY,PERSPECTIVE_FLIRTATION,PERSPECTIVE_IDENTITY_ATTACK,PERSPECTIVE_TOXICITY,PERSPECTIVE_PROFANITY,video_id
0.07273865,0.022046927,0.20099929,0.040760025,0.23687592,0.03830476,0.008954669,0.03791318,1f8yoFFdkcY
0.07633388,0.04704898,0.09287463,0.058725197,0.3424523,0.04527406,0.089577995,0.05085468,Cnmy08JgakM
0.062459268,0.018653126,0.18237811,0.071390904,0.22324896,0.032265797,0.010759487,0.03190418,AnYl6Nk9GOA
0.09414293,0.059232935,0.13186799,0.09927374,0.33179182,0.05075608,0.035649624,0.07615439,8AAmaSOSyIA
0.2900923,0.18152475,0.6044746,0.09934352,0.5141365,0.21239886,0.05653196,0.22479896,2pLT-olgUJs
0.13663208,0.11977378,0.25862482,0.06355014,0.42179453,0.08106643,0.06012806,0.12439874,8PwoytUU06g
0.21514256,0.15100738,0.10814326,0.2816876,0.40856725,0.103938974,0.23365098,0.14398088,vOiP3kfFlrE
0.057105724,0.029822826,0.07046186,0.1321299,0.23579685,0.03849539,0.046465382,0.034325596,QfMlHzgzBwQ
0.04918995,0.043583237,0.6003176,0.3324514,0.36353642,0.04516423,0.28021416,0.05867086,uCKgK6qDdrU
0.07932948,0.017681893,0.046682674,0.108294114,0.22688355,0.026069093,0.12953265,0.03530182,54x6yjnzLms
0.13585171,0.085431635,0.5237904,0.21442427,0.347544,0.12537523,0.0042690868,0.122377925,cbCt69XAUKA
0.065071635,0.026373534,0.09040131,0.046077196,0.41605967,0.030251741,0.119228795,0.03586941,9p7-YC91Q74
0.07331833,0.081705846,0.24163418,0.073292464,0.35721815,0.08084659,0.023117077,0.060883503,uUKAYkQZXko
0.054369926,0.061067656,0.30805674,0.12313865,0.48250344,0.05692531,0.01263372,0.05910883,zzD80vCLq0Y
0.05526169,0.028501263,0.2861542,0.0746992,0.24412186,0.04658603,0.037023053,0.0458116,P1mInEK7BEU
0.06558122,0.039738495,0.28080684,0.07419511,0.25623295,0.060244247,0.011870144,0.0523715,yEllr_kIV4I
0.09492782,0.01910014,0.07901621,0.072028734,0.28487548,0.024052013,0.033761155,0.030371737,Goo0g_zmFBY
0.12906139,0.08060979,0.19333926,0.08956004,0.35982603,0.07917753,0.055333257,0.105609976,zXITzjuRXYo
0.1097891,0.0376674,0.07449712,0.04546189,0.35278532,0.0385127,0.089041,0.062569596,uO2UMEKlBTo
0.080839716,0.045315605,0.124767505,0.049662158,0.33795607,0.056375727,0.029812546,0.049843717,M6VjjM4nMLo
0.08900119,0.040829677,0.2883942,0.04643854,0.32710245,0.044962574,0.08689302,0.059628475,r7gKGvjfyHg
0.09425064,0.056304354,0.14459275,0.09927374,0.3517623,0.054319754,0.045091953,0.07613267,glxrwC9zsHY
0.1370535,0.31559902,0.56997395,0.38988447,0.50411665,0.14429028,0.36944604,0.12620391,PvUdEKEJBnU
0.15761453,0.16665621,0.67799044,0.1130332,0.3778082,0.2875174,0.0729142,0.16847685,YHx_mah4Xhs
0.18780452,0.23516144,0.8763936,0.32668936,0.34395295,0.59401745,0.12309273,0.2628932,R8oZk2wnpY0
0.53977585,0.34804702,0.43505806,0.11919286,0.66948444,0.18873754,0.29558796,0.4648807,ohgLmY19jNg
0.09194231,0.030152416,0.102345996,0.121677965,0.24496904,0.046010833,0.2286382,0.058662668,lno9GbdrVh4
0.05693186,0.06581672,0.17693645,0.1211434,0.27781433,0.048340548,0.058130227,0.050208546,NFr-3aAb2Gg
0.12222879,0.16599834,0.7597562,0.14888789,0.3495592,0.1555929,0.14104263,0.20875157,yxjbxsX7y_E
0.067434445,0.021051455,0.08324786,0.07047666,0.39517412,0.023041595,0.089041,0.031004295,Ta8_ASDu9yk
0.055485506,0.089712285,0.23961481,0.040270425,0.2834744,0.08411482,0.020269485,0.056034196,1919eTCoESo
0.110658236,0.02992707,0.08411832,0.07860224,0.32365984,0.035902526,0.06532243,0.04658433,EfJ4aB_enVE
0.38584927,0.5664072,0.6180101,0.24572848,0.40683976,0.28385958,0.5026305,0.4754863,rptV4dEJUx4
0.08619927,0.045528654,0.10076501,0.1948814,0.3280864,0.050941948,0.119872786,0.062435538,svdPTfOpAyQ
0.16037415,0.04454024,0.31173652,0.16893591,0.3460478,0.05287815,0.04406188,0.10944222,t9gaMVgKkgs
0.09414293,0.059232935,0.13186799,0.09927374,0.33179182,0.05075608,0.035649624,0.07615439,KFcUwNl7eXo
0.103287816,0.061337292,0.34419897,0.14592324,0.39610785,0.06193377,0.02193547,0.07307099,YSqdzrmJAlw
0.104113504,0.082357936,0.28940997,0.10368176,0.49484286,0.056970175,0.013050216,0.090565786,DHD1-2P94DI
0.064126715,0.088536404,0.3697497,0.04190654,0.46532163,0.05187132,0.03839648,0.0840333,QDUklXQJ_6E
0.12878259,0.06529567,0.3082867,0.11670621,0.36546123,0.09451673,0.020408317,0.13389301,cO7iMCci904
0.06685749,0.03638792,0.28265086,0.0746992,0.25433746,0.0498593,0.03753809,0.05629383,XgI_p8bKg78
0.1357043,0.1189133,0.21467124,0.27528194,0.34446818,0.094919495,0.07251463,0.103763774,hxjKZcOT17E
0.059891224,0.1254366,0.07825647,0.3508445,0.36312002,0.06319216,0.17380224,0.055885546,mPc_Z7SuvPc
0.06999413,0.034668542,0.24817398,0.052043,0.2939962,0.046071853,0.051737156,0.054129917,AvWVYgzH_f4
0.12626961,0.038654108,0.09027876,0.05853974,0.35602248,0.03338371,0.0471521,0.06264341,rK_tmffSghQ
0.081512675,0.08512616,0.2970873,0.026354188,0.34511897,0.08756102,0.024833864,0.10069336,i27K2ry9jEo
0.11682975,0.056333482,0.20069574,0.076743,0.3115195,0.08242977,0.064523295,0.113700844,Gn2EWxH7ME8
0.15892294,0.1081514,0.48475373,0.079318576,0.3224569,0.14027189,0.03187269,0.15925704,wGS_lTcBHhw
0.09414286,0.059232935,0.13186793,0.09927372,0.33179182,0.050756026,0.035649624,0.07615435,53B40Aw0k3g
0.15526852,0.12910198,0.22473043,0.1048391,0.37742105,0.116550006,0.13017663,0.13576588,3p8EBPVZ2Iw
0.06841092,0.043041267,0.086170115,0.14018248,0.20614354,0.04847489,0.11085691,0.056092814,vkKCVCZe474
0.07150672,0.08427825,0.49283543,0.022192042,0.4141602,0.15744202,0.009857078,0.07056481,dJlFmxiL11s
0.083214104,0.10580691,0.13463242,0.098039635,0.37852633,0.06930271,0.047495455,0.11824018,Jx5VKHQgWMY
0.06678683,0.070803784,0.41191146,0.11083085,0.30932543,0.0727169,0.06132676,0.07290544,5i8y-_cbwgw
0.12289968,0.08983754,0.10248583,0.07690493,0.28785393,0.073515505,0.043375164,0.09495806,N9rQIk9puXI
0.08666633,0.4847677,0.24995449,0.18200722,0.34020936,0.19986233,0.3123962,0.18871915,FXloHGTJ_k0
0.23666987,0.13346693,0.36820605,0.074857496,0.5760794,0.14941758,0.1256687,0.15765595,xF4_1h-WUq8
0.15306106,0.09630756,0.15792617,0.0948947,0.39119965,0.080911085,0.1024659,0.11067887,JLdSuFF62AI
0.051350605,0.029576927,0.24780561,0.08045053,0.24206057,0.044981174,0.023288755,0.042985633,5cMYysFl4CY
0.4900194,0.20237328,0.59517455,0.18166888,0.5256481,0.24324465,0.23452865,0.30448845,V4sWpLJcQoU
0.24607465,0.10526811,0.46451807,0.11875172,0.4773763,0.14346568,0.104076885,0.15980718,urBJkOFnKVc
0.120066635,0.103311986,0.15749279,0.1798911,0.3863636,0.0820943,0.101391904,0.10326676,-I9Rp0HMatM
0.09212155,0.030883258,0.09947315,0.04863027,0.34578022,0.034094,0.14956708,0.048966516,MznqHWzCv8s
0.068104506,0.042296488,0.2742105,0.0257496,0.21896686,0.05786652,0.01631277,0.05840795,huqPu2epmcw
0.20462391,0.032125596,0.1360744,0.07212427,0.3456093,0.0564382,0.048868883,0.12363827,z2ggDhOqLsk
0.18862247,0.13426302,0.268901,0.03415875,0.40109283,0.16747092,0.06132676,0.16064993,vt-9sMWqUsc
0.11976135,0.049931206,0.13510352,0.15322983,0.27273655,0.06552357,0.07091636,0.08257479,31O70ckvY3c
0.102025665,0.055242516,0.09957611,0.12662204,0.4326195,0.054531492,0.119872786,0.06930674,3M3W5VCsuCY
0.08737885,0.028348694,0.09721952,0.102216095,0.24153769,0.041331396,0.01721518,0.055637136,xZaSVMB2yy0
0.06600682,0.037398245,0.037442654,0.11853783,0.22475015,0.050237536,0.016104523,0.039872546,2RrGnjxSsiA
0.13455021,0.6247848,0.3335351,0.08812061,0.31772485,0.20498022,0.16344422,0.4232096,3SUtOSaOn1M
0.42713913,0.2530976,0.7624377,0.41102698,0.5446439,0.30206963,0.3093897,0.26892868,qfWx1EPdhwE
0.06834088,0.020134354,0.19894257,0.08339177,0.232254,0.036544647,0.022351967,0.035288952,Q-vuR4PJh2c
0.0716773,0.06974576,0.08196108,0.10587854,0.3974564,0.03889447,0.02637897,0.04477077,F6PhNnlb-14
0.08610837,0.02249467,0.07902324,0.056093507,0.3068573,0.030963074,0.04165838,0.03568964,MmNbGJS57U8
0.19890699,0.09036982,0.56332946,0.10283266,0.4427475,0.23322122,0.18746567,0.14534554,OfMK1r41Jz0
0.05545311,0.18151101,0.13527484,0.094854645,0.41421697,0.06879217,0.21980777,0.06125262,NMgWyTivrTI
0.10820733,0.072879985,0.27692643,0.18564226,0.39646575,0.068318434,0.08420804,0.084715806,QdIutxfm_hU
0.123682044,0.07767468,0.43313494,0.095082626,0.29063633,0.09461533,0.03753809,0.09476666,EPXbWEFQ008
0.14090423,0.12172686,0.1695054,0.28367513,0.28859463,0.1147493,0.39206567,0.14844914,Cbb1uqiaMtM
0.12793697,0.019850312,0.07891524,0.08125544,0.31133315,0.044183556,0.03856816,0.06083046,o3mfKLCerec
0.090439044,0.09620142,0.2339808,0.093421265,0.33648744,0.100048676,0.030842619,0.07458752,MrV4vCotio0
0.08459965,0.041848306,0.118276045,0.17156158,0.26003414,0.051464256,0.10956893,0.0684872,1R1w-YcubSk
0.24201164,0.20701163,0.5292052,0.20201664,0.637887,0.1269934,0.35870504,0.19484952,Kc5-kYMGsOU
0.05885704,0.031530123,0.062821165,0.048344158,0.22347876,0.03332308,0.06851897,0.039006762,qk97w6ZmV90
0.16261585,0.05180432,0.21528123,0.06573985,0.400627,0.05983324,0.0054144515,0.13401558,4krsAmEeZX0
0.19481197,0.075478055,0.16442268,0.03859068,0.5388384,0.06632003,0.040971663,0.11406182,5ourM6YUQPU
0.1676452,0.054301757,0.20905054,0.021535303,0.4177082,0.06423584,0.0069763125,0.14206643,UgEr_UHwbuE
0.14778292,0.05728784,0.117420554,0.075409815,0.3701026,0.05502906,0.019297661,0.07321493,-b2lNLq3EaA
0.12025724,0.44502535,0.8430036,0.291898,0.25922012,0.3096563,0.30487993,0.32744735,JEEG0hBNk3E
0.1274498,0.100400336,0.24730895,0.22465923,0.36201468,0.13783367,0.14777246,0.12398353,_rp6OqtbVR0
0.08737885,0.028348694,0.09721952,0.102216095,0.24153769,0.041331396,0.01721518,0.055637136,as5DvVo2P-k
0.06103657,0.02214721,0.24021666,0.09809766,0.25934216,0.02609151,0.02193547,0.051810455,x2Ihrm19mCM
0.12560499,0.1167675,0.53111005,0.09969283,0.5169382,0.09845587,0.15246986,0.114440545,1XBQMd1Q9tc
0.16473433,0.07347151,0.32379824,0.031967565,0.31188,0.10840535,0.01561861,0.1661824,q6NIWNnvOK0
0.055869553,0.08604373,0.24843863,0.06699201,0.36119264,0.07344309,0.011800728,0.04785609,nXxsfMyz7So
0.2545246,0.1461994,0.16390523,0.08750973,0.64055735,0.11395926,0.22988434,0.13452257,2IGxhqbYT1k
0.08215362,0.021013297,0.17429185,0.15950519,0.3909037,0.059931573,0.036851373,0.033144545,jn5IMNPMRR0
0.11481378,0.12901162,0.14879115,0.314991,0.3617688,0.093848534,0.3897707,0.10650517,ak58fSBBYKE
0.14271356,0.08456443,0.20006295,0.07904872,0.40615782,0.06830617,0.014716201,0.13231173,nO3fVMzvDrs
0.09425064,0.056304354,0.14459275,0.09927374,0.3517623,0.054319754,0.045091953,0.07613267,2mkwIgukTuY
0.099429406,0.39022887,0.47526515,0.27771372,0.23966135,0.2859398,0.29261994,0.23605907,X13iqiXRG4k
0.089520164,0.047499157,0.09229179,0.07812029,0.34694812,0.041055184,0.061726328,0.052399643,PlqWX_cv7bc
0.08611225,0.20006798,0.110328734,0.120457955,0.28824413,0.12758338,0.27194336,0.09323031,sZtlc1t7x9E
0.089978084,0.08117411,0.14604601,0.14869863,0.29121152,0.07499944,0.04406188,0.085841455,3oeimlA6s68
0.08782668,0.045021962,0.109602734,0.09640272,0.22561596,0.051554605,0.0020824813,0.06354775,U_Y7Pe0Wi74
0.2120188,0.057862,0.31366128,0.22666174,0.3684847,0.09666647,0.24418297,0.15909366,3zl1_XGgDVk
0.1149428,0.03973008,0.27967235,0.060975622,0.7963349,0.063329145,0.016243355,0.10297606,StBxsDojk70
0.16452894,0.14825992,0.52856696,0.14406629,0.43404254,0.17443693,0.20816301,0.17848444,7nIOqf23Ec0
0.1289767,0.24444737,0.37484357,0.16076419,0.40958187,0.15678144,0.21109697,0.17046289,TqXwI1MWZks
0.13592033,0.11586349,0.22772835,0.1835709,0.3196909,0.10278833,0.019575324,0.12411224,fpK5VZCwJPY
0.06994949,0.023939513,0.081013985,0.052421723,0.30968058,0.03201029,0.0753116,0.036201414,Oa-xdUN3x08
0.14106965,0.035839736,0.21276663,0.19003274,0.3503944,0.06346606,0.05613239,0.08529072,k1cLRd7cahQ
0.0630534,0.060569085,0.23719245,0.15224496,0.33818978,0.058422025,0.009440582,0.04866612,bkHuvrLxpUU
0.4741845,0.23287912,0.7824289,0.32611063,0.5448329,0.29093444,0.2008281,0.3027994,4hXKEfzKYdU
0.15793645,0.039287984,0.17731874,0.12640679,0.34039104,0.07564666,0.059328925,0.10471124,l2AHpn2i7_Y
0.056844514,0.04671075,0.11585276,0.03385557,0.3390643,0.025950318,0.12631269,0.037984677,Z_dgrjRlD_4
0.38077158,0.13512386,0.47714138,0.06731177,0.6688546,0.16545096,0.07131593,0.18319461,62tEuL1FOtM
0.081703715,0.03000391,0.083629824,0.057463173,0.34259635,0.029365033,0.10699297,0.047163684,f0lCIn461co
0.1909121,0.07038389,0.2532202,0.06575061,0.44439676,0.08642091,0.16551583,0.16389707,t0Za9A8f9uA
0.051191017,0.042295422,0.08861807,0.18143684,0.3072896,0.040002834,0.032387726,0.029502936,Bc6G41KutHE
0.085289724,0.1039726,0.1475621,0.08023407,0.39486322,0.058831457,0.039254878,0.08372943,FOVHXpAaCk8
0.04570983,0.024197929,0.09984569,0.04265613,0.34330374,0.021060495,0.0753116,0.02827529,URtLwJC6gXk
0.1676453,0.054301783,0.20905064,0.02153529,0.4177083,0.06423584,0.0069763125,0.14206645,v_zGx8seH_Y
0.1572124,0.057784423,0.2597319,0.12183529,0.3245616,0.099161774,0.089577995,0.1372106,WcKW8h1Plec
0.10279626,0.13199702,0.3148026,0.25155059,0.3263728,0.1319781,0.027065687,0.108751744,IrA9dvgRKR0
0.20463979,0.32338038,0.7820813,0.24176879,0.3350819,0.48014343,0.22333995,0.25424016,Th97oQ4eF9U
0.087378815,0.02834871,0.097219564,0.10221611,0.24153775,0.041331396,0.01721518,0.055637136,-Xet6BIhtPU
0.12520978,0.0958524,0.4042117,0.28983405,0.402891,0.14410993,0.045091953,0.12514514,QKCkO9fy9O4
0.37991077,0.35622507,0.760635,0.012994605,0.4371617,0.6690063,0.0015878921,0.385269,3LlvMrjLar0
0.06763973,0.055142224,0.1691946,0.14734244,0.31686163,0.049499005,0.043718524,0.04421339,JqYPJtSMHN4
0.12034405,0.19388908,0.14931522,0.09036552,0.3512434,0.13068202,0.089041,0.13717064,fhWf2OJ5qiU
0.38731092,0.4716532,0.58324516,0.006264569,0.6747011,0.23984365,0.14508054,0.35512117,6LVoW7Bkw1c
0.08561408,0.034414124,0.07516122,0.051323485,0.32584715,0.02891851,0.04818217,0.044212215,6zaU5AQsyDw
0.10591961,0.078954,0.05592403,0.107268326,0.4997327,0.023046749,0.10828095,0.08298547,cZsGukYkLKw
0.12993595,0.10985779,0.16048117,0.3424951,0.2791379,0.114792936,0.2752517,0.13251139,nS_wQV0LjjU
0.12600301,0.07700676,0.4335583,0.05462258,0.39395773,0.11724259,0.15276173,0.16354579,MrIf68WxkuI
0.08619927,0.045528654,0.10076501,0.1948814,0.3280864,0.050941948,0.119872786,0.062435538,p5xwSkcySoo
0.10528182,0.029961864,0.07712259,0.052465413,0.2750261,0.030613735,0.0090240855,0.06568312,L1BeGwFoNqk
0.094780885,0.015251703,0.06195864,0.09494098,0.41179693,0.022656158,0.035649624,0.02438913,Z78l81is7lE
0.47391188,0.6356477,0.56112915,0.08996331,0.39041445,0.3458765,0.5049312,0.55872065,Jnkz6q39Dlw
0.07882289,0.024644168,0.089023925,0.12087627,0.23110472,0.035949256,0.17587385,0.04910497,ZEo9SjuUqYY
0.060761336,0.022900613,0.06678297,0.05987449,0.30099496,0.028864104,0.044748597,0.0348096,6BdAAc5N5x0
0.07588674,0.08491751,0.41923696,0.09699536,0.2532952,0.088325955,0.028267438,0.09800113,3jynwku8QpA
0.076349474,0.05012832,0.16084485,0.17716558,0.27635378,0.060241617,0.0801064,0.056212567,6TmQiugy_qw
0.059761673,0.02854951,0.06288207,0.06306595,0.27059254,0.0268498,0.1473238,0.039891165,s6dIsx6j4AE
0.06363569,0.17872505,0.6426244,0.43827105,0.36461484,0.1080221,0.052136723,0.104928836,c6VQvQJfD8Q
0.14802241,0.031208856,0.28471836,0.012842611,0.49977913,0.09627023,0.04131502,0.10909295,4CkVdu4z1HA
0.0827554,0.0703896,0.48254755,0.101662,0.30667403,0.068217784,0.04234509,0.107634075,P4GukOvkeQQ
0.085523725,0.31137633,0.5622061,0.19785613,0.45498392,0.12802514,0.2406723,0.1270262,5YzzeNrHF4s
0.049447127,0.0260911,0.069182724,0.14771324,0.19505139,0.03656584,0.06612156,0.03916329,Qia2ZXEzyLw
0.12334126,0.15340158,0.747754,0.30784377,0.35976812,0.21668361,0.11729682,0.17088968,K34wxKQT9pY
0.08737885,0.028348694,0.09721952,0.102216095,0.24153769,0.041331396,0.01721518,0.055637136,tfPoEnaCBjg
0.05302519,0.22198832,0.8036277,0.18797371,0.2521851,0.2581073,0.29756662,0.27051032,1V64QSE-96Y
0.0804973,0.06675858,0.43642724,0.13710637,0.37054336,0.060799696,0.038053125,0.08984751,sQp904QUFc0
0.031445585,0.043650158,0.055376574,0.07011202,0.27973434,0.029050697,0.022213135,0.023982834,aW5IYarq0fo
0.08730786,0.024801603,0.26684335,0.1614492,0.24777152,0.041524027,0.05253629,0.064514525,0_nKiv0i7PA
0.2251022,0.31450215,0.4383796,0.36609387,0.34149238,0.54643565,0.10763696,0.2200674,pdC3OfWI5cw
0.1291288,0.2407694,0.58761144,0.18657324,0.48986924,0.22630571,0.1464265,0.19447574,gg33A9qlFh8
0.117795125,0.14455447,0.08609195,0.13660719,0.34750935,0.073853955,0.14014533,0.070951976,cLO4uRh4xDE
0.22737594,0.10858711,0.19164075,0.09879465,0.40900254,0.10962219,0.039254878,0.11937855,aKFVZu_4Lq4
0.06588834,0.088137336,0.633656,0.18061326,0.33423454,0.05980567,0.2008281,0.103998885,K134RhnDTso
0.09746312,0.054768223,0.15373634,0.033346318,0.38412607,0.053824965,0.09709594,0.067788154,vhcyvcbVBQQ
0.08214782,0.051698707,0.37296256,0.049279097,0.38028038,0.051352862,0.054534122,0.04899093,EGhERRQ3GP0
0.14725146,0.0938357,0.08838815,0.1335307,0.35505837,0.07911714,0.0813051,0.09178811,23WPx6sv7k0
0.13418794,0.05979793,0.16073048,0.108430915,0.35666543,0.055262364,0.07371333,0.08691014,H765nVNbUsA
0.098692894,0.06998982,0.09986298,0.07267373,0.34142753,0.054425936,0.08689302,0.082313,W-9L0J_9qag
0.1519036,0.045250177,0.23866576,0.075894855,0.40103614,0.062036034,0.15626417,0.07534556,O7yqw4gCnaY
0.20488572,0.10090898,0.22946037,0.076452754,0.37515938,0.113339074,0.036679696,0.19484466,eIRQzn3w710
0.06853724,0.017757064,0.279732,0.27714682,0.29648426,0.035561107,0.056931525,0.035883784,aWJo_Fe20aE
0.09755021,0.048725855,0.110293984,0.055166934,0.3421765,0.04659718,0.06132676,0.07734907,6auB47_9Kq4
0.117763184,0.06053598,0.1695814,0.17924547,0.3003477,0.08346543,0.0142302895,0.08373664,FgfT2fOv31E
0.08737885,0.028348694,0.09721952,0.102216095,0.24153769,0.041331396,0.01721518,0.055637136,KFZ4srhXP04
0.32867435,0.5860092,0.91432226,0.62818736,0.40938547,0.6401928,0.36805952,0.50902396,RarcD0Q50nU
0.07530979,0.03884641,0.07754547,0.079181015,0.30124927,0.04331086,0.07091636,0.050735712,m8HScrQndpU
0.5248293,0.46799418,0.3133125,0.37969404,0.4503324,0.11391377,0.30053464,0.5685222,sz3xierpVgg
0.22779505,0.4997533,0.471064,0.63288856,0.3994917,0.68107224,0.16551583,0.3108302,tS01JLqO2B8
0.12961513,0.09988639,0.49346957,0.083709866,0.47884366,0.13321221,0.015549194,0.1506895,u30ElgGF8yk
0.15239824,0.117712885,0.28740752,0.0819552,0.39213216,0.11053052,0.01999182,0.15168263,hGOYxik3oeE
0.34980327,0.61380637,0.88309413,0.37951627,0.45177248,0.6178423,0.43451136,0.4458076,qAClNDV9Ua4
0.07816211,0.043504287,0.29095054,0.010488683,0.42060983,0.07498964,0.00037744973,0.055558175,hUHQdQfjlSo
0.2601946,0.19518006,0.37126675,0.19435716,0.4958131,0.21576035,0.0669207,0.35469267,hAUIGLE8PEo
0.21480288,0.44630048,0.5735921,0.029016158,0.3679753,0.2068743,0.2712817,0.30609864,_vV6gwE6Z2A
0.16976093,0.1379865,0.5151837,0.0925671,0.34624597,0.15527509,0.015063282,0.20582557,m5DJMRYDSc0
0.08124903,0.05416254,0.18108349,0.08001177,0.29058516,0.055750992,0.027752401,0.04936579,9kV7PNH3Gio
0.19188833,0.09403735,0.28364342,0.059877764,0.3988531,0.1211704,0.0053797434,0.17773995,_ikzZyiwsGU
0.42774513,0.58539623,0.8566084,0.34762156,0.45443767,0.48505947,0.39206567,0.53004646,Gf6WzTAgcLA
0.11142947,0.041741863,0.2675128,0.023417948,0.3443398,0.054884076,0.0669207,0.098212086,rDxPfQEKBHw
0.17499536,0.08415963,0.15616232,0.088639855,0.3551144,0.07960467,0.023632111,0.12692614,U1VYkfFgvVs
0.12615635,0.20007497,0.23021384,0.057056237,0.4797945,0.1925319,0.1668969,0.1024165,EmfNKttx1n0
0.09024438,0.0881279,0.055695266,0.15156554,0.35889786,0.047161818,0.07091636,0.05053063,NRwFRLH9ulM
0.06601155,0.087961644,0.22501904,0.100732096,0.35241735,0.06627166,0.03358948,0.056779873,N55JQubU1FE
0.14896865,0.16455817,0.88222325,0.33572805,0.33487606,0.5241668,0.21274342,0.22629926,aUHabt61HDY
0.056878556,0.04195914,0.11685729,0.08658813,0.3271851,0.06451975,0.031357653,0.03377342,9VsDP584zyQ
0.15169765,0.11196912,0.22997132,0.01498249,0.48485008,0.09438303,0.043375164,0.12428105,4yxiJugV-YU
0.049538378,0.12973754,0.07284228,0.07884975,0.26328063,0.093178496,0.087430015,0.06783624,8Dcd4BHJREw
0.50369114,0.30874452,0.34513858,0.08913786,0.5994918,0.20467758,0.17242117,0.510633,ycuEk_IRitY
0.20906335,0.06813721,0.38528648,0.16599333,0.51068395,0.11936987,0.029984225,0.13797128,SX6Vhj9wZh8
0.24385847,0.1892192,0.27710608,0.08217413,0.47577974,0.22770512,0.03358948,0.1965972,u4z7sBiGFA8
0.13882017,0.089923285,0.34890556,0.15983123,0.3531982,0.12059905,0.2008281,0.16711897,hRpnK0JXY1g
0.14333667,0.07807227,0.37199882,0.15344757,0.34599534,0.09551515,0.119872786,0.16300125,jE11JG2Et7s
0.07706773,0.057945628,0.2911888,0.03667567,0.31739914,0.093945555,0.08447654,0.10820236,GgJsQCBXXmk
0.187937,0.08346742,0.4406329,0.07087942,0.49212313,0.13377157,0.024318827,0.14377846,CMUe-gpNzus
0.16055655,0.43707475,0.31770208,0.09681885,0.38026053,0.15177062,0.06612156,0.25559655,1WIah0t1Bzw
0.13826114,0.10005983,0.2589637,0.072503895,0.41407925,0.08721516,0.021102477,0.12201569,3ukhXFkZYpo
0.049524214,0.065161936,0.26914373,0.09395539,0.4389038,0.097634375,0.1250247,0.046271212,T7TkoHtbyh8
0.0831153,0.0628125,0.26339093,0.10419549,0.37475362,0.060668416,0.0082952175,0.052097324,oQ--HZDG2ew
0.07353724,0.0978816,0.49346688,0.12294893,0.3496188,0.09711619,0.04680874,0.101793274,3yL0klflL0M
0.03994896,0.019117812,0.058045667,0.11229134,0.18706726,0.05745369,0.043718524,0.03196492,zcMOEvUWVTA
0.07783767,0.047554903,0.11040108,0.041753627,0.26431254,0.05476438,0.1580154,0.06424599,c1lu0QZFA8M
0.13576481,0.04845692,0.09763217,0.08505141,0.42798406,0.052644543,0.03049926,0.0625582,Hhw7z3koeHs
0.13527001,0.035807166,0.23573346,0.021111656,0.32528073,0.06296732,0.0038525905,0.095387444,IlPFzRSZrSU
0.09432648,0.57422256,0.43868825,0.24420418,0.25283092,0.22116171,0.3897107,0.41727483,mUI4hXTmAkw
0.13780533,0.12441876,0.47944596,0.20831716,0.38270783,0.11168458,0.036336336,0.13526599,_4TXcvnx32E
0.38405725,0.6585915,0.7597679,0.3516848,0.50600463,0.77104074,0.30487993,0.4996179,p-51VIUgR1Q
0.3996941,0.4915673,0.2941781,0.11431274,0.6149266,0.24298617,0.30487993,0.28963527,8NhanDq-psc
0.23448324,0.23933692,0.6977911,0.2555487,0.5245002,0.2807987,0.11021292,0.21642447,ToUCfDEeogQ
0.0803567,0.045545947,0.12552956,0.05087134,0.33271247,0.05546212,0.033932835,0.049827084,8jyhJ6TiUPA
0.14865668,0.56746995,0.21461657,0.12211363,0.21655111,0.21253057,0.4151741,0.5089572,n9HcNA2AXnQ
0.16405667,0.1453461,0.37059572,0.13335958,0.45347956,0.0974303,0.0054491595,0.16390164,k4Y37-Rsv4o
0.100680724,0.08612418,0.5919109,0.077127196,0.2978039,0.11802063,0.1550967,0.123183206,9JAR0GcL0kc
0.0952477,0.11164322,0.42839438,0.10779336,0.38853335,0.120379224,0.18253209,0.15505984,afjBIrq9IeQ
0.24516794,0.31342527,0.4441653,0.3507922,0.34477112,0.53047186,0.104076885,0.23310299,sSbVUcxvQpo
0.2542483,0.11441126,0.3152167,0.043283876,0.84875846,0.13690163,0.008121678,0.18546268,9wxVX1jn_YU
0.06621463,0.030198097,0.1153123,0.06962513,0.27313748,0.038104773,0.017909339,0.043324854,SvxwYVdn-Kk
0.064759456,0.044316977,0.324487,0.25169504,0.22365902,0.07189246,0.1539292,0.05768388,l4kQd9eWclE
0.110337205,0.047467526,0.19159119,0.19632462,0.31527758,0.070507236,0.12824467,0.08149755,zFQ3dmYdpbI
0.06789756,0.021453567,0.089198306,0.04177427,0.3576012,0.024571411,0.0753116,0.032109104,znvIJv7VLUY
0.08737885,0.02834868,0.097219475,0.102216095,0.24153775,0.041331396,0.01721518,0.05563719,2RmeXozcBrM
0.07007768,0.065109126,0.49773636,0.078910366,0.35730067,0.072507694,0.0334178,0.082672186,d492B8NheF0
0.14004059,0.25951064,0.17016391,0.4372187,0.32791942,0.58523935,0.03753809,0.13714726,KieymEt_YCo
0.13320652,0.4020306,0.27787924,0.06836678,0.35681036,0.1574149,0.047495455,0.21076056,5bgVXyP0IIM
0.6277625,0.14216949,0.49410254,0.12681232,0.8981763,0.13616204,0.39010584,0.32204312,Xwngi2PwVic
0.12851675,0.10826607,0.3087691,0.18622172,0.35268554,0.092030786,0.033761155,0.14710037,bdCX8Nb_2Mg
0.09682182,0.042693056,0.20149668,0.10630491,0.34362552,0.05871998,0.015202113,0.111047894,7t2IzgEMG5Y
0.10305605,0.048000623,0.29139173,0.3614433,0.34001935,0.056233853,0.14373457,0.07555708,SRq7XtDW0wg
0.08758057,0.02468261,0.2103969,0.0009319906,0.34240648,0.04812588,0.018187003,0.0725033,_qNmbXRZtfY
0.19152261,0.6460146,0.47146282,0.33496937,0.33541897,0.26574025,0.6955873,0.69309914,AqUO8npvBIU
0.14713535,0.0887469,0.23758392,0.04975976,0.3692774,0.08306103,0.02054715,0.0910245,uHVKdiz6CXU
0.10574125,0.028867096,0.10052537,0.0125085,0.29881486,0.022522077,0.060527626,0.04690625,D-8kLwf8xjc
0.079172604,0.07530773,0.48785117,0.1787365,0.3204853,0.098352,0.032731086,0.09139501,rPPu5RqB_TU
0.09630801,0.16018541,0.3489785,0.42497128,0.34398046,0.35945278,0.13924801,0.092793986,So9gERcgEdY
0.23280376,0.38179058,0.6858593,0.29845738,0.37982187,0.28821298,0.36211988,0.3103904,pR0lSGKyLZU
0.3668316,0.24436787,0.5235562,0.16328119,0.59062743,0.19625822,0.05253629,0.5091126,DjMNlYg8xK8
0.16629578,0.057263937,0.15368937,0.078111,0.3694793,0.0925651,0.07970683,0.13292067,ft6MgeTvfYs
0.09146949,0.21211566,0.17792796,0.44204655,0.3268211,0.15492088,0.34388447,0.112794176,6PBhi1SBBbs
0.117967434,0.40305966,0.30709976,0.00063896796,0.45869565,0.4406971,0.31629145,0.20384924,pwKOtslwxNA
0.085868604,0.030657588,0.36188224,0.14712086,0.28319433,0.045536455,0.019852988,0.06946986,N3aSoC0HHdU
0.07162649,0.13422996,0.34688762,0.12851949,0.2829654,0.09000212,0.1464265,0.1460425,wiFNA3sqjCA
0.0805012,0.028839422,0.092561364,0.08526138,0.23407164,0.04797127,0.06532243,0.05378882,AzNvXrcd6NU
0.1164944,0.35061204,0.3969578,0.13099201,0.31390893,0.15322413,0.2712817,0.25136423,psEbA2ASZHw
0.07473604,0.04073713,0.09049377,0.08633175,0.29448125,0.047443222,0.009787662,0.05165279,G9ZsOWZ4K-U
0.10542401,0.05933807,0.27840075,0.16291508,0.27224106,0.091926485,0.14059398,0.08153126,BTa6crp6L9g
0.16687313,0.14604719,0.27756345,0.22020045,0.4062606,0.14332345,0.33341047,0.1740557,kWM3BaCsmQc
0.11169337,0.17021877,0.3931816,0.30413526,0.27353507,0.1533164,0.12953265,0.17298566,8ePGaGH6eNk
0.096891925,0.08807211,0.21620388,0.14393981,0.27373737,0.07347353,0.2088965,0.09852206,tGrpmOubRkI
0.4521166,0.57604176,0.8908898,0.19743414,0.5765289,0.70518315,0.45811868,0.52019334,6wEGUy9cTjs
0.109771505,0.040281236,0.22237845,0.041558806,0.34487242,0.06327108,0.05493369,0.113621205,eOFGMW7CWSc
0.13707477,0.105038606,0.19274716,0.08063436,0.36621773,0.077047065,0.09118898,0.099211134,PhMwhb0rsVg
0.12892878,0.21709728,0.21088274,0.14750008,0.35037738,0.08810605,0.119228795,0.19796604,cApi13gQCJc
0.107811205,0.11477152,0.10695601,0.14712827,0.5162787,0.049017813,0.020130653,0.05637623,0K7NNWMhO1Q
0.20153087,0.056582943,0.23663424,0.09010751,0.31361115,0.08044157,0.06132676,0.16623676,zn8XH_YGriA
0.076048486,0.076407164,0.09758715,0.1005027,0.35713443,0.057236478,0.040284947,0.08034806,H5Q0MOTFfI0
0.1533348,0.14771451,0.31280312,0.24705246,0.3984438,0.12881142,0.08581903,0.12100546,2eYJaYMsFJ8
0.15296665,0.19524474,0.20229311,0.08839753,0.42364523,0.11278645,0.2936093,0.17466067,jCGinKVteow
0.4713477,0.0642118,0.30877414,0.063377,0.84875846,0.12827,0.22510603,0.21553253,ITdlvmHpFc0
0.27572995,0.6356477,0.57464385,0.17490995,0.3898566,0.29103783,0.42631236,0.43971586,mYksHq_m49M
0.12160699,0.048284553,0.29105952,0.15822855,0.2844432,0.066232406,0.101391904,0.14085346,iY4hQd24_d0
0.10958159,0.1885748,0.09427062,0.070915,0.29024616,0.060751606,0.012078391,0.10398073,pNqrkGnkUWc
0.17662616,0.09442368,0.24570097,0.043476418,0.39700925,0.1052451,0.036336336,0.16710141,IcqsyUGZqzc
0.08741442,0.05646131,0.36264318,0.09326718,0.2914444,0.06399479,0.10699297,0.08682145,SbJXu898mLM
0.36057663,0.5684505,0.86544335,0.2706105,0.434628,0.607195,0.42390585,0.4301982,ITvqjnwhJqA
0.14535971,0.112583935,0.46993795,0.1660462,0.405366,0.08752874,0.05093802,0.1589687,XxZlND8PS9s
0.06670822,0.053707045,0.08741513,0.0015466437,0.33408925,0.08723501,0.060527626,0.056047488,nCMfX8-VuZE
0.18406112,0.14726782,0.645852,0.07782146,0.56012535,0.12881882,0.13476147,0.16092835,Z-8sNHcncpM
0.16225892,0.1562158,0.11014855,0.0026334699,0.36600488,0.09023372,0.13251819,0.14398088,6En0LPb4Hfw
0.14676516,0.12064796,0.09026688,0.07259292,0.30190516,0.07978686,0.031529333,0.10421843,_t_DwpxWjyo
0.07933316,0.03639344,0.09886277,0.14823997,0.22713996,0.049980804,0.030842619,0.061245397,5FL5HQzqGoY
0.14373687,0.11597341,0.17501585,0.44357243,0.2970618,0.11196766,0.23891698,0.14658521,VheIsJjbzZ4
0.4835986,0.5322818,0.81784874,0.105861336,0.55776894,0.58523935,0.34388447,0.4972468,1OF3q6MHie8
0.10608889,0.12118192,0.37107223,0.21799414,0.27893326,0.14207953,0.021102477,0.140637,HcA7LISXxU4
0.5539589,0.34101558,0.23080315,0.07525667,0.5772989,0.13085692,0.24769363,0.55910605,t3fjs55jY-4
0.05864012,0.020049356,0.049710933,0.022852179,0.31544665,0.02474589,0.13835071,0.029817823,_hwvmGZuBeY
0.13398826,0.25022477,0.3856842,0.10739014,0.32141358,0.11778203,0.15568043,0.18664978,TeNg1oTvlVM
0.117392145,0.13172458,0.37350538,0.2707672,0.28665674,0.14037184,0.06851897,0.14938012,3O66a3rqOjo
0.3484466,0.613803,0.8763936,0.42940637,0.5515715,0.6828206,0.39230084,0.43908542,Nftnbh6Rq5g
0.2760784,0.27512705,0.55313796,0.1791956,0.44858065,0.20536171,0.17380224,0.32090798,8ortypveAL0
0.14729643,0.04639205,0.31673723,0.041385148,0.34553778,0.06948599,0.03770977,0.13707434,-DvD437v9Ec
0.44923943,0.2525801,0.7649936,0.44422218,0.574436,0.29619932,0.28996843,0.305596,Iy1aDbS__pw
0.1339827,0.08741757,0.36148596,0.02802344,0.39726076,0.07662669,0.02517722,0.15699308,S8xkwLlzIA8
0.10669675,0.07103284,0.34757218,0.090705305,0.27358174,0.071076274,0.10828095,0.098022334,LpJKq9VTTb4
0.14193529,0.65069455,0.16876477,0.123186044,0.34645048,0.1970056,0.13476147,0.36168718,7Nu7eSe9KHQ
0.064616784,0.05294563,0.23698643,0.1716048,0.28913096,0.06820113,0.050242316,0.05399163,67zHU9Q2pj8
0.20038725,0.12675452,0.36506397,0.12847272,0.408299,0.1297269,0.13835071,0.19087169,FWchW_M9tvU
0.0550803,0.43752006,0.18659914,0.23287436,0.2153893,0.18684573,0.33081788,0.14423715,E8SLO3JgUbQ
0.19124526,0.33938298,0.2871036,0.16747032,0.35141197,0.14829426,0.34792873,0.24819669,pveDOXQEjMM
0.082448065,0.10004793,0.28274065,0.13823684,0.40531635,0.096356526,0.090114996,0.08548419,9DqQ5GfZth4
0.41744295,0.5160707,0.8763936,0.13178532,0.5379097,0.6350989,0.17449278,0.5163583,M6b37hswcks
0.107862964,0.033023037,0.11228881,0.09489622,0.552965,0.035721485,0.0067333565,0.059023086,RAUyogkbzLs
0.11143796,0.027362961,0.23348182,0.014447214,0.2781339,0.0539178,0.018742332,0.09403205,ivWre5eokas
0.048865195,0.017793579,0.045086805,0.08769847,0.35385582,0.017049838,0.027580723,0.023283444,gGqQX9HqHEk
0.098664396,0.051112965,0.23406409,0.0151814055,0.5269516,0.058050442,0.055333257,0.049101602,jxTbn63X3c4
0.11481058,0.42882723,0.303846,0.35911623,0.28308767,0.15308148,0.16344422,0.29657114,dL9ZzqtQI5c
0.17506023,0.08736272,0.21417221,0.03350594,0.41028482,0.084449604,0.1943727,0.16663769,Odj-xcMGxjo
0.12284227,0.07893632,0.5350321,0.002323948,0.42488164,0.1262948,0.02124131,0.13398063,bZMqRjB7W0Y
0.14596772,0.30514926,0.15311016,0.25319827,0.3666891,0.2441137,0.2818683,0.13650122,nGZPfhDaCz8
0.25318018,0.1370596,0.4463049,0.07837635,0.49748176,0.21859802,0.38567963,0.2395059,YXSnjNZsRp4
0.091120176,0.039755974,0.3778557,0.103873715,0.39356253,0.060520254,0.09333697,0.075306386,HDc6uaWiJ6U
0.16468857,0.04142708,0.2614437,0.042320114,0.40140998,0.0600106,0.020963646,0.11076446,hu8VB-7NtoE
0.12286863,0.12955263,0.21277519,0.12565969,0.39921823,0.16325352,0.28948012,0.15283489,Co9uUqCw5ZM
0.26437333,0.17468862,0.34426662,0.09650157,0.49417174,0.1577424,0.048525527,0.25517207,qJVtUkVTqic
0.050285187,0.028658105,0.05886763,0.048150178,0.21996322,0.034783896,0.020408317,0.033459708,o1uif6PRLjo
0.12456352,0.058271907,0.13714842,0.09762327,0.26448417,0.06483226,0.032731086,0.087167025,jyaBMHUcrss
0.07016136,0.21627259,0.06404498,0.176978,0.2308923,0.08810838,0.36211988,0.099941835,YH7qpxOP_FE
0.10664468,0.063158005,0.1637458,0.21357256,0.33849767,0.046890892,0.079307266,0.11038098,FwhNje1Z7pY
0.07952848,0.055367142,0.36809027,0.10282688,0.231559,0.09349025,0.08050597,0.076386414,WoNCIBVLbgY
0.099310376,0.06828484,0.40652686,0.0047695176,0.30746683,0.10687239,0.028782474,0.1433508,yju74O7F7fc
0.043438897,0.07778689,0.29231092,0.25860563,0.22811747,0.20385043,0.16758743,0.049981274,wkD8rjkodUI
0.1060143,0.12994547,0.77996916,0.040023226,0.39951652,0.16635631,0.06532243,0.23900455,ywJgsm5mkkQ
0.0836911,0.02649834,0.09506804,0.1054481,0.23349038,0.038352042,0.046122026,0.052258216,4pVg8vA1JJc
0.07134598,0.046096206,0.09497959,0.068748266,0.23003931,0.03617732,0.080905534,0.057379186,0U4PguxC6bc
0.055201687,0.03594864,0.29550967,0.08186486,0.31666344,0.057090174,0.00281135,0.047148798,2-g3Aa126zs
0.15331733,0.117579035,0.145859,0.033093154,0.38791946,0.06832938,0.12051678,0.25416273,1iKE6wSWUyg
0.16652839,0.11745256,0.49181274,0.263122,0.30411693,0.128971,0.12051678,0.15707101,X59_4RrU_aA
0.07960712,0.23269215,0.28105852,0.06462709,0.21848856,0.25410238,0.11085691,0.11925303,y9Jbost8Oo8
0.050599743,0.047459155,0.06962983,0.26696545,0.26966926,0.059281643,0.030842619,0.03346559,hOyYvpak7LQ
0.10303903,0.112629816,0.36325267,0.05305219,0.34808376,0.13208115,0.010620655,0.10438606,OUctE0Gv5Pk
0.06651554,0.027807105,0.09171011,0.07883113,0.23318498,0.038235616,0.017354012,0.04993944,S1_C11ovtZc
0.11653092,0.071492456,0.37215427,0.1592669,0.32042554,0.08607951,0.21036349,0.095411226,CWOZyf8kaH0
0.035888605,0.046306152,0.07265244,0.16461143,0.17519182,0.05363199,0.023632111,0.04076321,_G49y_ba3m4
0.18034416,0.040338542,0.14543709,0.2707136,0.39780092,0.072356924,0.08850401,0.107226446,DHOPWvO3ZcI
0.098585926,0.15556991,0.16241378,0.12567563,0.291036,0.07801396,0.04234509,0.10328959,5he3cF7bITY
0.17170344,0.07331752,0.24125163,0.03393512,0.32855663,0.15652005,0.03187269,0.15711527,15_K5PAOwOk
0.7407407,0.08554485,0.49579182,0.1414431,0.91981745,0.12097092,0.2712817,0.3143036,n-bGcQCzWUg
0.14034018,0.09932937,0.14046694,0.094969444,0.43645722,0.06844272,0.029469188,0.11311593,mKsh188HrgQ
0.05989683,0.048208382,0.098850325,0.14658591,0.21315157,0.046180848,0.028610796,0.06526153,0fmODAKgOD0
0.09412921,0.07136179,0.14289133,0.09253127,0.33096611,0.07103383,0.33600304,0.07296279,vAzUdYcdFKQ
0.07846863,0.10144612,0.12900771,0.07795296,0.20290792,0.102418445,0.03770977,0.09385609,UDckBtpgS7U
0.06131409,0.24733557,0.091252305,0.18485919,0.19070697,0.16245902,0.29163063,0.13759802,0TJZB44Jp1A
0.14388596,0.121193655,0.1746012,0.10462543,0.42763776,0.1012003,0.043718524,0.115250826,thJJ4huOlTQ
0.18506902,0.1130841,0.33684608,0.034248006,0.37983218,0.11845957,0.036679696,0.14404236,bh1IZ8s1A_s
0.1556187,0.19908209,0.48255047,0.2558917,0.32991222,0.18624002,0.11407687,0.151657,eKgfEA4PTTI
0.034395527,0.042116962,0.06924834,0.016801436,0.22303694,0.061012562,0.01193956,0.04565396,fCHcSfjogNI
0.31319493,0.36746287,0.34477115,0.25855625,0.3636867,0.20976432,0.19789414,0.3134801,A0BhN-HAkt8
0.282109,0.16860028,0.2969098,0.19254714,0.29290122,0.42413867,0.019436494,0.18991455,HR4WFlOflus
0.10785409,0.18827021,0.32398498,0.08125292,0.3456174,0.17252968,0.012425472,0.1363902,JJUaTkbYm-k
0.08628335,0.073018886,0.10986053,0.031895947,0.30176792,0.04963987,0.1250247,0.06923934,tSmVmwOQV_0
0.0636737,0.06998102,0.16638248,0.009004516,0.36541203,0.107958734,0.017354012,0.04395377,e5-P7C8a_IQ
0.054360345,0.050189845,0.0692598,0.083121695,0.22756115,0.065210395,0.012008976,0.04135813,74q6vWcvZOo
0.11594147,0.14047739,0.52473843,0.110270835,0.35914433,0.119949,0.08050597,0.13953203,ZCYiQlCVMiQ
0.13278738,0.07070071,0.1145441,0.1252412,0.5381875,0.050495602,0.08330294,0.08356401,jV2Pse5_Le0
0.091218956,0.074420035,0.22720936,0.05298606,0.37977585,0.07249224,0.05653196,0.09354038,_UeMNy14V9U
0.07864868,0.07676723,0.3297285,0.0017536965,0.39223006,0.1825793,0.10956893,0.080787316,GsarTRwixuA
0.09467698,0.09121576,0.3570578,0.1943649,0.24713027,0.08982513,0.013466713,0.089700155,-PjgUoNn2ZE
0.11891098,0.06521533,0.10619149,0.1257541,0.34169957,0.047586974,0.015896274,0.08183529,xr474YINOqo
0.045862846,0.04650163,0.07158033,0.20492384,0.1720432,0.053650703,0.0825038,0.044834014,XvO4oAAZ5iI
0.12937574,0.09803122,0.14039618,0.078394525,0.39158168,0.062141173,0.12116077,0.08971957,bsV-mehrw78
0.041345317,0.11276071,0.3635342,0.2568385,0.22089086,0.1154334,0.018464668,0.08919305,NLWwVutIaEY
0.052995663,0.096840024,0.14387506,0.26545262,0.2510943,0.13891886,0.040284947,0.07658462,A-33E2_PEj0
0.22860423,0.13652499,0.2639657,0.11157776,0.4091773,0.12005484,0.036336336,0.20453523,LFbsWIV_60M
0.04860288,0.22119702,0.28397673,0.002474692,0.31954762,0.20426938,0.04268845,0.113683015,AT9l8tz2oJU
0.14431214,0.15632114,0.23839131,0.0962239,0.27414247,0.14688508,0.030327583,0.15831023,mw5Ab6E_RRU
0.08025652,0.6847066,0.12516668,0.17831945,0.19655022,0.26097316,0.26589394,0.36894712,HIESJjP8JTk
0.15321267,0.11056183,0.40955177,0.02029158,0.44156128,0.14230396,0.009857078,0.14114934,RpidTxAtOqI
0.16976674,0.27765885,0.21778299,0.003863333,0.5833613,0.14508967,0.020130653,0.18534395,cJx0jEuAuDI
0.10357108,0.1571596,0.35409304,0.14836136,0.34308985,0.16078895,0.026207292,0.11413056,9jD9oVyBd20
0.12793432,0.12760514,0.30882278,0.03449069,0.35055357,0.1101438,0.03839648,0.10263839,H4VP0sZyEW8
0.21174636,0.12199782,0.11692773,0.12460916,0.42402923,0.07121006,0.03187269,0.21317814,R4EI3H2YDno
0.120388284,0.14025202,0.24805167,0.07586292,0.34262273,0.13879317,0.03221605,0.11644716,8hEsXV3PY8s
0.20545867,0.3657169,0.45398054,0.19403446,0.41525233,0.4864318,0.14508054,0.3403645,7zYQi5o2btg
0.042280793,0.057726014,0.13897462,0.0022763654,0.2251667,0.0895633,0.028782474,0.057430297,elaZvoL9omc
0.17057222,0.14132746,0.6316767,0.010385473,0.4164134,0.12819833,0.006212736,0.1973502,7P4-W0D21fg
0.061114643,0.040128384,0.23810735,0.20282748,0.24692822,0.061472006,0.01527153,0.059724394,S5vLpXWnFqE
0.18508372,0.10909031,0.31083477,0.14100386,0.43400982,0.11239691,0.17034957,0.18571934,oVjvttfSzq4
0.02849496,0.032522503,0.06245466,0.1394148,0.3206627,0.023314266,0.018881164,0.023074493,1dEF6cB2GzI
0.18586117,0.1376364,0.18677424,0.12648332,0.35752472,0.1298227,0.39421332,0.14237006,saqZE89DPyI
0.11427508,0.23035327,0.25151503,0.14195406,0.4720315,0.117399745,0.059728492,0.113648854,_e5-6f5iDk0
0.065936394,0.14401993,0.6455027,0.3009853,0.25890923,0.18838483,0.14508054,0.15876491,XKW7FtuGiLw
0.046742026,0.046804775,0.07236776,0.12276887,0.18341121,0.058301263,0.019714156,0.04580074,R8d-rDXG_-4
0.13537095,0.07553054,0.21482696,0.050265055,0.5051392,0.09630317,0.067320265,0.09351685,DCNfkVg3dps
0.05631907,0.08164904,0.567001,0.18302713,0.2671458,0.16719802,0.12116077,0.08653159,xapJklWd8t8
0.07440897,0.45638674,0.08748472,0.047892056,0.3139828,0.12722468,0.028610796,0.13945803,aF5iua2GvNo
0.049148697,0.015694996,0.047016315,0.05052594,0.23480624,0.031730104,0.08420804,0.025873456,zR7zoET1nEE
0.14322594,0.08404278,0.50397915,0.010192346,0.38059184,0.1499612,0.00153583,0.115647405,PjQ_Cen-siA
0.09644875,0.06801223,0.29608643,0.02251176,0.4224343,0.13439664,0.040284947,0.14853306,9eXLdIoTPIg
0.14280951,0.075703174,0.36229825,0.032692872,0.2939265,0.09746074,0.015826859,0.1628766,OYIRrlKDJ6k
0.13752194,0.0867284,0.5288954,0.05732366,0.3769451,0.11424976,0.13700475,0.15868302,Z-PVgN26qTQ
0.031183805,0.09589758,0.2098404,0.17424418,0.3647798,0.12718502,0.021380141,0.039061327,1Jrb_yn_3mU
0.12069071,0.11755261,0.1314278,0.14340746,0.20078363,0.09441751,0.021796638,0.11316755,0I5JomXr68Q
0.04535378,0.05961451,0.3655308,0.2816178,0.23805909,0.07143344,0.10699297,0.06252694,wJWmwI_Snl8
0.14363737,0.035834644,0.060007904,0.13918969,0.54698247,0.046899892,0.105704986,0.06323715,jC5xlKIQgR8
0.22665814,0.15046914,0.43000072,0.0512923,0.5054734,0.18026505,0.01665985,0.186062,WLK8ukeND6o
0.2742115,0.19699013,0.61459255,0.010761142,0.41407445,0.2817405,0.023288755,0.28503183,8oMl8WqIx5w
0.07163909,0.058798544,0.11673727,0.062460918,0.53223586,0.021778077,0.16413476,0.060224388,oNFdjV2FKOI
0.21477103,0.2974312,0.8214206,0.18223241,0.4612518,0.4140075,0.05093802,0.25437868,TFMk_142NE8
0.1668819,0.09929228,0.3314758,0.03483616,0.45031488,0.0743997,0.08170467,0.11903685,lX7Z7qg-gc0
0.088728584,0.09085735,0.2808756,0.08513563,0.24383613,0.11082102,0.016798683,0.11821137,z29ayei4JIs
0.1395753,0.15864573,0.3446466,0.29570234,0.35038027,0.16119856,0.039254878,0.21373291,cCxdR9YopCg
0.37440014,0.4076071,0.58081853,0.15893373,0.62593824,0.3046618,0.37360558,0.3552952,o3v7v-5bZgo
0.37601405,0.5699938,0.5137882,0.19449376,0.5121931,0.3499121,0.19535941,0.4275202,s9U8fE-Mrgc
0.054995466,0.050913867,0.11977356,0.063903674,0.35381156,0.10085469,0.006108612,0.08253896,6ktmlNRNSc8
0.031485237,0.08394797,0.0855268,0.1773474,0.28767025,0.027080648,0.012356056,0.023086479,1c6knDqDwOU
0.14037772,0.10259236,0.18762378,0.11249554,0.34102073,0.12053081,0.16620636,0.11173838,FRGYfj0WqVU
0.1338666,0.03447604,0.21871366,0.026372071,0.32481962,0.039031126,0.0057615316,0.061758816,i6acsAjmPUk
0.0923362,0.105979204,0.75767475,0.31334352,0.3369926,0.089286104,0.14552918,0.15313013,fMy9x2NbScg
0.15437791,0.1179352,0.27770728,0.038836587,0.3447129,0.09239651,0.018048171,0.14374019,1G3Az85q41c
0.3559104,0.4520955,0.7241341,0.20579126,0.5443172,0.4124383,0.43451136,0.3534577,8K3tBVPaQYc
0.07112634,0.024451496,0.085373715,0.107444145,0.21113843,0.030356009,0.013952625,0.045744702,Uq1AUNznOqU
0.06660011,0.053416327,0.09046243,0.07503341,0.281607,0.04738715,0.03994159,0.05159114,dt5QYu6EiKk
0.07295778,0.2475784,0.84009314,0.09116342,0.24111862,0.173948,0.1894391,0.19563559,8h5CUB4MW3s
0.0653387,0.21945196,0.8196713,0.40637797,0.28773892,0.39456594,0.29855597,0.24052036,WvWQ1P-muEg
0.103808455,0.10892508,0.12922587,0.28756353,0.36497495,0.12294361,0.13296685,0.0662733,Jg9_-uI08iw
0.0777321,0.427369,0.8908898,0.22270748,0.32580855,0.24341345,0.44129625,0.27959242,s8QEarpQut8
0.13632576,0.0672722,0.38694444,0.09149907,0.39376155,0.06397644,0.042001735,0.1321559,xwjhbsQCgxo
0.056217924,0.044650182,0.08166762,0.19715038,0.21384759,0.052955505,0.023632111,0.061122525,z3yxHCh1wOM
0.080504954,0.04574174,0.10019558,0.07258474,0.21059787,0.055994693,0.09602194,0.070467815,7W6qQbUATWU
0.13318734,0.10086444,0.25468978,0.13094188,0.3930921,0.1353962,0.15217799,0.111935034,TjYOv-RRkyg
0.064009726,0.036249023,0.12004114,0.057832308,0.32350945,0.070106626,0.13879937,0.04787666,vCcZBsVhGv4
0.19250315,0.13656609,0.32293707,0.14154291,0.47408688,0.19491775,0.06532243,0.1877011,fApYps2lXtI
0.23184712,0.19307427,0.15810497,0.06852345,0.4346834,0.13556144,0.044748597,0.23481385,3QTBWTvvXy8
0.0701574,0.03624569,0.27422294,0.08014359,0.3054084,0.044819817,0.013605545,0.060268607,KZuyiPNhw1w
0.18173552,0.08624524,0.28453833,0.08759442,0.39074022,0.10689086,0.1580154,0.13829201,eiuNnCQCGdY
0.20331189,0.28060472,0.69984573,2.0836735e-05,0.49899352,0.32166636,0.086087525,0.27152026,_09sCmmcqwI
0.1012268,0.047723733,0.096624516,0.01965948,0.3314212,0.052415423,0.010828903,0.06125311,hjF1vCW8-p8
0.07358628,0.040297203,0.32596904,0.10240934,0.28084084,0.064020745,0.03204437,0.06004972,-S0jvoyART0
0.18299918,0.20002384,0.49513137,0.23347095,0.51166373,0.16283706,0.019019997,0.22027053,5cWxgnJgHHs
0.063942544,0.026280196,0.08461451,0.121454045,0.21964923,0.03557558,0.014507953,0.046137482,tpsb8Usk_oI
0.05028337,0.060349792,0.061223567,0.03759373,0.2513889,0.07267764,0.0016659851,0.06041767,C8bhrL5ACwo
0.074712545,0.08508445,0.31362388,0.11735815,0.3235778,0.071422614,0.02792408,0.06380931,ZcnIiYnTghg
0.078701295,0.19747269,0.23958845,0.08410103,0.39728734,0.23696949,0.13386416,0.1542376,yx28XGI8ODQ
0.055451684,0.038329676,0.09865765,0.106125005,0.3288523,0.03506957,0.034791227,0.031428486,bTpX1W-kJzA
0.17807475,0.05420491,0.29733476,0.14766227,0.4980436,0.07716589,0.0495556,0.07324798,5KMsnmi8byc
0.49851075,0.12920393,0.51918346,0.18357773,0.91207236,0.17403316,0.38874862,0.2725115,7jmJVykRBTM
0.14758402,0.054615162,0.22734189,0.029323345,0.36010858,0.068683535,0.14866976,0.12691861,0hMBjf5rrPA
0.23309173,0.22111706,0.27585068,0.05124026,0.50696194,0.15849376,0.09279997,0.17907101,s2gYOge2S-U
0.040390458,0.018713372,0.05820178,0.046183027,0.17957185,0.026416868,0.045778666,0.030495359,G5IOz-FmNuQ
0.0803994,0.19534488,0.635904,0.107569836,0.2683274,0.16619958,0.11472086,0.2318354,rJtNGKwp_Js
0.09529411,0.30831787,0.08031158,0.078473024,0.26371995,0.15491197,0.12824467,0.13929601,c5RCGkiQam8
0.05305804,0.045245934,0.24900731,0.114899375,0.31531274,0.04594264,0.05093802,0.055043977,W6t9D6yWzhY
0.07711755,0.26162824,0.7949145,0.26255676,0.28907174,0.45198804,0.21804169,0.26817885,6FOVXf7kHzg
0.38745406,0.30629,0.7652917,0.003480585,0.5811666,0.46397594,0.112144895,0.2868437,borJVSQ37Ns
0.30991164,0.11627399,0.19816388,0.09844276,0.63437265,0.070442066,0.04268845,0.14973257,_oUSQH0FrT4
0.12389717,0.056554817,0.31384623,0.0791053,0.4485264,0.06767642,0.04680874,0.08005672,RcRuJZzQLCA
0.08520976,0.0897241,0.59676665,0.03812126,0.4693686,0.18007307,0.15159425,0.09065545,JmpZUxlQJWI
0.5434724,0.16781288,0.24438877,0.09258758,0.67825544,0.12485824,0.1008549,0.34378782,6o7-OA-MLxE
0.25086856,0.082004495,0.1453425,0.13007638,0.42977408,0.0691771,0.16482529,0.15246987,fOod28F5Weg
0.09452779,0.06504753,0.30700764,0.12090164,0.34575602,0.09782939,0.010967735,0.11367659,5gTcEID5eHs
0.1365074,0.043502104,0.21102749,0.13160838,0.3594066,0.06617107,0.027237365,0.09103628,6wXKKM4Lh2g
0.23757496,0.19117862,0.41136602,0.044408806,0.48263758,0.11304897,0.08796701,0.13625613,rOTZNqV43B0
0.055695225,0.12618943,0.33308086,0.21740372,0.35446557,0.07585181,0.055732824,0.10071896,8bNDXIPFDgw
0.098184355,0.17274645,0.08524718,0.02674841,0.19048035,0.12378375,0.0039740684,0.1495333,jMhp8ZT-GSA
0.13473137,0.049466975,0.17764723,0.012817141,0.30565113,0.069174044,0.027237365,0.11393025,qnvjig0HQvM
0.07112634,0.024451496,0.085373715,0.107444145,0.21113843,0.030356009,0.013952625,0.045744702,pksWzkM7i3Q
0.19425473,0.3444272,0.58818597,0.22599642,0.45914468,0.2505927,0.28874767,0.31239003,h-2do4LwIhE
0.03902729,0.028028322,0.089988686,0.07000242,0.40749797,0.01213225,0.0071151447,0.019368542,Q_DXjrfXR0I
0.0779082,0.06972675,0.11544348,0.07566457,0.25304264,0.09030759,0.13251819,0.06597221,DoRFDKNWFw8
0.056122728,0.062155284,0.18089114,0.1592791,0.37919253,0.1392086,0.011037151,0.042976312,Z2wRBAt1b0M
0.07679118,0.073755875,0.17435472,0.05760285,0.38560143,0.13138221,0.023288755,0.07708567,q7ojdRCXw4M
0.31303596,0.0744051,0.11195025,0.12821287,0.60563666,0.081875384,0.03753809,0.13308387,qUXZLP5xRk0
0.100367256,0.04217,0.18808375,0.017777057,0.3173492,0.04537428,0.019714156,0.09289396,adSgxVinzdg
0.17040041,0.07883866,0.118687,0.029069712,0.49390733,0.10889006,0.049212243,0.09722029,8sH3JibHG1Y
0.050030388,0.042675726,0.07281902,0.09222301,0.17639819,0.052682504,0.02637897,0.043684408,kHKMHK5cJqY
0.04995617,0.14870568,0.248361,0.27555764,0.48656055,0.13447687,0.23101798,0.08328181,NjvNXCfHYlA
0.07015626,0.14082761,0.4456908,0.09365412,0.30506656,0.08115418,0.06771983,0.10634698,Tul6Tuv_ksk
0.07353082,0.075592875,0.11993521,0.17612319,0.28254247,0.08394959,0.04268845,0.064485386,_VojCRwzNac
0.1251301,0.10750607,0.1040714,0.09583102,0.32911858,0.10194812,0.019714156,0.09246191,qRVZP_f5H28
0.08836391,0.028579405,0.26134297,0.08800558,0.3289392,0.045004144,0.02054715,0.05427792,zIcmPTUK3Wo
0.23938832,0.06691241,0.08228953,0.13968444,0.44412184,0.062418245,0.043031808,0.09468333,-NPpP1Eph9c
0.059814263,0.36328104,0.48963675,0.55040187,0.20705763,0.25665724,0.44805592,0.21692778,Gt5r2IVBWuM
0.014766512,0.028308671,0.030471914,0.03207074,0.18618259,0.02451428,0.009926494,0.017803894,Vai5W7rQe5I
0.40369335,0.10145139,0.26565915,0.017018357,0.6207027,0.10124171,0.020685982,0.18986888,f-IyK5_L5r0
0.06758744,0.038143232,0.27802083,0.03514675,0.31737465,0.05653924,0.011384231,0.07262523,YO9Ruecltcg
0.1894365,0.195794,0.2741985,0.020846615,0.5380319,0.19797437,0.043031808,0.16975121,7JroopnrItQ
0.35185423,0.30346254,0.7718233,0.18076335,0.5872638,0.14283633,0.54375964,0.1956972,42-77g_faDk
0.22099015,0.15871929,0.1455912,0.058530863,0.5057822,0.10922564,0.020269485,0.16862413,HNjmhpR5zI4
0.052486505,0.029968532,0.2542769,0.042966977,0.27287847,0.054084796,0.04783881,0.055824313,anvvfJZaSIM
0.32631063,0.10775248,0.123876534,0.13883759,0.6686483,0.08662353,0.112144895,0.12980448,2MT7liK-F0c
0.18244468,0.061761778,0.114051506,0.0035339145,0.50177443,0.08368987,0.048868883,0.08106307,k9I6fogYKrc
0.13745256,0.103109315,0.097290166,0.08726541,0.39642948,0.050909996,0.04680874,0.102292396,kdr1KLfzCIE
0.13973023,0.65873325,0.15095726,0.032052513,0.31817082,0.20582093,0.021796638,0.5173151,fkbM42vFzJw
0.0832722,0.15649924,0.2585667,0.10622964,0.3646232,0.15544212,0.05253629,0.13229498,nDRlkhE0PU4
0.044416476,0.11831404,0.2058949,0.18708561,0.32267562,0.065001495,0.084745035,0.05544303,BRBuCndn8Io
0.02159853,0.073166795,0.05014,0.07083865,0.1376189,0.08282406,0.012703137,0.049569365,V9wWvc8WhoY
0.17039484,0.5687549,0.24966535,0.10750673,0.35842174,0.40162086,0.3905958,0.28838935,xE3aMWTjNsE
0.18280874,0.07874095,0.28630072,0.180411,0.4739461,0.1073007,0.13146462,0.10731965,DqAnCf6apMk
0.21564284,0.12464976,0.3040306,0.07198709,0.5240423,0.122440234,0.008191093,0.17482804,hcL1MROgktA
0.07053198,0.08024409,0.1522524,0.20073624,0.47016641,0.044662513,0.0789077,0.040992644,SSdU1x87aB8
0.1695278,0.34462637,0.22969279,0.03756455,0.3701755,0.29787707,0.034962907,0.26200062,H0f8NlfguFc
0.35341135,0.16568443,0.215448,0.06375894,0.5489,0.18604134,0.024147147,0.22153741,pF56shJVsQg
0.035609327,0.022613972,0.057151426,0.08105441,0.22695997,0.04068227,0.019158829,0.02639566,jTg0YChrT9Y
0.07283309,0.03515001,0.24234198,0.1764001,0.27915174,0.05134426,0.008642297,0.058307175,sKsn1Yozd7Q
0.15270838,0.29028323,0.37572947,0.0072320187,0.48364982,0.20121896,0.20596254,0.25362396,9DSiY2OibL8
0.080550276,0.040968698,0.06297923,0.09863731,0.30954936,0.032050077,0.017145762,0.05747347,0Y9r_BNsWn4
0.035566743,0.029441876,0.04577688,0.12866576,0.1499907,0.030060744,0.0026378096,0.028434066,ovQm7amfglI
0.053245172,0.028700516,0.07224842,0.09564709,0.36968318,0.030838279,0.004546751,0.022751216,pSILHJyCyFI
0.06520002,0.06897329,0.24539731,0.007053524,0.21938896,0.059566904,0.004963247,0.09802371,94nvIsOVIMI
0.13566643,0.06598636,0.08800793,0.068158254,0.35472766,0.042720012,0.020963646,0.07749118,KrFjkL1Lr7s
0.04701235,0.083184965,0.08443942,0.18113713,0.269257,0.057828546,0.027580723,0.041482013,JNapIEzAGB4
0.16469704,0.056244247,0.12863117,0.040577188,0.35052678,0.06358648,0.22989221,0.06747958,4lju6oOUH7s
0.1970881,0.09414548,0.24658746,0.008868349,0.773323,0.09103414,0.049212243,0.15346205,0bBEg0lB3Bs
0.45259753,0.06651035,0.32559562,0.1307389,0.650961,0.09026367,0.015340946,0.18162456,Bgjzkxq3Ue4
0.7148867,0.22639762,0.22680214,0.010199171,0.7988171,0.18729633,0.1510105,0.3573411,ssu1ntJ82jw
0.22218728,0.11072168,0.1493482,0.0069199647,0.60390437,0.11620482,0.11600884,0.09247474,nROkwr493SE
0.068294734,0.48206836,0.5289987,0.37491873,0.2920273,0.14149511,0.37647265,0.20231041,0KLKt2kYgtw
