PERSPECTIVE_TOXICITY,PERSPECTIVE_INFLAMMATORY,PERSPECTIVE_IDENTITY_ATTACK,PERSPECTIVE_INSULT,PERSPECTIVE_SEXUALLY_EXPLICIT,PERSPECTIVE_PROFANITY,PERSPECTIVE_FLIRTATION,PERSPECTIVE_THREAT,video_id
0.036851373,0.17863739,0.028021367,0.018503381,0.025299236,0.02268149,0.1739807,0.062225066,Ro6r6Rqzqds
0.44509158,0.30288574,0.25118834,0.5383298,0.154276,0.827773,0.32965294,0.49337104,YZIIpQ8hQyY
0.355017,0.78184956,0.30947208,0.23163192,0.09527037,0.1659882,0.25837278,0.5627426,kUu46J_OHQ4
0.06971766,0.47880593,0.25836405,0.15936685,0.053051397,0.07696607,0.26110056,0.26695064,tIK17paHe4U
0.086087525,0.0892875,0.11115984,0.15233792,0.16205002,0.14925219,0.45089024,0.14410482,hTkywyKV-9U
0.12695669,0.54132915,0.1118395,0.090044275,0.037311547,0.054608423,0.20850682,0.100137696,iwj-4RphglU
0.29261994,0.18415597,0.3743394,0.26764703,0.072010346,0.16899322,0.33615872,0.36715052,7TJOjAKL7Qs
0.06851897,0.16590847,0.04542421,0.023014877,0.02994767,0.029654572,0.1390754,0.08410881,3xtLXDTxJsA
0.14014533,0.061628636,0.06032815,0.022299834,0.052490767,0.041981395,0.21473986,0.26950416,bgwS_FMZ3nQ
0.31639808,0.4563938,0.33425355,0.23886077,0.078688234,0.14869109,0.3435463,0.46995792,cMGvbgogaDU
0.16827796,0.6958666,0.38995388,0.25081316,0.062053807,0.113386855,0.30787233,0.3216293,iNfTPG7nVrg
0.15976663,0.37952143,0.20774962,0.31279898,0.05211769,0.0837823,0.2776892,0.25311342,A8pfc6zoWcc
0.11407687,0.5529882,0.0857182,0.05709353,0.24278566,0.13637835,0.2955412,0.11522792,g0BKdRywTcg
0.029640866,0.03282083,0.16309333,0.08213927,0.02392494,0.03942548,0.20709372,0.060911246,ONgS-1yNjWY
0.16827796,0.6965465,0.5506009,0.4071461,0.157985,0.214936,0.45349383,0.32917786,kmpqnxpYUqA
0.089577995,0.28217027,0.058596477,0.11888209,0.028308026,0.053860854,0.20872055,0.09449936,EHIKEHCXfjU
0.112788886,0.26398426,0.04186757,0.021255722,0.02979478,0.027739929,0.2683755,0.17146185,af5o-4eI9PA
0.20669603,0.3300446,0.4889644,0.29303113,0.07372035,0.14774607,0.38132638,0.761619,aTRbiBrXhWA
0.12051678,0.39402938,0.24551336,0.10590579,0.078509554,0.17471646,0.17851527,0.38457254,rBYXC7w3ajw
0.06971766,0.49261615,0.13760853,0.0783497,0.02094359,0.017272878,0.1782057,0.03552351,IjDLXxtRzag
0.040284947,0.14413199,0.19139887,0.06158859,0.13382114,0.08255484,0.3415563,0.42770845,yziRK7j0Zpw
0.09118898,0.7279288,0.0064062523,0.013530143,0.08459232,0.01035462,0.18447413,0.006083879,cy1eRCYS08w
0.53430706,0.83212227,0.7423126,0.6027518,0.16302201,0.40750897,0.3658311,0.8855721,JuSNYVj6Ts8
0.1334155,0.37506044,0.09127294,0.058340576,0.05633378,0.06461057,0.290152,0.23739153,AF81RV-T6_I
0.14956708,0.18275036,0.09753897,0.039145134,0.048848227,0.03763418,0.2829624,0.22233184,YsNPwgmeM_0
0.355017,0.57289684,0.24062283,0.24415068,0.18973957,0.23846714,0.3788489,0.8469333,TUmOcTkKzhY
0.14597784,0.64920366,0.2452827,0.50523305,0.18100648,0.3094478,0.30833027,0.27851826,3KeITz_JYQE
0.06132676,0.25899535,0.116993725,0.04749938,0.05764548,0.07041518,0.329621,0.32185316,3YNgPNJpS1w
0.1884524,0.19511005,0.29974946,0.22668423,0.12978315,0.1459258,0.47604406,0.698431,g62He0p0iwM
0.11665283,0.27061707,0.2683013,0.14245126,0.050001707,0.10859119,0.32603955,0.5678557,bwE620VkaD0
0.058929358,0.43708423,0.31489742,0.30631933,0.09387144,0.17779893,0.28291297,0.24608003,43DGI3yvGSo
0.15276173,0.450362,0.1527424,0.10113681,0.07439789,0.10555476,0.3637602,0.5551547,_iraAfWBXzk
0.2712817,0.3330286,0.17749283,0.44737086,0.03940499,0.07797792,0.3587772,0.50873697,4XWSuwqD-ps
0.118584804,0.2989893,0.19908106,0.14427271,0.15180497,0.14980896,0.31138775,0.40795615,K8klHKVfL8Q
0.10031791,0.13996083,0.028691074,0.02146494,0.019717336,0.019972704,0.17686726,0.03876256,VhfhOINUS10
0.34466723,0.65749073,0.6880894,0.40380988,0.1616544,0.28163522,0.3635391,0.36208817,0ThtCIKL7qo
0.36553472,0.4290905,0.2846646,0.68962836,0.09676374,0.22500761,0.38984153,0.7157422,kyryMkx7awk
0.1539292,0.082875066,0.13094279,0.109623276,0.06341807,0.09319763,0.33656305,0.39851755,Xj-KtlOeWO0
0.1710401,0.19310063,0.15408199,0.065439336,0.050014153,0.07202523,0.17552531,0.15016314,I5c32yMoa2Q
0.04680874,0.4038468,0.33090943,0.29799554,0.1392295,0.18571563,0.36052054,0.45660058,8WzMZxT-41k
0.046122026,0.03621096,0.11815858,0.071582794,0.1125255,0.097612776,0.29886824,0.2969445,xdTS2ljRYEE
0.09816993,0.6789859,0.06951286,0.06962113,0.04456467,0.07617521,0.2502506,0.29303643,7fup7Fcs7UM
0.07730943,0.44955456,0.14435278,0.11626646,0.071556985,0.08076711,0.24807623,0.17986195,xgj5fKZxSkU
0.22980565,0.15691008,0.22999685,0.2941898,0.2234451,0.3055212,0.35694283,0.37659058,TcfSpa-dyn4
0.09333697,0.26689819,0.11787438,0.06936253,0.038112145,0.049125224,0.207417,0.23990425,D71bwVKWxRE
0.1473238,0.46055537,0.12202858,0.075513646,0.04191474,0.052473962,0.2848134,0.42937607,BpxxTzkb9k4
0.25676212,0.0061076633,0.5756115,0.92185444,0.1640654,0.82843864,0.31974766,0.31652117,iQ4jtmHaFHA
0.13476147,0.24045564,0.09371435,0.057219297,0.14982106,0.09964135,0.39296356,0.39725566,jGQhEa_0NVU
0.027580723,0.1864252,0.039532714,0.02441774,0.04710573,0.026439538,0.21443942,0.056556433,CE1ZdHIRI5g
0.1943727,0.3747425,0.28936243,0.16237089,0.041146804,0.10426225,0.29820004,0.2514428,AxEJ09djDUk
0.043031808,0.15849529,0.108847626,0.09340212,0.032295953,0.052024882,0.27057222,0.091558635,n6kk3P-clM8
0.23014031,0.36195362,0.18285586,0.11932389,0.08170116,0.13027592,0.3309904,0.78070545,vTXq2KJieKc
0.050585672,0.09565702,0.09366802,0.038471077,0.05335095,0.062458083,0.16871281,0.17321637,pCFBfFEwnXc
0.07371333,0.36811262,0.038858153,0.051043294,0.02403202,0.025141422,0.25226304,0.36193886,ROIOuC912WY
0.11665283,0.2004408,0.15531693,0.070063256,0.13134748,0.12310093,0.32574514,0.37326112,dRMKVM7vl4s
0.14059398,0.1831087,0.05305087,0.027856957,0.06266896,0.05560121,0.23862034,0.30062515,Db2eeJza5nE
0.060527626,0.14316379,0.09659786,0.058267016,0.0673658,0.09004231,0.19759761,0.21711315,SIePpuakrcE
0.38965073,0.06972721,0.53934205,0.4036902,0.0787023,0.21934724,0.34090903,0.49009737,bmMf6OdgUwY
0.059328925,0.2666139,0.110843934,0.0678648,0.038248092,0.03648868,0.3304073,0.104161665,VRTFgCe9pLU
0.023632111,0.20841834,0.14017047,0.084264465,0.039361823,0.05314407,0.23136607,0.08888422,6R3qbw6i590
0.035477944,0.31797096,0.18065268,0.21420059,0.025943808,0.05237696,0.20363136,0.21042354,-eAIKBspVEQ
0.09602194,0.14738292,0.054166302,0.036048908,0.20697877,0.060205914,0.4726144,0.10970151,_QJEZbQxCLw
0.26132804,0.27807277,0.1800831,0.15670532,0.07554378,0.12487347,0.28593215,0.20375346,dxQeTc-Onro
0.037881445,0.18455307,0.05902296,0.019973405,0.032274652,0.034346435,0.16681768,0.1039724,xcpS3i6Dutc
0.22981352,0.2655529,0.15523404,0.16925582,0.15307648,0.16090922,0.46716607,0.5371716,PVacZ48k87E
0.12953265,0.68368137,0.19248897,0.12607433,0.09530011,0.11908235,0.22233686,0.2804857,6dI5JeNZ9-s
0.22687212,0.6494115,0.41206315,0.20782249,0.14672796,0.09574624,0.36000833,0.4169331,RJLe1ttd9qg
0.15042676,0.26871642,0.16613925,0.16245726,0.08551562,0.10730905,0.3079249,0.16753556,dzFxTSLvIAM
0.13969667,0.42660314,0.14412424,0.11282327,0.047205593,0.05055489,0.2897623,0.4437907,UT42k4BrM20
0.01561861,0.18928789,0.09267555,0.03708761,0.01607825,0.021527454,0.22152543,0.05662163,zu0TiIWW-sE
0.03736641,0.07918298,0.18519546,0.121218346,0.16733734,0.11351557,0.5372477,0.49489272,VQZpM224NOY
0.20742953,0.54913735,0.2985711,0.2738023,0.051876847,0.14561519,0.2687455,0.61923116,L7HDeLKW6qA
0.48794,0.35169405,0.4777111,0.4637929,0.05908206,0.16825594,0.4099891,0.40173963,DTYwFkZVuoQ
0.37221906,0.7279288,0.41653925,0.29382548,0.15841778,0.24967703,0.3864576,0.8763936,UEOfIWi6_aI
0.15130237,0.15009724,0.1313847,0.14275326,0.1616192,0.15409309,0.30223146,0.21801412,ABAUnaQ77ZU
0.5026305,0.44819963,0.3740793,0.32573465,0.090849765,0.15052861,0.3707262,0.1655908,-n1pHHNYH-E
0.0066292323,0.077100426,0.047035694,0.036297016,0.097294845,0.043668482,0.43297228,0.10254842,tksolV5Gkso
0.09172598,0.22125879,0.14614567,0.16636659,0.080334805,0.1072737,0.30613935,0.27531803,1obS04QLUII
0.025692256,0.1864252,0.03258791,0.021793861,0.020267492,0.023590002,0.14959453,0.048957273,_pJDZjnKVo8
0.22422299,0.45500964,0.24026383,0.12379392,0.019937336,0.10136352,0.21592349,0.82345974,Ds2o0D5HO9U
0.34684154,0.43432775,0.3276845,0.49216816,0.16912079,0.35528025,0.33766562,0.7326178,-oRQjiRHVWI
0.34388447,0.3132138,0.5221286,0.42661688,0.11872155,0.17834142,0.43332747,0.2769967,bSzdd1PHz2k
0.030155903,0.31381333,0.01655485,0.018571438,0.049332306,0.012413508,0.29150888,0.014468986,-JoQNxty80g
0.26817688,0.20336364,0.15811071,0.2933269,0.06757263,0.098934285,0.37267172,0.14410727,P4yNVetWHa8
0.2712817,0.009893375,0.13215877,0.043842178,0.029120067,0.02692116,0.2897527,0.164726,kFr6N-1vLxs
0.23277332,0.44418663,0.6322289,0.48052666,0.1238843,0.252421,0.4371611,0.6997318,vm_ikHbZU1g
0.2299237,0.72533494,0.5047853,0.26820517,0.0819446,0.18578176,0.39740807,0.78395146,S33HVduI474
0.2712817,0.43723372,0.31105268,0.10934399,0.038480088,0.07166249,0.25523436,0.11499835,KgxvCW9f-Ms
0.12888865,0.3872679,0.08170786,0.07766362,0.10880984,0.069859296,0.555329,0.12808438,062go1yZG0s
0.13251819,0.5368736,0.0015596916,0.0030523695,0.03720803,0.002086388,0.21935119,0.004476689,WfewImAq1oQ
0.028954152,0.5680319,0.114586994,0.109330185,0.023399685,0.03355094,0.19927695,0.034448594,dlPYIVFo7Bs
0.22983712,0.17057146,0.12453985,0.08180842,0.08801096,0.08686548,0.29500213,0.19755976,y5tVsnPAbJo
0.12631269,0.13151537,0.2309402,0.19380541,0.08405659,0.10396846,0.42419702,0.36968124,X8SIVkfEO0g
0.090114996,0.17849524,0.12140323,0.20288183,0.24611919,0.14453895,0.5430222,0.11845524,D2hYjJqKNf4
0.22985287,0.04422278,0.5734566,0.44321752,0.15829195,0.16557056,0.50983703,0.29434744,jOhH3jhqZLM
0.038224805,0.10965991,0.07582851,0.051215656,0.07803125,0.04858048,0.29468036,0.12763569,S3ziFuR49MQ
0.16275369,0.2626342,0.12114061,0.06560416,0.07569895,0.08334911,0.22021219,0.16853987,swTqeyukvDQ
0.21186037,0.386918,0.13563195,0.13865043,0.15662828,0.16336685,0.32469985,0.20466462,DTGSiPJGjio
0.028954152,0.34940463,0.03508202,0.039903566,0.028332818,0.015330112,0.24544564,0.053054996,6uQSIsDf0XM
0.12244874,0.19029053,0.040831737,0.07668916,0.048876315,0.03875834,0.33479142,0.05237116,xW0wzT_fJwo
0.15626417,0.46191648,0.22224465,0.12115497,0.059840962,0.090359755,0.27557668,0.3013614,hULpx6vhKRE
0.1024659,0.12463826,0.116089076,0.11496961,0.15625747,0.14465232,0.44751987,0.2161727,cucsLbr20KM
0.119228795,0.08470631,0.047975898,0.09786803,0.049204856,0.07623446,0.33504337,0.08855597,Au-EhfBTnEM
0.013605545,0.36262435,0.11206591,0.085671715,0.039021313,0.07276194,0.16485386,0.09813436,J8U4fxxw3eg
0.2008281,0.45097256,0.26764226,0.2161008,0.061726436,0.059611548,0.22797126,0.042664025,04vGRXcpDQM
0.53430706,0.05927591,0.31280714,0.43853474,0.18903917,0.30914414,0.35337985,0.25702387,8vRkoObNQvo
0.12309273,0.023316812,0.4015232,0.20517218,0.22355345,0.16575532,0.46740964,0.5245368,yi-1k8VuRo4
0.13655609,0.2144039,0.28769493,0.058305334,0.02756463,0.05855708,0.18590792,0.13959798,UViNKjhT5lI
0.1024659,0.12444386,0.12041818,0.06254201,0.06045651,0.086308956,0.17754482,0.21398926,Rjo8ev8Oi9Y
0.22333995,0.013069039,0.24974844,0.110770546,0.100759804,0.09978805,0.3100421,0.23938659,Qllbj_RR-n4
0.112788886,0.084058,0.13013645,0.05582478,0.07814122,0.0780272,0.16685171,0.15892212,Y7IpSoUXvmE
0.05773066,0.19260019,0.06754929,0.024407411,0.018703485,0.017045612,0.21014917,0.19502081,8zDp1JIX1_o
0.22978203,0.0814103,0.13057588,0.17644568,0.1290085,0.13179772,0.41908407,0.24249473,foxR7QLyZEA
0.09333697,0.520433,0.36153364,0.25849882,0.26357377,0.15136164,0.41287622,0.389802,IjPAyAyURDg
0.045778666,0.26757315,0.07133734,0.03980232,0.06925471,0.053855527,0.24590042,0.10228828,h2uJeXywJzw
0.09494796,0.27674672,0.12810549,0.09271343,0.1818301,0.10946805,0.47488326,0.23676686,n8K-y8WCTrk
0.043031808,0.1864252,0.08258894,0.047457293,0.054637633,0.04006744,0.28879353,0.09137483,DP9pQFnroLE
0.0681194,0.11938521,0.050347596,0.0193045,0.022559451,0.03243464,0.12584846,0.088844836,IVErp8s7Cak
0.05493369,0.19904202,0.119081706,0.046326283,0.03451548,0.04361103,0.1662738,0.10448892,7-yv-awl1ts
0.032559406,0.1944384,0.108407274,0.047179405,0.038311597,0.05951795,0.14576614,0.13227841,nHdKxRAVrHA
0.2008281,0.10325195,0.34950903,0.0978524,0.050469708,0.08122994,0.28601047,0.27242166,1rwomQMU008
0.1621016,0.019204477,0.4340973,0.20509803,0.23066485,0.21351416,0.48838252,0.49499798,T7S1QM7Bp1U
0.19338597,0.6597153,0.26620272,0.65670604,0.15159893,0.4723753,0.23974018,0.18321334,gPB4uI5r9SI
0.22157386,0.079305135,0.18951996,0.21464168,0.08988548,0.15267158,0.37533262,0.27830002,56xp3hwIh30
0.04818217,0.17822823,0.16680333,0.17297022,0.07064778,0.20534183,0.25386667,0.82345974,fG6KyTzZkEc
0.09763293,0.15510224,0.090726815,0.08230509,0.09665016,0.10330468,0.2658173,0.1318515,fYHBQuyBey0
0.18746567,0.12630576,0.13894986,0.19671504,0.15083794,0.13648514,0.4200497,0.40868673,7D2LKZIOP6E
0.17759849,0.5680319,0.18798646,0.12355772,0.044328034,0.0706813,0.18871465,0.15206853,-IFmjMHLsxI
0.5038962,0.0061926465,0.4455735,0.29540735,0.517985,0.31124306,0.66842663,0.7134136,cpOdqRX9zNw
0.13835071,0.0096385265,0.1686151,0.055788238,0.056131177,0.042172942,0.38705492,0.2709045,3dYzr599s9Y
0.073313765,0.11938521,0.040976647,0.024022937,0.06684138,0.040950853,0.21800724,0.066665545,76rF3B7qBhc
0.28683078,0.27555314,0.31307113,0.22301471,0.057923708,0.1514185,0.2566876,0.34997332,5EgMijMhS_U
0.2712817,0.6101569,0.13069114,0.17013846,0.08549994,0.15564325,0.23940995,0.26077303,dAE1wEppXFI
0.062125895,0.37634394,0.11766673,0.084217414,0.049270235,0.07413509,0.18831685,0.15019281,u0xn4zXc27k
0.05773066,0.005867956,0.13364038,0.111589044,0.37679857,0.17804797,0.48166662,0.27488348,B0d-bxBM9YQ
0.5958905,0.012487408,0.4447418,0.6356477,0.06402501,0.30728427,0.32073614,0.24048138,O_q12qYrCN0
0.021102477,0.05607643,0.08096349,0.08958359,0.15117155,0.1187685,0.5800043,0.19343537,4TyUFYGcvo4
0.19789414,0.08739003,0.17408082,0.103133924,0.15984072,0.20776597,0.3219206,0.28752056,UV6dEg5rG_U
0.2965773,0.64924467,0.14342889,0.1832154,0.071140714,0.11738018,0.20303784,0.13016349,b4iO5CYKKYM
0.21036349,0.38484678,0.10861518,0.09213651,0.11060596,0.105189696,0.27078098,0.29241663,5tRAsfYqBFM
0.2889918,0.5045725,0.08468289,0.12778135,0.054985538,0.086572394,0.18538779,0.11512872,-oRyUjMw_1A
0.31714454,0.55670506,0.4725986,0.35887593,0.053186763,0.17551881,0.31751928,0.33178553,NkMKhWNbLaU
0.042001735,0.13142407,0.09226508,0.11001835,0.1656944,0.13198207,0.34604493,0.14912964,q3SaWwRaInY
0.24991328,0.10496013,0.2235709,0.08930076,0.16235052,0.11690886,0.62379247,0.48588762,V68BEGZY4eo
0.14687516,0.29368526,0.11184657,0.14110574,0.04995888,0.090882525,0.1930217,0.31342456,7biy9ZU4vnM
0.07451247,0.3177416,0.039200906,0.050084487,0.026356189,0.04567696,0.28732276,0.1060412,LGEpRbHjkLY
0.09924392,0.28760737,0.062040567,0.068848096,0.0786265,0.053721957,0.33478674,0.07897672,3HaW4ma57j4
0.052935857,0.13480599,0.03155898,0.01724589,0.023662884,0.01724421,0.17734997,0.07268293,Zu2RHG77wP4
0.035649624,0.2709318,0.45289826,0.895227,0.38516638,0.83350897,0.42934898,0.34876168,xPI11C82w8s
0.089041,0.06812698,0.16653939,0.109624885,0.09744182,0.13040438,0.24768052,0.1869611,2ACQYkCHWfg
0.21036349,0.2620628,0.21739024,0.08344737,0.07536065,0.08269864,0.3012965,0.53533196,5lirnvzYq5w
0.1710401,0.283369,0.0584821,0.026202673,0.055458397,0.049014505,0.1766805,0.1261368,oWKoRHGWFf8
0.056931525,0.62762654,0.0986048,0.07444218,0.035181507,0.033306938,0.32078132,0.22272226,IwMk6ypnATg
0.31725118,0.4526657,0.34673727,0.2675106,0.582904,0.36981705,0.67949617,0.80439806,SUm4lbiAlwM
0.033074442,0.15961438,0.15371965,0.13246596,0.06546059,0.103703186,0.21779968,0.17405848,nxWlSVoxNOc
0.1580154,0.15436968,0.1931711,0.30291036,0.07047543,0.15408726,0.20625602,0.15979932,wvPwG6euiVA
0.06771983,0.49652508,0.13204917,0.08408231,0.05597011,0.05838677,0.2971232,0.18899097,R5_wezRdx9U
0.43622825,0.23422287,0.7353931,0.4648988,0.16961563,0.373568,0.46550888,0.85842687,-xcugcSCKZg
0.18549223,0.8083405,0.40274304,0.22158332,0.076234974,0.17701046,0.21303369,0.29315096,Zq8CjS7Ctqc
0.04165838,0.22623682,0.035235353,0.043135807,0.039793756,0.030494,0.22994867,0.088069744,joo5JtgJ684
0.15626417,0.17739935,0.12479576,0.047668196,0.042034987,0.056257218,0.16638082,0.15360378,XIMhEfGA1Pg
0.2022951,0.19365641,0.11153213,0.13668844,0.0746783,0.0903786,0.25735238,0.13858467,PGEija0CRhA
0.111500904,0.09224828,0.15409069,0.05991516,0.03484492,0.054836642,0.23092474,0.25786698,WKBzPeqzaig
0.1464265,0.09935377,0.042616278,0.02149801,0.046636533,0.033713527,0.19898841,0.14214402,1hs-YWkH5Rs
0.3609816,0.01825325,0.25898463,0.20328435,0.058471605,0.14372468,0.35553405,0.81707066,_lkMYFzWqj8
0.11407687,0.14959346,0.22166052,0.13291256,0.053160958,0.09621495,0.422416,0.2971613,YRwtRPlD6uE
0.28923595,0.80792975,0.1972672,0.21437563,0.1394158,0.17800288,0.48388356,0.5333534,K1Vw531gZKk
0.1609341,0.097746916,0.3903922,0.22396035,0.19425419,0.2597543,0.3642406,0.33709425,80XbJb0JyDY
0.010620655,0.12573554,0.07983971,0.04611154,0.069725566,0.07583636,0.4221794,0.32694292,FFgXRBtRk-Q
0.3897707,0.078750394,0.8008965,0.4591552,0.16256191,0.35548252,0.5124973,0.63794076,pEpadUEasew
0.07451247,0.09152826,0.120895736,0.06944285,0.29948488,0.14734739,0.37431353,0.19180469,fnO9ex9WlMI
0.29855597,0.12802197,0.19432047,0.09735852,0.115770675,0.11714584,0.26465175,0.27818868,ZA9EHgF5qIs
0.23365098,0.62792313,0.43613654,0.29163635,0.08958824,0.20912576,0.30408922,0.6261627,ScvL4579bJ8
0.13700475,0.11392096,0.07455341,0.04700889,0.059953064,0.06649802,0.20303528,0.12869011,1gsv2-m6uTk
0.10031791,0.17261007,0.13759616,0.081275,0.038416624,0.058524575,0.25281683,0.15349579,4IyQcmy5cXY
0.53837943,0.6397106,0.30251172,0.8154216,0.09993369,0.31987807,0.37942585,0.48121476,u98CKe-bUsk
0.37360558,0.2507977,0.15370414,0.22939111,0.10392586,0.19993372,0.28419623,0.4250034,tUfdcPAZIrw
0.27045983,0.6495431,0.39063162,0.30442774,0.16699077,0.23550266,0.46561366,0.45555443,D0rKu-V48OI
0.34388447,0.39370048,0.25871754,0.6356477,0.036247395,0.1622737,0.26286453,0.3169185,EROhVDju4qk
0.12309273,0.27145514,0.107949905,0.08694335,0.2859501,0.1594817,0.29850602,0.15979606,Cl8mcWK4bII
0.058929358,0.3546882,0.031411976,0.028839247,0.02908999,0.031215457,0.22460268,0.23036179,WvMaTtot-G8
0.057331093,0.16533102,0.037336987,0.024430608,0.018779652,0.029370124,0.112446815,0.05531555,eXqWy4y2_XA
0.025520578,0.11142312,0.113720916,0.13008758,0.15511717,0.14897981,0.36976632,0.16571714,lPwjbFUBQgM
0.048525527,0.14868727,0.039834585,0.045312457,0.08088432,0.054465566,0.35156983,0.08117779,8oHIzJiaW5g
0.18450552,0.24737538,0.09612153,0.11081403,0.08243138,0.10582378,0.22432646,0.10443882,TD1xdJRi5Mo
0.29045674,0.285621,0.2955974,0.2260191,0.3807148,0.23668571,0.5173123,0.4691181,NI44214XQek
0.23452865,0.5680319,0.3221375,0.099011354,0.052656293,0.098628424,0.1646832,0.29860702,ZlV9C36zPAk
0.030155903,0.05323811,0.085928455,0.056993417,0.10551891,0.08474677,0.5995775,0.19547357,n3JmgkMTpY8
0.30788645,0.35307828,0.19607909,0.19157635,0.1382693,0.18091834,0.36278355,0.5556267,5Vf22N1_8nE
0.33600304,0.5659136,0.29076365,0.64473623,0.107690506,0.19936532,0.41003138,0.7991028,wgN04DwsRtM
0.03736641,0.09495207,0.08770979,0.1432374,0.060584225,0.098813005,0.34321073,0.13361725,Op-writ7n2s
0.6955873,0.63002545,0.18865111,0.24356754,0.06204709,0.31231862,0.25996226,0.91432226,D8PeNxj6Q0c
0.089041,0.44273892,0.19660549,0.1117809,0.07053975,0.09393979,0.29121172,0.14249012,ruMQ392mnlc
0.0056574075,0.03660198,0.07888018,0.10392323,0.15147266,0.14674836,0.56846446,0.17153499,2Dfjl9tER94
0.355017,0.30003566,0.27603972,0.2869691,0.24460968,0.21498005,0.45413595,0.20767936,hGqTxaEaiuQ
0.1256687,0.70822304,0.08380684,0.041029714,0.076008365,0.028452676,0.34315044,0.070613876,coVr1GBbgG0
0.030327583,0.17758828,0.04052584,0.024665223,0.021937635,0.0222868,0.20741218,0.04501956,UaWsYjBOXdg
0.1835188,0.050550614,0.07146952,0.04777719,0.03755279,0.03689116,0.48211107,0.19742763,FB4FlQk3iCc
0.05093802,0.1906713,0.1187877,0.091184065,0.13775046,0.07132772,0.50190246,0.22746354,TN8MRImkWlI
0.094410956,0.17792057,0.105167694,0.09495054,0.089560755,0.11085671,0.29321,0.1709586,JAdzoDknl3I
0.09709594,0.34352994,0.12231151,0.06726344,0.045651894,0.05862081,0.23195136,0.10179015,xZVTIqYT_MU
0.03427619,0.20379974,0.040194664,0.021597968,0.07240442,0.045901634,0.28965268,0.08194411,FytQqVqd8IY
0.22980565,0.0068886722,0.2347,0.23513523,0.030689599,0.09175307,0.21898605,0.08013158,nShMWjHGRxk
0.18450552,0.09025815,0.16493575,0.09176694,0.07180805,0.12784374,0.2292205,0.5517643,NBhH7o3IShA
0.08170467,0.32373938,0.045309305,0.018301446,0.023705848,0.02708927,0.15293114,0.05605435,pg5aVkM2mBE
0.22987647,0.650573,0.14084186,0.24626425,0.06151755,0.15716924,0.19176053,0.6301237,hOx0qJnRyQk
0.14552918,0.0003994531,0.08227264,0.034496088,0.019982869,0.03053895,0.3885816,0.10069255,1lO7lLvDQ-Y
0.39230084,0.6500319,0.58523935,0.23499088,0.03763849,0.09872202,0.31368762,0.67665094,fuPWdCa-zX4
0.1008549,0.12991032,0.15121481,0.10826794,0.09762523,0.14968267,0.24819441,0.665464,ptDwL2yQ3xc
0.39010584,0.083299935,0.40597627,0.27540058,0.0853739,0.19072987,0.31269544,0.14703968,vNQe9iX2F-E
0.22982925,0.004231383,0.41326335,0.23632076,0.1763754,0.268303,0.34480995,0.52573156,eNws7AZmbvQ
0.5958905,0.8147743,0.8422688,0.6356477,0.13701586,0.42205557,0.30368346,0.1333326,bADdJuN-4Ag
0.15217799,0.69480866,0.3613649,0.20654877,0.18808596,0.183357,0.33098197,0.3891843,FosNtUVhHCA
0.24242763,0.50871885,0.3039982,0.3222154,0.05074233,0.15934929,0.21058863,0.19648077,ryriMZPhowc
0.048868883,0.21162352,0.09908992,0.13339846,0.07890819,0.081003435,0.3345488,0.16220297,CcXm-yvkeSY
0.09172598,0.1928478,0.055222996,0.040446714,0.04736148,0.04354826,0.2092434,0.1003443,SLexbMGJ6-E
0.4396069,0.0315244,0.3448806,0.20996252,0.31416047,0.21099582,0.52194726,0.4506368,qES07dktLgk
0.1008549,0.03436545,0.15493135,0.09300019,0.114164025,0.08190027,0.44489193,0.23752719,BnwUnogzrwg
0.089577995,0.13568775,0.05770038,0.041848857,0.102061644,0.064276196,0.24796066,0.08173306,N2QrfoLe7g4
0.2936093,0.1984493,0.067619964,0.038384363,0.046729542,0.06193923,0.25491098,0.12420569,SynqYb-6bXY
0.18647896,0.2791188,0.077896796,0.04987943,0.09339063,0.069013275,0.30409023,0.20368142,30clgYUT6f4
0.456592,0.45256892,0.5366434,0.33919722,0.16920222,0.16931027,0.396436,0.20548144,CWv9BLF5EZ8
0.15568043,0.43990603,0.11877754,0.07526369,0.18657738,0.10800292,0.30948552,0.15985253,HckvGQeYmiU
0.18746567,0.19996084,0.06797665,0.032804687,0.04560812,0.053448502,0.14858118,0.09060094,DTlyOB_I7yc
0.21715863,0.31318295,0.18402618,0.18050757,0.07229465,0.10254656,0.32853404,0.31072628,sXBTZcoj3Jg
0.12824467,0.3651088,0.1215042,0.06103859,0.050511967,0.055345763,0.20339686,0.25172496,E_Eu8FKviSY
0.2088965,0.2740551,0.40655416,0.15555646,0.14615317,0.1566146,0.3723669,0.75785524,3TJAdFuxNIY
0.24991328,0.7079002,0.20668744,0.16563158,0.051302947,0.06601538,0.3564933,0.53308064,quhjZPHT5c8
0.7212062,0.24763626,0.4135386,0.3914805,0.2594324,0.33551466,0.5275249,0.81785,7D-OILCPA7A
0.16551583,0.4501045,0.23771463,0.18919401,0.15995105,0.14928253,0.42137095,0.26749334,2ziVe_YuASY
0.049898956,0.11706572,0.05310656,0.027521173,0.03742959,0.040278606,0.18288036,0.09540087,_8yJOjjwxfk
0.17661177,0.33673185,0.074460894,0.04867606,0.10429679,0.0488605,0.47068188,0.121082895,1sF5XQDelKI
0.038911518,0.19320086,0.081514105,0.028827388,0.05240936,0.0382734,0.16162916,0.11731576,JG46ktmynpE
0.2712817,0.32660562,0.15039833,0.10010896,0.06902887,0.10550405,0.25229445,0.5440261,kiPZGwarFUI
0.54375964,0.010466746,0.59993446,0.4658855,0.09843483,0.43470746,0.46450365,0.91491824,062unTWO4I4
0.027409043,0.62299025,0.3175134,0.48193836,0.28865257,0.23359786,0.42041704,0.15744714,51oNsxXb1-U
0.14373457,0.05132694,0.39226013,0.29159397,0.070143186,0.17462024,0.37147537,0.30819678,iKGLLtY3UNU
0.15568043,0.4458268,0.2983865,0.13417234,0.12507816,0.15868162,0.36329,0.37088227,IWn_1BqbKVY
0.06492286,0.31674927,0.03349587,0.028459882,0.062298186,0.02715205,0.48993915,0.12288371,RmNz2jGzsDA
0.05093802,0.11716912,0.09484151,0.09393624,0.113876246,0.11828902,0.22121908,0.18795581,87uW1VbZsKY
0.1609341,0.15118456,0.15720126,0.11598468,0.17931923,0.15101331,0.28462833,0.2249634,skrJ4kEeok4
0.22952124,0.37623727,0.15358517,0.10765238,0.12198523,0.18445349,0.27640775,0.7195412,l3gOOnwhlns
0.18450552,0.47962782,0.21192074,0.13364676,0.22422345,0.15111597,0.39018503,0.4500784,x5bzgm_bY-4
0.07850813,0.21316403,0.12119835,0.067852564,0.04518873,0.059558585,0.24667309,0.09568635,5d5SqkMYGBk
0.8795294,0.3156046,0.50173235,0.6941835,0.527997,0.8369054,0.45395395,0.35491168,tYvdLY12jB0
0.355017,0.64449537,0.620022,0.30902505,0.18440399,0.2304899,0.34656376,0.3362315,vea2fge-A3o
0.05852979,0.10232329,0.10376747,0.08931382,0.0208323,0.02127765,0.23533115,0.072309025,Sox95cYqJ0Y
0.529921,0.033447467,0.33578438,0.555623,0.14879891,0.24143444,0.4206572,0.2588052,C4YqAkiI8Mc
0.21804169,0.12706278,0.23996767,0.14792766,0.20948863,0.17810804,0.33221507,0.29392695,TMqYmNJtAeY
0.14104263,0.00663933,0.11532553,0.09110102,0.07191492,0.06270161,0.5002206,0.15462765,EApdmgSolpY
0.42390585,0.64910406,0.2576181,0.20604345,0.042831186,0.18342273,0.23226443,0.8763936,9Mx6eKROG7c
0.14866976,0.20152874,0.12440127,0.035375822,0.03606101,0.039662156,0.28680834,0.25027594,Ax-rR6-cuxY
0.15568043,0.11201817,0.27801472,0.14185198,0.07791733,0.09397593,0.3897585,0.36241218,rw0fFPoDG04
0.33859563,0.5680319,0.09235677,0.07552536,0.04325114,0.06307709,0.18193905,0.05932986,EPvN5o2aRNs
0.355017,0.7175659,0.1896519,0.21321833,0.055227436,0.14222583,0.19118983,0.3327517,Dba5MOnxFxo
0.1785852,0.08965317,0.0821613,0.07249573,0.14165305,0.10274229,0.35002676,0.10563642,o0vY9d1QgKY
0.1024659,0.17607135,0.14164133,0.061076365,0.09339926,0.08861263,0.14013991,0.1107533,Cd2Tg1ijX9o
0.42631236,0.073608495,0.19666454,0.11288352,0.09988565,0.10764577,0.31488475,0.19250068,Tso7D7Ypix8
0.2995453,0.26818272,0.19326343,0.32122692,0.11421654,0.14333211,0.4795402,0.7318466,gFjUE07k0FQ
0.015202113,0.028935503,0.05073156,0.042417593,0.07805377,0.03345801,0.40583023,0.13394769,C37EdK5Ykqk
0.03856816,0.106781945,0.056024585,0.057311166,0.037091907,0.052361082,0.1991844,0.08497398,2z8YtUc366o
0.23891698,0.25136125,0.2355808,0.35315734,0.05522992,0.098728746,0.31143844,0.57441694,OTi8ZfsUvPo
0.38959074,0.6280669,0.7444899,0.36904028,0.12556209,0.30313239,0.26791775,0.4425259,RVF9aw49K9Q
0.11665283,0.42025414,0.35120484,0.1029049,0.089951195,0.10798654,0.23639552,0.1825461,7Uso5HVmi5Q
0.07091636,0.08490032,0.052359268,0.03796142,0.10459607,0.042784248,0.34444,0.14645515,C2qAfo6dunY
0.040284947,0.1870472,0.039597735,0.037262235,0.08666916,0.05059477,0.36703122,0.1279012,q3exeRsymII
0.35642847,0.7224004,0.4251707,0.27606776,0.3026708,0.29787007,0.4212625,0.71795297,ADL1dqjIlec
0.2008281,0.35941002,0.31577262,0.18847702,0.13999583,0.17947923,0.26320526,0.14343296,KcdY0nxVSw0
0.10300289,0.399262,0.14790551,0.12137008,0.15879348,0.13199215,0.35270932,0.264284,jpI7MgnuUAw
0.39010584,0.40788695,0.37713456,0.24800764,0.14355063,0.1803378,0.3878956,0.56614816,wtbWkdv7_o0
0.21804169,0.4570247,0.14945011,0.11446032,0.12960136,0.117586665,0.33281523,0.291788,VO_nTBkD7gM
0.061726328,0.10175524,0.182048,0.12889975,0.09386486,0.14293447,0.32438517,0.26967523,GqrAlLEJuE0
0.037881445,0.21624172,0.05354697,0.07450102,0.1349142,0.109640315,0.35944858,0.2105645,2tR3gn2vw5Q
0.37954164,0.23490678,0.18817009,0.21393244,0.11961696,0.14481874,0.53510237,0.59975076,k0IFCvBsdtU
0.19789414,0.7079002,0.11926125,0.04821453,0.07103462,0.068780564,0.28042096,0.09295257,kR3PjXM8ouE
0.06771983,0.1242963,0.04144773,0.023687655,0.019641504,0.031209452,0.11567909,0.052159347,DIH9RbYNN_I
0.3897707,0.5777839,0.1449449,0.17458084,0.078348435,0.08910883,0.38802317,0.3553566,jeSEEugrwcg
0.16344422,0.24506435,0.28414372,0.2921183,0.15882552,0.41907346,0.24728285,0.75853217,YeZZ0acRC7g
0.16827796,0.26250044,0.17681514,0.13500626,0.13217945,0.2789952,0.33792797,0.5804126,CWUKOjsvQfI
0.17661177,0.6506246,0.055173296,0.043408435,0.032380167,0.033754595,0.19439551,0.05923247,nvDbN6RMYrM
0.0681194,0.11938523,0.050347596,0.01930451,0.022559451,0.032434653,0.12584846,0.088844836,JZv1_UGJiJI
0.08420804,0.3401859,0.12511402,0.09027729,0.072736174,0.07650902,0.35468343,0.35174626,LZwWUKanxYQ
0.0006117289,0.017906971,0.49622506,0.303543,0.13784827,0.22999705,0.39348555,0.3616435,sSNb7UiIfQg
0.046465382,0.096406356,0.06615398,0.0716382,0.023644533,0.036261477,0.37284273,0.13519418,4MEF0X-RKy4
0.14866976,0.041764975,0.14524381,0.091687806,0.07410085,0.07544222,0.27776158,0.427372,aC4u1zo6OpQ
0.7569718,0.6070025,0.6707642,0.895227,0.26262504,0.7866321,0.49182016,0.76191753,h5vJxeMSL04
0.49981686,0.08229669,0.2804629,0.5004591,0.19811691,0.35881782,0.40736195,0.37367886,sHh4UVqSncA
0.30788645,0.1647107,0.20148736,0.13070492,0.052361388,0.11966003,0.31378618,0.7524745,wCZBzTm0hEY
0.11343288,0.008038622,0.06391733,0.045089155,0.23353778,0.06552308,0.39934266,0.10356073,p44qzPiiI4w
0.29261994,0.31469762,0.43088537,0.35710064,0.09763077,0.23334709,0.47801024,0.848702,bf9zr-fdQYY
0.1550967,0.2638414,0.24693374,0.13867943,0.07143662,0.08574851,0.35714805,0.33517054,d225msCfhxw
0.2299237,0.06529262,0.21443574,0.2824679,0.10879085,0.17634319,0.37693238,0.4574053,3pgXg55lNPI
0.4827802,0.31072342,0.15997678,0.40165606,0.16513252,0.83225346,0.26333836,0.109217614,7Pciq9Q3U70
0.5026305,0.014163853,0.68692917,0.4260564,0.077428356,0.4237878,0.28991136,0.9533248,h1GKQyHXI98
0.23716165,0.3760189,0.05727229,0.1692243,0.06233682,0.052039057,0.37238824,0.18525584,3xLaUmTS1sg
0.13565879,0.08665588,0.09852554,0.10561339,0.10847151,0.114092626,0.3858258,0.2204894,dNncw0yHwPI
0.123736724,0.7079002,0.15861551,0.062644266,0.07222126,0.064072035,0.26442727,0.13731492,B63d9Bq3kAk
0.16344422,0.50910693,0.5314445,0.26539025,0.1757792,0.33248985,0.36492854,0.6552462,9e3Gq-lLFlc
0.08170467,0.1737732,0.065817595,0.04984645,0.067169696,0.083882175,0.20674653,0.1249535,HuDF-hXLcAo
0.12695669,0.27266032,0.13255408,0.09343425,0.0953072,0.15046954,0.3356686,0.70364076,FNLwPSyQFfY
0.46128514,0.55277926,0.8595448,0.577153,0.17969233,0.3275683,0.4588155,0.50571257,H_XkpTb1NTo
0.4151741,0.7083538,0.6350989,0.30173534,0.20057778,0.41498682,0.45753136,0.8908898,6fhVHGkmq-0
0.28021416,0.7114855,0.55021787,0.41066852,0.13284022,0.24676323,0.2331932,0.464537,eP1nt2Bl0Pk
0.03839648,0.20543094,0.04881541,0.032859143,0.037565455,0.03557185,0.19552499,0.1206618,3Rhzg_ArJ44
0.42092466,0.22889282,0.17513916,0.09873298,0.10322787,0.16827601,0.35720974,0.4172906,ICZAiaxw8pI
0.15743166,0.14121178,0.03678167,0.022634687,0.026956914,0.014086734,0.20044653,0.09716551,kX9DGP7HvPQ
0.18549223,0.5518692,0.44461486,0.18030515,0.06292689,0.17629811,0.21503566,0.3218829,DYb8-Rggmtk
0.40946755,0.2848381,0.43185723,0.31485644,0.2717514,0.30806082,0.45088753,0.6280122,KYpnAPno6KA
0.043718524,0.15527669,0.18290892,0.33419594,0.92006356,0.65369755,0.45231283,0.12511083,V9Y__lVMEMk
0.061726328,0.48124585,0.58523935,0.44958034,0.07482301,0.2799056,0.18715756,0.22883902,oeyjbEX_34Y
0.3905958,0.27201504,0.2088726,0.23319006,0.2314378,0.29289064,0.46119618,0.5322181,SnWrdFFH2_o
0.1019289,0.75058323,0.3191003,0.3873001,0.14178047,0.17825994,0.39852643,0.20529659,d7dufalmVrc
0.36667302,0.36518127,0.25414035,0.26306608,0.92006356,0.4712853,0.62347835,0.21955945,r7uLaYzdvmk
0.21362646,0.17261022,0.05609859,0.047602657,0.0358311,0.049836107,0.16712178,0.11145261,4zN9OzlLluo
0.2406723,0.42661297,0.13346578,0.18027443,0.05579427,0.09667044,0.23150708,0.13559954,NBOE8aBqhWc
0.33600304,0.26604205,0.43325543,0.22593209,0.2879862,0.26609403,0.5008202,0.77046466,UH3yOQcNvOM
0.004963247,0.18368296,0.19491237,0.15680893,0.09530485,0.14575987,0.3546858,0.23919189,sIQItCmgmao
0.02517722,0.096656814,0.027924584,0.018356089,0.057426073,0.032407504,0.2224184,0.05397274,v4H3QQfHlJk
0.18154536,0.32423812,0.12533517,0.11566254,0.071782716,0.09161043,0.30237612,0.14486633,CQLAzcyRZqI
0.19716066,0.71944445,0.14435346,0.12468515,0.103351265,0.09032412,0.32976228,0.20779413,UoIi4Ce-lwY
0.41807786,0.014957594,0.13642275,0.22115089,0.17079061,0.16528875,0.41334748,0.13686332,EVEexE7A4pI
0.14193995,0.38023046,0.31860626,0.18894349,0.065573186,0.1059589,0.26199493,0.20819134,D8kFp7jwksU
0.40636617,0.70994675,0.5294874,0.2045923,0.034836747,0.16733557,0.26586202,0.8763936,HwY-kGOJbas
0.22983712,0.2284215,0.20472091,0.13466054,0.16904809,0.20050976,0.4081359,0.27510792,S544c_JRhQk
0.16413476,0.015611698,0.2367971,0.07971067,0.12751675,0.08691912,0.45007378,0.4193354,MEDxvGwv1qU
0.25219622,0.39735034,0.29745188,0.2384693,0.09718038,0.17703457,0.23811284,0.57673293,AsgFCDwOtrs
0.1785852,0.25917587,0.03485691,0.03179292,0.043094315,0.025626825,0.3437603,0.067199916,D1CRxeOrPC4
0.1731117,0.26886111,0.2836272,0.13330479,0.14296097,0.13898587,0.3141195,0.24135323,Cnq3RrCYG54
0.16413476,0.17633358,0.08193006,0.072831735,0.12745045,0.07984597,0.38055333,0.2557094,4HN8eETUR2E
0.22980565,0.35379663,0.19488484,0.13458817,0.08674638,0.10623891,0.22298396,0.1494837,YLUsPd65RRg
0.17173064,0.3630792,0.46354896,0.18583462,0.075260356,0.16544387,0.20603357,0.31885365,19CKy3y3qws
0.42631236,0.34449646,0.20249714,0.20350885,0.27827206,0.38829443,0.2544493,0.57000995,_MaRepIbW9g
0.16151784,0.66651654,0.53115934,0.3039239,0.14101969,0.19061144,0.22402203,0.44161436,qLU4nDg_oBo
0.15743166,0.119766474,0.13350846,0.08643645,0.24186033,0.18722185,0.37622797,0.20988621,cWHvBailo3I
0.22980565,0.4652389,0.16436481,0.17398658,0.063138135,0.102661625,0.32234845,0.30826846,xfRFFrk1tks
0.31725118,0.48096538,0.3096879,0.29985505,0.057203215,0.1902536,0.2746514,0.36408603,d-Qr-Vc7l4U
0.5535644,0.75058323,0.53289956,0.660731,0.25851128,0.79353106,0.45573893,0.7098574,fk2iEECJjHo
0.2936093,0.70798564,0.41746703,0.19962952,0.26489568,0.17591657,0.44977063,0.1809414,m4cCKWYGrb0
0.10031791,0.81145144,0.039487496,0.029873112,0.022317413,0.019278377,0.22015002,0.06316879,OfJfMCA9C0A
0.22979778,0.034380965,0.23816328,0.13955054,0.11362452,0.16243826,0.37907898,0.26420978,iKaEafn6U2k
0.28683078,0.01891494,0.52970487,0.42931026,0.28522798,0.2814884,0.5196329,0.43951198,pJ6JJDCOq8E
0.25219622,0.09459377,0.13376388,0.064470924,0.12269764,0.10940991,0.23711447,0.31186393,VulPcw4BBYI
0.2995453,0.24475574,0.14766103,0.14271316,0.14383894,0.13318777,0.26030588,0.13870843,bHtfknmzfKs
0.1024659,0.027417444,0.14447165,0.251476,0.3768152,0.31378737,0.44954863,0.45917967,oi5FO-CuM70
0.12888865,0.26534224,0.11741434,0.15393944,0.13487118,0.12636082,0.39956427,0.3304494,wABxtoelW0o
0.022945397,0.22877248,0.07373465,0.039281048,0.05700292,0.058155697,0.18745023,0.0940473,BquN4W751hA
0.24769363,0.5680319,0.21447137,0.17426448,0.15498862,0.16029812,0.33373338,0.5029241,xgIP8OKcxOI
0.033074442,0.026019534,0.100262396,0.09864018,0.13685267,0.12873997,0.36909086,0.23572642,lYnpvVNmMVo
0.21539254,0.22527237,0.09340225,0.0802798,0.15405619,0.119484514,0.40979448,0.28819582,4bkvH3Wb3Do
0.15684792,0.45119905,0.27992505,0.17046358,0.030790355,0.0486837,0.3331212,0.5301463,fKfy4obeop4
0.37083253,0.62599796,0.4699337,0.45766833,0.06684316,0.16710949,0.2914536,0.22105218,beZAD9F_Awg
0.06332459,0.1464665,0.0771931,0.06052531,0.019211713,0.029996539,0.19982743,0.08178003,Pi1F2p5xAm4
0.09333697,0.20539775,0.24286006,0.18075298,0.17943476,0.20916624,0.5275393,0.7110923,MnTcmgIZqjg
0.032559406,0.14970838,0.026361346,0.029579872,0.017647987,0.017550046,0.26643357,0.13789642,CFXNpBP4Ga0
0.112144895,0.23709218,0.1211194,0.082215294,0.054038648,0.057304204,0.3384015,0.3601215,EB2gcQXj3Z0
0.22157386,0.80792975,0.24261421,0.20255004,0.271177,0.21439593,0.40113524,0.5898159,xMF5RaovE5A
0.019158829,0.11155533,0.098149925,0.053197462,0.07352434,0.0681682,0.15026535,0.120259844,8I-T5dqn7nU
0.031701013,0.1555657,0.20122693,0.1771284,0.2287189,0.10855828,0.44859135,0.2914505,AfqSS40SLhI
0.04268845,0.1082825,0.21243389,0.09099987,0.13261868,0.13703164,0.46278113,0.63983357,funz_4rHAn4
0.036508016,0.15920803,0.062784724,0.034856334,0.02826299,0.04437765,0.15299867,0.10194989,i9Bqtu1q-Cg
0.059728492,0.20484373,0.059630297,0.04177394,0.03677821,0.026748385,0.2684679,0.05897306,9rrnrZEC1oA
0.7382047,0.64211154,0.4164319,0.7689655,0.9389354,0.86069244,0.5555016,0.82561624,PSN7Krkyr_I
0.14822112,0.37200257,0.31800598,0.23685026,0.30785376,0.25897655,0.350168,0.666826,SSQFZwiKIkQ
0.38959074,0.07499709,0.28190973,0.69430256,0.1371001,0.27995577,0.30756062,0.15139708,bSPs9EXd0v4
0.4151741,0.24917148,0.18540771,0.3259566,0.2869115,0.8328868,0.55384666,0.4046913,lOHlYvZ24w8
0.103539884,0.5680319,0.4382081,0.24364907,0.15759884,0.18298824,0.375746,0.3225329,rJA4HmGFlCk
0.07211506,0.5585401,0.08959884,0.11312275,0.086559035,0.07277539,0.3449423,0.56323135,uHlRbf4Eidc
0.16551583,0.18615972,0.061741367,0.04192087,0.04860911,0.06126088,0.19827318,0.22876967,YntUzaIDu_k
0.08635602,0.19757476,0.14596356,0.07197971,0.09375649,0.0781076,0.34028894,0.14283095,qguy2m5GsnY
0.12953265,0.13790609,0.055734906,0.021992378,0.036774173,0.03340283,0.1926002,0.123210035,btUGIUJ9Msk
0.1710401,0.2698995,0.04714365,0.035193674,0.038394015,0.04938838,0.16722082,0.1356383,la_6_FcrJbI
0.06971766,0.19911548,0.12594198,0.0864679,0.10949338,0.10941238,0.3886276,0.19048612,C9dDU-pgQ_0
0.25447917,0.7279288,0.3051837,0.24943927,0.15250298,0.30687314,0.39545676,0.27394858,z_t1qthyTOg
0.2224569,0.293142,0.091561876,0.0958888,0.2431917,0.059561033,0.28251293,0.036022257,GuDg19KhUTk
0.03616466,0.084255755,0.053189706,0.024384826,0.03736497,0.051294565,0.28112945,0.22709908,s9mjb1I1z88
0.21980777,0.19862626,0.335911,0.19763651,0.16439362,0.18969288,0.31005803,0.58232415,WCUBlDen2Sk
0.09548495,0.18216763,0.21944909,0.208377,0.11194318,0.14691819,0.35001782,0.24051853,I9vHfrTHzf0
0.09279997,0.12149763,0.34448653,0.19294146,0.10734832,0.14344673,0.3275363,0.25524324,rjWhqJx5ZtQ
0.1710401,0.3302825,0.100513205,0.07171584,0.08247143,0.114561364,0.18987858,0.119217455,_Y2o9bCGyB8
0.054534122,0.29567862,0.05072497,0.04728354,0.06327087,0.05308613,0.24501373,0.09147183,GhlALbzMkbk
0.15451296,0.43730724,0.15205316,0.078348346,0.0700714,0.045899887,0.3196193,0.14032993,0oGG9f2VYiI
0.30788645,0.15534735,0.18544717,0.4056189,0.381398,0.5665742,0.4049961,0.41589552,oERijVWNWnA
0.1019289,0.14176163,0.33708397,0.20678511,0.28192833,0.27102697,0.37592685,0.5781966,QfP_s6Ms678
0.42315382,0.568699,0.5414534,0.30092862,0.27502608,0.29172805,0.52384126,0.41100943,UI_GX_OZKr4
0.09763293,0.16966619,0.13497457,0.08457447,0.14355022,0.105546616,0.37859926,0.19412257,wv3v7iD3NUE
0.4151741,0.7079002,0.3233925,0.23574914,0.12859923,0.1453024,0.5141151,0.8449449,0jrTzf8F_P4
0.06012806,0.19550739,0.17982893,0.10587226,0.12452221,0.14586516,0.40573186,0.5488254,jgOatSYRxRU
0.16413476,0.43954837,0.079892896,0.060507562,0.021246677,0.034300625,0.17445084,0.039877504,9Yk2kc5VH3g
0.15743166,0.31162572,0.060277652,0.03593686,0.068877205,0.04977066,0.25350422,0.12302264,cZdpWVo0HHs
0.21186037,0.010614561,0.27045983,0.26245946,0.050208155,0.11721186,0.36728513,0.29851282,5jo2SGgwavw
0.30337667,0.43838933,0.31633398,0.1564729,0.056563202,0.0914371,0.3856299,0.7591482,VkSQfDGJmhg
0.39284727,0.27539927,0.3508241,0.22245237,0.13541992,0.1829692,0.2643374,0.12851778,0R93qefyWD8
0.11472086,0.0720985,0.14273585,0.08301868,0.11935814,0.13264404,0.19107066,0.19470108,QCz443vVavs
0.076110736,0.5254131,0.19887267,0.11636511,0.1373795,0.1054166,0.27948543,0.32101706,J_gY1dMDRQI
0.10300289,0.15960814,0.17314875,0.08132244,0.0651175,0.08220349,0.24401273,0.2432255,gz4ICJ3_9YY
0.061726328,0.17923045,0.110572405,0.054535877,0.06719733,0.08466495,0.18543936,0.21045268,TpbBuV7ARZM
0.12116077,0.17114703,0.19217785,0.1309674,0.16677156,0.1542551,0.42092565,0.5539593,zqxJa5WLy4I
0.15451296,0.124207996,0.057282805,0.070164345,0.04267942,0.035704926,0.45677224,0.37794268,qj-xafacSsQ
0.05133759,0.118656494,0.14060919,0.12091371,0.06939621,0.11252219,0.33056396,0.2127035,vKuAcd0u6ys
0.14104263,0.26186547,0.12204184,0.054202408,0.093306914,0.09898426,0.28316188,0.1393767,fLRhKE7tEFs
0.27690583,0.18205221,0.3748012,0.30632383,0.1551731,0.2896596,0.4500883,0.6637018,LGGqzmbP9OI
0.19789414,0.20470014,0.17842881,0.092264935,0.11573965,0.09797537,0.29306102,0.19497,v1UCxM3XZwg
0.025692256,0.052791826,0.47088066,0.20108148,0.17288871,0.14270231,0.33021992,0.1537587,xXG28HTQhCA
0.025692256,0.052791826,0.47088066,0.20108148,0.17288871,0.14270231,0.33021992,0.1537587,r8VKr5hhs8M
0.24242763,0.108079135,0.06620875,0.04774391,0.16034034,0.0882727,0.41821447,0.17301151,oZcIcNqPBWc
0.025692256,0.052791826,0.47088066,0.20108148,0.17288871,0.14270231,0.33021992,0.1537587,pDKRACaaeq8
0.1550967,0.43771055,0.20405279,0.17141487,0.14015336,0.17018701,0.22947696,0.25154957,16zpMKhltcI
0.025692256,0.052791826,0.47088066,0.20108148,0.17288871,0.14270231,0.33021992,0.1537587,wsmKY9tr-Ok
0.38953075,0.4254838,0.5332741,0.32455948,0.07067379,0.33128414,0.26843312,0.9664865,ahV9WxJWJJg
0.13565879,0.009215885,0.118151784,0.10615055,0.17745508,0.10188217,0.36892432,0.1347871,BhzAX0q6k6k
0.1731117,0.16996089,0.044788413,0.07532897,0.056977045,0.039109513,0.43510547,0.09451659,nrOVZwzr0-8
0.1464265,0.81418836,0.4092537,0.18320422,0.16320772,0.16815262,0.3485254,0.54215926,rDrFSMh0nGs
0.060927194,0.43193704,0.07332802,0.045956388,0.016155306,0.023660572,0.14494024,0.03787212,wa7CsL_C2SY
0.032731086,0.16226153,0.12881728,0.049349654,0.04140879,0.052660953,0.14939795,0.12901641,_bHtxnhWRXo
0.021657806,0.034536462,0.07122149,0.041889895,0.0812677,0.10052008,0.2318376,0.15731843,tuuu59BQ_Do
0.08367105,0.12926942,0.09024404,0.1364148,0.0686421,0.081175074,0.3567648,0.2675886,vfhb__Mvle0
0.33081788,0.17274678,0.22015162,0.2138745,0.56666595,0.43976334,0.45177495,0.61116976,J4WbCyIo6YA
0.355017,0.28629676,0.2816096,0.25778937,0.18490502,0.15815422,0.49773043,0.45961532,uMvQhAlBU3A
0.54959583,0.43984663,0.6532825,0.5656353,0.28619483,0.82247233,0.34299174,0.26001772,2qvTE1fOMWU
0.8086813,0.40369925,0.2952652,0.660731,0.49032593,0.95299876,0.35731196,0.20805109,6Px7Pt1XyD0
0.14687516,0.19451816,0.1700985,0.093735315,0.26673737,0.12773345,0.4404246,0.3084188,IgFmG2J7Pto
0.1668969,0.21169703,0.1899758,0.1557093,0.070195474,0.10300256,0.37739095,0.71577454,Ze6pjAOGP38
0.055333257,0.01864305,0.123444125,0.19586623,0.094812036,0.17346194,0.23326087,0.19688798,JXqKuBFoI9s
0.12888865,0.058050055,0.060617987,0.051716127,0.07076983,0.06849941,0.2732197,0.14879905,DT8onx4sui4
0.42465788,0.07703127,0.50262773,0.660731,0.095460944,0.18226631,0.58418953,0.58797115,7iYn3p7sQqY
0.3598433,0.31037396,0.39370552,0.26044714,0.27509195,0.3080613,0.47341463,0.5201403,0CkUFV47Luo
0.16035037,0.39425746,0.052391127,0.06437498,0.07174545,0.05483833,0.42334637,0.106102675,l7azTZ5sIwI
0.355017,0.5725937,0.086784445,0.124980524,0.1216809,0.107900135,0.5096214,0.6198398,WzeXc1raitk
0.02124131,0.19965044,0.31617704,0.1516311,0.080101475,0.107921116,0.263057,0.08642458,b8mmsH4HlG0
0.1710401,0.33183488,0.16078629,0.19210064,0.062066704,0.10670649,0.20634747,0.16467308,1XyhFfg1GNM
0.2712817,0.12618831,0.22636425,0.13034612,0.034831002,0.08362772,0.21279362,0.24161878,k_1459n_Yrk
0.5810591,0.64966196,0.4185651,0.7160335,0.2489403,0.783563,0.45392457,0.5326832,8VTbz3zRxNo
0.36805952,0.13247557,0.10382025,0.074922934,0.09836893,0.09667471,0.5008837,0.76078755,XIlc5XTV0dw
0.46786317,0.2642947,0.68057877,0.6795448,0.6279602,0.5089844,0.42476034,0.4813972,6D6FRKKdbio
0.06132676,0.43853542,0.16441734,0.30065158,0.06237082,0.13479248,0.24559909,0.15054809,ONDziqiISIo
0.19634613,0.44725695,0.2734679,0.18877628,0.03796175,0.11290403,0.23832148,0.52810866,1qoo5-HIHAI
0.35870504,0.57556266,0.07777455,0.10352743,0.091083206,0.07244851,0.425689,0.24945916,pPrZFYNO6CE
0.11600884,0.44317117,0.1088482,0.06273049,0.056141518,0.05427975,0.25067922,0.18875638,hQA-86oZ2Os
0.18647896,0.63098603,0.23479883,0.13717312,0.12080727,0.14015739,0.2808165,0.39686823,LWr8GZug1io
0.03770977,0.2966752,0.1610407,0.118931115,0.09231338,0.088468514,0.31357604,0.16383997,WxzX2RFVSxU
0.27856,0.6511643,0.39047807,0.22274174,0.23071456,0.23931512,0.49655893,0.6950321,U6CGTD5NlwU
0.2885035,0.27060482,0.5213654,0.5700794,0.109762214,0.33611816,0.2770834,0.23936576,vrHKmgQOKLw
0.2299237,0.2587313,0.23342027,0.12821868,0.17312156,0.1453558,0.39313442,0.36307976,IhDF-UKS7ys
0.14014533,0.14237927,0.16234897,0.13486855,0.0689171,0.10094406,0.23932554,0.13592038,wnj9i19aBos
0.17661177,0.36791107,0.25254095,0.33826962,0.10367502,0.16836078,0.31920084,0.21911645,lEkBMHjrj6I
0.090114996,0.23257455,0.09080552,0.042946164,0.042791303,0.058195993,0.20924984,0.17054565,5ucdr1gEfiI
0.1580154,0.30628145,0.48570663,0.12173318,0.025860135,0.03850497,0.22892785,0.40665495,gwkazx46Tpc
0.22952124,0.26196146,0.28479105,0.17300777,0.026473872,0.15487862,0.21710612,0.8908898,rmXbrkWz2N4
0.20596254,0.27579117,0.16455567,0.16218674,0.057468705,0.12651639,0.19742328,0.1793013,LrKDlEN7wao
0.07091636,0.03497387,0.19114746,0.11041259,0.046918966,0.074398175,0.3271057,0.53009045,v8gRmyXRHFs
0.7545523,0.80792975,0.41472405,0.6955015,0.64925486,0.625126,0.5148444,0.49334422,r_ITf4MI4gk
0.53430706,0.39552602,0.23869832,0.12308439,0.037933838,0.07626605,0.22573225,0.08666148,Ct4uLNBjgqE
0.23365098,0.29296905,0.1694078,0.11668101,0.14526203,0.17418097,0.21661685,0.26759198,miYfBQS1Hpc
0.15451296,0.5728355,0.18198141,0.18975806,0.16453627,0.19385284,0.36164334,0.27691254,TEdcs7pY2no
0.118584804,0.12857665,0.14535695,0.15002538,0.1475131,0.15734851,0.27813354,0.16730127,i_WAeZ_eg0Y
0.08555053,0.15828714,0.08024993,0.056595124,0.070915446,0.07418798,0.27470464,0.36580387,k3LQwkvuW9U
0.2712817,0.44998315,0.10846213,0.08484352,0.053857416,0.085149474,0.21254213,0.25762025,sKFhzkaQILM
0.062125895,0.18086867,0.14136557,0.11583209,0.17896949,0.15803625,0.42593703,0.5254553,UwJ-6u1e5Do
0.14014533,0.00021462557,0.15748447,0.16088627,0.11768746,0.12110942,0.28465885,0.12938695,hndLwSPIVQ0
0.03856816,0.069920644,0.06607177,0.03963181,0.048826862,0.06508574,0.2555472,0.13678029,Yxb44wjAkFE
0.15159425,0.097019956,0.07073168,0.050006963,0.093513414,0.074630156,0.3208026,0.37055743,fUy-VMv7D_w
0.1414913,0.27502474,0.10492256,0.06871101,0.074054174,0.09588531,0.19631323,0.21161284,9SZ2RSLTP88
0.13082063,0.36760628,0.1226067,0.05728521,0.13830106,0.13507925,0.2921419,0.37620342,-9Lr-RKFgmw
0.39108577,0.38015154,0.30552566,0.2200081,0.15066256,0.24359238,0.33418268,0.76275694,vUGvF-Hz3ng
0.02655065,0.13560912,0.06644458,0.048281908,0.052608192,0.06630798,0.33302996,0.17651343,W7RlEGB7RHg
0.111500904,0.26328388,0.1397752,0.11366543,0.12257516,0.13405828,0.27895308,0.2780332,hzfx9cPCMhk
0.27359754,0.05747291,0.05949396,0.06228499,0.15525998,0.08461038,0.34643295,0.07533225,W6gGajjtzUA
0.0142302895,0.18603337,0.035931166,0.029294409,0.07311252,0.0412781,0.2573738,0.111065164,GJHY2-BXDdI
0.08501353,0.1276429,0.10925101,0.051265627,0.047351673,0.060712405,0.1937577,0.1659098,2V5yEwmht8c
0.2712817,0.3749156,0.26907095,0.72737396,0.16247407,0.3072632,0.33601612,0.15880205,G47KKKZJl54
0.014646785,0.43921718,0.116884544,0.1103778,0.031561565,0.047235016,0.287288,0.13300328,qL9_knq_hak
0.24242763,0.15964952,0.16395617,0.06473892,0.042810384,0.055574305,0.34729558,0.2726876,nfOG3dVqNog
0.09333697,0.48092848,0.25390506,0.11108719,0.16690022,0.12499563,0.34704816,0.6607556,C_V9jTfAoTQ
0.2145095,0.21972506,0.14535312,0.13486262,0.100136116,0.09068508,0.25027755,0.14130645,MdlNuL5cJ1w
0.10956893,0.26381618,0.20105922,0.15573952,0.15817286,0.14920652,0.35789374,0.54500294,7j-Rcq-gV98
0.12824467,0.17060299,0.06721199,0.053498447,0.08309707,0.07244511,0.28252146,0.33809224,_vhzAalMgeU
0.5958905,0.3869009,0.3196013,0.86494696,0.13322316,0.26948214,0.2817483,0.06155582,lTGgLuVJags
0.2459383,0.34323207,0.13152422,0.106100954,0.01735101,0.03164417,0.3312727,0.17235072,EVKwi5CypMw
0.16827796,0.520988,0.27618387,0.43541297,0.12780401,0.22754076,0.2903075,0.38858154,WPLaB1UiAzI
0.22687212,0.15854536,0.35300744,0.20398054,0.08216016,0.1161033,0.3653315,0.66145945,snRYFlNwdDg
0.32304016,0.1697306,0.08145938,0.09279079,0.10801448,0.09796495,0.29191664,0.12602007,q22IaMkhdQM
0.10461388,0.2762019,0.2051749,0.14009376,0.17195119,0.16656478,0.2729223,0.33084166,F-hM3Wy4Jj4
0.3123962,0.2891057,0.20358977,0.15700679,0.12219558,0.110229574,0.325531,0.146249,ZuOqj2g4hvk
0.028610796,0.18411903,0.06742822,0.09232256,0.06991553,0.10911441,0.22638364,0.13609627,A0aEOB8JcAE
0.29163063,0.70790946,0.015705138,0.021984566,0.040700853,0.008753765,0.29550686,0.016825974,zfntNXbdAaM
0.17661177,0.64915115,0.2569718,0.3819403,0.08702593,0.1473274,0.38568696,0.72625804,vu3ntBypb9s
0.1024659,0.19861297,0.062178224,0.025989015,0.034024246,0.035174333,0.17859575,0.15034167,sbyZECJH0HQ
0.22982925,0.17541403,0.29139647,0.18033765,0.37891042,0.24577045,0.56438893,0.85745513,WxtXyVzd6EM
0.083939545,0.12614171,0.060103122,0.026152603,0.021366572,0.027459802,0.18845114,0.17643584,5ZUMTGepWsE
0.0022386673,0.11654151,0.023406321,0.02578207,0.03773457,0.030742468,0.18000878,0.05560493,Aq95S6jhQCI
0.0801064,0.2222946,0.11140942,0.17104937,0.16527103,0.16890147,0.35074994,0.2216409,hNkJknFeZlI
0.22952124,0.18138067,0.14881234,0.08044908,0.15984714,0.11355563,0.38881934,0.34236422,rpD-PTrXbcg
0.18450552,0.4453907,0.16717997,0.3050967,0.09516174,0.1681925,0.29033485,0.15716404,XA8-jQ1t-WA
0.15918289,0.41268,0.17411537,0.13077068,0.058609255,0.06866182,0.38994923,0.622643,r2Vdc2tq1iM
0.1894391,0.80481887,0.41914988,0.2175706,0.0846397,0.11633447,0.316026,0.23864295,o1UWCrYqZMo
0.0064904,0.08158182,0.07053643,0.055922206,0.10687161,0.07698799,0.36884585,0.24569827,i7qUjHttBpE
0.104076885,0.52354586,0.019485874,0.030681482,0.037779614,0.028885826,0.2962379,0.10979174,7a3XjbhB_NQ
0.22598907,0.75058323,0.70254207,0.32436186,0.08994949,0.18825643,0.31522626,0.20145693,kwHceTzwmFg
0.43275943,0.80257654,0.63365567,0.38540548,0.28132898,0.37677956,0.31952795,0.4042497,Txc4oRUasOI
0.06851897,0.15546268,0.12720175,0.1024117,0.044710997,0.06350177,0.26581433,0.28068596,GOIgWloZfLY
0.6357597,0.2949509,0.48777574,0.8059971,0.13657905,0.6222302,0.31032884,0.57285196,RfhSZmtYYgQ
0.09118898,0.03231529,0.15321724,0.3180224,0.30273053,0.17170829,0.6145609,0.18916814,FRO7wRJ2gRM
0.17034957,0.1285813,0.14570577,0.07901379,0.12113764,0.11107585,0.29018545,0.24617018,fQpU_n0JDKs
0.37221906,0.6296537,0.19701281,0.15239388,0.155754,0.12002555,0.3489359,0.5485422,Iz4GbiJEs6c
0.22989221,0.53817725,0.27145725,0.18153033,0.15708542,0.14015074,0.4487845,0.6020008,QtUBF04TfYU
0.39284727,0.7946083,0.25334695,0.34524664,0.13920416,0.22713856,0.23369807,0.5605829,JnBarZsjma0
0.3170379,0.4400243,0.24820502,0.16109276,0.13474764,0.15401238,0.39828098,0.4742166,9PpE1IXEVEg
0.13610743,0.6312587,0.13771398,0.118824,0.17175435,0.16498595,0.30934092,0.5339749,JMsMSmubTA8
0.058929358,0.0021929084,0.09722956,0.15326832,0.17742898,0.18510003,0.38743287,0.15306956,PL6an1PEFYY
0.2712817,0.30103382,0.047101766,0.05671043,0.038961995,0.052444763,0.17880295,0.09585822,BvrmhUeCWCo
0.12309273,0.0779919,0.035196323,0.045318548,0.02959269,0.02385334,0.23783793,0.07190374,GV-SsO9QYh4
0.06372416,0.083515815,0.049057752,0.04031579,0.08031485,0.065260544,0.17204888,0.08353091,goPuiucl_pk
0.36211988,0.058978632,0.4236445,0.27863115,0.11433398,0.159557,0.34757522,0.69536966,GF82ulSFGPA
0.111500904,0.16331302,0.070245326,0.036689844,0.056891415,0.050437436,0.18987748,0.11185179,FENVtZlmhGU
0.23803931,0.44393373,0.13620903,0.12840162,0.0329939,0.084995106,0.14759013,0.10882488,9MlSR2UFHO8
0.23452865,0.7080155,0.19423585,0.25178057,0.14531946,0.19521488,0.3570669,0.18511982,BYU-up7Utic
0.105704986,0.033838622,0.12819974,0.11301908,0.080605425,0.076468416,0.28853872,0.30244228,0LdHXvh70aw
0.3282253,0.43920967,0.11977683,0.21994166,0.19728534,0.1423953,0.5057227,0.10947201,NHWkUskGlfE
0.2818683,0.7279288,0.68295693,0.3018753,0.09413856,0.17300224,0.26397634,0.6015755,TxRuS1MNF_g
0.05093802,0.14562842,0.17304005,0.11451383,0.07557559,0.086561285,0.3045532,0.21883324,Ul0INEthwuY
0.043718524,0.3079838,0.17113341,0.12802443,0.026995612,0.05072607,0.22571743,0.08401268,Z3qeVG0Rv-8
0.07251463,0.36708516,0.12737325,0.122491926,0.31660134,0.16894872,0.50828815,0.28306675,8L7vSFcj8DM
0.043718524,0.3079837,0.17113352,0.12802444,0.02699563,0.05072612,0.22571735,0.08401276,034rh84GHl8
0.0010238866,0.01839533,0.47114184,0.33145893,0.19373569,0.3094088,0.66380167,0.3623938,wPZwLsEB480
0.07091636,0.7226394,0.17266046,0.13459638,0.14443351,0.12522097,0.27483433,0.24881662,2zMpzpMykgw
0.09816993,0.101689585,0.11942827,0.05614681,0.07839063,0.07661801,0.246079,0.1543289,7kOUhctVft4
0.1609341,0.7079002,0.12908682,0.14439982,0.09652604,0.10536781,0.3436939,0.26613677,AA4wsw2dpvo
0.0002613948,0.045529075,0.07781398,0.07933464,0.07817122,0.091154635,0.4714566,0.14539602,8LBI5t2q8k4
0.1668969,0.29101327,0.17355299,0.08283437,0.28528512,0.18189764,0.44469002,0.41851974,FE_UjbQSf2w
0.06252546,0.22621337,0.09345675,0.040160917,0.10100766,0.104726106,0.32989463,0.2771239,Ma5nhWMUhiY
0.355017,0.5680319,0.15075889,0.4288251,0.0778735,0.22777566,0.24313065,0.1657968,X1JuicjelXk
0.4151741,0.62179565,0.8544892,0.5685735,0.13211696,0.31178105,0.35386765,0.8558484,IpxUlESW5YU
0.1530536,0.18759151,0.16648096,0.05844758,0.050874755,0.06411254,0.18571489,0.10373732,EuNKs0RKHtw
0.44129625,0.40678442,0.57208616,0.6356477,0.10364599,0.2343059,0.46181077,0.6204299,HTAeiJABYMo
0.15568043,0.47231796,0.17637743,0.12929152,0.11453093,0.101664014,0.28773594,0.4488384,KhvvtXeFbhk
0.23628397,0.13636039,0.36846542,0.20576288,0.30782005,0.23403929,0.5190729,0.7483606,N6RMEEE8LIU
0.28923595,0.11440306,0.28938296,0.32209817,0.12363835,0.23808956,0.31585968,0.24176623,H6UnBZr0NuU
0.22983712,0.27629519,0.08124644,0.08726738,0.15666571,0.2121658,0.234643,0.11864022,1ZHY4RE_GLA
0.17661177,0.64895946,0.19451126,0.12622797,0.13915138,0.13492122,0.25524044,0.105620265,t1wPXTUHnIQ
0.29163063,0.37300453,0.3895964,0.22379537,0.038360465,0.14542153,0.27613863,0.3951785,zQT5h-Ecfx4
0.19634613,0.084500186,0.15934359,0.08575772,0.043830074,0.07895327,0.37893665,0.25514156,6qdcvjUqIVc
0.37647265,0.6499209,0.68246096,0.35679454,0.18430112,0.2920667,0.23442994,0.38816816,C7magRIFiyw
0.14283726,0.26826143,0.15158135,0.08596145,0.07714808,0.093654186,0.24968062,0.26680478,7QHyUSMVzrE
0.23277332,0.3997829,0.6350989,0.3185817,0.39739707,0.4370294,0.33907077,0.41175056,ylQ6OfBVYwo
0.25447917,0.19995217,0.28525177,0.13497955,0.098355375,0.11240288,0.4695477,0.71395373,L9TfzNBfsPk
0.19936113,0.18526001,0.1782971,0.137512,0.08070593,0.14547883,0.2771668,0.671995,FyKgCx-v0Vg
0.07371333,0.6505121,0.21784993,0.22431861,0.04402682,0.08263291,0.23448972,0.119511634,DSAiQwuREGk
