PERSPECTIVE_PROFANITY,PERSPECTIVE_IDENTITY_ATTACK,PERSPECTIVE_TOXICITY,PERSPECTIVE_FLIRTATION,PERSPECTIVE_INSULT,PERSPECTIVE_SEXUALLY_EXPLICIT,PERSPECTIVE_INFLAMMATORY,PERSPECTIVE_THREAT,video_id
0.18876997,0.31282446,0.1710401,0.26527658,0.38480082,0.06789611,0.14060335,0.320012,tEBsTX2OVgI
0.123191535,0.22151671,0.15568043,0.19619513,0.24591099,0.055912416,0.27585703,0.40284002,TJuwhCIQQTs
0.1181116,0.19719158,0.043718524,0.18241233,0.40290004,0.030113498,0.27040696,0.2030316,0Pp8jcQ97pY
0.2962794,0.5915052,0.44805592,0.35022894,0.31923887,0.15280028,0.4226354,0.56152314,y4vurv9usYA
0.13004021,0.58523935,0.013466713,0.3681962,0.31895489,0.15194158,0.27023855,0.3380223,Tbes1mm2VgM
0.14290014,0.24277419,0.16551583,0.2876027,0.254081,0.08142106,0.47433493,0.37551656,j3PrAqJ-H9k
0.06062234,0.14460136,0.04543531,0.39694235,0.11662966,0.10993603,0.44753546,0.38179922,cF2dhWWUyQ4
0.09325597,0.24814373,0.11600884,0.20171796,0.3165341,0.033993784,0.2844123,0.24074754,ZpoYOgjJ7T8
0.06832111,0.15165111,0.111500904,0.16314077,0.24434735,0.027577871,0.14873493,0.11544479,lbXjW-cX9kQ
0.11562102,0.30774435,0.06492286,0.18779561,0.1363285,0.0635007,0.2982244,0.24352436,Fzqrm4ScWzs
0.2063208,0.312252,0.1256687,0.2955115,0.44252032,0.060615636,0.27060995,0.4421911,DZXjJVrm1Jw
0.47547224,0.6439107,0.34388447,0.32903728,0.48936516,0.27498612,0.2760943,0.70029736,QHpFC1hB4AU
0.22685006,0.4111052,0.29261994,0.18816817,0.47903955,0.06457244,0.38779187,0.3199638,JPO-uOPK5RI
0.09270941,0.23553696,0.018464668,0.2622844,0.34184855,0.040609073,0.33265555,0.37039423,OdvFuVAypp0
0.14405274,0.34072036,0.28825936,0.2012328,0.33685046,0.051927682,0.537888,0.3068363,EfPgjjhAoa4
0.1155067,0.41603696,0.13835071,0.3405159,0.30592495,0.065678835,0.15459804,0.6245627,AYnZm8DEke4
0.11594908,0.22114728,0.058929358,0.16615562,0.24846356,0.03155517,0.402852,0.14604628,hl0R7tDWLrc
0.14121427,0.2888909,0.08555053,0.20704515,0.3018771,0.069471,0.13497032,0.22499144,IApo5TBR7jc
0.09079939,0.28883588,0.09924392,0.27221334,0.2995995,0.04536868,0.067359686,0.4191337,FJ7iPn39i08
0.08752849,0.21240838,0.004685583,0.24893235,0.20065601,0.062684745,0.32716396,0.26821503,pSGVb60-BSw
0.13088821,0.30744115,0.10031791,0.20207655,0.21613902,0.0425338,0.21053797,0.2570114,OCYjZdI0WCc
0.027327541,0.13349265,0.23540631,0.2265053,0.070530064,0.034497198,0.30546772,0.03557381,4m9dHSd3X6c
0.07450824,0.17532197,0.0741129,0.27550665,0.20732912,0.08594389,0.18708386,0.3175689,1m45BT5NFbI
0.09938729,0.19755441,0.08850401,0.2183843,0.25382352,0.05312822,0.32256287,0.3436113,JxpEQY-yiOk
0.037554964,0.16322023,0.18647896,0.17245327,0.1097664,0.028674178,0.2922925,0.15775564,CfU8-kJZR70
0.16460828,0.41170788,0.055333257,0.16217923,0.29786247,0.061245747,0.26398772,0.07517104,RBB_81ao7uo
0.20405124,0.39222452,0.05613239,0.21611238,0.36036354,0.06321289,0.31725612,0.5215094,FCejya1WWC8
0.33545163,0.31052122,0.089577995,0.30533105,0.3237503,0.14360976,0.2983968,0.5588491,tmokkN5cRMI
0.30912638,0.30494502,0.025692256,0.31228408,0.43223947,0.16212006,0.1397979,0.4446641,JYPeOm5A8XQ
0.14297153,0.29151657,0.059728492,0.18489517,0.31565356,0.054321725,0.29015443,0.24817118,275TqUelUX0
0.09256692,0.17543523,0.04818217,0.15634981,0.23256436,0.032917973,0.1766387,0.113163725,4mh75_u0uR8
0.097029164,0.15669596,0.019019997,0.32979843,0.24213092,0.13730593,0.13098596,0.31732285,2v33Hm3WswY
0.21219815,0.29666334,0.41950125,0.19997424,0.35084176,0.08288629,0.2114278,0.33568743,FrsDDZycjfY
0.1506576,0.37651998,0.060527626,0.17231813,0.35769528,0.051969256,0.20520179,0.20637794,Zx62-79XXno
0.23504126,0.31661126,0.008850546,0.2756214,0.44990614,0.10876103,0.3776596,0.29549298,7pN6ydLE4EQ
0.19884327,0.5661451,0.28923595,0.2518994,0.44784543,0.07337809,0.28299773,0.43647173,RcSCi-XDyeU
0.103815384,0.2074204,0.33600304,0.21054651,0.18260524,0.11719321,0.466281,0.020702349,P6pCh0tHa7Q
0.12996326,0.18261094,0.15684792,0.228185,0.23514755,0.055597167,0.1844136,0.3345823,4b7oNLSR_yQ
0.077431045,0.15133242,0.09065199,0.16340844,0.17418475,0.034763414,0.33312798,0.112998925,8OW32QczJsw
0.08567313,0.1864583,0.012703137,0.27338943,0.23547053,0.057379853,0.29705387,0.2693568,dUbsyd8Fnyw
0.15403818,0.37712097,0.019575324,0.24716668,0.3037715,0.058324426,0.5166064,0.26083213,o8mhr1PcZ4Q
0.25116497,0.39370513,0.34388447,0.20094107,0.42607015,0.07756782,0.17558867,0.33754748,i97C2OEia3Q
0.17358656,0.41090247,0.0055185757,0.40453672,0.29896435,0.10115761,0.2611352,0.5702331,CZYqa9rOkDQ
0.14030425,0.4388095,0.355017,0.22592594,0.42798698,0.056586545,0.70844597,0.29964116,iWWF5nN7fUA
0.16829155,0.4262435,0.21980777,0.14430559,0.30346766,0.058253333,0.34548566,0.11586497,1be8NSAt-XA
0.21275271,0.3979654,0.12631269,0.4817911,0.40758777,0.13847913,0.19214246,0.5047894,ugvB87zzWVs
0.15346868,0.3567653,0.05852979,0.12534538,0.2694947,0.040861275,0.19424748,0.10970385,PGwBWMN4-Po
0.111962974,0.2816466,0.04818217,0.12538275,0.14735933,0.027633842,0.1766387,0.03759156,d4G0HTIUBlI
0.11814629,0.42423892,0.17759849,0.32828465,0.22556037,0.07608401,0.22327329,0.55600685,1CNY6BbtgS8
0.31096634,0.42582566,0.26589394,0.4046569,0.3227032,0.45939833,0.43405554,0.31656376,0PHisBzsn6k
0.102204025,0.17448242,0.064523295,0.17497046,0.24509953,0.049774293,0.17598324,0.17628285,YtvP5A5OHpU
0.16439804,0.39867994,0.22979778,0.25255588,0.34769395,0.06621877,0.12751435,0.61102253,hwaaphuStxY
0.0710279,0.23477952,0.08367105,0.22465017,0.16692081,0.049296737,0.43886304,0.31326163,xZcLW64hNCs
0.1895061,0.40993515,0.16275369,0.27274498,0.41948047,0.0738308,0.29818696,0.38222355,Y6yiLIfDb2o
0.036375545,0.12150154,0.12888865,0.22780591,0.14973672,0.03146839,0.46796137,0.1800584,MQQwhnCVkXY
0.13439676,0.22789617,0.09494796,0.16744351,0.3231297,0.038315985,0.29203442,0.2015562,PgFfercKfsA
0.10157879,0.21524255,0.010690071,0.36277476,0.2646968,0.08909225,0.1729844,0.34747088,oy2pjULLZ6k
0.11124423,0.38411108,0.22422299,0.27366906,0.35396677,0.046735756,0.4560506,0.34767172,cIAL1SE0B6I
0.1752603,0.3013473,0.11794081,0.1967969,0.37225482,0.05971424,0.18854074,0.28543097,NoQbskGHZdg
0.10347264,0.28923935,0.13476147,0.14205463,0.1028365,0.043333054,0.19153467,0.11581633,QDnm4Ydm6ls
0.14147478,0.35077697,0.0020738044,0.21698025,0.29185262,0.07125731,0.20754035,0.23275097,W5UFg2zyjWM
0.10150548,0.26017493,0.17449278,0.19172625,0.21784553,0.06329879,0.3283303,0.24014989,ixRSb00BplM
0.16072541,0.30018073,0.04406188,0.22081994,0.27645823,0.05674991,0.33931717,0.45694405,CHYWaIZLYqo
0.30696648,0.32018244,0.34388447,0.2769067,0.44423404,0.091133125,0.17041431,0.5015176,ckuqPTGbk38
0.1270552,0.28554565,0.07011723,0.20393555,0.34048104,0.043391578,0.39226028,0.23428032,2lsXC-BADyY
0.16921878,0.2645862,0.0003123722,0.20085765,0.31450826,0.06911088,0.30553588,0.26210445,LJJYgOtPpTs
0.16515043,0.2890845,0.0070110206,0.24645145,0.40504354,0.05299796,0.26278204,0.35255256,6jUv3gDAM1E
0.111220695,0.28603062,0.10031791,0.2786743,0.45935956,0.063935846,0.39334655,0.14012128,PWN-5sY10aI
0.13470359,0.29171315,0.19042583,0.1869091,0.34006658,0.05766916,0.27925852,0.25943375,WRRF4NZB3WQ
0.15584718,0.31115746,0.16275369,0.25477087,0.3953979,0.053872686,0.20790204,0.351919,13DiS7cPgX0
0.09256692,0.17543523,0.04818217,0.15634981,0.23256436,0.032917973,0.1766387,0.113163725,Lk4qs8jGN4U
0.17488208,0.3336292,0.10828095,0.19851722,0.35299566,0.05913618,0.35221586,0.2913657,mPPIv2nILS4
0.330977,0.5222598,0.064523295,0.3255266,0.56825006,0.1094355,0.263182,0.43231583,3w1c4sF4ZTg
0.11009418,0.23408131,0.09333697,0.13648996,0.22840433,0.022030212,0.28789073,0.14067428,DKOiPpFtGNA
0.20470595,0.30339447,0.119872786,0.28746194,0.3421473,0.09002808,0.1903536,0.42566124,6eS2CBMSZ4E
0.13468234,0.27948505,0.20376207,0.40606448,0.27294314,0.09958551,0.26102304,0.41114628,uKxj0ztxkQ0
0.37854928,0.58523935,0.30487993,0.44848832,0.45793986,0.28428185,0.4610268,0.7338122,n4Ce3rYkuEQ
0.09934796,0.30502912,0.02397547,0.31761533,0.12883253,0.06578308,0.16760737,0.29468188,ae_Isyek5Ac
0.05927935,0.15809187,0.1894391,0.32970992,0.061912138,0.0427093,0.28529364,0.39192465,H4ICGi3BaS4
0.097186714,0.17490123,0.14104263,0.2680221,0.26398894,0.074155025,0.27541402,0.26211014,3UOwKacq3Ao
0.1255759,0.32179537,0.074912034,0.32072738,0.29263073,0.076143116,0.30852365,0.2587602,XLKZhe2UKi4
0.13975763,0.37169173,0.101391904,0.13298492,0.25250772,0.03633033,0.2372275,0.11531739,PCpKPgxwroc
0.11328431,0.44137448,0.42616197,0.32225963,0.4323907,0.06535517,0.19992541,0.5442009,DsHXYMdXzy4
0.13444833,0.18863744,0.10892494,0.23468831,0.29840297,0.0892098,0.23913339,0.24833785,z7NeBs5wNOA
0.1501602,0.31314045,0.18055865,0.18060084,0.20284337,0.0909903,0.36368144,0.25993362,ZfzqBCC30as
0.030057035,0.10460622,0.0045120427,0.24049312,0.09058449,0.028196312,0.15909404,0.12531316,1yva4RZW_s0
0.08802536,0.20617408,0.058130227,0.15985999,0.24215634,0.024385372,0.2913051,0.1790302,qNgLrPkp2y4
0.3423869,0.57649827,0.17380224,0.36351508,0.5233011,0.13284633,0.14096266,0.759901,wKlMcLTqRLs
0.20159748,0.3902133,0.039254878,0.15540981,0.25666857,0.065078676,0.30094156,0.23997408,JiKox8nkCOc
0.24957736,0.32122976,0.22990009,0.22230221,0.42008892,0.10470018,0.25532532,0.54780483,Xexl4Tq8wBs
0.18769549,0.4415721,0.15001574,0.36698428,0.38457915,0.07080532,0.017297093,0.60105294,6oEtF8FdqpA
0.118291005,0.36929086,0.355017,0.21616505,0.32921398,0.056310084,0.5680319,0.45888597,brBYzbZiImc
0.16771095,0.30650294,0.12309273,0.17562607,0.40741947,0.050486803,0.22772315,0.24076684,GJEqIZbv87Y
0.14940222,0.3135333,0.043031808,0.25879356,0.34960416,0.053032774,0.24435207,0.29726976,sWKEBAXd-Lw
0.2596913,0.6869053,0.39108577,0.41287386,0.6058253,0.073560804,0.0748186,0.60684144,y8MBhYsGu4c
0.13586448,0.18831313,0.3123962,0.26083955,0.2832608,0.07584771,0.29268324,0.48733023,CLiU-VjGsvs
0.2255993,0.58227974,0.17957193,0.15913425,0.46287423,0.07141216,0.18469352,0.30379587,xTLUYda-0O8
0.13960777,0.31435245,0.16965903,0.2118713,0.36761948,0.04849611,0.3968556,0.27199644,LHBvK-MiHyY
0.22706915,0.39667422,0.20449556,0.36471373,0.5098931,0.09506868,0.051582742,0.48247844,myCNIuPZ5y4
0.10607381,0.22367094,0.06412373,0.24551694,0.4327838,0.048920173,0.16716366,0.2811135,bZ-wCP4tjrg
0.12409945,0.22670841,0.21109697,0.26898012,0.26427898,0.05652161,0.45510042,0.42037803,qWBfKb3u0OI
0.20814559,0.5886342,0.4151741,0.21221367,0.6356477,0.02798237,0.3575772,0.50259745,xvzz1IxUaNg
0.15168785,0.31399512,0.059728492,0.22950618,0.20752665,0.05980688,0.18663915,0.35046622,A1AUdaH-EPM
0.09921484,0.19333199,0.08367105,0.19639333,0.29897955,0.034742706,0.3331278,0.23632127,Sx0xnbPGkDk
0.69309914,0.38939402,0.45964533,0.6580235,0.42892948,0.92006356,0.27454972,0.44887912,edSag1DjlCI
0.13555834,0.29038456,0.12760067,0.2682414,0.3253153,0.11623926,0.1951938,0.3355997,akDH-Wpj-iw
0.0832713,0.14932376,0.0070804367,0.26021215,0.19233744,0.06028145,0.10108337,0.120310865,plM5Hp5uyLs
0.13742335,0.2545458,0.09118898,0.17159785,0.2888668,0.053485837,0.29099455,0.2647441,u-RNJBIDCLU
0.1720504,0.389757,0.124380715,0.3162394,0.2582403,0.2220361,0.32061076,0.35767668,7KPK5sMar5w
0.071636364,0.17701866,0.31089294,0.20860489,0.3292372,0.044430938,0.19240408,0.17923811,kYDF2AIXdfc
0.28682986,0.29770806,0.12888865,0.34171718,0.30851313,0.15411519,0.13273923,0.5009736,irqcnMk4flE
0.11089059,0.19983679,0.10956893,0.23784828,0.45757377,0.029590847,0.17859879,0.4289353,0bACSPzN1xY
0.17039971,0.32042196,0.08635602,0.19425385,0.37415344,0.07380994,0.19495614,0.28340873,o_NbDdBq0pU
0.1347792,0.2956211,0.02809576,0.19862656,0.4103047,0.04435181,0.2661956,0.2048749,PbViVDGsDLU
0.11959546,0.20227942,0.19141254,0.23377895,0.16105701,0.13141157,0.3979943,0.29703346,fJ9X5DSnVms
0.079799235,0.19694969,0.13017663,0.19053966,0.4316548,0.027470328,0.14167936,0.13560604,ouQHa-o5J-w
0.112646684,0.31204426,0.12888865,0.38578153,0.35484886,0.05394895,0.10524641,0.5058824,Thv5bNNNRzU
0.23231225,0.4562211,0.26817688,0.15250205,0.36212248,0.06618613,0.25920665,0.174,A9SXSgXRHYo
0.2662719,0.3979689,0.3411882,0.22903767,0.45485908,0.08305554,0.26637596,0.41982612,wmAOe_klMKY
0.2095926,0.294885,0.263611,0.27191678,0.30347243,0.11319591,0.29254785,0.4736488,4ALy6I1J1uo
0.21953593,0.3059065,0.24991328,0.20039447,0.45588836,0.07849009,0.33522746,0.4506036,Fi1PmtREPZ4
0.09508346,0.21763028,0.15859914,0.19899595,0.34570158,0.032823145,0.42040437,0.30042934,lzK7dqdH3PQ
0.20441562,0.5280101,0.037194733,0.26327518,0.29150063,0.13404171,0.17177136,0.24898559,iZ_CgE75HuM
0.086419076,0.39230606,0.29855597,0.17574434,0.23129389,0.019609518,0.61966765,0.28902134,SoWSuxBy6oo
0.22507069,0.5662799,0.44129625,0.38389274,0.70199466,0.05100968,0.2656236,0.4667508,UcqBgXCxddE
0.04350087,0.10960502,0.056931525,0.21256395,0.1339748,0.041327048,0.13229693,0.21617801,8BIcAZxFfrc
0.017299257,0.020009432,0.05413456,0.43511063,0.056397136,0.07998205,0.2748589,0.12188349,xQc5Feyl2GE
0.13623671,0.40439975,0.15626417,0.12633759,0.26131886,0.027213471,0.2733255,0.14190288,z-UJW2BZY0U
0.06590383,0.16821778,0.13082063,0.25432962,0.23256266,0.061400414,0.24534135,0.32212335,Jk-FtgGV8I8
0.2619295,0.6350989,0.2022951,0.6295761,0.4411105,0.3012842,0.36321703,0.51204246,NwEH9Ui4HV8
0.2033131,0.63237685,0.078108564,0.1792941,0.4981332,0.04538228,0.22740306,0.3379229,dUGU0pgYBSU
0.24640542,0.5364403,0.5024423,0.490074,0.660731,0.0527021,0.2943229,0.6020227,lXz9TpKGd5g
0.23151235,0.3084065,0.0669207,0.21577801,0.44867417,0.08078341,0.21182698,0.42131898,6BN1riwLjfY
0.062279437,0.15733543,0.08850401,0.299232,0.24283706,0.0645516,0.20195463,0.24868429,kJdy5K1DYYA
0.21203959,0.5801692,0.10699297,0.17026912,0.55534667,0.042890467,0.21333244,0.16083668,_MBiP3G2Pzc
0.12722826,0.25643548,0.020824814,0.22117336,0.38115996,0.05582318,0.36657843,0.24095322,SFzPzsxRKgI
0.097422384,0.40779683,0.15976663,0.31359625,0.4412909,0.044405542,0.21064346,0.31872636,n2dOGcQyH1E
0.1391477,0.14133787,0.23365098,0.29586726,0.37016326,0.0724369,0.38200632,0.12575947,OsDH0tChwFk
0.2987903,0.27643928,0.3123962,0.32811803,0.29891172,0.1453629,0.2702919,0.55128664,5_O8fDvUCTc
0.067194365,0.17318851,0.1668969,0.28749096,0.23180266,0.037954096,0.4629904,0.27078885,873cZKQvlgA
0.090673015,0.18578267,0.10461388,0.27299803,0.22168483,0.05480106,0.26240095,0.31524438,04URF8dos-E
0.18889064,0.25349486,0.059728492,0.3815374,0.32862663,0.18776716,0.34930804,0.38571805,YUkrdZMKzAM
0.19799462,0.30337343,0.18450552,0.24079515,0.3996271,0.09911171,0.1902024,0.27780548,KhT0NxCayEg
0.15905465,0.6200612,0.44298556,0.28514004,0.5124493,0.068828315,0.4453114,0.20845291,FLBCqJh5R24
0.16685124,0.32896492,0.15217799,0.27985802,0.3382878,0.069967076,0.39168647,0.32106236,yVNpnKI9JTY
0.04119302,0.12562332,0.0224908,0.25050467,0.15814443,0.03925627,0.1945439,0.2098638,ueyHqgEuOJQ
0.15395811,0.29449362,0.08689302,0.20030469,0.28579688,0.08070011,0.20014706,0.2607703,3IOthQJwKzQ
0.1642825,0.29506344,0.24418297,0.28122547,0.32536846,0.07607679,0.2431277,0.38825953,XLIzifsRUjY
0.21435958,0.4754803,0.08170467,0.20830123,0.48599678,0.057262756,0.25662538,0.27026612,U_gw5i93T5I
0.14876479,0.28332356,0.08689302,0.20390831,0.24621817,0.089326955,0.13544571,0.20099552,DJJMbKOIQAk
0.09106501,0.26415128,0.11536485,0.36574984,0.25441495,0.07422851,0.43693808,0.2566975,uBWCY0yF_5g
0.2490425,0.45877904,0.15684792,0.19002938,0.3016097,0.07166754,0.43927172,0.57004637,WtgGzKRHT-Y
0.18384199,0.41358012,0.12631269,0.17973097,0.21780151,0.08931199,0.22789769,0.42518297,7bxEU5Jb9vI
0.2602997,0.52741796,0.42092466,0.30319765,0.58827555,0.040415987,0.01645742,0.24007308,MWePrOuSeSY
0.041947436,0.110211544,0.04406188,0.3175545,0.22865589,0.050481774,0.2447553,0.24324474,Gk9T7ngEijs
0.3131559,0.5437149,0.19634613,0.26180437,0.6127275,0.12656718,0.3706393,0.31414494,Jw92hIfj75A
0.18095672,0.39507142,0.12824467,0.2651829,0.450399,0.07322366,0.19434902,0.333471,1Y6K8Q2QQS4
0.33191338,0.41903794,0.00068548345,0.46484444,0.44404486,0.26263803,0.1856723,0.5306954,9vLgVubjWVs
0.11479015,0.34991407,0.39694545,0.40226457,0.30096373,0.08330163,0.44615215,0.5011637,5lXbpgU9OWk
0.13078544,0.41624993,0.38567963,0.4190296,0.28261667,0.065758094,0.37251055,0.4955816,DAPkOxRnh4c
0.215388,0.31498295,0.17518331,0.3776711,0.22115076,0.12595357,0.51042104,0.6392727,jQ95xlZeHo8
0.1367913,0.49158227,0.1580154,0.27960086,0.43609717,0.066772565,0.45111254,0.26121613,OEDhfj71L-Q
0.19729915,0.31139258,0.17587385,0.19386181,0.374006,0.06430928,0.17240731,0.25191766,XaK8b87myKg
0.0978836,0.17082456,0.012217224,0.19287758,0.24309413,0.033577137,0.3738334,0.32125258,uiLJxg72ljQ
0.32227826,0.6080559,0.3897107,0.36386454,0.58413315,0.11674431,0.18081744,0.7637085,so2iVd7FxXY
0.23801906,0.5684842,0.44509158,0.29398355,0.56971097,0.07775532,0.19142735,0.55817413,yYvyZIGH04k
0.20297565,0.35675552,0.13745339,0.1797686,0.34137198,0.07477258,0.23556167,0.29778355,2wCsr5aK0_w
0.24814007,0.5398545,0.19789414,0.33624232,0.56133103,0.090935804,0.21303953,0.56417,AMssGwFLgro
0.20494194,0.5064065,0.25676212,0.16482933,0.34853116,0.059971165,0.2898384,0.32791832,YnAUy4BM0w8
0.117446445,0.2193445,0.14687516,0.19607532,0.1007632,0.09910792,0.23343742,0.3165507,fu09PRd_j-I
0.25306383,0.58548355,0.31725118,0.5275932,0.5409278,0.12617046,0.49810803,0.7134567,TqEZQxP1azM
0.14969411,0.19956417,0.07091636,0.28882772,0.14543425,0.11487089,0.16511525,0.48570934,Dc5Czy6mGEw
0.09267867,0.29669514,0.19716066,0.17726493,0.5137042,0.038902394,0.17727096,0.24537589,4Cyaur7X-WI
0.100806914,0.25743404,0.12631269,0.1473879,0.24013358,0.03315435,0.35382494,0.08922544,tW1-h1ytJf4
0.2131437,0.23905903,0.09172598,0.35607737,0.39975804,0.15937217,0.111249134,0.4716213,vSLdzdwlb_I
0.17740421,0.18692607,0.0142302895,0.40261063,0.33628154,0.08096627,0.26184225,0.612173,sC9Iz_z7Dso
0.16346364,0.28790563,0.1008549,0.33898535,0.35705754,0.09616482,0.1388638,0.50103635,ZSHpFUxOgBI
0.08300741,0.29273313,0.040284947,0.21025649,0.3311391,0.038356666,0.28195515,0.16796137,dFe0g4BDtFY
0.15770324,0.49141413,0.4945446,0.19009364,0.36133245,0.048956256,0.3719192,0.1342299,VKWhjEZ4Bgc
0.11933724,0.24998912,0.026894007,0.24525951,0.34480757,0.048422042,0.24257527,0.2501597,qDXo83OtzgE
0.13018589,0.2507506,0.2297899,0.18594173,0.25215822,0.047354776,0.31575388,0.26237842,mX1F1jXbfUk
0.18300106,0.39684072,0.2889918,0.21013084,0.42722172,0.06677156,0.27323362,0.27299526,XUAsU_zQVMo
0.31217805,0.43664426,0.27194336,0.38213328,0.68785954,0.15390284,0.33117953,0.32508075,FpEfOkBaHlc
0.0133211445,0.032653086,0.13835071,0.20762688,0.025570624,0.043276224,0.272845,0.03582625,PaT__mzkHbA
0.14184333,0.26697406,0.15042676,0.24018165,0.2096841,0.09126039,0.36490473,0.29213238,8eoJTdXHPDY
0.1957718,0.23391053,0.15217799,0.2247813,0.34220156,0.07189538,0.48016807,0.41857347,i_j5jOadcVc
0.19119881,0.4056567,0.355017,0.26205236,0.45243096,0.077128105,0.37002307,0.10841996,OR36jrx_L44
0.082086325,0.22893411,0.0056574075,0.22836487,0.2531188,0.03455957,0.4406458,0.3524138,o8TpZk-ITiM
0.3662069,0.526765,0.46292964,0.22996297,0.66596556,0.103630446,0.45587593,0.568541,mx88khQVkGk
0.33439547,0.5782721,0.35870504,0.35768577,0.5237844,0.20729236,0.33918366,0.5067492,QX7shfjuBe8
0.13707845,0.55836976,0.10892494,0.27126732,0.44447452,0.049450394,0.4477403,0.17748807,62JUI-v7pIs
0.14873195,0.2150574,0.31389946,0.19885378,0.53687125,0.05357866,0.22717887,0.20625898,4KZWR_0Wyqg
0.34190634,0.48884323,0.22983712,0.19147578,0.51464725,0.09234092,0.5227079,0.22517958,XEDda93M_mg
0.05210364,0.19045784,0.009926494,0.2523582,0.22552782,0.028408347,0.29403645,0.40816078,5pu_D8YgE_g
0.12006586,0.19633229,0.008503466,0.37536496,0.27267617,0.1297371,0.23567478,0.30054796,haBENW96T5g
0.24058834,0.588808,0.44820568,0.41600546,0.45973113,0.12678686,0.28051683,0.57738775,lvkP45x4ElE
0.05583896,0.1253674,0.016521018,0.2608109,0.11450475,0.059713297,0.46315563,0.2791591,E28LfTbhEiA
0.15303364,0.417454,0.2712817,0.19020891,0.24408334,0.063955866,0.30170295,0.34591323,CMzXfOv5Io0
0.0038184868,0.001157773,0.0789077,0.43501103,0.005356755,0.12424924,0.43852094,0.026392104,J8X-SZfCWPw
0.19006912,0.50402045,0.12824467,0.16481636,0.25617802,0.08071426,0.28446075,0.49242094,iclWth_VvBs
0.16014475,0.52313954,0.17759849,0.13460566,0.32027718,0.01530806,0.40327868,0.17246765,sGXl7TR6BDE
0.11532891,0.294619,0.013813793,0.34827816,0.2947483,0.123200625,0.1850166,0.3643943,0H-6iIyQ9Bs
0.15280457,0.25576133,0.059328925,0.26029706,0.3126802,0.063294195,0.12944168,0.40117484,FU5nUEfCDdI
0.102791145,0.23415758,0.11407687,0.35272798,0.22617874,0.1313685,0.61044145,0.40163195,jskrIjwIxsk
0.11967865,0.423415,0.11729682,0.23775814,0.34427238,0.026548097,0.7357129,0.3806427,1pHD09XY5mM
0.111112826,0.2275998,0.40326482,0.21233216,0.4165881,0.039472297,0.3973427,0.14537644,pgxWbldQVkE
0.353257,0.7356706,0.1510105,0.45737675,0.57008356,0.21079952,0.60739833,0.5517717,Iy3jYIqRIJg
0.2363289,0.29757434,0.229845,0.365791,0.47242615,0.15939249,0.45299453,0.31425408,T1HQKB2txgY
0.14213403,0.27797264,0.355017,0.25461775,0.18379608,0.11955045,0.2503909,0.21060091,p4e8hYQcyj8
0.2045855,0.2711076,0.026894007,0.353448,0.20657732,0.17136812,0.36103413,0.4434318,T9j6rQ4rtQY
0.21239167,0.2526616,0.046465382,0.31280476,0.24586795,0.13980415,0.634046,0.4239,qImjs_LS33M
0.06410626,0.1735579,0.1894391,0.19057155,0.2170379,0.033426207,0.13577005,0.04441877,oSU9570V5D4
0.19502345,0.39468172,0.19338597,0.2196916,0.41311395,0.05813412,0.2777172,0.35090697,cnWQWa7U29s
0.16529441,0.26832584,0.073313765,0.20894821,0.29400894,0.06422076,0.3243172,0.36843002,VweAtdc3dyM
0.4991083,0.38830763,0.4292556,0.43462208,0.4237772,0.60635954,0.34000295,0.40703705,DFRA3vX2Eh0
0.1483446,0.58205086,0.11407687,0.23216525,0.28059816,0.092634596,0.42425692,0.2799863,8wBwBY28wBQ
0.14894646,0.41146284,0.22422299,0.33369607,0.28121135,0.120326124,0.18276033,0.5126911,q8hrFwfhwNw
0.20259388,0.27891225,0.39108577,0.43167692,0.2608043,0.22844347,0.5527507,0.2633473,wtrI_i0ba_g
0.30781528,0.5792734,0.31089294,0.21993281,0.45479724,0.060865626,0.05595247,0.41884592,i3Vy2BPmMS4
0.19377962,0.3397889,0.37083253,0.40276387,0.24989277,0.16093656,0.43980026,0.46931705,zatA90699qs
0.12057138,0.23894736,0.28874767,0.16775621,0.105433255,0.06584358,0.30231237,0.0755783,wqSqdnOTvI8
0.15631522,0.4903902,0.06132676,0.20695682,0.29571524,0.029868383,0.14395508,0.5156303,4a8-uNbD_34
0.0706682,0.19810322,0.13146462,0.30807117,0.197946,0.08080677,0.3667306,0.33688608,n87yaF37QEc
0.04441472,0.14503568,0.011314815,0.26448572,0.14898524,0.049711976,0.09947369,0.18905759,4yAAOI6JUsM
0.2302003,0.68395096,0.06412373,0.3409661,0.49801028,0.08556498,0.5171796,0.2795632,lUv77d0estc
0.16670132,0.4833487,0.07131593,0.17237957,0.25994405,0.08871387,0.40455863,0.6411294,aoXRwT6DSHU
0.3136938,0.74445087,0.3552902,0.31277424,0.48615536,0.18773717,0.48718375,0.3874625,VJHa9xk16Hw
0.23162411,0.61072356,0.27194336,0.31092203,0.53804076,0.07671124,0.049574804,0.56069404,8AdjmyHM57U
0.19799598,0.58663887,0.31650472,0.3432943,0.5023581,0.14753647,0.47750315,0.26922816,ESWScbGOB4I
0.1640011,0.2613535,0.007774597,0.3324368,0.20565693,0.21059556,0.0987117,0.14330277,OtwOz1GVkDg
0.16430955,0.4153118,0.23452865,0.3575037,0.43043965,0.056433097,0.278187,0.36234707,kAtMKiqW1kM
0.08128844,0.13620014,0.07850813,0.4584845,0.07257316,0.078539774,0.2692975,0.23138553,NgfL5hziD3o
0.31522936,0.6997916,0.09279997,0.3217945,0.6387885,0.08745455,0.80836385,0.25105107,XsICy5_uAgs
0.0772886,0.4959025,0.089041,0.2820308,0.32747072,0.070085585,0.30442435,0.14715037,yKzWbDPisNk
0.041835282,0.028389633,0.02054715,0.30817637,0.017210241,0.13548262,0.07846791,0.060738917,ybPgmjTRvMo
0.19001544,0.24007294,0.20302857,0.27539128,0.27772695,0.119370714,0.082512714,0.4473141,RuV8AddbXIs
0.16672145,0.39128712,0.30187345,0.37092158,0.31615025,0.08923635,0.34559232,0.6496358,crHrXydfwb0
0.26887038,0.34372845,0.44428605,0.20111653,0.6260481,0.060555615,0.2645137,0.28117466,S0w6carvS8k
0.14057694,0.20334697,0.19862764,0.19267796,0.25361326,0.04371457,0.21519117,0.3331489,aM9bZqyeX8c
0.2017536,0.31436163,0.41523102,0.24307959,0.23729971,0.11541596,0.26828918,0.42555442,bgV26ol51UM
0.07730328,0.20653743,0.18549223,0.23566575,0.16267265,0.06759828,0.45090285,0.18003224,5aMfZp-SCtg
0.103750795,0.19526197,0.1334155,0.27275676,0.3369566,0.045213904,0.18760018,0.3342213,2Ux8a9-eV7M
0.21053696,0.68263525,0.15451296,0.26070324,0.47326756,0.052366663,0.2296446,0.43647367,-MUgIFZ4rc4
0.25860083,0.47384852,0.12051678,0.37405193,0.3913854,0.19995461,0.11541081,0.455275,E-FvExDAqh8
0.13802855,0.46721056,0.15451296,0.35051093,0.43625292,0.07225188,0.19770883,0.5130958,p4J59GY8DR4
0.20979732,0.58475196,0.31089294,0.33911785,0.36736318,0.069136254,0.01119879,0.31703514,6Lsv358dCrA
0.068877295,0.21614492,0.09602194,0.2531394,0.29861888,0.044897135,0.38499215,0.21505588,J4U7RqomKTQ
0.14964478,0.3952948,0.34388447,0.20505568,0.284995,0.096362226,0.51144004,0.13781343,eLlenCZMSTM
0.19267721,0.65387183,0.22978203,0.38489577,0.44852746,0.0639694,0.15031143,0.58995193,2jS07j4mL-0
0.2264115,0.58600754,0.5038962,0.38725686,0.4652216,0.10930382,0.21269858,0.54684734,XACZSy3lre4
0.31339347,0.41678342,0.2008281,0.3516623,0.48790655,0.17352585,0.17617275,0.44010043,ycCN3qTYVyo
0.31497976,0.8008965,0.45353866,0.24428831,0.70199466,0.07123001,0.6306598,0.5404277,lk4N7VlzzKE
0.20266736,0.3699016,0.35642847,0.3499364,0.45300603,0.107547134,0.42572114,0.44701624,uv2vqK8luyY
0.07044807,0.21607599,0.045778666,0.39808217,0.122734904,0.079060525,0.1864571,0.5505854,M8RVRIXQE6w
0.26491278,0.5001337,0.21980777,0.27569056,0.6356477,0.122270875,0.27744055,0.2691096,g2zA4yslXqc
0.28065997,0.3883222,0.35336453,0.20749734,0.51846683,0.06959789,0.49045527,0.32340717,RY6bDMO0IwA
0.24141648,0.50362813,0.355017,0.2989549,0.32344484,0.15735723,0.29775038,0.3876766,NqMcxk-DsQM
0.26309654,0.48789814,0.11600884,0.1635278,0.28693557,0.08960161,0.43698102,0.4009023,2FdFANMCu2o
0.14262268,0.40301374,0.28923595,0.44248414,0.27718252,0.08067296,0.3405094,0.5061599,AIXgLR4wFuU
0.1428541,0.2662081,0.047495455,0.301336,0.23400968,0.085538305,0.2559396,0.4287682,IzH8atgPQww
0.17341371,0.48871833,0.062925026,0.39510983,0.48058754,0.10344715,0.16314876,0.549638,KmDGvquzn2k
0.15006325,0.45336327,0.30337667,0.38948825,0.4514473,0.08918496,0.28551033,0.5964959,0ayzc6_DzI8
0.1750546,0.29025677,0.229845,0.23105982,0.30313915,0.06821509,0.47889432,0.4385525,k7q2A3ic0-w
0.20313162,0.40065277,0.23365098,0.20424868,0.44357273,0.06139152,0.30268085,0.35881427,ine7xIlLxgc
0.13052587,0.2232255,0.1668969,0.28530976,0.30374262,0.061622847,0.5680319,0.38369143,DO_sneeTZDQ
0.07341358,0.14313465,0.1710401,0.536007,0.17198202,0.14899789,0.27290192,0.18977699,Y2_wvlyEtPQ
0.1223654,0.2981381,0.14777246,0.1985498,0.39215642,0.045764424,0.25070378,0.18745328,y8btkdFFg8o
0.15323079,0.25576818,0.15001574,0.3222471,0.23250158,0.17789866,0.3094243,0.42166373,0ICfbbacQ_I
0.15388303,0.27112857,0.2712817,0.19382578,0.44473177,0.047135327,0.27842402,0.16624933,SJ93HTeKc98
0.35140637,0.67547417,0.2752517,0.4028866,0.6471574,0.13518196,0.2764387,0.67216957,6ko5gyFwtf8
0.14279571,0.40208063,0.34388447,0.2890637,0.30775043,0.094084926,0.5397736,0.25893146,furBVlWOfT8
0.081714265,0.047888044,0.008468757,0.613006,0.036184907,0.15555349,0.009870536,0.25102207,dKCdV20zLMs
0.2917788,0.4039263,0.3897107,0.24113949,0.48144746,0.08290801,0.3227296,0.41124728,O0vCz2KWMM0
0.16420412,0.31220815,0.263611,0.23804785,0.3102255,0.08042642,0.30547076,0.4490698,rr9Ct9ebCco
0.13182011,0.3121679,0.1530536,0.21640812,0.2905206,0.07397048,0.2626096,0.33844832,02Wex_dtFIs
0.31065822,0.42419675,0.28923595,0.39026472,0.23358312,0.18849753,0.43833822,0.5196618,gI7jAPLsUd0
0.20377886,0.37957647,0.20302857,0.1700506,0.45407405,0.04913369,0.2332786,0.25855765,6fy7gUIp8Ms
0.24239244,0.3439732,0.39230084,0.22548375,0.37882215,0.070997424,0.46324825,0.3295414,cXClmauUTTs
0.09684984,0.21864408,0.2712817,0.22973607,0.3163732,0.048186243,0.56881523,0.16784215,H0Eayro5LQk
0.14484657,0.29912376,0.08635602,0.23211189,0.34950638,0.06772993,0.19896822,0.20648183,SgqZY0JQgBU
0.09720781,0.2104755,0.07131593,0.18855634,0.24531478,0.035826225,0.27072704,0.29219234,0idZghw97dc
0.28796288,0.58523935,0.2224569,0.24491134,0.36146915,0.09468648,0.385882,0.7706593,Uu9nD8WQW1U
0.10334969,0.29530472,0.317855,0.44483772,0.3429059,0.069607794,0.1990067,0.5053714,k3_Gmyp3Mgo
0.20163539,0.6819918,0.10461388,0.35923377,0.3845138,0.10354839,0.24265198,0.2794281,i1mpKhJGq-k
0.13344537,0.30910566,0.17759849,0.3554447,0.42865995,0.093055665,0.34946787,0.4938949,Znxv2f1whtQ
0.3346409,0.5446111,0.49835235,0.36151782,0.51718146,0.13447164,0.048111133,0.82835287,yjbWcNxgu0I
0.14507593,0.48262933,0.21274342,0.27249718,0.27178743,0.049317375,0.25089952,0.50659025,irGubXIm_oA
0.20653827,0.31998402,0.2022951,0.2733802,0.3139763,0.1479187,0.15097216,0.28389996,Jjk4jcz8SWc
0.15261349,0.2511834,0.2936093,0.22841896,0.3581516,0.07001123,0.3306873,0.32343394,xKdetl6RDZ4
0.14958388,0.27487054,0.2712817,0.34401262,0.48506194,0.08869623,0.35512954,0.43681106,E-NJuzRTKxM
0.16684683,0.27547503,0.09763293,0.35347664,0.30984905,0.10831603,0.036737587,0.466338,0ng4ozbkEvs
0.13057841,0.41594726,0.26132804,0.2209151,0.23120883,0.041672453,0.13842621,0.16493025,JBAdOwLaAYQ
0.07548595,0.20833533,0.017492844,0.25936058,0.16120413,0.061823066,0.19594224,0.2804083,EaELY7m2yC8
0.22075641,0.31979564,0.4151741,0.20792991,0.4855683,0.077673346,0.26134035,0.20973746,of42ToCW39E
0.32315478,0.5788651,0.28021416,0.2868341,0.6356477,0.09511314,0.1816996,0.7037826,p9-l19CKISg
0.20807213,0.39758876,0.58919406,0.2587621,0.42891702,0.09976477,0.50640213,0.43884397,FD9tWRX0W70
0.1716549,0.54413605,0.3609816,0.4189117,0.44808516,0.06827482,0.10338395,0.62416244,62-VuV109n8
0.18957952,0.32624334,0.13082063,0.19829239,0.3034451,0.08072634,0.270105,0.3414628,UxD-mU4cz20
0.18680164,0.55561525,0.20742953,0.24166612,0.34240013,0.11150431,0.64898336,0.27767575,8dwAo2002NE
0.1612594,0.5042149,0.07571117,0.34203267,0.3699602,0.08615746,0.17899108,0.51005125,E2VCYmRpI0M
0.1667479,0.27545488,0.09333697,0.25317207,0.3184582,0.07881104,0.37459528,0.24899161,D4Hapmm9YiY
0.079078145,0.12645592,0.010551238,0.45814335,0.07572104,0.14870904,0.123498924,0.19146103,RbwRrVw-CRo
0.15723592,0.4770803,0.355017,0.34667665,0.37364665,0.095684946,0.23265707,0.23513553,f0ozTH5t-7o
0.18319269,0.5014239,0.37360558,0.16085221,0.3837877,0.05427304,0.75058323,0.45080662,7k2KLl0IL_k
0.26411802,0.38247547,0.1256687,0.5056197,0.46863815,0.24383777,0.07422479,0.33508986,71fnc1z1tQc
0.110107854,0.43318647,0.13296685,0.18908751,0.30067763,0.034426607,0.21873416,0.16097873,C2lalZCwStA
0.13238919,0.21062961,0.092262976,0.2635369,0.35027784,0.09710428,0.3822217,0.2224273,05oB57NggAg
0.2736668,0.39744264,0.27856,0.2733159,0.43644616,0.11019882,0.13376363,0.4140939,DQmhd_5gc2w
0.030920701,0.13813773,0.15188612,0.2820721,0.14926381,0.031317037,0.45015523,0.16923752,eE9V3JBGC2I
0.11373459,0.2262606,0.34388447,0.27047235,0.22447786,0.061304867,0.6484305,0.700012,cdZz8NNoKVg
0.21406487,0.58523935,0.24991328,0.43496418,0.40660903,0.12508842,0.19556493,0.7316121,D04wb7P_v-4
0.18127881,0.42603195,0.042001735,0.20588972,0.21350501,0.09720453,0.296337,0.49301115,aYo3KN8bIRM
0.17112266,0.28418902,0.24242763,0.18029031,0.2946636,0.07023307,0.34505957,0.25160182,kkZPbGXD66Y
0.13423537,0.19980472,0.07690986,0.3361076,0.29851335,0.090372175,0.27445295,0.2694202,yU7_P57hk24
0.07132594,0.24824418,0.1621016,0.2623583,0.12686817,0.05193328,0.2466937,0.15315405,QdaCGGx9etg
0.1729813,0.4055459,0.04165838,0.2606015,0.35961324,0.05835306,0.34125954,0.39929497,SxBj73fxl-8
0.2776839,0.6390387,0.20669603,0.3994228,0.44607103,0.24663231,0.6504148,0.51307464,w42C-sLReJc
0.09740528,0.19486868,0.2889918,0.24712479,0.20291987,0.05892294,0.36738306,0.29447785,9VoushTH20Q
0.3769392,0.38825962,0.14283726,0.33032846,0.453765,0.1550148,0.17735796,0.44065934,L-5SzOxOWpY
0.2307459,0.30498344,0.1580154,0.21465988,0.42865562,0.083651334,0.17809297,0.30454364,IFJmEqQ0LKA
0.11660944,0.24992976,0.07371333,0.2943833,0.328485,0.06935896,0.23017383,0.27124912,wc77MksM_2c
0.11366156,0.29099908,0.27359754,0.15946661,0.14937918,0.04007934,0.32795623,0.31462345,lix5QZhckPY
0.23495977,0.58523935,0.38965073,0.22791804,0.4640681,0.0624633,0.3989691,0.35723037,0oBrqnmJMuQ
0.17485707,0.25911105,0.09978092,0.25591722,0.27496493,0.089280255,0.72684544,0.25022024,hWxQULZxJao
0.0866454,0.20758167,0.046122026,0.24200916,0.2578488,0.047398653,0.38836432,0.19020604,wZNQkHSp7yY
0.16994892,0.6472451,0.19716066,0.2667448,0.44673315,0.24405964,0.17140722,0.11512151,0-YLP3CRiUM
0.20564914,0.57884395,0.37647265,0.23260556,0.3063238,0.08882395,0.44684094,0.49263513,Omu7Cg41vIE
0.32208076,0.58523935,0.35336453,0.19797724,0.37313813,0.09887522,0.43950972,0.76284546,QC-p6gLAXC8
0.16503885,0.39822632,0.42616197,0.30898786,0.29377508,0.086294055,0.7335939,0.50896513,8af0QPhJ22s
0.22254159,0.673267,0.15276173,0.35866386,0.39890096,0.14449878,0.19571672,0.54983515,oKKz_uOLMHo
0.304378,0.5446513,0.14911842,0.2544417,0.42400706,0.082397096,0.3933641,0.5671732,O3Vsg9lZtQk
0.23890112,0.6261339,0.44805592,0.20070273,0.3755862,0.046767216,0.64992625,0.65947974,_vQNvOO59mo
0.19043635,0.26470295,0.10763696,0.40467823,0.38176894,0.16230045,0.37175748,0.42880705,-gxE8eEA5bA
0.17533152,0.5919484,0.13251819,0.34835643,0.3524653,0.16786902,0.41936874,0.49081552,5wGac1WZREo
0.046134572,0.15434076,0.0471521,0.31297415,0.15695165,0.038517836,0.20025675,0.25819722,9xqT5gnwSw8
0.16727778,0.11526376,0.21627559,0.39322236,0.0926239,0.17999522,0.65042615,0.6403837,BGpqUsWIyHU
0.2089527,0.16937263,0.12180476,0.33291015,0.1672384,0.16270873,0.5792443,0.49215758,czTVM5cERFg
0.18064524,0.34256002,0.0072539765,0.36271393,0.3539986,0.07290839,0.45058182,0.5564097,cdXrvBVo1Vs
0.18709755,0.48608044,0.1884524,0.33975676,0.31721374,0.11285438,0.20218047,0.33661515,Az2RgDLsnKI
0.2336146,0.48412526,0.3123962,0.45253935,0.33546937,0.20999178,0.07290122,0.34567863,y3BH_xH5HRI
0.16275455,0.30002758,0.16965903,0.22179484,0.31432924,0.0790654,0.23177457,0.2565835,8chH5FWRTdo
0.25498438,0.39745897,0.6221407,0.34161246,0.3952824,0.14008477,0.18359981,0.44497228,yLBl3he3Nqg
0.1470255,0.20050295,0.06372416,0.3021696,0.26142576,0.16732273,0.37118584,0.3062547,GwTwcaBiKxA
0.033003595,0.029013906,0.078108564,0.26944658,0.033359073,0.08688745,0.095047876,0.09765897,aPknwW8mPAM
0.18925117,0.40268037,0.14373457,0.14800699,0.3222075,0.070126444,0.15643653,0.13721554,dW0HBaq1E7Y
0.25403842,0.46390626,0.02792408,0.417711,0.29947692,0.20044503,0.08709734,0.495712,gIo-_LNt_ww
0.14306295,0.25164232,0.32563272,0.26241174,0.30228856,0.09164569,0.17386506,0.22648212,SQskB6Vkdj4
0.2579676,0.6350989,0.19141254,0.163397,0.4314004,0.075933225,0.4377885,0.37433028,rIFvqRME0u0
0.2553226,0.42518556,0.29163063,0.358722,0.41425294,0.101279795,0.13376363,0.5041524,7OlxupcfD6E
0.27961132,0.15469263,0.2712817,0.4983479,0.2969359,0.22117753,0.15310547,0.2205069,JNjk8w8oRRQ
0.17414185,0.26271096,0.30337667,0.21353875,0.2612671,0.09568921,0.2927887,0.42761225,HWoLOw8Xzv4
0.17335916,0.115125075,0.0005943749,0.4364039,0.089952774,0.22532089,0.46662843,0.6196924,99bMGS8Xh58
0.14214091,0.18288878,0.080905534,0.25399774,0.11564608,0.121530615,0.45229292,0.1999789,qpIQwqA_3cY
0.17095362,0.27105832,0.068918526,0.24528277,0.32240003,0.064947784,0.25065944,0.34646717,ddDQfRjEgPY
0.19084202,0.41204688,0.46128514,0.20989132,0.4197246,0.044052713,0.6491886,0.32255232,j4PTf7LgsIE
0.16672999,0.2734042,0.13476147,0.20964351,0.3032902,0.070088685,0.2671104,0.23887007,Vjvu7GP5qbw
0.2257755,0.39047107,0.1510105,0.21378393,0.3661216,0.07121059,0.26309776,0.42128623,DgDR_gYk_a8
0.2414557,0.5106914,0.27856,0.21659087,0.4506474,0.04848086,0.43924806,0.5932195,8HEJKNnAFkg
0.1355631,0.34259626,0.1019289,0.3377455,0.4335961,0.077534184,0.30908456,0.27705592,ubR7VLw8gq0
0.5089849,0.75515395,0.3093897,0.6330916,0.71588284,0.28999844,0.18522319,0.7437807,XldzlvhsbFM
0.17074774,0.29396096,0.17759849,0.34665355,0.33711857,0.07031153,0.13943675,0.3750935,cBOSr7JK8OA
0.13607259,0.42224365,0.040628307,0.40484723,0.37275067,0.06344257,0.3689144,0.46881396,hPU7ind5xFw
0.14631356,0.29183257,0.22157386,0.16551478,0.33469838,0.047549523,0.34146053,0.24137095,5Va_XXoD5LE
0.11578714,0.18282317,0.031357653,0.37379265,0.17237344,0.18419898,0.19538927,0.23554762,8GT2B0RHjG0
0.23754281,0.20734514,0.2008281,0.39074057,0.25750273,0.18307751,0.2935244,0.40346006,FeGaffIJvHM
0.3100091,0.57420206,0.006525108,0.5020378,0.55714935,0.31974158,0.43421718,0.58045703,vG5mOYOIfng
0.11560549,0.21763822,0.21036349,0.43851727,0.22388692,0.17748952,0.18838303,0.23477438,QK8oIkG0p6o
0.051261384,0.12040517,0.11665283,0.18566252,0.056531474,0.054230936,0.25934115,0.101495236,kWRyfG-hMhc
0.107439436,0.40730795,0.004893831,0.33116966,0.20259342,0.060037874,0.26655155,0.4971725,zIiwnq3rgGs
0.024528412,0.054308783,0.037881445,0.25094324,0.052134212,0.026597762,0.2666072,0.057054646,5J3peD8LZ5o
0.08081861,0.17650414,0.032387726,0.38175273,0.28977373,0.0676865,0.2812738,0.26267385,TMaCC-pdpmE
0.23545477,0.2542659,0.082104236,0.5049747,0.30083075,0.14392689,0.6084539,0.46152267,TLlCCur_U_o
0.06827461,0.24598026,0.09172598,0.13112207,0.17741813,0.023189487,0.16766033,0.06962298,RpRhgfRfXBM
0.1211163,0.23627666,0.23891698,0.20334315,0.2422179,0.0527465,0.32637075,0.28307417,2NW2uvr2CU8
0.028981533,0.03335541,0.5363433,0.28424108,0.06308603,0.12579824,0.6490445,0.09290915,eNLLjrffE_s
0.22593872,0.4835885,0.0025683937,0.2153811,0.29228908,0.15663557,0.38680628,0.31916398,hJ-63patk2E
0.0801965,0.22363435,0.12824467,0.15477675,0.18577458,0.013398829,0.2471779,0.35472992,yER-PkymhIg
0.1433354,0.2675113,0.19535941,0.46368507,0.29510427,0.16016123,0.17870736,0.5270133,F3QxgFY-K8E
0.15049063,0.15012966,0.17380224,0.18820143,0.5074599,0.03407368,0.19917426,0.19852053,H8hHGIJKf3o
0.22204748,0.29231638,0.28996843,0.45980674,0.49262044,0.12692387,0.31187826,0.57736343,HqX4v_bgzpE
0.16084757,0.3574926,0.0066292323,0.18457781,0.24021997,0.06508875,0.17623657,0.11551548,Pe1-Ac0TOKg
0.19738229,0.25832212,0.20742953,0.27663666,0.4216274,0.07173112,0.29714242,0.2880573,UMtGBZnX2do
0.20723952,0.33252913,0.10956893,0.22761784,0.3224517,0.07653332,0.26160896,0.42255494,UhNrhr2J__g
0.07233313,0.26883757,0.25676212,0.21871148,0.25376272,0.052977037,0.3096981,0.117893144,Nxb4URRrVsU
0.160863,0.21205784,0.28021416,0.264862,0.44862062,0.06351267,0.27527592,0.27648047,D2gTkrAGCOc
0.09297548,0.5062575,0.54375964,0.23829097,0.47183555,0.03621091,0.70698655,0.12272725,-F_W_zl61bI
0.25531286,0.33204997,0.38874862,0.42150328,0.45492083,0.21143217,0.3707715,0.30429602,WufH7cBgW1E
0.12011484,0.47374701,0.2712817,0.32108596,0.31659898,0.04018759,0.22962947,0.34675556,138y6mtgll8
0.28017655,0.3213296,0.28825936,0.21482888,0.4179344,0.08377497,0.2751655,0.38308826,0AJxnc1QlIA
0.10592058,0.3862826,0.20816301,0.28327438,0.36511195,0.05252907,0.1691281,0.37259662,A_Q-8zxvTNk
0.20291959,0.4813879,0.0072192685,0.31198013,0.4377478,0.07987106,0.5715614,0.46597672,TwyMybGVF9M
0.19524868,0.39290565,0.2712817,0.17385204,0.35436654,0.06674771,0.69978034,0.28425127,18RlfyB-Uyg
0.17401543,0.32384455,0.2145095,0.32849702,0.24979787,0.14317057,0.17704874,0.535338,UCb7wq75uRk
0.23907067,0.38867262,0.28021416,0.2797123,0.41301042,0.083281666,0.13376363,0.4299025,HaMWFSp-oZM
0.0022726385,0.0016180073,0.03616466,0.16217846,0.0051886886,0.08315766,0.37971202,0.0018313983,F3uhVF78Bn4
0.11288336,0.2968881,0.17759849,0.35043493,0.3925684,0.10622402,0.34039235,0.29287755,VjebX4dPysA
0.20778136,0.28777716,0.2712817,0.207985,0.36572763,0.05944256,0.25291973,0.37447783,ZeQxSdEpi7Y
0.07099414,0.19943312,0.17661177,0.22844075,0.19926555,0.04851272,0.37707168,0.26579106,3TWNgMJ9qYU
0.33790416,0.56726766,0.17034957,0.3253862,0.5674391,0.1708274,0.2511007,0.27630112,3iMmmT8qT9k
0.16170672,0.3251573,0.09978092,0.3186872,0.31710342,0.12465909,0.27029124,0.30740806,iNA0P3BILwo
0.38097718,0.5510209,0.49835235,0.56713295,0.5337774,0.20710939,0.05656671,0.65105784,640j3kqfxY4
0.10400751,0.31169784,0.16827796,0.18104276,0.2584761,0.07056721,0.14687864,0.1019465,1Kl-RKApOv4
0.14921202,0.12421442,0.14014533,0.43036345,0.15148772,0.1518509,0.081286356,0.24211942,8UF8jxWItxw
0.2023315,0.38376644,0.2752517,0.28337568,0.25619704,0.15505414,0.13889973,0.65636164,ib56g2DsX-s
0.112828255,0.25267,0.46128514,0.36150873,0.536962,0.042623337,0.002609128,0.25897318,_E-gBjyhenk
0.22848509,0.5986795,0.34388447,0.17768611,0.36423522,0.08660808,0.39407948,0.35091314,uhIXJBvUvy8
0.10743038,0.29825306,0.14193995,0.3078268,0.34377304,0.058403056,0.26983005,0.34475824,1sdAqOhC5MQ
0.18001205,0.29384324,0.2965773,0.16275355,0.25329372,0.072009526,0.3483419,0.10762316,R7Z5GJFXMHc
0.17724729,0.4278916,0.15217799,0.3245411,0.33541945,0.1075184,0.62645763,0.5331455,8S3qOg-a4x0
0.29852527,0.38957295,0.043718524,0.28563124,0.40748855,0.10354596,0.13587388,0.4608403,eebGesUCRRQ
0.14328943,0.29777488,0.024318827,0.26697674,0.3110388,0.0864201,0.28019747,0.49288335,d0D6vvanlns
0.18066494,0.31331983,0.12888865,0.20253508,0.33466458,0.063534155,0.27782336,0.3155753,9rJbmCvI19I
0.072861336,0.22132833,0.0495556,0.18436082,0.21956491,0.033408083,0.2888081,0.36917436,ce-6GcSahOw
0.09889992,0.09855718,0.043375164,0.72242576,0.055809334,0.11162121,0.44642293,0.38532257,86TrUPszc9Y
0.1861662,0.48603952,0.22988434,0.15319583,0.26284608,0.117598824,0.43917468,0.29951262,0PS9lnb8HzQ
0.28809,0.45490238,0.16965903,0.32843053,0.4838589,0.13900001,0.055435497,0.7540371,9wDDoETcHGw
0.19228105,0.40068406,0.42631236,0.27184352,0.3555215,0.14595114,0.2071112,0.3450189,nZiZTS9K__w
0.14245476,0.24446666,0.040284947,0.2746588,0.33755818,0.11460756,0.18065418,0.2539842,fgpnxA5dHmU
0.11023964,0.23963204,0.34388447,0.24611068,0.29726896,0.06302464,0.27313438,0.2720094,4F4IJJdV_g8
0.27597192,0.38911268,0.13745339,0.21721816,0.42669255,0.07870215,0.16490957,0.3881988,aaCzXN8-wvk
0.14641441,0.21998626,0.15626417,0.24219334,0.22694342,0.06870749,0.1293284,0.38009036,DlnYANIVslc
0.24661124,0.53246456,0.21539254,0.3599977,0.4417569,0.14265381,0.46788454,0.4693349,uTopu7rOA4A
0.33013585,0.19674854,0.5958905,0.49823824,0.29761338,0.21397932,0.7279288,0.38548994,le-3I0iGluY
0.783563,0.3062501,0.36667302,0.29920483,0.62544143,0.18120961,0.30307463,0.3349593,98W1w_Uni-8
0.077061795,0.22425741,0.016798683,0.2734879,0.1677587,0.06492471,0.17835046,0.29096192,VnsU0RxMLq8
0.31206208,0.61108893,0.36553472,0.3490966,0.44728413,0.18905953,0.43715334,0.66450953,3FVLH_wqK-w
0.1400571,0.36518916,0.19535941,0.18991826,0.35708672,0.043892443,0.26119378,0.096399605,pftGP1FqUgI
0.3070481,0.28438747,0.16620636,0.67791384,0.35035002,0.49369505,0.5680319,0.6251004,A0ohWBZVmsI
0.04374229,0.09218049,0.31629145,0.55640996,0.07479433,0.24241132,0.75058323,0.057386458,WeR1sJfNIF0
0.1793456,0.31269085,0.20816301,0.19397727,0.33782548,0.053144697,0.1972391,0.31135637,Gdl5vyY_F-8
0.24456291,0.43552694,0.025005542,0.22847675,0.33483276,0.09451987,0.12831105,0.3260697,qKo2DoDTcnk
0.17676032,0.26640588,0.44805592,0.2751278,0.734651,0.046573997,0.38034445,0.13903148,8x3g5MCk1MM
0.14980048,0.1877501,0.30187345,0.55001,0.3566549,0.2981154,0.29628104,0.2644167,hu031z6CXWo
0.19494289,0.5862647,0.24769363,0.2771827,0.44627473,0.071624555,0.4482233,0.3504117,23n8ToBS9tg
0.21165912,0.45829937,0.15976663,0.33559462,0.5663792,0.058874678,0.42099488,0.44711906,cWOwNP9vC6k
0.20650046,0.40330294,0.052136723,0.1965017,0.4637253,0.047765184,0.2625621,0.32185334,Jihy-D41Ljg
0.24162284,0.41076553,0.0813051,0.405323,0.49798095,0.14955266,0.17634955,0.39215803,6X1tazHzhFg
0.15955985,0.15292044,0.13835071,0.46451592,0.18192984,0.15603752,0.044536475,0.27077597,G_exA1YiFLg
0.19862716,0.30814105,0.3411882,0.19787838,0.4560026,0.058518294,0.4462276,0.23210764,Rwkg90SkpUU
0.08762021,0.5270126,0.04234509,0.3085023,0.35055077,0.100612864,0.31622362,0.15007722,tAI-pRJRI6s
0.067710854,0.19039941,0.05773066,0.2529101,0.16449784,0.054166153,0.1821323,0.25438344,aNd0G905-Y8
0.22663794,0.39080915,0.06252546,0.3483805,0.4000166,0.10080583,0.46710467,0.35690174,Q6G-OpGgo3c
0.119580515,0.22882268,0.08501353,0.273768,0.21790576,0.07228214,0.31235212,0.504262,NlNTIT27Ua4
0.083378874,0.21591507,0.055732824,0.25468653,0.17553626,0.06747199,0.095322765,0.24733049,4lAFi0BacVQ
0.22952807,0.17093068,0.14193995,0.42380577,0.24312477,0.20205669,0.3761062,0.54185593,7kIw9vxpBz4
0.28091887,0.31239924,0.12051678,0.35353127,0.2927011,0.17780352,0.26893076,0.43922734,hMhJhRLsl34
0.11883193,0.19006865,0.4254099,0.35362813,0.34259692,0.08151328,0.41562536,0.26079327,sovrWWV2DWI
0.30311015,0.32034793,0.6809553,0.2853346,0.9208479,0.042298507,0.75058323,0.26892376,pjqbYZBxoLs
0.15045725,0.31405085,0.2712817,0.16878158,0.3001396,0.054776378,0.18748634,0.26175,fZ7wn2nDL28
0.2900847,0.41733274,0.27194336,0.29703403,0.43827134,0.10955422,0.13376363,0.5045423,ZbF7tr7joAo
0.09714072,0.21893652,0.043718524,0.34441718,0.1894701,0.111843504,0.19071689,0.3467325,PtfJy-owIrs
0.10510999,0.28332198,0.27856,0.25383347,0.29446387,0.08356497,0.3404109,0.15395965,RrSID8Af5Uc
0.34751138,0.47098985,0.6430099,0.3570494,0.56725705,0.21648665,0.62820154,0.4172608,jBAiQyBDz7g
0.088365294,0.43546534,0.000776592,0.27171662,0.5087926,0.02380305,0.651138,0.3283726,-dmfAwBunxQ
0.15157098,0.21988174,0.0027766419,0.24224982,0.40216106,0.08691782,0.26975256,0.1739659,TmHVaby_qg0
0.23113996,0.41526932,0.10515087,0.18932274,0.30717412,0.10633024,0.43510062,0.17292802,1bFng49QodE
0.067710854,0.19039941,0.05773066,0.2529101,0.16449784,0.054166153,0.1821323,0.25438344,se1SIDcjtBg
0.06077861,0.13020448,0.24991328,0.34786284,0.32618564,0.053867128,0.35758555,0.12878089,vT5IiMnRBy0
0.09473247,0.19471227,0.15130237,0.20355536,0.3046094,0.036707386,0.13306053,0.21620294,gJfijwGvbBk
0.19316152,0.41753426,0.00860759,0.3104652,0.46473247,0.09693932,0.2302899,0.31455427,JBfPxz3yiPE
0.19357663,0.3843247,0.13082063,0.3247356,0.22532257,0.12115408,0.07027685,0.57221055,2ef2r2sUn7U
0.24007666,0.27897975,0.070516795,0.33694547,0.27754226,0.11073869,0.14130592,0.65447164,gVGZWTxA52U
0.43479055,0.58523935,0.355017,0.34398645,0.68785954,0.19743998,0.43982166,0.35019198,1ys8yK0nA9U
0.13141671,0.39062443,0.43622825,0.3886426,0.45096084,0.06264829,0.18854131,0.5665135,vC-nwNt4zWs
0.3123056,0.29664046,0.2712817,0.316593,0.30778426,0.14198014,0.1364865,0.5363014,ckKJVYhpS6Y
0.37005585,0.58523935,0.2712817,0.49187928,0.5256141,0.84063864,0.18962176,0.37408516,RXfDiWMcW0k
0.19787249,0.5205132,0.048868883,0.5126143,0.29891947,0.19797148,0.090532206,0.4064546,NbEJ0cqDwoM
0.24298677,0.74372095,0.2712817,0.34881687,0.4419146,0.24865016,0.43779886,0.3284154,JcVlkr72WIM
0.69309914,0.7784117,0.15188612,0.3820899,0.7567999,0.22780356,0.29174814,0.7385586,8lW1uyliMIU
0.2226837,0.5706619,0.15976663,0.30539155,0.39927876,0.12817954,0.26948592,0.21258475,YH47Ejv7r-8
0.15456751,0.3143458,0.060927194,0.20900115,0.2998084,0.08764042,0.26140696,0.32418916,mOtlF0ywH_s
0.07341358,0.14313456,0.1710401,0.5360072,0.17198186,0.14899784,0.27290192,0.18977691,XOC9S8Sgzpg
0.14754152,0.39200178,0.09279997,0.18566501,0.30125248,0.06762927,0.27916142,0.10647642,4jt5OSH3z00
0.14195591,0.30289513,0.13790205,0.25288025,0.42694417,0.098553084,0.63287294,0.41648448,ZKOATzSY_M8
0.23277865,0.30305147,0.28874767,0.20787314,0.36929023,0.06944689,0.28457704,0.3454639,BCaq5gcGA1E
0.18226124,0.3146732,0.17759849,0.2714668,0.4314038,0.091764115,0.25539976,0.22158866,vOzaxQ6yz38
0.15900682,0.4156228,0.19239926,0.20672257,0.2849142,0.057462513,0.62849164,0.60199875,QlyblHe1Ddk
0.14316796,0.33878466,0.06012806,0.2822701,0.23836204,0.089688264,0.17636716,0.5489487,48qPi66aF_Q
0.22740184,0.7013417,0.37360558,0.17672326,0.35430261,0.066703096,0.1575537,0.2171155,N3sQBZ8aVUE
0.18843374,0.33812988,0.0073581007,0.4371975,0.34294745,0.2998042,0.15289186,0.28004605,F2FfF0t11HY
0.13439198,0.4277573,0.20596254,0.36559388,0.56681037,0.051226944,0.23626453,0.38359025,SqHXOkplMtA
0.43326792,0.691746,0.3955794,0.40220803,0.71144396,0.12813275,0.17929941,0.55042386,jpJDLzWlpDA
0.080894515,0.06089477,0.038911518,0.20444609,0.08247953,0.07051351,0.105738536,0.10520366,CJtR29_Ba8o
0.36720985,0.6560423,0.355017,0.33672306,0.6356477,0.12507531,0.15570988,0.7191397,Wi1U3nWPLnI
0.30688873,0.67050374,0.22990796,0.3542866,0.56289,0.08735717,0.43999362,0.5462934,qxsEguPF_V4
0.293571,0.41320238,0.25676212,0.41500434,0.5671108,0.16635267,0.26359266,0.7042155,D__dvj1UzHs
0.20678806,0.41173276,0.055333257,0.20222571,0.34790063,0.05780827,0.16087012,0.31221694,bf-N621L8GI
0.14927736,0.3806462,0.1473238,0.21826984,0.29831624,0.09574045,0.50624377,0.272462,5ODKcYg5v5I
0.43796372,0.48987082,0.01263372,0.42768475,0.45094973,0.22641751,0.6469306,0.5757025,JrNVXDdFchU
0.14668685,0.28732446,0.22980565,0.2658285,0.5637835,0.04347634,0.26705703,0.32400885,ykPloehd0XQ
0.15971832,0.19661427,0.1530536,0.29198754,0.3084352,0.10877939,0.24588479,0.41190505,oSAtTpgn5YE
0.117625505,0.20762713,0.0021085124,0.29816967,0.3105028,0.07302271,0.012636806,0.34245935,nCTgJAsNGyU
0.31022635,0.60605764,0.43275943,0.3478487,0.56926465,0.13974884,0.41821685,0.5882381,g3PLKLyIbHM
0.2585545,0.69630104,0.34388447,0.14346226,0.49442595,0.058334533,0.3108723,0.3540383,i_Q1EGHREqw
0.28823987,0.30147228,0.15568043,0.37100154,0.35481426,0.14531483,0.14274412,0.33783436,joZzOgUl3UU
0.19116157,0.49236947,0.047495455,0.20124105,0.46742335,0.05602424,0.29463848,0.37428686,Keb0uTxVXbw
0.22555216,0.58523935,0.2712817,0.42398337,0.51058006,0.1506712,0.73859537,0.5824683,KkTiPqBSJKs
0.2376941,0.45126852,0.0023774996,0.39135426,0.449507,0.16641106,0.3698034,0.57111466,UFXZijapf70
0.24055623,0.39154327,0.24418297,0.3752912,0.325052,0.13548471,0.29378483,0.418458,EGhfAX7SdTs
0.21233413,0.473438,0.36944604,0.31076568,0.47167888,0.062105834,0.12062207,0.58736527,k6HCzGebPOk
0.092936076,0.2628004,0.25447917,0.15807295,0.15039407,0.038752798,0.3006471,0.07254183,UMtV90uzkEA
0.511363,0.7649161,0.39230084,0.51587975,0.6246238,0.33166364,0.47828996,0.8908898,qIJvedobutY
0.08864179,0.491277,0.03461955,0.2985337,0.30684444,0.101128176,0.2758917,0.14525278,BX4qebvkNq0
0.17627151,0.3903913,0.14193995,0.1688829,0.20108213,0.057255823,0.1640097,0.2227311,SUAPwkAIrJI
0.08873797,0.19367228,0.34388447,0.2915219,0.43489164,0.05004296,0.43852407,0.13218287,x6-ufcxnLLE
0.087949544,0.17621179,0.16827796,0.1617285,0.18413651,0.037539795,0.1997628,0.16209292,rAgcR8KqPVI
0.13562986,0.2948325,0.05373499,0.26954836,0.36595738,0.05934301,0.62576646,0.2912272,nn2miNUEtDM
0.13371775,0.31560984,0.0753116,0.25110468,0.46264076,0.05188365,0.2511343,0.12309641,eIKammWFzmU
0.15873748,0.25002706,0.14014533,0.27474695,0.25283366,0.11019841,0.33228657,0.45989814,yU2paLv1MGE
0.20832574,0.59081495,0.50221276,0.22065377,0.37157646,0.08378557,0.2615529,0.43883696,fKum4JmG-ew
0.13719203,0.27432537,0.27194336,0.48984003,0.29562598,0.12429319,0.45246014,0.49231145,rUeBvuVwcAE
0.23767652,0.52939874,0.28683078,0.2524151,0.33929905,0.07325314,0.27387565,0.5247299,1E8jK0s335g
0.10918435,0.19006447,0.30187345,0.3872981,0.29936606,0.1448976,0.36771578,0.16295733,3kBjwosvcf0
0.08649083,0.21474494,0.1580154,0.1755333,0.22822233,0.04931705,0.13749841,0.059734758,aEcFYoO8RWY
0.21845956,0.47756097,0.28683078,0.368094,0.33666435,0.16214173,0.32398808,0.6406313,CCIGZ01fVVQ
0.5705366,0.62917626,0.5026305,0.58986646,0.5617406,0.4329571,0.6504045,0.8427211,BRIqU44UFH0
0.17627151,0.3903913,0.14193995,0.16888294,0.2010821,0.057255793,0.16400972,0.222731,xihKqXFXejo
0.17072882,0.28859907,0.4151741,0.34985435,0.5651849,0.11353481,0.51975495,0.28934506,Aas0Zzyq49U
0.5982525,0.4017744,0.101391904,0.47463867,0.35338575,0.628074,0.09315323,0.49813664,JpqFQcV7Ot4
0.108364,0.17698061,0.040284947,0.25465372,0.22218321,0.060773946,0.10063726,0.26488245,1AmmO3D4pn0
0.1374337,0.37009767,0.0005813594,0.31575865,0.27297607,0.09089258,0.11439187,0.52809536,Px50E7lDYk4
0.39503887,0.65946084,0.42390585,0.43786514,0.63276035,0.28074244,0.5911313,0.29649293,_T-3mjJ4oV8
0.124831505,0.23270132,0.021657806,0.30236784,0.2919293,0.06147086,0.13532123,0.51484597,JhhOX73RinE
0.047572818,0.18819486,0.01721518,0.20551343,0.17585875,0.044487007,0.33359957,0.119405545,G_Md_mGRtZE
0.058086034,0.4573738,0.014993866,0.35147074,0.29922152,0.08576343,0.18556066,0.12441796,Bw-SQC5mFQc
0.23006848,0.28789914,0.1731117,0.23410694,0.25947917,0.12253121,0.30552417,0.4079864,jn8Tl2wfMuU
0.17742226,0.30218127,0.34388447,0.37006888,0.660731,0.11996077,0.23070456,0.22091913,T64bCTKX__Y
0.080593586,0.2911571,0.016451603,0.27949408,0.18944502,0.056062166,0.20153613,0.24837846,opBF1KiY2u0
0.079683036,0.17168795,0.29855597,0.20387907,0.22955003,0.044572018,0.27846503,0.15430015,MqFysr6evGk
0.35280633,0.5195541,0.39230084,0.34989014,0.68548244,0.104710676,0.21329603,0.53074867,6AfljXHFDyE
0.1925196,0.21172793,0.20522906,0.2660119,0.25253937,0.10310204,0.17796572,0.3594174,Jw2BdEz80Kc
0.13387035,0.2803447,0.20009461,0.19483767,0.38704813,0.04860768,0.23319447,0.30318987,jKIVHwOltzU
0.17256272,0.118384644,0.04406188,0.33967555,0.110976964,0.14455086,0.28913417,0.31836945,kQcoiz-Gebo
0.2747536,0.5568314,0.09548495,0.21415018,0.44770354,0.13433085,0.32998848,0.60628253,7hgAEi_olbc
0.22882953,0.6350989,0.355017,0.37530392,0.5235093,0.13926297,0.29550615,0.42375347,cnkIkIX7aJ4
0.16093914,0.29289612,0.06492286,0.20521574,0.26604044,0.07364394,0.2777272,0.5004278,bYerdP9hwl4
0.20155819,0.3003034,0.0801064,0.20588754,0.35329205,0.060184505,0.29178718,0.3406962,357vTq7Q2cg
0.2104225,0.31729627,0.42631236,0.16944982,0.42631388,0.062801234,0.22869533,0.2604948,UdZdbRhsF0U
0.2589155,0.39274082,0.019297661,0.31450167,0.26362377,0.1920008,0.28034288,0.18242376,6deIfFu2sHo
0.2988162,0.21869142,0.28923595,0.28618658,0.29011342,0.15512873,0.13925551,0.5257279,DULQWY3vOZQ
0.0952506,0.16532806,0.040284947,0.16038686,0.26714152,0.030983059,0.27040696,0.10653298,sdxdYaUfy1w
0.19420537,0.49166262,0.12631269,0.2544785,0.49377888,0.08142317,0.243713,0.37271076,I8sBr_FK0aE
0.08093164,0.23094797,0.009093502,0.26365075,0.17820485,0.06105987,0.12676209,0.29111052,jpOkV7GVrQU
0.17627151,0.3903913,0.14193995,0.1688829,0.20108213,0.057255823,0.1640097,0.2227311,ty_J5QZUMSQ
0.21138316,0.5408433,0.355017,0.33110923,0.4736874,0.07752954,0.19992186,0.57648665,6TR5coz1w4E
0.21563797,0.24505009,0.056931525,0.27160114,0.2645202,0.12624311,0.14624725,0.3323359,twxwfbsz6cQ
0.16464084,0.2891024,0.13745339,0.26574332,0.42412943,0.06439262,0.22883245,0.38738427,e7geFOG08ts
0.043984603,0.11562941,0.11665283,0.15717095,0.0713624,0.017943026,0.7382096,0.30244192,2cbRnY8jPeE
0.09831332,0.2324662,0.010412407,0.14756468,0.23046355,0.02817747,0.3334325,0.10528539,TGNCNPRV_mo
0.14921904,0.21551603,0.10763696,0.21766873,0.24499649,0.06407637,0.15302174,0.17644143,p8P8A3D9m-M
0.16981114,0.30988064,0.1884524,0.17210743,0.2921862,0.049999025,0.21661991,0.25162995,G2L0YIZr6t0
0.05496726,0.24169324,0.31671798,0.2402924,0.18198206,0.027730366,0.633322,0.33579925,ssgEW__HzJo
0.17998402,0.25322217,0.0765103,0.27657995,0.22587301,0.097055055,0.1700568,0.38190952,4r7DumA0tm8
0.109951615,0.17698456,0.16413476,0.18878628,0.1622289,0.053597003,0.23084065,0.2478315,kvwhSnupAdM
0.14440158,0.2854148,0.2406723,0.40045136,0.32840195,0.06997,0.28746527,0.29677427,0HJkTMMLli0
0.2509623,0.3832356,0.16151784,0.18120176,0.36253226,0.06545544,0.26021898,0.3065537,tX-tzNTyKpM
0.35573024,0.6350989,0.073313765,0.31571585,0.47834688,0.21220961,0.2774618,0.38450146,amzcpqCzqMw
0.240622,0.27497855,0.44670263,0.33764905,0.4414531,0.14224297,0.58162546,0.37263796,PGCCFHwn_6M
0.1552303,0.3098558,0.24769363,0.3111353,0.23436823,0.07550735,0.27622274,0.13826676,BfOgHHMPnsc
0.36911225,0.7345702,0.31682462,0.15706477,0.5392891,0.15772597,0.4409808,0.17814669,Xyk6knCN5Kw
0.22039674,0.29186377,0.0033319702,0.20916437,0.4331568,0.13238291,0.5680319,0.5224074,TPSeyAUfgEI
0.2509623,0.3832356,0.16151784,0.18120176,0.36253226,0.06545544,0.26021898,0.3065537,hgPxWRmiqAs
0.12341333,0.3685323,0.31650472,0.21150178,0.34657502,0.05196012,0.27285257,0.3094454,jKbBXmgcOZA
0.08772804,0.12619634,0.033074442,0.15155707,0.08417532,0.037189122,0.37398604,0.04834985,4-e1C6-jBqI
0.2509623,0.3832356,0.16151784,0.18120176,0.36253226,0.06545544,0.26021898,0.3065537,6mUPDesoOUo
0.2834649,0.37373397,0.29021257,0.20093659,0.5804664,0.09987723,0.71692306,0.46127692,iXYs1DITWkE
0.2837574,0.74211156,0.28996843,0.17018624,0.5338798,0.12303585,0.43982166,0.23558293,dbphkYycy1M
0.2625327,0.31810418,0.019019997,0.36989036,0.26340622,0.27637362,0.23961066,0.21205837,puJjbA2tmSI
0.2509623,0.3832356,0.16151784,0.18120176,0.36253226,0.06545544,0.26021898,0.3065537,8UlQw7L3l-k
0.49742106,0.6822207,0.040628307,0.25846645,0.5712506,0.15123576,0.10624325,0.25208488,M6TiAXgICbU
0.22734529,0.29767382,0.15918289,0.34163246,0.24175173,0.23966338,0.38264784,0.16970457,vLuTRR4OOmg
0.25277442,0.27953464,0.011523063,0.34784386,0.20481269,0.26903915,0.21221162,0.17718454,wUmpCERPB1I
0.5608616,0.53778803,0.048525527,0.5678627,0.36633727,0.7407407,0.2340722,0.36613306,jDSuu4gGDRs
0.25363755,0.3012369,0.01596569,0.3788068,0.24388446,0.28284407,0.25501895,0.21261457,A4Wtr24demQ
0.12561755,0.26879248,0.112144895,0.47928238,0.25608093,0.21626075,0.061347824,0.29063332,Ob9nfnr8AwA
0.13401093,0.3301562,0.11085691,0.22979833,0.1976499,0.06180826,0.13256483,0.15606411,B7mkLiN_kWg
