PERSPECTIVE_THREAT,PERSPECTIVE_SEXUALLY_EXPLICIT,PERSPECTIVE_IDENTITY_ATTACK,PERSPECTIVE_INSULT,PERSPECTIVE_TOXICITY,PERSPECTIVE_PROFANITY,PERSPECTIVE_INFLAMMATORY,PERSPECTIVE_FLIRTATION,video_id
0.055836387,0.04371738,0.03990294,0.030126272,0.024833864,0.032074414,0.14520264,0.1757932,SSo_EIwHSd4
0.3520332,0.07789986,0.05604215,0.042396728,0.031701013,0.06645989,0.041863866,0.3385231,yubzJw0uiE4
0.23805358,0.055930268,0.03640084,0.030346803,0.055732824,0.0474408,0.22171701,0.3034451,hYip_Vuv8J0
0.044063497,0.04447869,0.013199447,0.017361848,0.010134743,0.019741872,0.065978535,0.26162335,M576WGiDBdQ
0.13145909,0.12138738,0.094578356,0.18865015,0.09065199,0.11827445,0.16858925,0.40556678,KQ7rn3oi-Pc
0.05569033,0.052016273,0.020908415,0.022676185,0.0186035,0.032221645,0.06495127,0.22440492,qOVAbKKSH10
0.058943003,0.054555546,0.017042767,0.01670631,0.018187003,0.02358971,0.08493395,0.35408312,gyMwXuJrbJQ
0.049904555,0.04869019,0.03474412,0.02721837,0.040628307,0.038236536,0.089382894,0.19477612,kHybf1aC-jE
0.118244514,0.021455538,0.09592817,0.060647346,0.029640866,0.028789952,0.5680319,0.20959885,pSTNhBlfV_s
0.0998036,0.05478538,0.025654344,0.0308831,0.0056574075,0.027918153,0.22570443,0.3773041,EH6vE97qIP4
0.1327823,0.112860985,0.13629328,0.229948,0.030670939,0.18143278,0.0782082,0.39116433,3xGLc-zz9cA
0.052667245,0.04541803,0.038585242,0.04248202,0.017909339,0.04425815,0.084210716,0.19880614,2yJqjTiwpxM
0.06277679,0.054632545,0.038104918,0.02746616,0.018325835,0.041586597,0.06088451,0.18226767,QphJEO9ZX6s
0.041718446,0.036468055,0.019871682,0.013144583,0.0142302895,0.018352175,0.04340313,0.1927201,bBC-nXj3Ng4
0.14252882,0.068256035,0.14238259,0.23608683,0.14104263,0.10033655,0.1688978,0.34062672,V_SW9LjPUC0
0.36300403,0.14038919,0.14266182,0.093398444,0.017076347,0.1495247,0.09892068,0.33518702,3DTa7J6Oads
0.11520381,0.09797931,0.045515075,0.025745556,0.078108564,0.05620397,0.12050989,0.39307243,YrHCD7nx29o
0.095183425,0.030466372,0.04920556,0.039676584,0.04818217,0.029885553,0.27774572,0.220409,Pl8OlkkwRpc
0.15643282,0.12635659,0.04266788,0.030482676,0.031357653,0.092775084,0.052027285,0.27229536,w7HDA8gUbpQ
0.091654316,0.04507215,0.022978561,0.024845032,0.017423427,0.03565254,0.13896962,0.23095702,8Ee_OhLKv6E
0.06695198,0.060373086,0.040380158,0.032103874,0.014993866,0.048166808,0.08807678,0.18129934,93E_GzvpMA0
0.17159729,0.058571097,0.080787964,0.05291925,0.055732824,0.046295214,0.1107201,0.2525327,r43LhSUUGTQ
0.27310944,0.12231542,0.07716179,0.049626887,0.029125832,0.075169735,0.09271818,0.45719847,GqWc-6ibbio
0.5302342,0.026683519,0.085239,0.083800234,0.054534122,0.047194015,0.20601115,0.3217157,RplnSVTzvnU
0.26646852,0.08273601,0.03645061,0.043116543,0.007878721,0.060842436,0.08138549,0.30235735,G7OWIorSgwU
0.18496217,0.07152815,0.026913859,0.022663461,0.09279997,0.03154692,0.11694156,0.35698214,NKgXEq2VKwY
0.081261314,0.029915629,0.035509434,0.02230729,0.019852988,0.027917856,0.17554413,0.15454756,VA-46Goc0e4
0.17299671,0.1342235,0.05274353,0.08391636,0.008364634,0.15961994,0.08790433,0.3346975,cshgMRGcc3s
0.13859545,0.16246396,0.09105178,0.04520387,0.02792408,0.064306214,0.046982244,0.39655545,_160oMzblY8
0.29777727,0.11810833,0.057505805,0.044298008,0.0063862763,0.08130635,0.0070233624,0.5108663,QCvL-DWcojc
0.35790458,0.03085194,0.04418733,0.051153217,0.08635602,0.041668087,0.08995856,0.34111854,JPGNvKy6DTA
0.1740299,0.05464892,0.08377707,0.08739152,0.023117077,0.05753041,0.12506177,0.21889903,qF7dkrce-mQ
0.17879085,0.047787763,0.05130471,0.060668588,0.1710401,0.050437644,0.14541137,0.3331976,GVN0Ddr3xig
0.29321936,0.04749696,0.077291034,0.028684808,0.031014297,0.036052644,0.022456592,0.33452433,k53LUZxUF50
0.16264337,0.11519807,0.037101407,0.028857432,0.019297661,0.09749207,0.0783942,0.32546535,zGDTt9Q3vyM
0.052820418,0.03446948,0.024500687,0.017728608,0.012703137,0.028404778,0.07005546,0.15870553,GgaUyrq8-gY
0.21062283,0.047289502,0.029294722,0.016853753,0.029640866,0.03615146,0.018116815,0.19620357,X06TQOOBrhM
0.2880421,0.034356076,0.0522611,0.043166474,0.02054715,0.040735893,0.0069593918,0.29733568,PKhAmNWME5M
0.2970439,0.16439769,0.2671074,0.47200453,0.02809576,0.39020053,0.07005546,0.28184924,euj4zcpdrWA
0.3781541,0.04051646,0.081676275,0.04303424,0.014716201,0.04635592,0.13533896,0.25358024,DA49Dh1-NPY
0.16942172,0.079843625,0.089051574,0.070884086,0.02262963,0.07172087,0.18844755,0.23749673,uGPC9wNTBbw
0.28749436,0.10610506,0.08674408,0.048416205,0.02792408,0.076797165,0.15053433,0.2405217,YJyXfjbBmc8
0.344382,0.15931669,0.121149115,0.106023714,0.0253489,0.14139576,0.053245425,0.42768976,5auv_xrvoJk
0.4446446,0.17747906,0.12842011,0.13410129,0.0021952824,0.14359802,0.0018903143,0.3767447,P6vYyqHG54Y
0.17797093,0.05098587,0.037467014,0.047034234,0.044405237,0.07323378,0.1247698,0.23156095,dn1QsirJ8gk
0.6119892,0.06207083,0.07687113,0.0810488,0.00042083478,0.093103014,0.17119141,0.37477955,jB2hbGb-0_s
0.26427457,0.19508936,0.1311951,0.06689603,0.033246122,0.1584732,0.12569031,0.28113917,tz6oNl8ojiA
0.13660613,0.050174113,0.023025176,0.015672224,0.012078391,0.024397222,0.5680319,0.32404843,hyje-Jy_-rU
0.0649755,0.04237107,0.032794196,0.015852578,0.028610796,0.02360424,0.32305592,0.16240805,OwnFf5oZil8
0.28253946,0.061145857,0.055635057,0.051030584,0.017145762,0.06992052,0.07004628,0.25245884,FDfqs4Bx-MM
0.10248115,0.058059298,0.051896382,0.044313118,0.0100653265,0.036069576,0.14947891,0.3509338,ipwxYa-F1uY
0.1546643,0.0589882,0.04078715,0.048140813,0.024490505,0.047429476,0.11945108,0.2932984,roO0tIpYk6Q
0.053635586,0.029863395,0.022214334,0.017899288,0.016798683,0.016210647,0.11841028,0.20273598,5x7OXCKKJiI
0.25702482,0.056835447,0.08140288,0.1461162,0.010204159,0.067573644,0.039329402,0.19180822,coQ5dg8wM2o
0.21996847,0.06285985,0.037559327,0.027950795,0.0112454,0.050042182,0.14409533,0.49605584,e0z3rVoIzb4
0.27329597,0.043851137,0.036974546,0.028986976,0.042001735,0.038460847,0.16776673,0.20366517,8o9QxMxhTp8
0.04634562,0.023094455,0.0458099,0.024853569,0.015826859,0.013894427,0.11277041,0.17952318,MKwa-BqnJDg
0.126938,0.051494736,0.054228142,0.024059692,0.021102477,0.038805302,0.068703555,0.21251081,e8NKbusx-Nc
0.052852966,0.035037193,0.030442681,0.019598858,0.09709594,0.022634272,0.061256405,0.19762702,MBCeuieZGwM
0.04962706,0.03362613,0.032450166,0.013004131,0.0253489,0.026122343,0.17885515,0.14983286,rO2LSBDekvE
0.18747064,0.054972276,0.13075407,0.045835465,0.028439116,0.040147435,0.1408143,0.28675142,sIxlWKGQKkQ
0.31753534,0.08990779,0.10996432,0.057644043,0.025520578,0.057974778,0.048256308,0.36131108,rWTwcySGvrE
0.051329404,0.066721715,0.038955186,0.019632785,0.026722329,0.030120898,0.13547729,0.23588648,2rgbOv_ab4c
0.07816783,0.03331719,0.029476998,0.022626745,0.014855034,0.02769319,0.10654291,0.20525198,AFdV530ZkWA
0.4507743,0.15075247,0.086014636,0.06571711,0.07850813,0.07424728,0.041262012,0.32340086,UqQMSVfugFA
0.12570651,0.09830381,0.13681002,0.3010573,0.105704986,0.16587003,0.105974324,0.33797768,Axtrr6RT7xo
0.23577721,0.12865137,0.07167529,0.074503504,0.028439116,0.09597732,0.07752427,0.3804831,A6WBZFs7fPA
0.24433489,0.16260159,0.12193337,0.12038301,0.104076885,0.15214732,0.17258275,0.31691593,Voc1kfo9vXc
0.38023123,0.07970188,0.09795928,0.07274904,4.4469652e-05,0.070575446,0.06841914,0.4662171,H-Z5ZYq6zio
0.3350823,0.08915091,0.088228844,0.03631296,0.0069416044,0.053697024,0.13312818,0.44063783,u5HgPV54z_I
0.36523724,0.06927883,0.13014114,0.10095753,0.021102477,0.09456416,0.1427349,0.23948249,Dh7OyB5lJ08
0.1307971,0.044477835,0.03958897,0.032289725,0.023632111,0.03708443,0.08365484,0.3279003,YpS0zoJ9wCU
0.01667544,0.010810084,0.008359057,0.0089455,0.009718247,0.0066887545,0.09333567,0.14622074,2iF73cybTBs
0.33996662,0.046633743,0.043896966,0.043661147,0.031014297,0.0437358,0.011484112,0.32401904,RT7x0lQvSLk
0.12428901,0.08289069,0.1376606,0.10519099,0.01999182,0.09840932,0.10060211,0.2051549,ZbHLNinXy9E
0.44610408,0.14634773,0.12204543,0.12714542,0.062125895,0.12781648,0.19096397,0.4058488,P2izCyFt_d0
0.27089188,0.044900034,0.033603583,0.022887336,0.04234509,0.03330628,0.20108001,0.19559212,3_CYeEL9hwI
0.06662144,0.03266186,0.02388835,0.03142761,0.18549223,0.025391081,0.13709895,0.2892733,sDNN0uH2Z3o
0.22607426,0.16257057,0.116876066,0.07972316,0.03856816,0.081012815,0.4017693,0.4587955,OFL2DsiU3uc
0.29795626,0.08582403,0.11696735,0.048429415,0.032731086,0.07594336,0.066657275,0.30424312,jMihd-gqb6I
0.070866294,0.035467643,0.06802791,0.04832771,0.018881164,0.029482814,0.067062534,0.2730773,vjwBfVRQPt4
0.39456332,0.090588726,0.14248852,0.17197953,0.025520578,0.11623884,0.049751524,0.3548487,My14yOFlbmk
0.21265897,0.1635902,0.114697665,0.07011548,0.011453647,0.09039287,0.022714071,0.35585183,0O2E9bCpKDk
0.33280239,0.10714295,0.1391879,0.15650614,0.089577995,0.14713876,0.102555774,0.33222786,WnEYakUxsHU
0.09223764,0.030811585,0.038022447,0.026241278,0.016590435,0.029552845,0.083057486,0.16428591,xy9yxeaFP74
0.04239584,0.02465842,0.015276095,0.01671675,0.018464668,0.013832316,0.087900706,0.21197745,0JuRzN6T70I
0.11814958,0.13930975,0.1353617,0.4432822,0.5535644,0.9066618,0.3925724,0.19384103,SMEOKDVXlUo
0.44378966,0.070488706,0.13358305,0.12953576,0.032731086,0.112588294,0.1492631,0.30323058,vPMDpb9ho4s
0.3987076,0.17300388,0.11609769,0.07703147,0.010759487,0.11704537,0.11832117,0.45034367,uULy2rc6YDc
0.23574267,0.053478647,0.03280376,0.0370658,0.01527153,0.029856348,0.19694567,0.32146084,Wn_Kb3MR_cU
0.17141698,0.09104099,0.06111902,0.039659735,0.13082063,0.058299307,0.08896673,0.25469413,rcNg9KsXuMc
0.10042137,0.058185756,0.04636993,0.03595479,0.014785618,0.040300593,0.034213327,0.32159826,PpC-B1ohVxQ
0.4453586,0.24538477,0.13800658,0.08820974,0.01999182,0.21080801,0.067634,0.38503584,dl8Hl91siM8
0.47570094,0.18050739,0.11363874,0.074967824,0.055333257,0.1590098,0.029472347,0.6433529,Xq0zpHPBq1Y
0.38999483,0.09709729,0.120237686,0.063728996,0.085282035,0.08462751,0.08806423,0.33559766,8AtGrwSN8Nc
0.25626794,0.31516626,0.16014928,0.14906426,0.1250247,0.21669796,0.26206607,0.41548684,G3psxs3gyf8
0.11101742,0.09630705,0.046538524,0.032717995,0.020408317,0.059851933,0.08662937,0.3850502,ZOlNtEmaiTs
0.07100854,0.12494776,0.08065318,0.06240097,0.012425472,0.07758176,0.042511262,0.35758197,RaQKTgGyyyo
0.06579144,0.053110205,0.059174996,0.05639195,0.02054715,0.05389342,0.11285606,0.23221628,OSkn5qZws3w
0.14665648,0.034946166,0.035874076,0.030915923,0.0224908,0.0176293,0.049886715,0.28943554,mr2l_QWebxY
0.25889894,0.1896991,0.14019558,0.06130083,0.025863936,0.10664819,0.09381851,0.32351914,6SGbc8eJzEY
0.06277679,0.054632567,0.038104918,0.02746616,0.018325835,0.041586615,0.06088447,0.18226771,4oB6BnYtxbk
0.607239,0.16143472,0.27674899,0.15506537,0.31389946,0.17554003,0.08947261,0.46535975,0uLFakqctJQ
0.3335577,0.04971944,0.06919326,0.046661116,0.039254878,0.052865677,0.15162502,0.24553408,TIDLH2ZOf54
0.34405884,0.13973796,0.05414798,0.061363097,0.017492844,0.07597942,0.28817347,0.5286408,XYOCK4uF7XA
0.06487729,0.08105182,0.12270948,0.06674788,0.02792408,0.092701554,0.1268466,0.22801545,csEgF-jLeB8
0.22529934,0.16425344,0.054938756,0.032980125,0.03856816,0.06258946,0.12945946,0.41497797,znwOhOtm6go
0.49744207,0.05590225,0.1641799,0.06825225,0.0063515683,0.055486448,0.03684719,0.32134894,o1ugNnMyeZc
0.46910235,0.09323498,0.28951067,0.14462775,0.1019289,0.15380028,0.039667405,0.3472023,YBHeDvgA0bQ
0.9137367,0.038263917,0.2508034,0.24745499,0.39206567,0.3095879,0.71251935,0.18417531,70m_s6ltfGU
0.12368782,0.076171815,0.07146376,0.061035544,0.030155903,0.04898246,0.10765475,0.31055817,thFp32bJBhI
0.2806968,0.16549182,0.11652175,0.09177936,0.013952625,0.14680955,0.09913549,0.36819652,KARxDX5DTgY
0.120210044,0.10188549,0.17756331,0.075037405,0.01721518,0.05689631,0.10305188,0.3323871,f-gvVi3JMlY
0.32972518,0.08342591,0.06755064,0.038825314,0.010204159,0.058954984,0.0031682567,0.36459956,HMdwbq1JJT0
0.18749371,0.038067415,0.034243695,0.025325269,0.021518974,0.03244088,0.48192263,0.20351858,v0V_zkng4go
0.09692247,0.09079896,0.04308863,0.04528966,0.00050109706,0.08005091,0.10174024,0.23401418,lKi8OtMb7yY
0.08626894,0.041091647,0.029443335,0.021512559,0.031701013,0.028265014,0.11925105,0.2377663,LpjEXnmB1zs
0.25689092,0.07444811,0.07761832,0.0350374,0.059728492,0.05143336,0.11857036,0.33274183,pJHC7Ruzg3w
0.36692694,0.11449894,0.09691957,0.059409812,0.0028807658,0.104272634,0.011240177,0.38963073,jKYhLpHJv8U
0.28845885,0.11901814,0.2236507,0.5546315,0.355017,0.24068113,0.44449228,0.37153447,M2FZ_xO9RwU
0.10762706,0.05100823,0.04264021,0.023846386,0.021102477,0.03151707,0.4752033,0.21230003,u-vrdPtZVXc
0.06085434,0.035585742,0.06372544,0.05564431,0.048868883,0.025862036,0.12508172,0.24590686,P95nMoz8dno
0.28147992,0.11152994,0.1099543,0.06434732,0.054534122,0.1126392,0.010693653,0.31010973,giv2f1FebFA
0.34255114,0.22351407,0.16312844,0.17714955,0.04131502,0.2625629,0.12734179,0.37499055,7ctdLdX6WCQ
0.2715569,0.095375925,0.12044157,0.043103103,2.0336733e-05,0.065034725,0.19713186,0.39048007,J8I6yFT_zB8
0.039732985,0.024295032,0.022759223,0.019037245,0.013258465,0.01634131,0.089237474,0.17118974,myLx6o5on70
0.15568572,0.19998848,0.09556093,0.1186018,0.0019870342,0.21187091,0.27335066,0.4229984,mKCcki6azHo
0.14174074,0.06529089,0.105652526,0.08378171,0.0066639404,0.05794923,0.43125713,0.27775016,ui3Dtn9tgJE
0.2104653,0.04333629,0.036976404,0.053728,0.024147147,0.036920518,0.0403302,0.27723557,0ITPtnSHK94
0.30525678,0.11613992,0.12179719,0.15991881,0.0014230289,0.164259,0.096172206,0.45859978,bN3seZiVJmk
0.13959211,0.024192762,0.026699342,0.03146538,0.08050597,0.020940922,0.24596936,0.26538786,OEJGQD1OuKA
0.24173346,0.13331738,0.118890025,0.0966323,0.021657806,0.12180997,0.05831573,0.3913526,IB47WJMwFfQ
0.3152596,0.10144944,0.13781367,0.08451609,0.05093802,0.09319449,0.14242838,0.2835531,w-NdQECb6sU
0.14219874,0.037730336,0.04079819,0.0725963,0.020824814,0.03572081,0.1321807,0.28038555,l7N1i3nmbAY
0.28169307,0.034533273,0.0489021,0.02909398,0.018048171,0.03348293,0.094713226,0.25378412,qk4gZrBR9CU
0.1678896,0.2519405,0.076146156,0.08153115,0.065721996,0.12784617,0.21458837,0.58034635,V0JdeRzVndI
0.09092237,0.067813806,0.054775815,0.06142483,6.1010196e-06,0.079660945,0.12728621,0.23524207,vokEw1wBKl8
0.27719668,0.06278166,0.12943605,0.12710977,0.03444787,0.09044533,0.17904544,0.36647907,0HppDzMemjE
0.61843777,0.28516075,0.16939391,0.13729519,0.0073233927,0.2334783,0.011940184,0.5117132,36ubP5Ydh-A
0.16726698,0.09007,0.10873187,0.3243154,0.1024659,0.13266103,0.26778516,0.2418634,n4pK5vz1l_U
0.2227736,0.20514452,0.11455437,0.06737508,0.022351967,0.10896773,0.11998159,0.37689814,q54j35z3fPQ
0.09284699,0.045190815,0.032917995,0.03807303,0.014507953,0.027422767,0.32749134,0.32406273,LsAooaGkKjM
0.051180232,0.05226203,0.023932086,0.02518917,0.0028634118,0.041017722,0.11362854,0.2127197,lXRYdKbOOJI
0.0779137,0.05098446,0.029080248,0.024657417,0.049212243,0.035827234,0.18770264,0.23468335,OJDmnvXwHC0
0.06998573,0.04769814,0.06047459,0.037455108,0.023117077,0.048096243,0.12907988,0.22153665,VDFsUCXpMCk
0.063096106,0.039479934,0.019901168,0.0124492645,0.0057615316,0.018709395,0.09547191,0.30775097,xUmpCNIz_Fw
0.20627621,0.23130769,0.17709622,0.2332788,0.0052062036,0.33186954,0.00074616965,0.35479462,Yn8WGaO__ak
0.3000265,0.09460627,0.06475446,0.05693802,0.067320265,0.06926981,0.07473241,0.31460258,rCjVfuR93dk
0.5008502,0.14083333,0.12708154,0.09346238,0.00070717593,0.099633545,0.02175351,0.4229729,9iQb4l0aDuE
0.101472974,0.05331908,0.034507755,0.039999384,0.083939545,0.04193011,0.046247292,0.23737243,ggbZ8YedpBE
0.09695189,0.0612905,0.08404831,0.08376202,0.049212243,0.058079932,0.09300475,0.2971382,C1ioEu0NKDE
0.08288431,0.050896123,0.025998442,0.024265977,0.00930175,0.03121492,0.14787643,0.27524096,IkINN514zcA
0.27504945,0.0602707,0.09337329,0.0292438,0.004217025,0.039819628,0.03858549,0.3870286,QwHJbBnG9uY
0.05376286,0.04587664,0.0343095,0.024523668,0.0057615316,0.031844005,0.09583347,0.19572012,1xSxXigZ3hA
0.308407,0.1757153,0.05767056,0.08968971,0.0039740684,0.12176061,0.019280076,0.49521193,bwVPQB2t-8g
0.36352655,0.22646068,0.40093917,0.4564664,0.013466713,0.44064984,0.077946536,0.40129095,_wh-_zub4cU
0.05687126,0.048188277,0.05124684,0.04357328,0.022213135,0.02552795,0.07564978,0.24836093,WAIOcPA0EBk
0.063033424,0.025540331,0.035397414,0.0238028,0.07091636,0.014344061,0.035683107,0.24898289,3UIGM-J_4eU
0.13434449,0.060041547,0.07314665,0.040106885,0.036336336,0.05537051,0.12770683,0.19308716,e1N4aWIJMN0
0.37834352,0.067004986,0.080205806,0.05824646,0.0008980701,0.0595313,0.043707605,0.37379235,CyRGolNAMj0
0.55603033,0.22676268,0.67738694,0.6455678,0.0019089412,0.53214777,0.14283814,0.32474953,1CnkKL5yBJQ
0.066377655,0.071232304,0.031274553,0.025265533,0.019436494,0.040340208,0.17829007,0.1797232,KPHKgvOknNo
0.15535432,0.069467776,0.2040863,0.80613285,0.34466723,0.2748107,0.19018292,0.27238896,Zz5kkdvN_DQ
0.2919172,0.06370089,0.070563935,0.060090184,0.017631676,0.05857953,0.01743454,0.31432676,VrEa-CUnwHo
0.34189227,0.13870496,0.29267335,0.56336087,0.28021416,0.31521824,0.033190493,0.39082575,lEl_F3fw2m8
0.28657478,0.0651647,0.0376605,0.030105343,0.00022668677,0.047643606,0.09426927,0.25582126,qQjS38NDaQk
0.05086237,0.018790295,0.031990163,0.020314647,0.030842619,0.016833683,0.12083924,0.16163054,SAOGcoUej5g
0.19651419,0.14352609,0.10938379,0.089094035,0.019158829,0.12208716,0.40937895,0.32488215,dEG2jLAUdK0
0.3555025,0.1707614,0.096545495,0.062230386,0.03856816,0.07783159,0.028080342,0.36336544,qqs3aEFeAww
0.07281545,0.056634687,0.03955785,0.10264714,0.048868883,0.042219736,0.105244935,0.28974348,OLQ4NFPElZY
0.25657913,0.1721163,0.09732678,0.06038623,0.010134743,0.15174317,0.030294757,0.4260236,MgIRnS7F1S0
0.05495232,0.02769383,0.023790453,0.032144215,0.008815838,0.014034107,0.116879165,0.30077425,N-N3Bw06eIM
0.05913713,0.03620922,0.024360003,0.019529842,0.022945397,0.024093637,0.16460425,0.19753122,alNU9AVWkQk
0.09024338,0.08718182,0.049712155,0.042279135,0.017145762,0.06583657,0.19498678,0.27591702,qNxHx2g6svQ
0.03653179,0.025249906,0.018588888,0.009778787,0.043031808,0.011192805,0.27833706,0.22113396,kbYutOsrpvs
0.35179657,0.1909886,0.08944407,0.04245529,0.004754999,0.10646613,0.0053123245,0.37345418,VebQ9Cjp6DQ
0.53847784,0.11872491,0.22483046,0.06178005,0.0010933027,0.10587964,0.11931811,0.2608548,qx_6YJFRpGg
0.36459717,0.10776318,0.26200238,0.13925768,0.0070457286,0.31037375,0.1442039,0.3625981,KVeEfK72VNE
0.13291748,0.13727634,0.12985948,0.089574695,0.0068027726,0.096244395,0.13308796,0.27243876,ci_AIMCF-HA
0.36048052,0.06590196,0.17595866,0.10234292,0.073313765,0.09243503,0.08526274,0.30155745,BsG7sNjbBV4
0.33817285,0.062158678,0.076810114,0.06381919,0.019297661,0.08546561,0.0046857866,0.24100736,DMMAiOlkyCc
0.14007361,0.12047346,0.039587766,0.022394303,0.024662184,0.03296386,0.071954735,0.39443618,VXTiHhBnnvs
0.072100215,0.06403039,0.049957894,0.0525201,0.0026898717,0.048526015,0.016179767,0.33472413,hEoYL5j0wYU
0.23732631,0.10471237,0.06708246,0.047955077,0.013744377,0.096333496,0.092680335,0.2673293,G5M4bsxR-7E
0.061884064,0.02966327,0.031155689,0.023303589,0.014507953,0.02441437,0.4407935,0.19951907,eZIxHb5EgOU
0.039732985,0.024295032,0.022759223,0.019037245,0.013258465,0.01634131,0.089237474,0.17118974,HLaVgxIYQRI
0.07242826,0.0643547,0.041856688,0.037214756,0.012772553,0.034358583,0.03806353,0.36314598,LphAy48XMAY
0.2902756,0.057950247,0.08026664,0.03464386,0.012564304,0.0383056,0.039324075,0.4538767,abcKL_x_aoA
0.50859827,0.19913292,0.16428222,0.116611354,0.020824814,0.19550976,0.034349065,0.38981918,mhYsUeE7Cy4
0.050801057,0.03110549,0.017380366,0.025742304,0.025005542,0.011530417,0.18659064,0.34818405,TnrxayQCLY4
0.1963429,0.07488721,0.04934299,0.035631146,0.038911518,0.043979496,0.18588302,0.28974703,U8bBdU8auUs
0.32955763,0.06397125,0.0433948,0.039591055,0.010828903,0.053429194,0.027121518,0.41752505,zFELakN081k
0.06450342,0.04067395,0.034837864,0.0328161,0.09978092,0.03566063,0.10187051,0.19125694,Ln88zXmFSm0
0.41571715,0.09690335,0.12402608,0.09454087,0.032559406,0.09256171,0.008100437,0.47840858,LfnQkRU6tn0
0.29092747,0.16397655,0.12534134,0.07100533,0.019297661,0.1132496,0.013949457,0.41932544,yiSU4u0cIYs
0.09004381,0.045804672,0.034788657,0.021239322,0.0065945243,0.029945698,0.09683417,0.23784572,Eit19TTNvXs
0.20313837,0.033899847,0.16764179,0.07050156,0.08420804,0.062444407,0.06009795,0.24181457,1KqAXFhLbGI
0.10392103,0.055942055,0.12774469,0.07449123,0.044405237,0.054354705,0.07225309,0.27725503,S1JUIPwfQ_E
0.07411098,0.07383203,0.02692095,0.01826232,0.0024122077,0.029499361,0.08601372,0.22585548,bKtFYnrDXFk
0.30779117,0.11532756,0.10782912,0.044494268,0.03856816,0.096089564,0.044716187,0.3034463,TeNkIVaedLk
0.17561474,0.08172963,0.07243112,0.072614476,0.026207292,0.059522655,0.09227738,0.49715582,4gm9O_ro_qs
0.37228915,0.06685695,0.080889076,0.041328397,0.043718524,0.050113603,0.028452042,0.35009998,ZdOYcL7Q2wo
0.22242624,0.11531024,0.062722966,0.049132474,0.012841969,0.10384462,0.07879203,0.30094412,FtK65VH5OBg
0.5149721,0.1530267,0.14321701,0.11416251,0.006525108,0.15876234,0.00521362,0.44113392,vDrwgzgAyrk
0.21185492,0.13670479,0.10496841,0.10528026,0.0037658205,0.14075062,0.13530196,0.29264945,qAWso14U6DM
0.56715196,0.32342723,0.6517185,0.6291739,0.005275619,0.69309914,0.13356051,0.41379753,nGT5Ke9YzZg
0.06347631,0.062518165,0.055628885,0.05592811,0.02929751,0.053596936,0.10944429,0.25708786,mng0jth5ZgU
0.24517421,0.069372706,0.18388234,0.17762935,0.050585672,0.124649145,0.0002321459,0.44855446,f9Zsh1TQ-bA
0.3238579,0.069211334,0.052373532,0.045384012,0.013327881,0.05066263,0.034514472,0.4745329,fx9VcxJgVG8
0.12289065,0.056078326,0.17032641,0.056588076,0.030670939,0.07820492,0.043459345,0.24661002,qhm20rvDauk
0.22474255,0.11701234,0.19261195,0.15825146,0.043031808,0.16134857,0.17147191,0.33954516,q1mHbZ6rKrs
0.3534972,0.11161919,0.18839331,0.18342069,0.04818217,0.16375972,0.07327682,0.29118866,sqvK5TI1yZc
0.25639752,0.16134603,0.21639666,0.45452723,0.2590451,0.279892,0.20837376,0.42959943,6y1FBQautAY
0.02692167,0.047398448,0.017032435,0.01065741,0.00075489946,0.00926164,0.2218212,0.33673245,rohObuvnIg8
0.6335056,0.13653262,0.17892984,0.40181875,0.011314815,0.26630396,0.031321656,0.37787294,7avdgcSATXw
0.19259356,0.14753425,0.3223559,0.15394197,0.0027245798,0.16096498,0.02164332,0.26679665,9wbnhwR0bR0
0.45193538,0.1287708,0.23307101,0.28801674,0.006108612,0.23463131,0.05344317,0.26590523,yFmzolUP9iQ
0.06724507,0.058805626,0.039177112,0.030631037,0.0023080835,0.031263757,0.1886986,0.2888323,hYjfoe6dojQ
0.14467692,0.088777974,0.17760217,0.10293613,0.0100653265,0.044317923,0.14626174,0.42958382,KSKY1P9qLk4
0.42918667,0.15241608,0.1288275,0.10606772,0.0669207,0.13454562,0.13737069,0.31611648,9d4ryMKqyGc
0.08190459,0.040777408,0.038663775,0.026577584,0.019436494,0.03497981,0.1848493,0.17020354,mvURH5KhFPk
0.47310016,0.1990855,0.31433254,0.21303378,0.0005856979,0.18835081,0.04042338,0.4114543,onYKgO6ogJg
0.14381717,0.04821379,0.051859997,0.042111184,0.02792408,0.037128232,0.19566792,0.25790834,y2leEiVjHwA
0.13234384,0.082264766,0.113813795,0.10500083,0.0040955464,0.08302261,0.012196563,0.2828476,QB0_5PE--Dc
0.14338668,0.05179203,0.07919829,0.062429857,0.013883209,0.03912811,0.069875084,0.32391262,gWUPQR2y4Ug
0.373669,0.074288435,0.12227181,0.063743435,0.021102477,0.076675065,0.06975655,0.36286795,Z6fct2kCzAs
0.6823439,0.14879204,0.38947174,0.41113007,0.022213135,0.31359762,0.0124059105,0.4099365,sX25z_-zMgI
0.19437772,0.1527557,0.06994557,0.04491435,0.021102477,0.08604119,0.08584267,0.3347265,U6WO8oEhFwA
0.18859246,0.11252937,0.12995717,0.09434457,0.06012806,0.114623055,0.20230076,0.33680117,WsEkdxcQy4k
0.059420615,0.015270646,0.0065979008,0.006855356,0.023288755,0.012879,0.27735302,0.13984175,pWROdu1O8xw
0.44576707,0.097681984,0.123174615,0.06769823,0.022213135,0.09843767,0.038608912,0.2965657,wcTK_pnkvSc
0.37929618,0.19376183,0.09790532,0.089741245,0.0068374802,0.13473299,0.012791893,0.5263035,68To7c6OJeY
0.05344671,0.056688435,0.023452515,0.025340999,0.03221605,0.019254494,0.20098749,0.3274279,yIuUQY2avVE
0.26838127,0.054627176,0.044493888,0.035421897,0.032387726,0.054895185,0.09860814,0.24581704,afm3GRmNJu8
0.33330947,0.19631465,0.16504642,0.058447104,0.0045120427,0.11069444,0.016289435,0.39336073,z0CUZin8C3A
0.31120163,0.11295803,0.12623051,0.057486575,0.033932835,0.088462405,0.45014468,0.31595114,rnI_P48Zcjc
0.14852189,0.07439818,0.07623165,0.058959477,0.050585672,0.07591775,0.12406364,0.20586297,iz4j39pEaM0
0.15956043,0.1623869,0.09685116,0.09923992,0.0028287037,0.13595466,0.010126093,0.29896623,lkO168P39Z0
0.063471675,0.06390545,0.024919663,0.023679737,0.033074442,0.028352162,0.08902846,0.25468707,U2P_Epjcx1I
0.1353361,0.1060885,0.05333874,0.104811035,0.025692256,0.09040682,0.079178385,0.38471872,b8aLvtklwXM
0.5869765,0.113378815,0.41296977,0.24735017,0.033932835,0.13677685,0.27459633,0.46082157,qeMmxq0MT6g
0.26226518,0.08705549,0.060278106,0.042730667,0.0090240855,0.103100285,0.011589592,0.27447474,-wVscqiUfJs
0.10279334,0.07277716,0.06380333,0.041100234,0.017631676,0.061168008,0.15421209,0.27237985,c540g1PNeG0
0.089288615,0.037579957,0.051847596,0.049357794,0.035134587,0.037412412,0.20177339,0.17754321,le0FZQBocJE
0.058983047,0.06188358,0.027494732,0.029830748,0.015688026,0.034490857,0.08836362,0.35805082,yVV2XnSJrtc
0.5707124,0.5237725,0.421194,0.4484861,0.013119632,0.56236434,0.024928983,0.7784964,dkElPTevoR4
0.063536614,0.04092103,0.045478724,0.0333648,0.015132698,0.029205441,0.10166233,0.22911169,rMuCZuPllEE
0.44218227,0.10747685,0.12767583,0.069491185,0.008156385,0.080619834,0.056027215,0.39952046,C8E7u_Pq0F8
0.27265304,0.045733795,0.07246475,0.14084631,0.20596254,0.0674262,0.08878623,0.37779567,JCls7w9B8q0
0.24902576,0.17257431,0.15078431,0.09683719,0.0054491595,0.15252712,0.022169089,0.380839,Uo8LOr40uG0
0.300158,0.17054248,0.15452306,0.22934766,0.031701013,0.23292467,0.19634877,0.3499138,vYk0Sxd31A0
0.22417235,0.056374762,0.033984903,0.040345896,0.011870144,0.039226994,0.117097706,0.31708786,zuQw-Vv4Qv0
0.39386427,0.06390587,0.111579,0.06405446,0.004720291,0.06250214,0.14553148,0.33683777,-5cmcfv-WEM
0.446531,0.102937736,0.16440381,0.12069263,0.0063515683,0.122261405,0.003632992,0.44233143,GOfdJO4tU2Y
0.05268452,0.03897604,0.04129421,0.020457737,0.016590435,0.025546838,0.10913878,0.16506016,N90TNJ4capI
0.08564529,0.041459385,0.029944671,0.042258956,0.01999182,0.032093633,0.110241,0.31861085,xMYYVSa0bUQ
0.28421357,0.12556304,0.15539636,0.11283054,0.037023053,0.10957881,0.004728869,0.37905145,r2f0HlaRdgo
0.4280961,0.0873089,0.111885555,0.08827079,0.15568043,0.094688945,0.017533328,0.34523752,kakJtI98dDQ
0.46280682,0.1784398,0.26555037,0.29294425,0.042001735,0.18771131,0.12792869,0.46308628,L2wj78nWgLE
0.4790645,0.15469556,0.23286147,0.12289469,0.0063515683,0.1806327,0.053590506,0.5913361,CovF5o7TUOo
0.25316948,0.036036566,0.034224544,0.027599841,0.0057962397,0.03356721,0.027384236,0.24990149,aWNMCkm9mbo
0.24457033,0.14318675,0.13128105,0.056789313,0.13745339,0.097508684,0.017478317,0.4016711,9IVXNaPiB8w
0.054615803,0.05602385,0.023343824,0.024456536,0.013952625,0.03152638,0.09459842,0.2533747,aWkMQI-4dGw
0.2769017,0.20242275,0.20491381,0.22132371,0.22981352,0.20256571,0.013791183,0.6198873,jXBRAv4Wek8
0.14119953,0.08607354,0.06443622,0.06382189,0.020824814,0.040843174,0.17604846,0.39461464,KzR9NP7RSME
0.07377248,0.02471804,0.06790773,0.055283435,0.021102477,0.021311281,0.44447103,0.27527463,4jGfUKhShRo
0.27850828,0.0986841,0.03575338,0.03369999,0.030670939,0.06466924,0.07465473,0.32039836,6VyklE_ILoI
0.47238812,0.09128312,0.1358322,0.103623025,0.04406188,0.120758705,0.008905867,0.30227742,Emnndetsqis
0.07718082,0.056709673,0.05210363,0.07508209,0.0066639404,0.04911847,0.071364306,0.39492038,44D9nVxqGIE
0.25228688,0.04375976,0.029421862,0.020259513,0.045778666,0.04233466,0.10096899,0.2035738,RzSCrXf1Ywc
0.41021106,0.17730652,0.20971915,0.29249933,0.018048171,0.2144673,0.02728696,0.5124405,Drck9biaVq0
0.03724546,0.02651803,0.024940036,0.017881935,0.014022041,0.01805693,0.28771555,0.2543301,-XNJzWwWfAA
0.049031664,0.042213667,0.017663825,0.015208054,0.032902762,0.015861068,0.26774123,0.3192851,34uJmo9xBh0
0.46935695,0.038598705,0.12479284,0.054172546,0.012008976,0.07153777,0.002869837,0.35746568,JpXg0vFqKGU
0.16466193,0.026174847,0.057136413,0.02125123,0.045778666,0.017588299,0.192916,0.3409888,ofDTj-codgM
0.04103756,0.033100385,0.014546185,0.008988179,0.11536485,0.016034523,0.18317187,0.21350005,hvohNgVWKvw
0.06931131,0.035189357,0.043341707,0.04530415,0.0253489,0.041374493,0.08038996,0.17648129,55xvr2oqMdk
0.25940624,0.025490897,0.0468716,0.033185605,0.017423427,0.022413248,0.13825046,0.38124093,5rycLTCOs-M
0.1059719,0.08206848,0.120145604,0.090083614,0.022351967,0.06602602,0.07327639,0.44066295,g6iDZspbRMg
0.30452755,0.077810176,0.05490447,0.0942696,0.06612156,0.07507623,0.119476765,0.29247546,8H-pJ9hs9I4
0.4820789,0.0659195,0.061732963,0.056746077,0.0224908,0.07813132,0.0825432,0.3444322,1YyAzVmP9xQ
0.25596482,0.052168235,0.040354013,0.02620674,0.01263372,0.04814056,0.12768164,0.21048114,GDdigOQ4qOY
0.40447327,0.051134083,0.069802366,0.038560558,0.042001735,0.044491895,0.15375276,0.39272016,tZi68lAsKVI
0.08592352,0.08010706,0.07737776,0.11259886,0.011314815,0.07135396,0.21598367,0.36307195,fSlWxepRQN8
0.2915274,0.18057354,0.27776137,0.34683067,0.013327881,0.2702197,0.07830083,0.32857683,6uYRN6b5EMU
0.19437654,0.1334816,0.09773342,0.04091552,0.017701091,0.12717868,0.40236524,0.30657697,lqfTtuPLvv0
0.21456507,0.064308554,0.18030307,0.09015326,0.15217799,0.17137994,0.14781974,0.28302872,nKSIqOs3wtQ
0.052795123,0.02960273,0.021010738,0.01602223,0.014577369,0.014621333,0.101056576,0.22037393,Zm6uZzZwLSg
0.14904897,0.060332496,0.103722975,0.07563324,0.0016052461,0.059635162,0.05946107,0.36551294,GkQuk3XDYf8
0.12066072,0.07409545,0.080313385,0.050703645,0.012356056,0.06554609,0.097915515,0.30846867,CeMVdFph3Ng
0.03788915,0.02133873,0.014804483,0.021694928,0.013952625,0.011448476,0.06362492,0.21320742,q8PNKrqimMg
0.15361427,0.08273102,0.045875702,0.029461097,0.018325835,0.075625494,0.09841865,0.32027614,11PmTCAMtRQ
0.3440667,0.08886131,0.092231415,0.05186665,0.015479778,0.07808054,0.024028208,0.313632,Ps5l7EfXnBs
0.16614592,0.10496461,0.1102716,0.06753499,0.008260509,0.08445165,0.06891711,0.35553718,jSUF-TTFaHQ
0.25331137,0.18193129,0.06974532,0.05061467,0.015826859,0.12748998,0.07363514,0.48979586,JbZPQJpfahI
0.3082877,0.16415842,0.06350043,0.029395672,0.012564304,0.08129879,0.048765805,0.3795843,4XO3g7Rfamk
0.19422188,0.15880418,0.14047228,0.12070767,0.000185471,0.13313998,0.05221367,0.56574315,KeFRLRA_XzQ
0.22399783,0.13960452,0.14993955,0.07307338,0.016937515,0.12148656,0.015705898,0.44467673,vM8unyekrsQ
0.04326263,0.040262055,0.018248865,0.026075775,0.010551238,0.022227185,0.14157622,0.254793,CL7eyDu7xb8
0.21159723,0.033707764,0.08835828,0.052906457,0.0037658205,0.037972312,0.03620439,0.24062893,LuJb5mqPJxc
0.029721472,0.020960215,0.02894965,0.03387783,0.014160873,0.017152844,0.18835577,0.1748205,Zhs5bU1mrdA
0.07226007,0.037828326,0.031195028,0.033117544,0.028782474,0.04956445,0.122695,0.19904818,4SlNlKf94qI
0.39650407,0.1212537,0.30957752,0.13727245,0.052935857,0.12986416,0.1657133,0.44980004,H8VJzc5TiC0
0.110601455,0.08622508,0.042144377,0.027375966,0.015132698,0.039988056,0.1033622,0.27544078,tAW3LA0SimQ
0.27168614,0.1578548,0.18100016,0.31119806,0.053335425,0.29985768,0.14076412,0.44081974,TDvH64wiFqA
0.29148835,0.04396746,0.17256285,0.18535306,0.01999182,0.077800974,0.07710138,0.33198366,bG1aq7eUyiE
0.2950577,0.06823634,0.0750194,0.05560193,0.014299706,0.04222292,0.05077395,0.35987887,97httNcvfPo
0.08657576,0.054622732,0.052097283,0.052209303,0.014507953,0.056661066,0.1121957,0.21830772,uzFK23hPBpc
0.30983943,0.14929241,0.09323115,0.11671669,0.16413476,0.09394269,0.17980216,0.66717815,TfZ9vh5pb3U
0.041516937,0.020099258,0.019861633,0.020476816,0.0020824813,0.011394966,0.09711163,0.25087875,F8xaRkRrujI
0.09948037,0.064627886,0.033583082,0.03771717,0.067320265,0.048725843,0.43780425,0.28327727,n1jMM6639CU
0.23811391,0.114104226,0.09118667,0.052239504,0.019714156,0.061790206,0.3034029,0.32850468,yastwx1Lujk
0.09213836,0.061944675,0.06427653,0.06906851,0.044748597,0.072511256,0.034684077,0.22680964,675s5-xdmeM
0.18252794,0.051860075,0.07397521,0.07140399,0.06412373,0.046944827,0.10823636,0.2610026,6gQB_ieP4nI
0.039327204,0.046979,0.03828975,0.024541045,0.02054715,0.026654098,0.19499917,0.204861,F9cqkdx1Llo
0.13582408,0.035629414,0.034731526,0.03086919,0.012425472,0.035019238,0.07396699,0.2722679,rC9WifkQQCQ
0.21521363,0.06093002,0.19025601,0.07460201,0.18549223,0.090125956,0.13787316,0.16774586,JV8QZsNpFok
0.5915322,0.377272,0.27243224,0.46111995,0.004060839,0.498375,0.07251095,0.45172015,8rUGRdOi3XM
0.35842717,0.13515422,0.13853474,0.05047032,0.03204437,0.109739974,0.03763967,0.36436877,2ky3mDUoh74
0.17369704,0.054097854,0.035003558,0.025512926,0.059328925,0.055023625,0.10084031,0.2881653,DedMEGe87no
0.2717603,0.1487268,0.21178637,0.4389337,0.0034708022,0.21289997,0.10480329,0.3735874,RFSZDYszFWQ
0.25825077,0.042737298,0.04234924,0.023236914,0.036508016,0.03742363,0.22164503,0.19518575,qqETipokc34
0.17633268,0.13351905,0.2450519,0.305184,0.027580723,0.19088687,0.06405482,0.3946888,0Mt16eeCv78
0.28478137,0.21795823,0.24921723,0.34009627,0.0024816236,0.32193792,0.0829933,0.53432184,b5dhq3dSG2k
0.12160507,0.0966331,0.05378463,0.041273363,0.023117077,0.05970385,0.10989124,0.24957764,huUllfUhmfk
0.32288313,0.36007693,0.16415426,0.29921478,0.08850401,0.25126308,0.27583894,0.5547744,PMXUPf2UM8A
0.10684554,0.060704686,0.10116999,0.11365,0.0006637909,0.08017246,0.23462619,0.2916798,uDXhiU6DFng
0.084729366,0.083448485,0.08851876,0.08025702,0.018048171,0.074717194,0.16530499,0.2628851,FzfhCS1XlZg
0.33933684,0.17499869,0.14870007,0.3560171,0.039598234,0.20299041,0.15736437,0.5137858,49IvKrHrQGA
0.13673402,0.11428475,0.15015946,0.1118319,0.033932835,0.09485013,0.0049982164,0.32566097,LBOkIsfLTB4
0.17350772,0.06709106,0.09139748,0.09349287,0.018742332,0.16141832,0.05675194,0.37025115,2mKIwY62HQg
0.14052267,0.106860146,0.08896579,0.08762707,0.07730943,0.066678986,0.34281516,0.3124337,OkdCV6zw3lI
0.24965608,0.06939447,0.042506773,0.030506454,0.013397297,0.03422189,0.053734064,0.2680537,HVu0FsUJTbw
0.09317986,0.14750892,0.04768329,0.06278567,0.0022907294,0.09082942,0.056551225,0.40503916,xtEQGtaT9MY
0.48218593,0.1473186,0.1269187,0.064572394,0.0044773347,0.12568986,0.00078626955,0.38007537,gU-wxha1DQA
0.2977215,0.119395316,0.20357713,0.115253806,0.00999591,0.09477285,0.15127113,0.38130572,QrVMjwF4VKs
0.25841945,0.3033354,0.24468179,0.660731,0.7138269,0.9552686,0.40048093,0.29898533,NG4u55e3SYo
0.1121396,0.15321997,0.114689976,0.14459619,0.051737156,0.2038895,0.07005546,0.21951944,bscW-QKAPUc
0.3359517,0.16458315,0.18335776,0.2658431,0.0056921155,0.23484701,0.017698852,0.38745612,PQQ0NpwqMlg
0.30050465,0.24774078,0.1581573,0.12143869,0.045778666,0.2137689,0.17664018,0.4387836,n_5oeZWbseY
0.65387934,0.15459186,0.21821085,0.19206592,0.0033319702,0.26871368,0.014739059,0.45690438,0bnCUKHaPxE
0.095509075,0.048937704,0.03761168,0.035880424,0.03856816,0.02755368,0.105520055,0.3774937,BvuxSGTD5-E
0.08596431,0.045438513,0.08944891,0.08621596,0.0025163316,0.027246963,0.17642911,0.3497724,SccvFbyDaUI
0.08009633,0.046312883,0.04585775,0.051030293,0.027580723,0.026903408,0.07046094,0.43120328,R6AJAwTXjo4
0.1150495,0.059007045,0.09115495,0.06354055,0.0032452,0.04820278,0.033335887,0.40801743,du34gPopY5Y
0.19237436,0.21264815,0.17006283,0.44688767,0.0070457286,0.31286764,0.03154473,0.5089945,fRnB5_j1qOE
0.13913809,0.06054464,0.027361784,0.031026907,0.021796638,0.056729592,0.09102465,0.20757289,Cq40S5l-FO8
0.059146855,0.050035894,0.030738147,0.031725217,0.051737156,0.026533633,0.21603715,0.28287247,JkXE3_-CctU
0.256947,0.19058596,0.1633682,0.2015277,0.0036096342,0.16201933,0.02748173,0.39319226,TRqoHtsgTlU
0.24454065,0.06231626,0.03165422,0.027262395,5.0435094e-05,0.0476134,0.055767898,0.21165332,74UGXEJ-LEw
0.16032042,0.08253536,0.058374222,0.03997502,0.013397297,0.06878371,0.047143504,0.24073154,LnULA3bKQGw
0.7195057,0.041801147,0.074987225,0.15290652,0.032559406,0.1184327,0.06811474,0.33576593,wmdU0_IQQI0
0.060326453,0.04556531,0.033377394,0.029542452,0.0057268236,0.02809819,0.095596805,0.2555862,rOwG3W-n0yE
0.48536634,0.1838051,0.2095483,0.29748803,6.0332304e-06,0.24111436,0.03694222,0.3959393,oS3hZ0cFofQ
0.10882323,0.14274786,0.07119495,0.23583254,0.004546751,0.106819764,0.17695801,0.4419414,3Ay3vOeKGdI
0.82345974,0.22760123,0.43293512,0.4295052,0.052136723,0.32489714,0.016830936,0.64001584,9pcfFOS0Hbs
0.56530523,0.08359792,0.12467017,0.07060891,0.011384231,0.1163427,0.055045262,0.34192565,qBpBrgP02CM
0.2361179,0.10255792,0.1425077,0.089694716,0.046465382,0.073480114,0.10012603,0.45662767,NwpCjG7ibqI
0.57723093,0.46629858,0.45416638,0.40666935,0.0032452,0.50865173,0.07982199,0.5317897,Z6qx17hiBd8
0.23417917,0.06476419,0.089158945,0.21990062,0.16827796,0.12002412,0.086265415,0.22044289,7bJKcXFW3PI
0.24783932,0.05644062,0.05160513,0.031404536,0.0072192685,0.06439196,0.02677492,0.3792231,7HR79T--DtQ
0.13236041,0.1659517,0.105896786,0.13292223,0.01228664,0.09381628,0.14234594,0.48082146,wEeiTLe4l_8
0.30022994,0.046176866,0.15819865,0.12445047,0.111500904,0.08439664,0.14216027,0.31469855,FQPhgW_2yH4
0.31347638,0.104779765,0.09147245,0.053498525,0.0825038,0.08438815,0.1333791,0.37924883,ZVM7YhWp2kw
0.28053772,0.07347658,0.060768403,0.05622455,0.0825038,0.0815981,0.0048541226,0.3289435,4hVMYHCtx5s
0.35950166,0.05334657,0.14802575,0.07644361,0.015132698,0.08978562,0.02037273,0.24294347,agGuvgEsrMQ
0.101731785,0.04803098,0.037170496,0.03437748,0.02397547,0.04329581,0.11374008,0.302412,-bSuOzteJnA
0.20702866,0.13766159,0.10803278,0.07316058,0.019297661,0.102488264,0.17663072,0.4020551,chIL8Cd_n34
0.35825786,0.12018339,0.10076998,0.19197446,0.08689302,0.116297856,0.14681971,0.37825954,m12pkpZUF5M
0.3223348,0.0789469,0.122631945,0.0619136,0.09709594,0.07506896,0.27894014,0.40700576,H7Bg-NPl_JI
0.27434194,0.082823664,0.086129524,0.06682364,0.08501353,0.07868518,0.029577848,0.38003552,Ro1DMOQdgqs
0.09807111,0.075993024,0.04259218,0.04628763,0.011800728,0.05676458,0.10678985,0.25342885,oNhpm9NMVXs
0.25373462,0.1351127,0.044568725,0.03807496,0.0007462225,0.07768741,0.056449283,0.50492454,dMX1GNKHhwk
0.18242289,0.031420164,0.053454697,0.022298265,0.0021171893,0.030827899,0.10745232,0.18871129,JTb3jOWNqZ0
0.033429302,0.024091985,0.02927418,0.019114198,0.00020607888,0.016330125,0.15336278,0.18151297,5WFeS4NqUkw
0.16635822,0.07312486,0.08032569,0.05237844,0.0050673713,0.040185787,0.046303533,0.39792493,8bkgtT32ttY
0.3097995,0.055421256,0.05593048,0.043723572,0.01721518,0.06961969,0.12971231,0.23983599,eyfBhcbLLaQ
0.18762758,0.14274293,0.09224793,0.06479927,0.052935857,0.13409024,0.105651505,0.2634489,BMCa3ODG38w
0.11784817,0.051902283,0.06321686,0.08129769,0.012217224,0.05308882,0.03275502,0.31751642,rAawIGf9Ul0
0.29507154,0.11881908,0.12859607,0.29823312,0.044405237,0.15036523,0.13093503,0.33419946,8ElVJe7W1fA
0.28649157,0.3839633,0.19518691,0.2609926,0.019297661,0.30656573,0.076526046,0.54016757,WzA-5jhan8w
0.3464608,0.07505474,0.06148489,0.056528676,0.00037311125,0.08802855,0.0065400456,0.28007516,KiBke759DQs
0.067613155,0.050909247,0.05330691,0.026952768,0.016243355,0.017449083,0.0004976877,0.39099026,gU8dVdY7AKg
0.20913692,0.18692763,0.1065734,0.09419216,0.020685982,0.12454885,0.05307231,0.5571079,QY4gWjirYR4
0.4003355,0.050186627,0.05602615,0.044445608,0.013466713,0.05245,0.10429364,0.27592665,WpbJn1lLDdc
0.07275034,0.050388,0.033262134,0.022817533,0.00298489,0.03845266,0.19555628,0.24317618,l9OCByqINa8
0.6813982,0.122338496,0.255959,0.3205608,0.028782474,0.2298844,0.0169296,0.42127448,6qnMpxfptNY
0.29913482,0.11991859,0.045754272,0.03243531,0.00031887996,0.08037636,0.018372847,0.36896414,Dv9LaWHWp8w
0.22155747,0.19421063,0.23379248,0.15940237,0.0020130654,0.17192495,0.17381375,0.3551741,Sq3m2Cq5pJw
0.14046913,0.10719222,0.06342431,0.06021011,0.013119632,0.09681345,0.18897958,0.2588538,DFB97s9wYbA
0.4926704,0.14341465,0.27585062,0.204025,0.048525527,0.15058589,0.26399383,0.5030208,5ATySvQ-rgY
0.099171706,0.067343466,0.11440262,0.1047307,0.049212243,0.08751161,0.09681632,0.29231027,ZZoLT85gnQM
0.053205594,0.043931596,0.028103925,0.019357799,0.0168681,0.03027205,0.070204675,0.17117766,J-ab9was1p0
0.55722004,0.3005678,0.24641837,0.478907,0.45506534,0.42411616,0.0023080737,0.42172807,cFVUTXLiz9c
0.10791576,0.034951817,0.012478624,0.0562701,0.1008549,0.023042634,0.08974361,0.24659343,cWQwmelwyO8
0.6591634,0.21088848,0.39884397,0.11189237,0.009718247,0.17601894,0.030317819,0.38124758,TIgbk3ZtQZI
0.06422108,0.052039597,0.03660496,0.03562411,0.0035228643,0.054161973,0.053797517,0.19932309,s-OhwH1gs9w
0.1063918,0.041142967,0.05370191,0.042563796,0.00631686,0.048070695,0.115659475,0.19768834,j5VbNJVplFk
0.06954197,0.047172967,0.05203376,0.038834386,0.034962907,0.041586697,0.024786053,0.19188458,dqcS_yBo8pw
0.12980248,0.09356404,0.083092354,0.11623237,0.009648831,0.08050683,0.013686351,0.5059317,qG15iQYf7z4
0.2820992,0.0600281,0.05379298,0.0321298,0.020685982,0.04480445,0.18587747,0.3032021,dP5LCIg-6ic
0.13306464,0.08067059,0.059969865,0.060149554,0.026035614,0.06677749,0.10073509,0.3231072,7-fJFBWlFuc
0.2671941,0.07833614,0.07376643,0.053015996,0.013605545,0.086048126,0.0139005575,0.3837621,Wd1HJ12xQbA
0.24111985,0.07060715,0.076250054,0.15609515,0.022945397,0.3310571,0.05721491,0.34225342,gzKCYmzQxq4
0.24079315,0.0492025,0.041116547,0.040517256,0.060927194,0.052910373,0.12679493,0.33261272,vbQBuyEB1iY
0.050692182,0.02044729,0.034406297,0.027090443,0.012841969,0.011813791,0.17013673,0.2800703,oYCAYX0RqD8
0.16711065,0.1361951,0.39228293,0.3315393,0.00018655563,0.2616672,0.0044339374,0.34763172,_8WCTYkj5kA
0.08910629,0.18985546,0.013053835,0.0147754755,0.0018221712,0.03799355,0.005431567,0.5305505,2LFENhIwSvI
0.023613807,0.019567426,0.0074183964,0.008858451,0.0057962397,0.011561435,0.11275806,0.16215226,rJkR5E8H1ds
0.18886739,0.06395393,0.14451191,0.06069262,0.036679696,0.10157471,0.18894857,0.2782621,RALwTVf50kM
0.51680565,0.22562267,0.23286371,0.18658184,0.018325835,0.21551207,0.00810865,0.38360706,0S8k5cpFrCY
0.6075262,0.14020646,0.17746164,0.14230424,0.0023254375,0.14560637,0.29185328,0.34002206,M0PgfU4qUMM
0.31179976,0.26375455,0.24872284,0.47178808,0.0064209844,0.3910659,0.05007974,0.51724976,-PTtTBbEKqg
0.05806974,0.028135324,0.03838801,0.038391072,0.10634898,0.01949613,0.17885913,0.26184428,ucc6x4vAKhI
0.07097705,0.041536115,0.06875168,0.08246348,0.005275619,0.041935734,0.26291403,0.2840057,u3nCRTJbU_c
0.06934912,0.040050443,0.068471104,0.05371805,0.032731086,0.04098932,0.090754285,0.19301276,kXvrjNhuPig
0.21126144,0.03812188,0.018337496,0.025293374,0.065721996,0.05053676,0.11449748,0.36201298,Tgmw6TCCX3I
0.28892943,0.13628699,0.23125598,0.2510829,0.0036964044,0.19082867,0.030076485,0.31541163,8lBNYUR_Te8
0.20967071,0.15822954,0.10401109,0.12325657,0.025005542,0.1531093,0.042590115,0.50595534,f53w0zRu6Eo
0.13401794,0.048840407,0.04774325,0.036934808,0.0033666783,0.033541236,0.042060923,0.34484637,W2Z2xuvfyKU
0.06899448,0.055828907,0.02384057,0.0232236,0.0003666035,0.035503354,0.0051522125,0.23628415,TlW5KqOKWoQ
0.7755261,0.1699077,0.50750476,0.43108553,0.040284947,0.2703981,0.0193012,0.51822823,8QrZIG1MGs8
0.12214388,0.05418949,0.10539776,0.087559104,0.02517722,0.06313815,0.14272352,0.20876276,_JeRq7Gwj5Y
0.23914926,0.17651087,0.1959368,0.3562772,0.0024295617,0.29522276,0.03404153,0.329326,auMA7jIHYvQ
0.10767626,0.021005528,0.06403378,0.025859304,0.021380141,0.01707949,0.13377316,0.33363286,SO_e4ds4gnk
0.14637095,0.054577056,0.04084248,0.043928947,0.080905534,0.03917476,0.022339726,0.33024067,fOKuGfR4pjY
0.66246235,0.2380156,0.29513842,0.3112766,0.0022560214,0.42321223,0.0016509736,0.39475796,lDSnM_wHr7g
0.14614743,0.087695524,0.0656141,0.09002335,0.025692256,0.07728845,0.5526906,0.34373647,B_Tcz75AjcU
0.08077412,0.049559258,0.04729296,0.06368997,0.028439116,0.040526703,0.14188986,0.35364363,ZpzReX0Oh5k
0.14374849,0.1854399,0.08861011,0.09520849,0.022213135,0.13749966,0.16396153,0.48513764,hVAZlew-dg4
0.42234406,0.33241543,0.22244523,0.107789166,0.009718247,0.28058738,0.099734746,0.4353078,WmugrLm2wd0
0.23788098,0.10500915,0.061517432,0.06746773,0.022773718,0.07553725,0.025686532,0.39684013,gvSQTV2O5Fg
0.18977445,0.15333337,0.15593858,0.24316199,0.009926494,0.21213435,0.029434206,0.31649813,Efb7HIOzChE
0.12754202,0.13283868,0.0672792,0.033646584,0.0019783573,0.080940016,0.046911247,0.34419963,fiCWHrMMHr4
0.50974345,0.5532513,0.14321734,0.15310143,0.0057268236,0.30909193,0.012149278,0.7784964,rZB5z328tTE
0.51876837,0.21675594,0.46493223,0.24084328,0.010759487,0.302481,0.030062417,0.39392406,8venoiVEp-o
0.08082638,0.12051281,0.042773534,0.030078955,0.021657806,0.038440354,0.104378216,0.3778104,nhA9I_RYxgQ
0.4721775,0.19111316,0.14533652,0.26123175,0.008642297,0.17742366,0.078384496,0.508747,junnG9coZJA
0.04720005,0.037300378,0.016198017,0.01167874,0.005830948,0.010980513,0.18058611,0.2808635,4198_stzi8Y
0.15328114,0.0671841,0.092502184,0.057751436,0.0018742332,0.06238561,0.112602495,0.27295116,HuPGUe_2ihU
0.31919953,0.25230077,0.1144498,0.08982476,0.0026378096,0.14839274,0.036985658,0.41353965,tQCpFk3mZHA
0.085066855,0.06271736,0.031774573,0.030087017,0.00097616314,0.045790274,0.09576521,0.29815292,ySRU1JhZzIk
0.14062709,0.09731861,0.15242201,0.11124477,0.038053125,0.09285469,0.096108995,0.26947346,XfirApXfU6U
0.1434235,0.1686228,0.054670304,0.030731633,0.06612156,0.11269423,0.28599778,0.55470854,AzqUfXqfOVg
0.25272733,0.049112283,0.034867868,0.027034968,0.0017180471,0.038043436,0.026235018,0.3379754,HfDbReQPY20
0.052429963,0.021541938,0.017157197,0.018470556,0.01263372,0.013444014,0.11454809,0.23351133,PMj8BZo1ePQ
0.4710842,0.4080643,0.4045562,0.40902302,0.07571117,0.5090844,0.06700848,0.66688967,lJUGaJICW18
0.82110417,0.075134605,0.16515076,0.23182762,0.028782474,0.19395007,0.084931254,0.36515522,X0aSInvwHaA
0.42481077,0.21316251,0.3338946,0.22189945,0.005935072,0.1950692,0.013181892,0.46000993,rcOs4ovoxEc
0.35323906,0.117603384,0.26815033,0.3047416,0.0019610033,0.23043977,0.097466365,0.336265,B_SKdujBDPM
0.32988513,0.09951956,0.06998999,0.07361864,0.0042864406,0.10469111,0.02355752,0.31923342,XuLDSNOH8HA
0.25056317,0.07165891,0.06394863,0.069110304,0.010967735,0.076265,0.0040602204,0.38980657,7N2I-9JU_nI
0.22654288,0.04520091,0.15196197,0.064424224,0.04131502,0.050695002,0.066373475,0.3321216,eAtCCNkcPN0
0.098057754,0.03149148,0.052665677,0.06321771,0.013744377,0.040071752,0.041123502,0.21821192,Te_ZJDt1Z_Q
0.14952654,0.16777912,0.07200171,0.113114834,0.006525108,0.15129875,0.16596927,0.4086427,o1n_h7lR2kc
0.30049032,0.19853058,0.2514068,0.45348904,0.0038352364,0.35416594,0.17731075,0.31350553,LgSV_KNP0IE
0.1974658,0.056403365,0.036525324,0.059109613,0.07690986,0.048816778,0.09266695,0.35104105,MNOfyZa_svs
0.08460374,0.09881515,0.052851032,0.031101014,0.023288755,0.06205865,0.029526336,0.35941035,39IaqpGQ3Tg
0.23177376,0.11512828,0.14238179,0.13329716,0.0021605743,0.14127435,0.06088154,0.23585,MntfDnpGUqs
0.15146258,0.085861884,0.09837166,0.2130812,0.010759487,0.13083318,0.08617621,0.2611718,OJB_W_jNdg8
0.33233526,0.16162808,0.15717277,0.07914687,0.014646785,0.13122667,0.017630506,0.37282142,Ngozvh87Ndw
0.39209718,0.49633452,0.37279257,0.26857734,0.0026204558,0.43529955,0.17995995,0.6438414,70asKwy15Ds
0.09535825,0.061977714,0.06652228,0.053733297,0.07091636,0.07003985,0.042111933,0.21229242,2iAlhsVDgU4
0.42353645,0.26421288,0.117514044,0.16260003,0.013119632,0.2343061,0.088079974,0.40740055,7hubThVVKSg
0.5107319,0.0925173,0.10608901,0.12619607,0.011523063,0.1619735,0.0004085277,0.3675252,T_KvMimR50Y
0.13645332,0.17759293,0.09424122,0.07162393,0.00031887996,0.11210612,0.034469754,0.36080405,OveofuczCuQ
0.14803283,0.07194242,0.09336689,0.06911396,0.14956708,0.072359145,0.4532001,0.30899453,_JTCOfsvGrk
0.34254697,0.26782665,0.073691815,0.108819835,0.12953265,0.17875636,0.30709207,0.5599304,Se0s_DJUNR0
0.08795289,0.05353994,0.04000073,0.040167116,0.014369122,0.038688034,0.16776846,0.3014971,mvSM9dqjto8
0.07473431,0.037118804,0.031748224,0.029049566,0.014299706,0.020787848,0.12151402,0.39744037,8EEu0od-_7Q
0.18878406,0.19393529,0.16288048,0.35093498,0.07251463,0.15969327,0.11342257,0.60159725,zBGBJ9t6djc
0.2780295,0.08594662,0.077282324,0.057678066,0.02809576,0.10402124,0.32483226,0.25028428,gXbMuy_NqNc
0.34254697,0.26782665,0.073691815,0.108819835,0.12953265,0.17875636,0.30709207,0.5599304,pfGfOheivnM
0.39615962,0.09175772,0.09799751,0.170977,0.035134587,0.08462659,0.04868998,0.36621618,82nb8_0N8PM
0.3189667,0.19797179,0.07007552,0.070133306,0.005900364,0.11114382,0.07715494,0.5578048,ue9ViUOCoBk
0.10454309,0.07180321,0.05418725,0.059664406,0.0129808,0.068563275,0.10154069,0.26900476,ZEEFwQ6g6_k
0.3376988,0.23382515,0.10777646,0.09407279,0.0025510397,0.15358612,0.16982311,0.4316295,cPnjFINa150
0.34254697,0.26782677,0.073691785,0.108819805,0.12953265,0.17875643,0.30709204,0.5599305,-2NaJ7Aqlr4
0.03874257,0.06408744,0.009997293,0.021264298,0.009440582,0.019142475,0.114377126,0.42183906,NfLERF8B-qU
0.34254697,0.26782665,0.073691815,0.108819835,0.12953265,0.17875636,0.30709207,0.5599304,BO5-UZ4UMLM
0.34641784,0.3749711,0.2744382,0.50779253,0.021380141,0.50555474,0.08000277,0.37152642,4jZSaBD2b18
0.17145512,0.09143346,0.101596825,0.10254101,0.012703137,0.08564426,0.11751968,0.40454787,QEB59kxJUL0
0.27839527,0.042856704,0.058367357,0.02859075,0.021657806,0.045229755,0.08389775,0.25918284,D0O6tTklOnE
0.09230916,0.04723444,0.019938208,0.022076571,0.032731086,0.0323318,0.629763,0.28534985,CYgxqOBDK-c
0.26505977,0.1933906,0.2886273,0.5811669,0.16035037,0.32343766,0.15890443,0.42947817,SlsZZaSf_NU
0.13340019,0.117756836,0.06934402,0.12460941,0.015063282,0.109029315,0.051495895,0.3997836,a0HyHVo-uvQ
0.34254697,0.26782665,0.073691815,0.108819835,0.12953265,0.17875636,0.30709207,0.5599304,-O6reTn1W70
0.33846745,0.13314877,0.08497001,0.058833424,0.020408317,0.081455134,0.026298208,0.5209714,wYEfuuxE_eI
0.08520656,0.05532287,0.07148048,0.063335344,0.012703137,0.05460793,0.16109101,0.2547177,NvN4HeV_vkI
0.34254697,0.26782665,0.073691815,0.108819835,0.12953265,0.17875636,0.30709207,0.5599304,Ok2Qum_MvQU
0.09984908,0.06090087,0.066115536,0.061770953,0.02517722,0.06287173,0.14016846,0.20275085,cHRPrIJLOWk
0.34254697,0.26782665,0.073691815,0.108819835,0.12953265,0.17875636,0.30709207,0.5599304,F6Kd4pHZL5E
0.34254697,0.26782665,0.073691815,0.108819835,0.12953265,0.17875636,0.30709207,0.5599304,3z_Iacj-8NQ
0.34254697,0.26782665,0.073691815,0.108819835,0.12953265,0.17875636,0.30709207,0.5599304,B8NpR3Hoi1Q
0.15121645,0.06140638,0.11418543,0.42991105,0.030155903,0.1368112,0.096614264,0.3637826,dbWkUk7QpjY
0.120541416,0.07278571,0.1269199,0.13876237,0.00017354012,0.09817608,0.053870916,0.2807294,CPkrCOXN5Ak
0.15728311,0.044053316,0.06924353,0.0650869,0.008260509,0.031734675,0.26752126,0.40075064,CTMpMnXhfG0
0.48656282,0.12098576,0.14578716,0.094069436,0.05373499,0.116406284,0.027902402,0.3031048,I2AttlnI1C8
0.31701487,0.21226491,0.22667395,0.4394693,0.010342991,0.26628086,0.026613524,0.45988533,h9627ZlNBWc
0.34254697,0.26782665,0.073691815,0.108819835,0.12953265,0.17875636,0.30709207,0.5599304,KONpnd0O0Mk
0.34254697,0.26782665,0.073691815,0.108819835,0.12953265,0.17875636,0.30709207,0.5599304,z2mXYsZWglU
