PERSPECTIVE_INFLAMMATORY,PERSPECTIVE_TOXICITY,PERSPECTIVE_SEXUALLY_EXPLICIT,PERSPECTIVE_FLIRTATION,PERSPECTIVE_INSULT,PERSPECTIVE_IDENTITY_ATTACK,PERSPECTIVE_PROFANITY,PERSPECTIVE_THREAT,video_id
0.011535656,0.14687516,0.076375365,0.30680913,0.22550184,0.12110179,0.1541806,0.10806014,e20vaAtncsM
0.1441231,0.029469188,0.15378174,0.3116519,0.06176826,0.06622776,0.10071511,0.17726722,wpSRp_R0J9A
0.44559523,0.043375164,0.053028695,0.16541074,0.04648461,0.055276625,0.048072677,0.08764187,LfHcjIxMg4E
0.119928814,0.023460433,0.06820667,0.3538859,0.049782228,0.037399508,0.033473153,0.064499296,vBHild0PiTE
0.3967535,0.04680874,0.0461847,0.3237921,0.022179209,0.036603622,0.023195205,0.084800005,bkcK-l0p_qM
0.19803919,0.03770977,0.13440743,0.4712685,0.21828556,0.2753197,0.1163295,0.5451516,GCHCi511sho
0.30018577,0.05493369,0.07323195,0.266107,0.05631571,0.04030304,0.07431824,0.08277022,iyW_-tHf0Qw
0.0913458,0.029984225,0.054494385,0.34341174,0.057553556,0.08645472,0.040432066,0.09710489,T6zS0heuw4I
0.041420612,0.014299706,0.16448204,0.34385726,0.088976115,0.09434948,0.18176591,0.2309636,dzeThbb05UE
0.07858614,0.051737156,0.06105714,0.32887542,0.19249062,0.31596848,0.12745123,0.21456145,SUKPCeSCN-k
0.34267405,0.015410362,0.020998722,0.18031162,0.020909332,0.016744355,0.01778026,0.03737904,9Bopcme_Sz8
0.38273022,0.014785618,0.027340407,0.20675291,0.032497115,0.023008626,0.023403019,0.049008526,5bpQ9-IQffw
0.42918727,0.1414913,0.04113845,0.42867985,0.203925,0.23646574,0.15022884,0.27798316,c8SwOnmDSQ0
0.3667648,0.10461388,0.06171961,0.2466913,0.060093403,0.067383975,0.05920257,0.10236285,iftua6lS7vI
0.3468753,0.0813051,0.22649388,0.5860999,0.3801514,0.33862606,0.34584174,0.41248506,hF1akWl1k68
0.26760408,0.014716201,0.037723552,0.1586644,0.020846074,0.020240825,0.03369725,0.053246185,ZonPvpgcBc0
0.1573312,0.052136723,0.06940131,0.27628526,0.061139606,0.07575917,0.09164348,0.2878957,epa6WxEw1Xk
0.11396639,0.012841969,0.056487087,0.18569481,0.031581458,0.042041596,0.046309095,0.06547726,x8QiMkG1In4
0.045311965,0.046122026,0.110855706,0.40568674,0.08160012,0.22552496,0.08391769,0.25405726,CEii1_kEoZs
0.14755854,0.052136723,0.030657511,0.28380683,0.04087311,0.034551114,0.01789341,0.037978884,qRuaR_O2t-4
0.32449514,0.024318827,0.07076936,0.32603002,0.031747386,0.06366176,0.041350204,0.10524063,EDvS-lPPBGs
0.16964662,0.09816993,0.23515618,0.4552426,0.2239824,0.17564045,0.20035137,0.28734002,tEowIZi1jEU
0.14284714,0.036679696,0.062065937,0.32235426,0.024565998,0.03734614,0.028638054,0.06960461,5okhEqd5t_w
0.00790427,0.2835225,0.052155875,0.3374921,0.29568043,0.13440065,0.1600895,0.6881043,hFqBbCpc3DU
0.024381727,0.09870692,0.088057235,0.3699357,0.10237408,0.056150906,0.104492225,0.09546571,IqATQtwOY34
0.08737719,0.013466713,0.06679082,0.23440574,0.046166368,0.06261694,0.06343005,0.28355834,JZB9uG7bUT8
0.00038275242,0.20376207,0.17128575,0.43062183,0.68785954,0.24645288,0.4825833,0.2945495,_DZHEuUfzJs
0.17957424,0.014577369,0.043435305,0.28448558,0.029514525,0.045828413,0.031197656,0.07379437,One2rMI8chY
0.0005579882,0.08447654,0.13842034,0.43436503,0.27299947,0.118612066,0.22829005,0.16679077,Abi8Mqyeyys
0.0018657958,0.05653196,0.15631206,0.48992237,0.2977923,0.2651302,0.2293475,0.5115324,PZ-rOwANsq4
0.27156344,0.020130653,0.08797448,0.43147302,0.06968501,0.04899587,0.033368412,0.068250135,p-CXI1qRLKI
0.26379701,0.079307266,0.07711974,0.49850258,0.0695611,0.16975625,0.067444116,0.25578612,Vv4e-qgKVs8
0.016733764,0.076110736,0.037866976,0.40591186,0.06182706,0.13889064,0.0430403,0.2283464,K9wDq1gYJgw
0.0006192645,0.22982925,0.054343365,0.34684008,0.55161846,0.23222898,0.14885004,0.20521753,gyNgPbVnKoA
0.00038275242,0.16151784,0.17486423,0.41902667,0.5689544,0.26818416,0.3466557,0.22785829,AwbDD6htGYs
0.14284714,0.036679696,0.062065937,0.32235426,0.024565998,0.03734614,0.028638054,0.06960461,W57CrMHaqDU
0.26760408,0.014716201,0.037723552,0.1586644,0.020846074,0.020240825,0.03369725,0.053246185,7o3NQnSvJZI
0.30726203,0.013397297,0.06442067,0.18138696,0.043963745,0.03636664,0.061671063,0.09089348,i8lX1U_lm9M
0.0037570295,0.04268845,0.06275806,0.32947388,0.054948576,0.074166514,0.040489204,0.11618398,s_zjSB-FSZ8
0.3584707,0.08689302,0.050559524,0.14121737,0.059624843,0.048690047,0.07987092,0.075953394,PTSJC9Tmt4E
0.1906052,0.009648831,0.08795361,0.46010867,0.06681129,0.10893029,0.055823628,0.13792184,6RiKrbFX6Kk
0.37449363,0.013466713,0.021781469,0.2384505,0.022935232,0.015188335,0.016520804,0.034411293,WyHoaThrxSs
0.16491766,0.026722329,0.04190004,0.28584337,0.020425651,0.037357327,0.029360313,0.15056558,UXB7aWq7CQM
0.0004691817,0.06851897,0.12971239,0.43355164,0.21923305,0.1146289,0.18463294,0.15850368,xDPZu1ZxxgE
0.32449514,0.024318827,0.07076936,0.32603002,0.031747386,0.06366176,0.041350204,0.10524063,UEaRXJyFJ3M
0.19250646,0.03049926,0.08473519,0.36960545,0.045609564,0.07172601,0.04520988,0.15890159,7Bwd501arjI
0.28034392,0.027580723,0.060672108,0.2806194,0.026906315,0.0477243,0.033166144,0.08589038,BY3xHZWew2o
0.14018306,0.10634898,0.0817469,0.38227236,0.044000927,0.054506816,0.046455912,0.16215026,ecUjp6g3JIU
0.18844567,0.086087525,0.19302376,0.49067932,0.47574288,0.21724157,0.31153455,0.299626,gKjDjqp_ys8
0.16100934,0.049898956,0.09272794,0.2948249,0.10616994,0.12563722,0.08874452,0.14524956,4hSZzyN9RX8
0.15221643,0.090114996,0.92006356,0.43509352,0.22757594,0.19020289,0.6156293,0.2571396,Wzp37Lf-58w
0.091636136,0.089041,0.10700813,0.3499987,0.023033977,0.027897049,0.037303135,0.2879274,rud7JTonbXM
0.11565824,0.013258465,0.06270164,0.34132934,0.023455424,0.035589445,0.027815873,0.06937788,CbNaV--NsYI
0.26942688,0.0039567146,0.0948731,0.306028,0.070778675,0.11154566,0.08598943,0.13272458,BzbbqGY-aJU
0.18378069,0.037194733,0.04181675,0.27518317,0.012877907,0.025021119,0.023201646,0.14844948,x4y4ExdowJA
0.13537517,0.012356056,0.06267864,0.36236948,0.04528043,0.046872884,0.029809294,0.073881865,GDVUIgsKUF8
0.12652008,0.03599298,0.056343008,0.28116095,0.026532618,0.05225802,0.03903526,0.23545828,K7L443Jy8Po
0.18744434,0.009926494,0.08388083,0.39264423,0.030366495,0.030865975,0.027381452,0.067639105,vtlF0GTdGUM
0.115479656,0.1250247,0.09331629,0.31367776,0.12560487,0.17404698,0.08691691,0.1482344,SQY07nHJlrQ
0.44040394,0.033246122,0.06972345,0.33324993,0.029213607,0.042997316,0.035193272,0.0840179,ouxrtiK7R7I
0.27360243,0.0090240855,0.07077482,0.28086933,0.03804367,0.04762938,0.04868875,0.09749449,ME3imM1SfbY
0.040568687,0.0681194,0.09821188,0.44460386,0.07539217,0.10889862,0.09585592,0.32739332,DubwltPjtx0
0.10293582,0.027409043,0.14312327,0.23209852,0.124021724,0.09548194,0.23793383,0.17109501,p8hcglIkAwU
0.017513406,0.056931525,0.038180687,0.40656158,0.03620227,0.09957513,0.028294131,0.15211262,4cnTO0OY8VM
0.13729924,0.016521018,0.06147593,0.34234238,0.023951003,0.03659143,0.027554965,0.07045222,3hNzvznXOg8
0.0003820504,0.027237365,0.0546286,0.34334072,0.06203427,0.059362046,0.059175733,0.065858394,Trd4PwH85R8
0.00711409,0.0681194,0.14233188,0.36340728,0.02945806,0.052351788,0.07865543,0.2698192,0DRgr3EQKaY
0.7145548,0.08850401,0.28182277,0.4667088,0.11455839,0.13723032,0.23974064,0.517695,Yid881W2lpI
0.032811344,0.07011723,0.05438986,0.21705298,5.4905795e-05,3.2890034e-06,7.818725e-05,0.0003261737,Blk3xZhrHhQ
0.104065776,0.010828903,0.047248602,0.33318743,0.01517898,0.017773455,0.015145978,0.057930145,ctB0pF9HG2k
0.00044830353,0.039254878,0.10729376,0.42050198,0.23658364,0.13719423,0.1563039,0.13349326,y7Ghioat0_0
0.10436122,0.14328592,0.072453916,0.3312825,0.053456426,0.07547271,0.066515476,0.24337023,7mL8rOrd1HU
0.78459173,0.048868883,0.10494752,0.35855824,0.083446145,0.04626248,0.089953266,0.102837615,49rOiAaAqOQ
0.033224914,0.07131593,0.11699724,0.46095943,0.12464144,0.14961152,0.13286571,0.42039967,u2gfXGhxJ4E
0.20670106,0.004685583,0.13213778,0.2527966,0.15347369,0.21977721,0.16434336,0.2375034,Mlkd0xyQRlI
0.0595563,0.027065687,0.06153586,0.3258478,0.02902024,0.049394287,0.03826886,0.2232601,9jtPCPWkKX0
0.00076018786,0.02262963,0.073895425,0.3718121,0.11383092,0.06742282,0.09847237,0.08780652,ldbBmKFoydI
0.00013455417,0.008954669,0.13987672,0.33921576,0.19274893,0.35948285,0.11647177,0.13797371,eZgvODaokSI
0.0004388457,0.03839648,0.07591747,0.3784324,0.13024691,0.067348324,0.102217466,0.103602774,nBjP3kbY4P0
0.059384402,0.027752401,0.047088232,0.34681338,0.021496113,0.023620067,0.028763717,0.12223407,iK5hj8mLiF0
0.13886225,0.004373211,0.05686708,0.3931729,0.03957076,0.032931235,0.077629656,0.08827485,LdkKHDSZJrw
0.036050647,0.0040087765,0.1601449,0.3351291,0.11634817,0.11088318,0.13478993,0.116470374,Z4ADn6Tb6iM
0.35813323,0.06652113,0.07677727,0.2866013,0.04480696,0.0542346,0.064975224,0.09315733,_brGg8-GMJA
0.3505482,0.031529333,0.05885917,0.21667272,0.025678933,0.027920092,0.038757697,0.06877005,BeiFVfyiSiw
0.007005981,0.0060739038,0.052954257,0.26800734,0.024937598,0.0409989,0.04296329,0.21190938,EllTLM55fsA
0.054363012,0.0168681,0.11080426,0.36465886,0.06805775,0.05367071,0.11771334,0.31365442,OyN6iSopMPU
0.26760408,0.014716201,0.037723552,0.1586644,0.020846074,0.020240825,0.03369725,0.053246185,Tl-VTkh1yts
0.66715586,0.31693128,0.14591976,0.3940801,0.2162098,0.58523935,0.19093606,0.35623387,lEddMuTXYXI
0.2968108,0.0022733754,0.08411918,0.21025133,0.038691357,0.059864003,0.061865654,0.07761833,rgm7wOoqJrw
0.008797801,0.0040087765,0.4221505,0.5899891,0.18499878,0.15555929,0.22824515,0.33423206,Fk2iL5NoV2c
0.26760408,0.014716201,0.037723552,0.1586644,0.020846074,0.020240825,0.03369725,0.053246185,vZC3XjFiEO8
0.4779845,0.12695669,0.088982396,0.32485545,0.21838774,0.113306366,0.12024895,0.24404255,eRuxs80FTf4
0.16309479,0.07690986,0.14981078,0.29345727,0.19575332,0.1438848,0.16337238,0.22562823,2Cr7VRBfJOw
0.015568517,0.083939545,0.08418876,0.45108017,0.06597452,0.085891426,0.08258664,0.22868186,sNF3CNcVxPU
0.12213852,0.06971766,0.14837168,0.31384787,0.07064743,0.12821104,0.15110262,0.25426996,vVc5epeae8g
0.09979076,0.00999591,0.13309166,0.26398918,0.0581201,0.06139502,0.093447946,0.19503076,1S_usvoLBlY
0.019260785,0.086087525,0.11893947,0.4717146,0.07562144,0.11842154,0.108090416,0.1952247,piTHk4PEkPE
0.009145519,0.059328925,0.0729299,0.5269331,0.11490435,0.16946171,0.10023639,0.3570277,EwhoJUZkzm8
0.08619047,0.016035106,0.1513498,0.39681405,0.050548103,0.072093725,0.09553728,0.2385352,cRgPvITcP0A
0.19356294,0.020685982,0.040853675,0.30783233,0.02047343,0.038935293,0.02353164,0.17112206,zurOGnOYeyM
0.17621933,0.0669207,0.048661098,0.2819807,0.07043421,0.06853835,0.04498751,0.091942735,8Xqmf8vTpbw
0.05565165,0.057331093,0.0481629,0.30644926,0.020657452,0.023196766,0.017891886,0.046197597,FKU2zCma9ms
0.18216296,0.074912034,0.046295304,0.28368348,0.026518824,0.04007121,0.030711906,0.07324014,CzqvRnDR4XQ
0.08326374,0.014299706,0.05712451,0.26312578,0.015210296,0.01617962,0.0215766,0.03781262,sEiZbIk6Mpo
0.26906696,0.005275619,0.069070995,0.2851746,0.07269681,0.051920764,0.06990412,0.07883902,LOTMsBhOt9E
0.0005180832,0.008746422,0.113795884,0.2955359,0.2462797,0.14833184,0.19752157,0.22234736,yxRx-hCa7pM
0.13923144,0.1423886,0.13991421,0.671325,0.20689097,0.112947345,0.14843033,0.1696302,hDIaj6K-3hA
0.062565155,0.034104515,0.032428812,0.2772375,0.01075086,0.011262049,0.011839873,0.053771526,ckZ2HXFPtXY
0.15836978,0.052935857,0.10780972,0.46188623,0.12721317,0.12924871,0.110983424,0.18790166,2T2e7VoQJxA
0.20159382,0.032902762,0.034927774,0.33073214,0.0065851887,0.0063775885,0.0075423387,0.019849125,6Zpp89qojMY
0.0008687308,0.007427517,0.06607639,0.44861656,0.07830922,0.061013892,0.08020414,0.080789395,6M310hxIGik
0.08365999,0.022773718,0.13869062,0.4533232,0.22814548,0.23329447,0.16964649,0.24840221,WASEyz6IUwc
0.4366797,0.15568043,0.18005389,0.6588474,0.24505676,0.20216267,0.18772979,0.29535028,yiBe3YV3VE4
0.2017224,0.055333257,0.078564435,0.34709483,0.053471223,0.090381294,0.063619755,0.12523556,wwYPcD9H3bs
0.07904272,0.08689302,0.22425108,0.4055564,0.21112512,0.12865734,0.192336,0.16798206,1ym_q_oXnMc
0.027376372,0.1473238,0.04729955,0.44040924,0.19405264,0.20930032,0.08248488,0.3715065,C0uALyvraIE
0.07909686,0.014577369,0.38013425,0.31132567,0.2123232,0.35556698,0.32197592,0.36653018,0rNpHKSjIdQ
0.2894621,0.011800728,0.054297242,0.21339206,0.03624313,0.03732789,0.04802597,0.073005825,-E1tmVwtqAI
0.08008731,0.04406188,0.04813801,0.27574188,0.048375215,0.067674935,0.040448237,0.08783773,a1_hNAijyCE
0.3760796,0.014993866,0.05217237,0.23220757,0.101696976,0.121613674,0.10874127,0.1746847,tHoN1gYSAoI
0.1535639,0.013744377,0.05658764,0.33512828,0.019324472,0.02888224,0.023226744,0.060295388,XDXvgpg-Q_s
0.11698808,0.014022041,0.07413188,0.35725275,0.052427694,0.07816741,0.043300327,0.15502772,Oe4UHwGcsdo
0.16481642,0.13296685,0.07992981,0.29782903,0.043303084,0.07148025,0.052488584,0.11837518,eBWK0SENsME
0.19318181,0.039254878,0.09641708,0.34324276,0.12602942,0.112523384,0.11172276,0.12587123,8P8xspb7-5g
0.05741451,0.023117077,0.060669947,0.2713585,0.025311317,0.038387466,0.03224364,0.070822984,8dldC-HmO_E
0.16364653,0.0045120427,0.06470021,0.3159143,0.029676924,0.030626776,0.045235097,0.19016771,3G-w7FdPhKs
0.16018558,0.04268845,0.056598023,0.33381268,0.062557876,0.057272565,0.054585334,0.16261116,68e-N4kSNjk
0.17384537,0.0068374802,0.07357833,0.36140916,0.05860513,0.071864516,0.06497467,0.109785266,m1-ecNrC2Xc
0.17755233,0.039598234,0.09179076,0.28213075,0.055084564,0.043504253,0.0706652,0.1262786,Xy3awIxOJaE
0.13371447,0.012425472,0.2636416,0.46100286,0.11888199,0.12535344,0.23224415,0.7688261,tC-0jTn8LHA
0.039049555,0.058130227,0.087063335,0.34988597,0.09599477,0.121839926,0.086450025,0.30680266,Hu-eHbRSesY
0.33233958,0.112144895,0.10550812,0.5784016,0.060816463,0.043905947,0.063263096,0.25710398,s7RQ2f9NV70
0.2667963,0.045778666,0.030906145,0.33663318,0.036508303,0.03330986,0.019390445,0.046629105,rgXjfM5Kbb8
0.4441148,0.0039914227,0.12887493,0.2700429,0.16267107,0.12935658,0.102425426,0.18845432,WXUd6OhY5Ww
0.005001789,0.092262976,0.10458176,0.396894,0.14732136,0.15392531,0.14273019,0.19009876,Tw63QFIdGno
0.18431059,0.053335425,0.15683785,0.27140817,0.19763526,0.12947588,0.26638338,0.13734505,qXIvbpRmjzM
0.055651672,0.12244874,0.0845621,0.40605724,0.08693138,0.09274507,0.08197107,0.13806988,YKF2Vkga77k
0.008162911,0.06132676,0.14752954,0.35338402,0.2495859,0.13585733,0.30244607,0.35300508,g00REbneSog
0.6391375,0.008156385,0.075688645,0.2896443,0.032156467,0.030844029,0.055264294,0.09270809,w2WddjKWSag
0.1576322,0.0068027726,0.062111758,0.33680367,0.028938478,0.042310666,0.030562576,0.07609792,2TDUK0U2unE
0.01709452,0.09655894,0.08147513,0.4307999,0.11232009,0.06665478,0.07970127,0.1900521,-4sY7rk5BX0
0.06380797,0.31671798,0.13122116,0.33166832,0.5792771,0.25589064,0.38018483,0.27161834,u47x-13rMr0
0.18095553,0.10699297,0.02079323,0.25850803,0.01215826,0.020425273,0.017408174,0.0886769,zqHRIQcQckc
0.17596385,0.027065687,0.061657865,0.34313622,0.023189252,0.030644547,0.02605431,0.06582665,i0Rfoadk4EA
0.14284714,0.036679696,0.062065937,0.32235426,0.024565998,0.03734614,0.028638054,0.06960461,MUjDJfJFnGY
0.25640988,0.09816993,0.030995443,0.20244612,0.016801555,0.025929485,0.016967174,0.051751208,zQOP066LVY0
0.05905875,0.11343288,0.08986808,0.37110347,0.13048965,0.1406646,0.08026959,0.1434919,Y7604eqB7kg
0.3889338,0.028954152,0.044984438,0.23183466,0.034234233,0.037925214,0.034634627,0.07403472,ATWLaj8ccKE
0.32449514,0.024318827,0.07076936,0.32603002,0.031747386,0.06366176,0.041350204,0.10524063,BIYmT2RWbiE
0.19431268,0.005830948,0.115164906,0.2677831,0.020560287,0.018148312,0.017572546,0.02789466,agJTU8L00KM
0.28631118,0.13565879,0.07885039,0.24388564,0.073571846,0.074372366,0.07014633,0.09567755,_rZXcIToTCQ
0.35273793,0.089577995,0.07417242,0.21058011,0.024357276,0.02464387,0.04090736,0.06432943,4ypH6mX_TAk
0.3043697,0.10699297,0.11704043,0.2480484,0.16995372,0.1327179,0.12894472,0.13262588,AA8C9-kQ2b8
0.21634135,0.0041996706,0.044260636,0.29830128,0.022514848,0.015469506,0.031210491,0.073393054,ZOSy0mx_CL0
0.21007012,0.030670939,0.014863391,0.20204291,0.026267258,0.047273725,0.01459956,0.038618952,F0tYM41SC8s
0.31499177,0.008954669,0.10131176,0.30550915,0.094205044,0.080014706,0.0961081,0.10931831,X1cmDo8m01Q
0.02829544,0.0495556,0.058685955,0.45991185,0.07853036,0.12268839,0.05197773,0.19439852,ZggiaWQKGY0
0.18406184,0.019019997,0.1440461,0.27985212,0.04869162,0.062185764,0.13168347,0.15868957,biywwt5GMDY
0.19971901,0.15976663,0.060824584,0.323918,0.024706325,0.036369335,0.028895667,0.071490176,gvN7NL4jiuo
0.18705565,0.042001735,0.18234344,0.3407588,0.12667862,0.1722209,0.14109714,0.17828801,NBRSglR_6R0
0.37012973,0.058929358,0.10772668,0.25905278,0.061379496,0.056420512,0.087419055,0.10240005,4Hz8Mk6Mavw
0.09734893,0.03753809,0.035919663,0.25210592,0.017741345,0.031050393,0.029160064,0.15492246,-9nyli9FW3U
0.06464609,0.043031808,0.11094062,0.36193612,0.11947844,0.10065808,0.095255986,0.09280017,7s-pnyCVmyk
0.19218218,0.046465382,0.12599035,0.28222013,0.06365322,0.0657251,0.08845594,0.09768036,-mGDx4OpT8M
0.14837357,0.005275619,0.13512993,0.4995147,0.10944352,0.056542333,0.07964413,0.20039995,EbU8Svgdz8k
0.17596385,0.05133759,0.0384342,0.35251066,0.02862141,0.033919975,0.02720106,0.04792384,_P1Ga7y8xKg
0.11280146,0.01492445,0.064946644,0.34080264,0.07160825,0.10803737,0.05085287,0.10507838,S_mPwsU3xnM
0.30726203,0.013397297,0.06442067,0.18138696,0.043963745,0.03636664,0.061671063,0.09089348,GI0fuZAVnqo
0.342727,0.012217224,0.045980837,0.21654978,0.042905375,0.04355823,0.04914853,0.08336204,i24TEW7Igts
0.038557537,0.025005542,0.16241625,0.56523716,0.16859819,0.18180647,0.15471718,0.24850677,P4SIDpdkEHw
0.15581217,0.016173938,0.10643877,0.29879236,0.08605066,0.058666043,0.09103672,0.13838053,xZu2qhVQdsk
0.053346775,0.011453647,0.095066786,0.33138257,0.17717001,0.14155664,0.1445019,0.19644788,D4iZXOIm8QY
0.5680319,0.2145095,0.14122164,0.32003692,0.10899061,0.15592735,0.10052166,0.112605825,kZbfQY6kvXU
0.108773015,0.0358213,0.08531475,0.29508725,0.09718142,0.15827043,0.07295088,0.17726532,19PbZCQl-8E
0.19014537,0.022773718,0.08157149,0.2557573,0.087068714,0.077916086,0.08522534,0.113494724,H39enyLjGiw
0.129979,0.068918526,0.06852531,0.3494411,0.065788,0.10030357,0.04992787,0.118923485,ETQKXTgTwow
0.26550046,0.0765103,0.045643106,0.3684716,0.02966046,0.038183723,0.024589343,0.06765264,KqlFjtoIAXQ
0.26329288,0.017423427,0.03162186,0.14691778,0.032037623,0.03335944,0.04103418,0.08546957,Qj0ZsHuy484
0.26760408,0.014716201,0.037723552,0.1586644,0.020846074,0.020240825,0.03369725,0.053246185,DinCM5ErKF4
0.16661036,0.009648831,0.152768,0.27748057,0.14785963,0.25167394,0.14980099,0.13907334,7nbgKOeoopQ
0.015725693,0.087430015,0.061816473,0.43063325,0.050563723,0.06275373,0.03180371,0.08310298,lthMJ1fua3c
0.4796546,0.0358213,0.07705678,0.23917884,0.043309413,0.035994012,0.064403445,0.073579274,c4rwYnSmR7I
0.26760408,0.014716201,0.037723552,0.1586644,0.020846074,0.020240825,0.03369725,0.053246185,JgAXEJES6m8
0.07711937,0.13251819,0.05714665,0.3565741,0.03185966,0.06578229,0.045980453,0.23815863,gjWqoo1I-4M
0.009324935,0.011523063,0.098640256,0.3580453,0.027013563,0.035266634,0.034520414,0.08375314,C5Fvcb3KJfc
0.048866995,0.03736641,0.4026047,0.52792394,0.5480802,0.26551738,0.4397201,0.3537025,OhGlZQ9Kx7g
0.38444725,0.54375964,0.41128623,0.257539,0.7057437,0.27354482,0.92636096,0.21470442,mtgkkAZDXIo
0.13202365,0.013536129,0.047940243,0.18287878,0.01588571,0.02316728,0.028868565,0.04826787,t1yXG7P1CxE
0.12747078,0.048525527,0.1307983,0.45401803,0.10365504,0.076942295,0.08275371,0.11708989,XrvtZlwYdPk
0.18713582,0.038224805,0.12794471,0.39260077,0.13750486,0.15506689,0.1322128,0.26325506,6wZFHQXHIgE
0.06676042,0.032902762,0.20111841,0.3936986,0.08439354,0.08357907,0.0810878,0.08796024,RTm7NIVHAzY
0.23717684,0.09172598,0.24014959,0.4668316,0.07517575,0.028074417,0.11800882,0.11607108,y7z5YolgMBg
0.07140246,0.07251463,0.059137724,0.34394,0.063412026,0.097867124,0.04763153,0.09375541,SwjqUtXu_a0
0.114242405,0.08850401,0.24270563,0.51043814,0.16664296,0.124418214,0.1847884,0.1489651,PNWtrh8-nIE
0.19431268,0.007427517,0.09340885,0.3444399,0.02622463,0.044299737,0.029343538,0.080230035,XYwfx3gNKVQ
0.091300055,0.02262963,0.053011294,0.34008664,0.033189807,0.07525528,0.052658334,0.30708313,IjDSEQaxc2k
0.14050896,0.14014533,0.077702224,0.3649782,0.07971504,0.10061335,0.10460109,0.123654105,oeKQWwrl6zY
0.0701264,0.1250247,0.120748386,0.44889185,0.10381805,0.1287584,0.09440563,0.21464942,PV46bD6H93Q
0.17959236,0.035477944,0.05683129,0.27522606,0.02256576,0.038240135,0.02810165,0.066114165,l_CUfhqIlgg
0.08174937,0.018742332,0.09240045,0.30423394,0.031039178,0.027574379,0.052885246,0.0680374,KVw8hJbH1u4
0.23331705,0.01631277,0.09135612,0.31139302,0.070038,0.08504972,0.11903977,0.0783424,e5kN6i31ZuE
0.095018305,0.026035614,0.04191914,0.33983445,0.01773944,0.03224724,0.02158014,0.14175546,Eke3J-eXsMY
0.26760408,0.014716201,0.037723552,0.1586644,0.020846074,0.020240825,0.03369725,0.053246185,cDdg5Y-dDtQ
0.17328784,0.036851373,0.05202672,0.24973072,0.027942574,0.047265895,0.03355304,0.07106308,ocVPtasjLaQ
0.09154546,0.024147147,0.024348328,0.26072583,0.092660435,0.106582806,0.13431506,0.8763936,-lffbZpXL20
0.009344807,0.031357653,0.06270164,0.3337601,0.06459452,0.126479,0.06906501,0.2989593,1Qw0Mll7tjo
0.23379761,0.027237365,0.07366159,0.3311712,0.034353342,0.058282826,0.036777467,0.09572925,M1ArVX-85yI
0.26760408,0.014716201,0.037723552,0.1586644,0.020846074,0.020240825,0.03369725,0.053246185,6UDzvT3IPBE
0.14280899,0.04406188,0.09145243,0.3626494,0.05010617,0.0863057,0.06522028,0.2541627,2MRKdD3fIPE
0.17176096,0.017492844,0.044076,0.29986253,0.042411838,0.04132598,0.040703766,0.098623045,RsI1WmYRhBM
0.2102241,0.025863936,0.110552944,0.36296907,0.03714331,0.10746778,0.058315344,0.2636802,_-yspUUaWzc
0.15353738,0.031014297,0.06309668,0.30926073,0.019681158,0.027492115,0.02327987,0.05492399,xTwhY9QgM7g
0.0059466474,0.01721518,0.14988774,0.6277877,0.11074004,0.16540992,0.16580547,0.39229438,y7sH8aVunfM
0.30489933,0.39421332,0.3014846,0.40277445,0.2771869,0.14460908,0.2254288,0.30680373,N9O36HfkyUU
0.0066346847,0.042001735,0.20660163,0.45104656,0.13641322,0.1542273,0.18262774,0.75907034,WSiozBdn5LI
0.18602562,0.023803791,0.023096928,0.20777129,0.043659784,0.03646199,0.036639255,0.06898106,IUBOKAMfHDs
0.26760408,0.014716201,0.037723552,0.1586644,0.020846074,0.020240825,0.03369725,0.053246185,j5YkSv-aLoc
0.2064267,0.1609341,0.17447889,0.3313302,0.29799825,0.15601566,0.24847214,0.21776214,OtPIzpVv4HY
0.12741357,0.0765103,0.20826824,0.5271711,0.10593394,0.07798287,0.109566934,0.13335322,hnA5NRWxIt0
0.16012439,0.036679696,0.09570076,0.31307647,0.11509772,0.06558257,0.08809557,0.1122611,_dLCtgHzwWI
0.026627144,0.009648831,0.09360816,0.34798595,0.06150218,0.06918136,0.074685045,0.20298058,qURvyGNJvZg
0.44350573,0.06012806,0.035545353,0.17299233,0.024648745,0.04934449,0.028818928,0.055666205,7v00toMghns
0.27973962,0.008642297,0.12499843,0.32834458,0.106632665,0.0930882,0.107533276,0.12940462,Hyft-wVvkSU
0.11938521,0.014646785,0.04074778,0.17060144,0.016848395,0.02531096,0.027024182,0.050407793,cZMQ-_hP6kA
0.12905042,0.028267438,0.055102192,0.3540794,0.026445966,0.027721945,0.032278176,0.08885066,u6jhoxN1r_0
0.35298562,0.00307166,0.025754226,0.23732665,0.013843508,0.012398786,0.018247467,0.027530132,FIV1hXFVfXw
0.23124158,0.09494796,0.13829422,0.42090085,0.13254032,0.12644275,0.119925916,0.22838911,FEmxexMcylM
0.26760408,0.014716201,0.037723552,0.1586644,0.020846074,0.020240825,0.03369725,0.053246185,Uk_to1Gdvyo
0.3216479,0.003227846,0.061950367,0.25959235,0.040761475,0.040339757,0.04748911,0.09212362,t8KDOsZWW4o
0.0022009911,0.0012234577,0.3015114,0.44107932,0.15510462,0.14470266,0.17656393,0.25456834,VArAaD2aKNk
0.19229265,0.028782474,0.049071517,0.27322847,0.05227398,0.07514522,0.04266509,0.07608481,2IggFah39bQ
0.036164854,0.0011280107,0.2300649,0.6792295,0.14015621,0.1222228,0.1698208,0.17309515,TmK_t5ZUpx4
0.5759667,0.45120096,0.93873084,0.6785799,0.6393009,0.2417172,0.88711065,0.16869153,dk7xCbs5wCY
0.1227384,3.253877e-05,0.106178656,0.28045708,0.061758995,0.17226283,0.09377532,0.114829905,rRk2xmpD7Sc
0.1941733,0.036679696,0.1533866,0.37383118,0.05269835,0.08332219,0.08150379,0.13410547,k27tIDUZPZk
0.04957391,0.008572881,0.20098387,0.5511789,0.1484989,0.27502045,0.23696238,0.4092789,or2aDgYnaoQ
0.3724848,0.040628307,0.054494284,0.22401169,0.029029645,0.037289556,0.037694473,0.08118836,b2DvJW10mgA
0.037838157,0.004685583,0.04264124,0.23701349,0.10127625,0.08840744,0.055846125,0.06582608,_K5685wCPY0
0.14284714,0.036679696,0.062065937,0.32235426,0.024565998,0.03734614,0.028638054,0.06960461,duXJWnKdJKE
0.24147376,0.03221605,0.20543647,0.2792767,0.28867245,0.36626646,0.30783272,0.23634803,osnBBz-ALwo
0.06406367,0.0025510397,0.25792676,0.4587469,0.08975603,0.078094475,0.14676355,0.31814015,_lmEgtf1WPE
0.4900913,0.05093802,0.08574336,0.39825302,0.0717235,0.1072377,0.07258687,0.104971945,-4Q_EEEzPfE
0.38374305,0.10515087,0.030858073,0.1871011,0.019059839,0.021111859,0.027642414,0.18826154,FnK-HyurD8k
0.12558629,0.040284947,0.039399642,0.3045458,0.016016198,0.0242234,0.021334637,0.056433376,wdfGmPe-CwU
0.00034768856,0.021102477,0.13878602,0.4957326,0.15945168,0.1422291,0.16825077,0.15317833,BToefZe9q04
0.17049089,0.02397547,0.06364943,0.30898538,0.029948013,0.05170016,0.029345084,0.0865309,rpLWmVt61lE
0.2427782,0.014369122,0.17280506,0.47539243,0.033184096,0.05661307,0.09387977,0.24994136,zZy38PfzvT8
0.013292713,0.021380141,0.07889229,0.2884301,0.053409968,0.075508095,0.056049082,0.07134711,yC9UDcHl5eU
0.26760408,0.014716201,0.037723552,0.1586644,0.020846074,0.020240825,0.03369725,0.053246185,Vv1GjK2aZak
0.64908254,0.12631269,0.068449154,0.17454031,0.16275449,0.25758564,0.14993592,0.042523343,2lh94QVB3OM
0.18209097,0.004303795,0.13167144,0.38386354,0.017278435,0.021494295,0.02652384,0.06154657,6Rutd5ptjaA
0.20227988,0.087430015,0.10215488,0.35653454,0.07508572,0.05778172,0.08582357,0.17668767,kTZslHOM3Sk
0.06129067,0.012078391,0.16280179,0.35053313,0.2329944,0.15752551,0.16329874,0.5383716,0wkUm4xwm5s
0.091887176,0.05093802,0.07540336,0.26688784,0.0974423,0.15760268,0.0726005,0.17850065,QyRDUMs0rUs
0.129979,0.068918526,0.06852531,0.3494411,0.065788,0.10030357,0.04992787,0.118923485,BwGyuYYvp8E
0.20707956,0.049898956,0.11412747,0.36643767,0.11647573,0.050610505,0.07439787,0.080392994,Jkg5YbWFLYA
0.1441231,0.029469188,0.15378177,0.3116519,0.06176826,0.06622776,0.100715145,0.17726722,1R09p3pQwDs
0.12658581,0.08555053,0.08135429,0.3138098,0.005095578,0.006340271,0.007968792,0.021934746,7A_gtq9HsW4
0.1962302,0.019436494,0.18510024,0.4282435,0.080936395,0.06566748,0.093725,0.118808344,kiYMkgbaLkE
0.21860722,0.01527153,0.042384196,0.3866067,0.045705114,0.086892396,0.03096375,0.1492498,mhGZ8CHVwi0
0.26760405,0.014716201,0.037723552,0.15866438,0.020846074,0.020240817,0.03369725,0.053246185,RNWBT9U1am0
0.012131891,0.013536129,0.13793968,0.2536051,0.24414937,0.3775908,0.14043875,0.088211894,IUuu1YlkBlw
0.13029611,0.042001735,0.14154966,0.56721014,0.1438418,0.12448939,0.0932122,0.3335229,RuW8orZFmQ4
0.13608834,0.02792408,0.04434112,0.3308937,0.022540933,0.022617055,0.020737726,0.051774878,mrKNEyp_Xpg
0.45199403,0.44509158,0.07652125,0.25122124,0.14128041,0.11890822,0.16918963,0.76651466,isAuc_fdwBU
0.0019893548,0.031357653,0.22489938,0.4652127,0.13581398,0.14964932,0.17222276,0.23640953,JLOJWYkwBXw
0.16170701,0.037194733,0.07343628,0.30366677,0.035263296,0.039016884,0.055737436,0.0928338,pABzvxaKv1Y
0.12997903,0.068918526,0.06852528,0.3494411,0.06578797,0.10030357,0.04992787,0.118923485,67HDqHxnlLY
0.3760796,0.001475091,0.12825345,0.34409213,0.120502695,0.086953,0.111649826,0.21053733,R_ovltn261M
0.07471989,0.0016573081,0.03360303,0.2779266,0.03512888,0.041079707,0.029858107,0.10615033,P4sVIVxgUtY
0.18515545,0.019436494,0.056893602,0.41060975,0.095780194,0.112060584,0.05336631,0.15015489,Rt1-ltzVG90
0.43678546,0.065721996,0.13985607,0.3374162,0.11011645,0.23106815,0.16092764,0.22837701,WH-JHaQ3w2A
0.13109337,0.017562259,0.054819603,0.24576098,0.031347707,0.052386083,0.03740101,0.081619345,NyFyl1vJZok
0.0054164,0.09118898,0.14290762,0.4375704,0.18609552,0.39675462,0.20605867,0.58869267,IfiL2LUZN9E
0.010005819,0.13745339,0.090144254,0.38931686,0.0778839,0.09779024,0.072294146,0.14481032,GUrh7sYQW0c
0.13276574,0.0334178,0.21142563,0.3616244,0.20430121,0.14779182,0.15498546,0.32068563,mT8LX5RG4Y0
0.02382413,0.060927194,0.051230423,0.40364993,0.0795658,0.1391365,0.07692155,0.27671227,DiDG87NhzHE
0.16448845,0.012772553,0.07483042,0.35422304,0.03604078,0.05213131,0.037854247,0.0888459,3IgJgZ2ohlM
0.010798398,0.0036616963,0.14068519,0.30673355,0.14650822,0.102769785,0.15607943,0.2220487,X7HWjPFrm18
0.17418659,0.03736641,0.04989617,0.40912393,0.07115444,0.066172235,0.041722797,0.077040195,YCegiHC1NOo
0.4368893,0.0112454,0.1508347,0.47218513,0.29128954,0.121419564,0.31397843,0.8345265,6Fuof3ndDk0
0.31499177,0.009648831,0.07124741,0.2807635,0.036088977,0.024937034,0.039809484,0.050472908,A9WAkDRy4rQ
0.010607822,0.0057268236,0.34563118,0.45627716,0.30745348,0.3086144,0.3152004,0.5990909,l5PKvvn6eA8
0.27698374,0.17957193,0.09695014,0.3474068,0.041192256,0.04938782,0.060455542,0.4159816,teI9aJkeN48
0.45863956,0.07850813,0.0876765,0.29798716,0.19566247,0.14061525,0.13727637,0.12670793,wWQK75Ume04
0.20262426,0.015479778,0.025029933,0.19457355,0.0139941415,0.018378602,0.012687701,0.039086908,4QkQ_Aw8LOo
0.09898965,0.06851897,0.096272275,0.3810671,0.17392683,0.14267172,0.08685269,0.25908285,C00wAsEjANw
0.04684123,0.012008976,0.16215387,0.32267106,0.20376018,0.142404,0.19405758,0.23447025,TbMR7neSaAo
0.3505482,0.031529333,0.05885917,0.21667272,0.025678933,0.027920092,0.038757697,0.06877005,i4SuL-_cRww
0.37949103,0.02809576,0.03474882,0.23341842,0.027404482,0.044371065,0.03387405,0.07211957,jK4uhXULbt0
0.11675254,0.029640866,0.029603716,0.26706925,0.023714676,0.024878545,0.021586645,0.038658354,PkoiXkhWJao
0.21984191,0.14418322,0.48137924,0.39308333,0.2924262,0.43593264,0.39525548,0.311835,nOogVS3ImI0
0.0018331636,0.0035922804,0.10504077,0.25179276,0.040865272,0.059257705,0.113818616,0.07728881,hrSLFtW3iNA
0.03996339,0.0358213,0.11675175,0.4126801,0.101640545,0.09319052,0.09726727,0.12614995,iEPjWwFoIUo
0.26760408,0.017562259,0.03025971,0.14691114,0.011050405,0.015875896,0.020049125,0.04679473,h3OGkGcZD8U
0.07684566,0.037194733,0.06792518,0.3331709,0.04238397,0.043012228,0.048819948,0.085011505,nol9sFuolbk
0.26760408,0.014716201,0.037723552,0.1586644,0.020846074,0.020240825,0.03369725,0.053246185,0dKh-N_UcBQ
0.013587697,0.022213135,0.38355777,0.54587585,0.29619285,0.1907129,0.30819878,0.47207862,KuYfp-B8NzY
0.31142125,0.0253489,0.07645093,0.29756474,0.043537624,0.034243535,0.061206352,0.10175293,ZEv0AWPAJcc
0.10449956,0.025520578,0.07415361,0.28731674,0.054026343,0.060166366,0.06514385,0.11417826,L_2ndhnWFDw
0.18490124,0.11536485,0.21375749,0.5479256,0.14847913,0.20406386,0.16191092,0.24617739,7eKW8pPqpKA
0.14680755,0.13146462,0.20340055,0.534716,0.15151463,0.20973298,0.17715229,0.27475485,6-SgT0eIPxE
0.0012276495,0.14014533,0.05201564,0.3557669,0.08104658,0.11272905,0.065600455,0.1357332,BqGuoA-sba0
0.26760408,0.014716201,0.037723552,0.1586644,0.020846074,0.020240825,0.03369725,0.053246185,8Cdjy9yP3-o
0.103684224,0.007462225,0.090553254,0.4184416,0.08283455,0.047831926,0.06497599,0.103589,vMqdnqS1Gtc
0.28353193,0.015896274,0.05694229,0.22998525,0.030032897,0.027379358,0.04298871,0.2036566,Ocw1PxnKwug
0.5680319,0.15976663,0.08348807,0.23482984,0.07315165,0.09160616,0.08501483,0.4824488,Msg4sFNA8SE
0.047303718,0.29163063,0.15819225,0.50076544,0.1866543,0.1734558,0.11069529,0.2061471,1pVzEcGTCug
0.1962713,0.034962907,0.19939496,0.39776355,0.39585465,0.4093035,0.31377545,0.44124326,LXeLMoGbvVY
0.098735936,0.058130227,0.1721972,0.4280296,0.39111012,0.4456162,0.31182322,0.3140423,ZESQ34UrCQ0
0.26760408,0.014716201,0.037723552,0.1586644,0.020846074,0.020240825,0.03369725,0.053246185,8j99zMnvmzk
0.36273214,0.067320265,0.072906695,0.2009838,0.23803435,0.26920775,0.16467118,0.26532733,18gUSWSTd50
0.09436725,0.0018915873,0.18629993,0.90471625,0.059637405,0.058395937,0.11305205,0.11017758,CRRK55JZaL0
0.10454386,0.026722329,0.050293878,0.3643306,0.053426716,0.068202496,0.03473013,0.10321393,nvhpz9egVH0
0.280392,0.032902762,0.03774388,0.32054555,0.021080857,0.02154615,0.02052997,0.049043935,-PnoOknsk0s
0.32159787,0.34388447,0.10854219,0.32086056,0.29453167,0.17687759,0.15392491,0.17810073,xnfUbW2veO4
0.05972464,0.032902762,0.087108664,0.27395922,0.021019427,0.027739644,0.025560612,0.050922684,jwsYdbrnfJ4
0.29126057,0.023803791,0.05254796,0.17565115,0.032151088,0.03409509,0.049910434,0.069190264,BweHRPOQ0Wg
0.0990832,0.00037311125,0.07503614,0.3618926,0.10190247,0.111626625,0.06537148,0.11548166,FG0ic0XKzeg
0.04067993,0.074912034,0.14875948,0.37723702,0.04790994,0.04132431,0.090470575,0.14078474,CsWa3XkXTqY
0.66715586,0.35227737,0.14591976,0.3940801,0.2162098,0.58523935,0.19093606,0.35623387,MgFPw5OsVZ4
0.3004141,0.008885254,0.041895654,0.25027558,0.045847144,0.022973554,0.0307366,0.0598861,p-tcJ85e7uY
0.7137364,0.31671798,0.041653108,0.22477381,0.12505105,0.1465284,0.20397016,0.877883,yyMHLBlS4W4
0.26760408,0.014716201,0.037723552,0.1586644,0.020846074,0.020240825,0.03369725,0.053246185,m5W6APS7D1o
0.32449514,0.024318827,0.07076936,0.32603002,0.031747386,0.06366176,0.041350204,0.10524063,OSV50Fr1lKc
0.23352464,0.029984225,0.05950679,0.31783178,0.02386222,0.0364394,0.027816504,0.06760566,XECZ9_Qyqrk
0.45281598,0.026035614,0.049664233,0.19831875,0.04812784,0.049273692,0.053644758,0.091483265,ks3Uh1emoFg
0.11708736,0.034791227,0.047273915,0.21398473,0.01651097,0.008288241,0.035990454,0.032578003,OE21ZA9APaE
0.2175096,0.083939545,0.040445812,0.17167176,0.05183987,0.08002475,0.051453177,0.09376998,BM7Sajyy9cE
0.3642233,0.014993866,0.04764442,0.19552124,0.033264395,0.03353865,0.04127869,0.06286641,F_yHv8Qy29E
0.6121197,0.01561861,0.27514133,0.3538061,0.480106,0.19507883,0.50935704,0.27189216,Ab-C06AiuJI
0.27830926,0.027580723,0.07253474,0.26931846,0.0808643,0.052765638,0.07069075,0.090222985,2X36798F5mY
0.35286132,0.22990009,0.13785915,0.33981007,0.092454925,0.086986944,0.11591233,0.24302623,WhD8ZJ6eUvg
0.4657273,0.048525527,0.06598861,0.3267114,0.08759761,0.09174148,0.05524953,0.114722736,5MwPfS1Q4U0
0.26760408,0.014507953,0.08877537,0.21051615,0.053047027,0.07558422,0.08496009,0.092656635,WaRN-yTcGao
0.32611206,0.2286382,0.07244731,0.25243017,0.19026563,0.083621286,0.34565708,0.10209118,_pCGMzGen-s
0.28896788,0.056931525,0.08244936,0.23019248,0.017581757,0.02974678,0.03907525,0.15268274,aT3dOTk9Q2w
0.17293823,0.19936113,0.04785279,0.18705925,0.02398699,0.032778252,0.03701734,0.06465091,u2Su4nu_bic
0.12895544,0.037881445,0.032667812,0.27208188,0.017556585,0.019881418,0.024168724,0.09246852,e1HgWZJAouQ
0.2530612,0.020963646,0.0527705,0.23550977,0.035871536,0.035880875,0.04295469,0.06002103,yI_yqOsEBos
0.13972579,0.016173938,0.099255815,0.27107292,0.06475875,0.09172564,0.089462765,0.10272154,RUT6iFZYnVw
0.31555206,0.03994159,0.050078817,0.25578392,0.05354764,0.044859827,0.04862704,0.074301936,0vBhEDbIy7g
0.07583986,0.12051678,0.124424845,0.37945214,0.29730472,0.58523935,0.17811261,0.23400182,bY2tA0ahH1g
0.26760408,0.014716201,0.037723552,0.1586644,0.020846074,0.020240825,0.03369725,0.053246185,EP8l5QlVqVw
0.45474076,0.1464265,0.056613095,0.37729758,0.046504308,0.08542302,0.04328766,0.05952064,9Ilr7B2lGQ4
0.25616002,0.012703137,0.04041516,0.3378382,0.04383734,0.053270478,0.033425916,0.07200687,ZkPIF3Rscqs
0.41316444,0.104076885,0.1631162,0.3483302,0.13251077,0.08424079,0.09794784,0.06823618,L6_50b42iwE
0.051098943,0.031529333,0.094043724,0.38005635,0.063579604,0.062822245,0.096955076,0.13571866,Dd5crLLW0Og
0.21658944,0.01492445,0.07627347,0.17037706,0.033058107,0.03951668,0.062093724,0.0682066,XtxT-vlus0E
0.03099931,0.008677006,0.03503798,0.31018895,0.0099220695,0.007201906,0.016427018,0.050969686,aZi-LOwq3qo
0.0003214129,0.012425472,0.11518635,0.5623834,0.32472295,0.24093404,0.16690177,0.4068182,P5gcNZHrOvE
0.16472703,0.03839648,0.16184513,0.35134372,0.11199587,0.17874184,0.12091767,0.27601716,qZBQnAY6OBY
0.44626465,0.035649624,0.18314072,0.3546408,0.117895104,0.06457332,0.0875205,0.06378518,vVNyPPyHTjE
0.05556933,0.00017137086,0.09191976,0.35935313,0.06476615,0.04131106,0.07953085,0.11609775,KZvaC2q2wzI
0.054045428,0.003262554,0.13903935,0.3495012,0.05173682,0.07153977,0.11160814,0.1965637,FW9gVpzvSZo
0.26760408,0.014716201,0.037723552,0.1586644,0.020846074,0.020240825,0.03369725,0.053246185,q-vPpvN0i_0
0.12134477,0.007496933,0.12611452,0.35312313,0.06412092,0.06658599,0.090216205,0.14029308,VzPFL3Ky7bI
0.10680459,0.0033493242,0.18772921,0.35682496,0.3600135,0.35407826,0.30065355,0.28899416,qqQeyaWGMio
0.062206797,0.02124131,0.042348213,0.19691654,0.014915412,0.017665036,0.026260018,0.053480208,bgtnI4t72FE
0.053433593,0.017909339,0.069646,0.28077418,0.040268842,0.03600588,0.07887709,0.13790041,xFupvgP6Dog
0.19855735,0.039254878,0.0905304,0.31619906,0.03432674,0.028463451,0.052717857,0.051272165,Vata1g_LKvA
0.26760408,0.014716201,0.037723552,0.1586644,0.020846074,0.020240825,0.03369725,0.053246185,B479QlTK96o
0.37267807,0.5810591,0.1590864,0.3968158,0.734651,0.17901404,0.30184093,0.26751897,kp60Kks3vo8
0.005068925,0.062125895,0.0880763,0.33987147,0.24513952,0.08334542,0.15642713,0.1325341,pXTPfxtbWUc
0.37015346,0.0019089412,0.0667904,0.2283571,0.047615267,0.048462365,0.06333164,0.06683137,OJLzrmtTvXg
0.049683407,0.009440582,0.13823918,0.35018647,0.1209466,0.09325473,0.09592911,0.16447024,EIoVkiS1TdM
0.2444303,0.01263372,0.053361945,0.23766647,0.1044552,0.07955238,0.068700425,0.09551094,SImFeCy-gPk
0.160073,0.030842619,0.13675205,0.40161106,0.044989415,0.04096688,0.048629455,0.068271,FbIy1Jal_nY
0.17076206,0.2459383,0.8477849,0.5591692,0.32898617,0.13416378,0.65128225,0.1977329,3MCxeB1XTeQ
0.16087162,0.020963646,0.058268886,0.24110106,0.059868507,0.07305847,0.054243356,0.23505686,KAdh6HPfnzE
0.0045708464,0.0009891787,0.18907292,0.5353979,0.30965045,0.3422858,0.31098536,0.29926914,mUItNPIAJT4
0.11878001,0.014577369,0.048137527,0.5171807,0.04926152,0.039863758,0.054152843,0.24347658,Zwb_us0bAtI
0.34187725,0.038911518,0.03679553,0.16193213,0.012920112,0.01786023,0.024459329,0.09659377,IT4bPL50beQ
0.106475815,0.089577995,0.15056823,0.45773894,0.06099801,0.05336623,0.08626954,0.14815444,gbFZ8-Y4z60
0.14087945,0.0023080835,0.06299687,0.2307698,0.02578939,0.024877269,0.05191537,0.063402206,wR_hDdcdls0
0.10856733,0.016382186,0.04939705,0.2290879,0.015720535,0.01880161,0.024194518,0.05688964,Vln52LF0ajg
0.2008687,0.03994159,0.09414913,0.28206033,0.09609513,0.06948085,0.08900224,0.3745735,jOGSLY5u940
0.35443765,0.0085381735,0.046478845,0.1966041,0.040137444,0.04161371,0.044476222,0.06773875,vHnghDr_TDA
0.300155,0.105704986,0.06116603,0.28176248,0.13413544,0.17979842,0.09145944,0.43505514,LJDrjwPmIf0
0.3264116,0.07451247,0.03832861,0.20243025,0.061969444,0.049208835,0.04616267,0.06501477,mIT0sXq7VsY
0.26760408,0.014438537,0.074996874,0.21154884,0.099045224,0.11433464,0.10682187,0.16347522,agb0mSg10bE
0.12255906,0.018464668,0.05021031,0.28556368,0.016605232,0.023763156,0.019748794,0.052014768,P9UePhILSk4
0.19933572,0.011592479,0.056891035,0.23246606,0.041594967,0.051603265,0.059600428,0.09519833,f1WUOvYtjRk
0.16582264,0.009718247,0.09843361,0.27530742,0.08231351,0.07397033,0.09142438,0.15389147,J0DDNFDyPv4
0.2021252,0.020269485,0.09669656,0.33852276,0.056928996,0.05337742,0.07026255,0.09526293,oqpqIWKWg_0
0.15091555,0.015826859,0.13434902,0.38597134,0.042539712,0.13215587,0.104191035,0.30832613,GKJFmCz37Ec
0.00232465,0.04406188,0.10252099,0.3936266,0.1184165,0.05097624,0.12758614,0.08386089,zKf_YJEbqiE
0.12169527,0.009648831,0.05812499,0.25037065,0.024994543,0.030202618,0.04067155,0.12754916,AWC-CGiq8gc
0.123660564,0.030842619,0.06511043,0.26377648,0.044389382,0.04491561,0.03669213,0.06915402,jOojhW3WP8k
0.18000408,0.04165838,0.11551324,0.2617152,0.17798047,0.14258479,0.15569128,0.23455894,r5xIXu3tw0w
0.28664526,0.042001735,0.102809,0.22184318,0.18831387,0.18068789,0.16329204,0.15796739,BDJqP1n3Z0E
0.34864095,0.09387396,0.049450655,0.18072043,0.029664371,0.035000283,0.034509942,0.05930015,qc0TWVtozio
0.28417805,0.017770508,0.13150129,0.51996964,0.04573108,0.027393753,0.054514546,0.09884586,oppcA2cVru8
0.17281367,0.00013449359,0.18129379,0.37032172,0.17395343,0.16955934,0.2122251,0.1170721,JoJyPyXN9Js
0.44918922,0.18647896,0.03598177,0.1982875,0.049613446,0.200965,0.067781575,0.07943665,7t4IvTzeIdo
0.018019574,0.006212736,0.24266905,0.46877605,0.1467141,0.13954617,0.19109139,0.33573836,qxvo8wHw15s
0.26473022,0.057331093,0.038577307,0.20133056,0.02303746,0.030502014,0.030658618,0.059721522,QeAvdjp_eSU
0.123222865,0.20302857,0.778477,0.6276964,0.23918524,0.15431306,0.5526443,0.2751983,poDu0nCvAko
0.019410193,0.16275369,0.12073171,0.37616214,0.067204535,0.0888437,0.09646813,0.11816113,exFs02ka8w0
0.2955114,0.05133759,0.053675767,0.28532928,0.028604984,0.023970732,0.039069984,0.07014169,7VmAQqi3OJc
0.16891089,0.008156385,0.057300087,0.37853423,0.06885992,0.058439482,0.08056035,0.068641156,MOmzcXLIBF0
0.0040289857,0.17661177,0.13817187,0.3597272,0.13306674,0.119760804,0.17062017,0.33705574,t22wy4c-A-A
0.27796233,0.022773718,0.11810029,0.28872705,0.12526195,0.098055184,0.10724445,0.12684965,-wynpGOWb80
0.18195455,0.0004468658,0.17118236,0.3574187,0.046405517,0.0470114,0.11078314,0.15633276,Z-mRB6B7trQ
0.07963849,0.026035614,0.02792977,0.15880272,0.019710777,0.01756577,0.028497137,0.04641818,99MeNSs4rWM
0.013987077,0.00315843,0.07162897,0.4007714,0.017385771,0.021753106,0.054878496,0.1521506,lLUX5Z59ZKU
0.26589167,0.07451247,0.13085775,0.46398023,0.16572969,0.11202961,0.113945924,0.17534706,U9NKvT7Iuhg
0.19580002,0.04131502,0.52223486,0.6684387,0.17281824,0.1701978,0.30975154,0.4823031,VF9o02qVOpA
0.083820425,0.009093502,0.17045975,0.5296776,0.11734304,0.09891593,0.105104074,0.26400533,O_87PvII0gE
0.09432832,0.070516795,0.50378406,0.6763901,0.20177987,0.16863859,0.30658808,0.26898938,PWD405o9GIc
0.11396639,0.026722329,0.08698348,0.26185837,0.021901075,0.03018546,0.045402374,0.07235328,_Gd1KepW4i8
0.12920563,0.1530536,0.06458113,0.176646,0.119603775,0.13884172,0.16147147,0.16301183,KvIGn-7WEMM
0.14105657,0.015757442,0.077205665,0.27492067,0.06724831,0.052142713,0.08771392,0.24370599,_7rOKmEXnS0
0.036166273,0.13146462,0.13578224,0.47192648,0.18730395,0.35164905,0.14953071,0.31255138,2fW47eth-wc
0.09881612,0.0051714955,0.18870887,0.44367218,0.092763625,0.072931804,0.16664411,0.1337662,e1axlBpCCds
0.26760408,0.014438537,0.074996874,0.21154884,0.099045224,0.11433464,0.10682187,0.16347522,kaZCUXQFN7A
0.03775594,0.014855034,0.2746098,0.6690372,0.12684329,0.18142419,0.27107602,0.3649031,NV9iOpKPQQs
0.0655165,0.008399341,0.09234695,0.3807595,0.12024799,0.08576485,0.09672498,0.14783195,l7Dti48hhW0
0.29707626,0.07371333,0.12897488,0.36836767,0.12642989,0.19030105,0.11732234,0.32462606,3iTDj1KXN3c
0.44221163,0.05773066,0.05112988,0.29955798,0.0556446,0.052630935,0.03913948,0.1019208,PpvD45Tpu-U
0.09561971,0.009718247,0.07463397,0.33811203,0.01512222,0.020816922,0.034062162,0.07383081,2bD0nuXh_YY
0.24669233,0.061726328,0.05385066,0.36572364,0.04607581,0.05030692,0.0453622,0.09028235,-k2f6bhsMIw
0.1453953,0.010412407,0.10507549,0.30618066,0.056856982,0.08357184,0.08019146,0.20143856,_XyJ3uzgadY
0.23816766,0.026722329,0.05396374,0.31476092,0.11264866,0.071538165,0.046673656,0.24286295,jk79UFcKiO4
0.21643656,0.21715863,0.20352632,0.2452753,0.35046697,0.29872227,0.22508416,0.27561307,kzDAwzC-d4w
0.07626359,0.04234509,0.049577672,0.33720884,0.018968785,0.017765231,0.03893639,0.15469939,n_ab1cRdSuE
0.19556475,0.10699297,0.12277974,0.49616882,0.03887484,0.05386589,0.038970683,0.3163434,UkLfPtYiidQ
0.23990671,0.013050216,0.03489533,0.28612277,0.02547135,0.029018551,0.02281731,0.05650201,WbQysbDgiZ4
0.06442466,0.07730943,0.14548726,0.54431784,0.15527701,0.08898094,0.10450146,0.19039866,QVVF497sIKs
0.26525205,0.020963646,0.12368193,0.34336054,0.122537315,0.19951057,0.10144282,0.16032486,REVCORleLi4
0.18887116,0.0741129,0.13472739,0.42395243,0.17858376,0.25440645,0.11437261,0.59983426,Yqh_03-TFNU
0.12220876,0.09118898,0.12831089,0.3350382,0.03598076,0.039435547,0.1140251,0.1489023,dC6tQLPs2ak
0.16570409,0.017492844,0.016687645,0.23494427,0.026747448,0.015204659,0.012282094,0.024856867,fz_Fygaq__A
0.5800993,0.089041,0.059426658,0.22630055,0.05939142,0.061740424,0.060557,0.35573983,6K9oQlghqEQ
0.25981292,0.27045983,0.078158036,0.37320662,0.23616664,0.1691513,0.19319503,0.5520881,o7lyzKQ_VqM
0.10040448,0.0085381735,0.3610693,0.34575072,0.20359394,0.35829684,0.28139007,0.185455,0V-DF0Y7QFs
0.2099087,0.009509998,0.077872254,0.27365097,0.18467307,0.15338242,0.122457504,0.1947428,CjDETACkSEM
0.26760408,0.014716201,0.037723552,0.1586644,0.020846074,0.020240825,0.03369725,0.053246185,UolbHxXWdug
0.11106976,0.004685583,0.082923174,0.27796817,0.07661821,0.16887851,0.08366099,0.16197033,VDb6sZjmlDY
0.60734326,0.40016344,0.11046405,0.3217216,0.8804444,0.31615525,0.44326353,0.27513644,ID-SrLpl-Xc
0.24074008,0.015063282,0.033885777,0.21519768,0.03060145,0.018432671,0.028927593,0.053680714,4aVE0pe7bXU
0.19875035,0.00020174037,0.06027381,0.21260643,0.07930044,0.15508494,0.07181047,0.29480523,XTXvoHozqf4
0.50429094,0.04818217,0.03567358,0.26934844,0.03339321,0.044491522,0.040090714,0.24691258,YCNnQ8cYIQo
0.37193057,0.038911518,0.058600463,0.21269797,0.065234736,0.12441433,0.06795205,0.113344304,HM_40QDHVpY
0.19249393,0.018464668,0.116155125,0.29457945,0.028718272,0.020029614,0.05294502,0.059832145,Yazf24zabYo
0.09948863,0.0131890485,0.06369331,0.3469308,0.052335873,0.16264682,0.056317374,0.30995658,Gnv7AkN8LMs
0.299905,0.029812546,0.042806704,0.16644527,0.023064177,0.041200694,0.03451335,0.07175834,BFuFZfyjB4s
0.3039589,0.0186035,0.036804017,0.266495,0.026401574,0.022839982,0.033084992,0.056799263,_7PbgmEB6OY
0.21097688,0.004963247,0.064901516,0.18801117,0.042153414,0.075720765,0.054216843,0.121502854,NhRuQ-WTzsY
0.26635608,0.0053450353,0.04986695,0.22082265,0.05055988,0.03614781,0.05707184,0.04843899,y8uLXMcvYzQ
0.18381847,0.012425472,0.04046358,0.16317625,0.03767195,0.066399515,0.048240513,0.07256035,2jdnctoVRd8
0.013524656,0.0095794145,0.07707935,0.31320328,0.031075098,0.045018867,0.049442705,0.1043205,2mJ_esQo_VM
0.164699,0.0334178,0.34738034,0.68943113,0.1440094,0.24663751,0.30709875,0.4964806,sBAZcGwQLNI
0.47167668,0.03221605,0.083237015,0.24317947,0.14927332,0.19609587,0.09585567,0.15196145,rlmnFFdkcjc
0.0940287,0.0048591234,0.118780404,0.43004733,0.09276104,0.07126719,0.114833936,0.17530102,LtLF_m80GeA
0.22892572,0.01631277,0.11514416,0.29254267,0.075165324,0.07176757,0.10414493,0.18934375,dCGoEKrlWIk
0.36455408,0.0008156385,0.05889936,0.32067615,0.075047426,0.05942939,0.04888174,0.08312632,Lx8tZmpeqxk
0.3858701,0.017284594,0.030181268,0.16141471,0.017302264,0.026407909,0.020456225,0.058599535,G9cQfcKR0EM
0.02024682,0.010828903,0.09518473,0.3007787,0.039423138,0.054248802,0.07592138,0.07980049,lWiOx__JvHE
0.6276115,0.21274342,0.050088976,0.18224302,0.1336167,0.13572408,0.2093362,0.7717891,GvioxJUL6C0
0.425209,0.089041,0.07336803,0.24858409,0.07494224,0.16025126,0.06846895,0.088825,RrKMdJTWHv4
0.17921092,0.04818217,0.103246,0.19974314,0.06316573,0.05245434,0.09942263,0.117623724,3dcup8AO130
0.22269396,0.004407919,0.11816869,0.29073343,0.14012383,0.14273979,0.14241512,0.31539333,f283FJDtqzE
0.29101303,0.036679696,0.06357916,0.3877957,0.045420792,0.078825645,0.070988365,0.3001763,6gFbvzGg6aw
0.021689605,0.01999182,0.10398561,0.3657082,0.115196586,0.12285707,0.09173942,0.1032526,ltg4tQoYh0g
0.16547756,0.06532243,0.052234586,0.2599188,0.04571123,0.05438278,0.060155842,0.08716132,FFL4ogRm3yc
0.23249726,0.010828903,0.050579775,0.2079001,0.02183482,0.020916387,0.042827085,0.050991617,avTunGhbzFM
0.7737262,0.064523295,0.030832263,0.2436793,0.019465093,0.038768295,0.019558769,0.06353295,ZtlhThIk3iI
0.03736404,1.7489589e-05,0.16293664,0.5447507,0.13823178,0.14871536,0.20419332,0.30030373,TfZavkIOEdI
0.073620275,0.00057702087,0.05853188,0.17288984,0.047667902,0.04978564,0.08280093,0.076807864,xuTZ_hswu90
0.26760408,0.014438537,0.074996874,0.21154884,0.099045224,0.11433464,0.10682187,0.16347522,y5dyZ7AR55Y
0.0838689,0.004182317,0.058724448,0.2575312,0.037398014,0.045602147,0.049121313,0.10850928,t_Y5F9NjykQ
0.07512947,0.062125895,0.05344877,0.33707783,0.055275418,0.10294802,0.042980187,0.33849818,7jZf70dnxDI
0.1374105,0.014299706,0.12284937,0.39853647,0.15548766,0.07561014,0.124195665,0.1536056,fCDhOSLBT1U
0.17664479,0.031185975,0.06879646,0.38200614,0.07440185,0.06935631,0.055782273,0.19328079,bSSWnXQsgOU
0.26307303,0.029812546,0.076014,0.31889555,0.15943696,0.21908663,0.086337194,0.15756172,VBsazGwbMIs
0.3571343,0.020963646,0.051859163,0.19568858,0.041320395,0.053843204,0.05745866,0.15492766,6FO4GHBu_Hs
0.3687646,0.30187345,0.07738942,0.23686153,0.23702836,0.3193291,0.31085896,0.92843693,i3Bp9EjqHOY
0.2702047,0.054534122,0.086423896,0.396625,0.18159565,0.12557264,0.09957186,0.21850343,30g9hM0xco8
0.38400275,0.03221605,0.060818173,0.26790646,0.117519185,0.11733777,0.09682174,0.19047628,C2JrdONhPAI
0.26760408,0.017562259,0.03025971,0.14691114,0.011050405,0.015875896,0.020049125,0.04679473,iiyMeL7s7iI
0.39164996,0.5363433,0.10852442,0.3557911,0.5673668,0.6738388,0.6071702,0.98462415,5RTDVR2BnuY
0.29469514,0.06372416,0.12923476,0.34054622,0.05734816,0.07982588,0.08175241,0.2217567,qxaTCvvH-9Y
0.57427514,0.011384231,0.05195282,0.337604,0.15673576,0.2633368,0.057477575,0.079784825,z75quMnVunQ
0.4607487,0.0186035,0.049650293,0.19098462,0.042963844,0.042014744,0.054688342,0.080525205,-afMDA4iwYA
0.13164471,0.112144895,0.074212074,0.32971567,0.10113123,0.066846244,0.077085234,0.09052136,LeVK1gwjUhE
0.3397234,0.012564304,0.090360224,0.27688438,0.06301509,0.059485212,0.070625626,0.095789865,FfJ5qbI3Ej8
0.096179225,0.008191093,0.088507764,0.4802491,0.111738205,0.1078766,0.09367462,0.060200885,kORAtmqu7Q0
0.13206945,0.005865656,0.06722472,0.30018365,0.07838609,0.074860536,0.07596883,0.11439605,px6hGXSnqrk
0.22362246,0.0009935171,0.09125888,0.2595576,0.031495728,0.07448763,0.04670733,0.09818392,5Txu_1LUOHI
0.47067937,0.08850401,0.14218365,0.23545091,0.12514037,0.27358988,0.14242615,0.16020902,x58_zJh5PA0
0.64908254,0.17957193,0.09679076,0.1737329,0.20362476,0.39626673,0.17188959,0.07091779,JeR5AD1weeQ
0.2687827,0.01999182,0.036862817,0.24062239,0.034343597,0.021197064,0.03326287,0.063738815,p4lg5HlW06M
0.13543867,0.0026725177,0.12976061,0.33541963,0.083333954,0.08414617,0.11786165,0.316688,2Xh9e2T29mA
0.4389349,0.055333257,0.09283047,0.24158216,0.12687221,0.095333084,0.098018944,0.10861198,VSUaYmsZeOs
0.70840764,0.089577995,0.12408156,0.3778297,0.22182281,0.17312662,0.14304794,0.30181244,w4Phln_z7-E
0.38635582,0.032387726,0.18652107,0.4127612,0.09470004,0.07242762,0.1331424,0.22865066,nXxbo09DxYw
0.4552675,0.17518331,0.08357919,0.402027,0.093686506,0.12486261,0.08636796,0.61762094,DXI9b-v0Gso
0.41505155,0.03427619,0.05742338,0.3035285,0.044104215,0.048080117,0.048410486,0.08413075,zOXt0BTOTN0
0.14725497,0.0040434846,0.38665554,0.49658394,0.13501693,0.093902,0.22739579,0.17000626,xr8cKEAGJnw
0.016490875,0.006108612,0.15125453,0.6150205,0.06717976,0.08232873,0.11696309,0.1743557,ikkBAWIxqsg
0.6527406,0.08501353,0.08142749,0.30586922,0.0669949,0.071983375,0.091663025,0.1741421,HixJH9HcO6o
0.29465285,0.025005542,0.06086279,0.23670031,0.022516891,0.04242087,0.037493218,0.074652754,EDX-KSSITAc
0.19759867,0.0028460578,0.059373744,0.18405962,0.03358303,0.04183079,0.049795628,0.07609583,cC1msntTflw
0.3277762,0.03599298,0.039390296,0.34176213,0.03699916,0.033404347,0.021959705,0.071524985,sSk1T_UuRQA
0.4788823,0.42616197,0.08205708,0.1999453,0.80613285,0.24821743,0.56370884,0.17684379,KIAENRYWKX4
0.056836676,0.010412407,0.0557869,0.4976281,0.063008875,0.08509529,0.03508084,0.15351723,m5oibhwHkXM
0.2699313,0.029812546,0.051127817,0.2557549,0.030181084,0.049415927,0.04426113,0.103542745,_fUd_e3FO0I
0.32668915,0.0253489,0.34606045,0.43614897,0.45025158,0.2605847,0.4245973,0.29719505,GoTSeP6ex1c
0.630553,0.19141254,0.29771367,0.4056863,0.4618439,0.6300227,0.36437684,0.8020807,KF8nkPASGWM
0.7079002,0.2712817,0.04029815,0.35434365,0.18504636,0.15028206,0.061040957,0.091466404,RhzUsZcLFlA
0.27910528,0.029125832,0.30911723,0.45657063,0.13850194,0.1882089,0.20989007,0.37335193,5xJLHY4rp1Q
0.021394745,2.7793533e-06,0.10192974,0.340336,0.083974704,0.1542777,0.062134013,0.12885247,z2Nb2yix0OQ
0.27888402,0.025692256,0.045288805,0.18151134,0.027540976,0.075108975,0.036804162,0.061743964,op9FaQCIjIo
0.27024108,0.02792408,0.05959578,0.31733936,0.04387295,0.07416026,0.044997424,0.121177405,nCsonlZ7q3c
0.27493805,0.017354012,0.037435908,0.23114446,0.062499154,0.04404487,0.050663374,0.15770529,-lV4WOsTnFM
0.34632024,0.34388447,0.17170136,0.40165186,0.5169371,0.36876225,0.40687504,0.6865702,qCL6zdq0_t4
0.2050167,0.0035402183,0.09137326,0.21265244,0.03727645,0.05480623,0.05626841,0.109457925,0S5emDQhR8Q
0.21806224,0.045778666,0.083910674,0.41236338,0.40217948,0.17068496,0.112641014,0.11397365,YUT-p2so_k4
0.4382616,0.1550967,0.116804846,0.53370667,0.25491172,0.22637746,0.18222776,0.5754077,ZL_nkKFXCGE
0.17268808,0.118584804,0.15596321,0.36298662,0.10477277,0.11376501,0.1563961,0.27468926,6KyIX4xXJ5s
0.270654,0.005935072,0.07146396,0.36070672,0.123324685,0.12736602,0.1572487,0.71593636,YnsOXTa96ak
0.41849905,0.020130653,0.03082317,0.21447887,0.021573875,0.016436031,0.02344865,0.07784078,igFH0pAlcGY
0.27146098,0.009162918,0.053275518,0.22406007,0.03987994,0.046443187,0.0532141,0.10085887,G2jEAh_kv1E
0.2512628,0.0669207,0.09035013,0.26066723,0.08125135,0.067537606,0.0877893,0.12309951,n5zxPgzZc8E
0.29312935,0.1256687,0.109369345,0.31186557,0.09210739,0.084613845,0.09952813,0.13742477,FMe_dIX9uGU
0.42904785,0.06132676,0.05815422,0.24303383,0.03808762,0.049470395,0.041225202,0.06972424,Pc1uog2nQrQ
0.18399054,0.009926494,0.05096485,0.32362604,0.031581648,0.035895564,0.031275783,0.061644588,j5PdmOm9i1M
0.27737516,0.09763293,0.06378907,0.4128896,0.15752938,0.10999559,0.08491482,0.1650687,CwpuhL7v7Ag
0.1449848,0.12244874,0.13101923,0.35957593,0.12166215,0.15137604,0.15537006,0.34441805,GtJcvD871pU
0.0004316999,0.029469188,0.06248622,0.4664193,0.058416836,0.09087557,0.06789092,0.14491734,kfxjYmbf9kg
0.43029338,0.09387396,0.23216994,0.43319827,0.120777465,0.11326559,0.17528194,0.27837062,saXMRYt-a1g
0.08921128,0.0028981199,0.14305875,0.40506858,0.05495971,0.046217196,0.11920488,0.102903605,AhUE-iJA5u4
0.2636691,0.02637897,0.1801635,0.43709818,0.08448033,0.1072052,0.15023948,0.23574328,0wkE2-80bwM
0.63420755,0.04165838,0.19701056,0.33003503,0.114758626,0.18862547,0.1798167,0.30846292,Ms9VJk9JsCA
0.01911301,0.00153583,0.15673785,0.3804657,0.08124597,0.1296142,0.05624347,0.12648489,VSV9Uodq6y4
0.26760408,0.014716201,0.037723552,0.1586644,0.020846074,0.020240825,0.03369725,0.053246185,5MDkvgasGlo
0.4000694,0.7382047,0.9184108,0.84875846,0.62916714,0.48519203,0.75908136,0.670109,kWXSc360kHA
0.18171431,0.0006377599,0.08974842,0.22785889,0.067035936,0.060454827,0.085633665,0.098990515,W51EkoznHbk
0.27229252,0.0717155,0.06498241,0.28072453,0.05255368,0.035656393,0.04073334,0.058138028,fLj8PHQ9Oa8
0.189015,0.0070110206,0.04050831,0.14290039,0.02253126,0.04382596,0.03730248,0.055472918,_eLOKPY7LNo
0.3638848,0.18253209,0.07603079,0.27639216,0.07778896,0.07539556,0.08313123,0.09874933,jRGqLEeA_OY
0.0006628002,0.27045983,0.1808647,0.54535097,0.301624,0.39548674,0.21148968,0.66811424,s4kWkxyZhO8
0.19721845,0.03358948,0.059397344,0.2778482,0.030526523,0.034908958,0.047324263,0.10337223,gukLLg-sfGs
0.5721554,0.0100653265,0.07833581,0.32753575,0.054048076,0.053636163,0.08702609,0.3361421,rAxXyMAmBMs
0.26334688,0.03427619,0.14286125,0.57857186,0.0418566,0.024768481,0.049732115,0.07411063,M7QCVhltV4Y
0.0734,0.11085691,0.08833818,0.3195054,0.07915529,0.1365109,0.081029415,0.099793494,JoC1StACIUY
0.19721845,0.03358948,0.059397344,0.2778482,0.030526523,0.034908958,0.047324263,0.10337223,YFQskJ_ngHU
0.18293005,0.00930175,0.09881444,0.49719277,0.08204602,0.07210068,0.0587776,0.11782095,qF9xwjloMrc
0.19721845,0.03358948,0.059397344,0.2778482,0.030526523,0.034908958,0.047324263,0.10337223,91tQxpeFMro
0.26351142,0.01596569,0.044762768,0.34280354,0.04499663,0.029850146,0.02424251,0.25737473,QeLvHGNcV8U
0.19721842,0.03358948,0.059397407,0.27784824,0.030526508,0.034908924,0.04732424,0.10337228,7zbUXg91FZ0
0.56627834,0.08330294,0.072744995,0.2184663,0.077926874,0.09398659,0.09367792,0.33109468,bmYyvk9Lp-A
0.18260048,0.08581903,0.13598262,0.40914404,0.09365588,0.16718361,0.0928562,0.4826396,an0GF8CUO1M
0.3647038,0.0023774996,0.10932764,0.37053818,0.08736527,0.07745993,0.09990812,0.15006642,hjclRx-eRbI
0.19721845,0.03358948,0.059397344,0.2778482,0.030526523,0.034908958,0.047324263,0.10337223,g_WYBM7vUO8
0.06824522,0.030670939,0.15421347,0.40325814,0.06025633,0.05756074,0.15098411,0.23477715,ibHZi5pfwlM
0.33884096,0.025005542,0.025052639,0.2600552,0.024127092,0.019737605,0.014014334,0.04970391,ZsYY7htuuOM
0.17562167,0.009371166,0.44641167,0.5017622,0.32906312,0.40811265,0.3137631,0.576191,lysLTdQHFmQ
0.038554322,0.0010672717,0.05779488,0.27996227,0.02998916,0.02454211,0.06684368,0.07545168,VPHw909UBA8
0.00928896,0.03736641,0.15901244,0.34899515,0.16945852,0.148918,0.16779152,0.23845991,6z4Q9lL-kAQ
0.27842864,0.101391904,0.017646963,0.35526884,0.041793816,0.021129403,0.013160375,0.08150696,gy5QIjifpAA
0.18158798,0.33600304,0.35224673,0.3827517,0.6356477,0.60013884,0.61432946,0.34092316,qcre_pJOF14
0.274148,0.089041,0.1143929,0.3138652,0.921198,0.32434595,0.8063774,0.21903552,6C41Zd3oP3E
0.5521263,0.111500904,0.1434715,0.35113353,0.18631737,0.2715955,0.17149258,0.74429554,3WQHMb6ccu8
0.063242435,0.0011280107,0.069511354,0.2719206,0.030084334,0.029708946,0.072735235,0.099786095,Nkz5B4T2KlI
0.07327661,0.08170467,0.109090805,0.31804022,0.103941195,0.17981921,0.08834146,0.1213437,VXqT6tGIv_A
0.1282478,0.0068721883,0.034689542,0.18136032,0.025930092,0.02558118,0.0269515,0.041496783,wrCB-EZaF9E
0.112298705,0.0057615316,0.02672571,0.30569854,0.015255759,0.044054184,0.016935475,0.05443993,dUF6eNQzJFU
0.11461043,0.5810591,0.14785698,0.5304217,0.4802966,0.26083112,0.31507513,0.9410786,YsdeAF_Prfo
0.4728633,0.0045120427,0.07633996,0.23506616,0.18375598,0.17492409,0.2230869,0.8584052,kYif2wh2wdE
0.27049634,0.031185975,0.115443364,0.3012968,0.031323086,0.058880802,0.073207356,0.13774186,_V8Wrt0Yo_4
0.0415406,0.0030195978,0.15281323,0.40147114,0.075075656,0.14255983,0.17202662,0.24989897,A4_YJKBicmk
0.75058323,0.43451136,0.27017054,0.37921783,0.49064383,0.41267747,0.4134928,0.76735336,v5ATqY29Q90
0.7268989,0.1423886,0.06124229,0.3396579,0.036263827,0.06924301,0.03808016,0.08851672,pzW5Kb8u0Og
0.036769897,0.0040955464,0.07949438,0.28544453,0.05087535,0.06332216,0.0686184,0.15192647,DSPsT1dfXlA
0.03520883,0.0040955464,0.23345424,0.5542074,0.12154421,0.12293376,0.20536205,0.19662684,ZxD7wXZ75-Q
0.15596093,0.030327583,0.041525554,0.23212762,0.026132341,0.025000734,0.032775782,0.053565614,xaVCPUMiT-c
0.08544863,0.355017,0.16953993,0.37138793,0.14367038,0.13567299,0.1365965,0.21708289,YCvHT5VtmYs
0.43952096,0.0681194,0.1464811,0.42606372,0.13838057,0.15562515,0.1849131,0.27805057,0UoDK43KIfM
0.013460756,0.006559816,0.47779468,0.5573535,0.4551904,0.6350989,0.31782055,0.42827827,FpS7y06UMFk
0.18679188,0.04543531,0.015674755,0.17500545,0.23088495,0.06103545,0.04443162,0.031626996,djpcvsQUvcY
