PERSPECTIVE_IDENTITY_ATTACK,PERSPECTIVE_TOXICITY,PERSPECTIVE_SEXUALLY_EXPLICIT,PERSPECTIVE_INSULT,PERSPECTIVE_INFLAMMATORY,PERSPECTIVE_THREAT,PERSPECTIVE_FLIRTATION,PERSPECTIVE_PROFANITY,video_id
0.11863293,0.090114996,0.061892323,0.09754515,0.1625058,0.19462533,0.30031958,0.057809222,HHf8t982RWY
0.020482212,0.035134587,0.024325846,0.016794471,0.18992305,0.26046294,0.20646836,0.02232764,dcBXmj1nMTQ
0.03212683,0.022213135,0.028210927,0.029258994,0.13588254,0.21197091,0.21822505,0.02781558,LxgMdjyw8uw
0.09506865,0.05373499,0.06717355,0.09570559,0.18427144,0.31359673,0.24912617,0.096048884,G4H1N_yXBiA
0.03263353,0.045091953,0.09206016,0.02579998,0.22201258,0.23383519,0.45897627,0.055489495,dIsjcG7hTmo
0.067156315,0.049898956,0.06292415,0.044095516,0.2176808,0.22738558,0.28933877,0.045396563,uynhvHZUOOo
0.11813433,0.077709,0.08145023,0.1460619,0.20101923,0.3870538,0.28955826,0.12161425,EtW2rrLHs08
0.047162157,0.019297661,0.05053134,0.025563048,0.14348023,0.25108343,0.25256905,0.049384836,febBRv2Vftk
0.08101907,0.023632111,0.061433464,0.10916784,0.14048734,0.11934992,0.27800208,0.055104326,-Vm_gabtIA8
0.20473875,0.16620636,0.13225655,0.10727206,0.14395115,0.26522952,0.37465265,0.09721196,ZAB3plABtnU
0.0153412325,0.023803791,0.027204294,0.047424886,0.08018861,0.03900351,0.2536064,0.02232832,yiw6_JakZFc
0.09823339,0.026207292,0.053303007,0.12560244,0.2571815,0.08110901,0.1997514,0.07528825,5FHlzGOsueE
0.16218385,0.118584804,0.08072406,0.07287891,0.13182226,0.12304492,0.23352613,0.07461289,nExh4k83tVo
0.057109535,0.016729267,0.058146242,0.05748829,0.1412227,0.097176485,0.18380275,0.065594584,ifrHogDujXw
0.13452943,0.22988434,0.17309605,0.16546229,0.116313085,0.1976575,0.5346359,0.1295554,9PbxMoqt6x8
0.088355415,0.04818217,0.10250295,0.067794,0.109634936,0.40943024,0.33205858,0.08965473,wCIeAqusDuk
0.38127953,0.03461955,0.2167881,0.16922587,0.12695856,0.58153343,0.6416785,0.15389812,qFixRRbIjYg
0.09771885,0.09709594,0.051933035,0.09016027,0.22469644,0.2544877,0.2516327,0.07095459,1_Ow4sU2p4w
0.09525877,0.15276173,0.028035723,0.09377769,0.1477954,0.2587999,0.33898872,0.034716878,heIZzpDA0mY
0.033392277,0.02124131,0.033625,0.03177197,0.1526246,0.057605658,0.26711962,0.02599963,mdqR9gJN4NM
0.21958393,0.19535941,0.14594354,0.13392583,0.19347025,0.3149163,0.34684902,0.14198995,QK7g6pgaC7I
0.064817704,0.012772553,0.016862085,0.03264705,0.07684358,0.07087805,0.18677133,0.031949684,QPDndldl5CI
0.09808169,0.022213135,0.025073534,0.07983155,0.18226343,0.23869494,0.22576062,0.03477513,tcj9IGY6Etg
0.04888098,0.028267438,0.06214815,0.028377546,0.08347205,0.2544631,0.2751735,0.054022968,g6H9Q8wB4h8
0.02518686,0.06132676,0.021463383,0.016036468,0.1087489,0.03446669,0.19472362,0.01648153,CAB5IMaiag0
0.10555758,0.040628307,0.19163203,0.08902178,0.0413501,0.23498145,0.4508807,0.18365602,SDRxfuEvqGg
0.020706356,0.067320265,0.007863503,0.04609534,0.08886618,0.02221179,0.20830452,0.009391192,I79-EDGIkp4
0.03284671,0.13969667,0.01729251,0.050259434,0.17998675,0.07729883,0.1795928,0.021711053,R3JsEsWmzog
0.014430038,0.01596569,0.019147066,0.012246561,0.08041653,0.038338233,0.16420689,0.014156823,QlQ-MEZgRGY
0.07752857,0.01999182,0.03114218,0.056644432,0.14813082,0.056289192,0.26180804,0.04330889,ndYH2PLyCUA
0.06930828,0.12116077,0.121385366,0.037799545,0.05107,0.48458242,0.32501575,0.06833151,PeYJTluQ5tM
0.2804822,0.16275369,0.055860806,0.22264266,0.34176087,0.19816247,0.20435351,0.096463405,jGwGbAS7i9w
0.042905457,0.022213135,0.041968025,0.037414543,0.1245043,0.10117652,0.16028877,0.046539746,cn9PhiDJp-A
0.036116235,0.021380141,0.043306246,0.047975693,0.13678926,0.07263096,0.17638366,0.05010271,ZfFvLJyPf3o
0.048246875,0.020824814,0.05937356,0.021638602,0.19953476,0.11046092,0.27043122,0.039113387,6zFQsNfLhuI
0.04228666,0.015202113,0.031037852,0.048424035,0.09508131,0.041353635,0.2218553,0.04379088,Al35NHMAaAU
0.116647005,0.01492445,0.066453464,0.061562594,0.26717576,0.34065497,0.21519709,0.06525391,WkvPdUtYhX8
0.16263959,0.02809576,0.03748744,0.084172085,0.16238762,0.35269704,0.329414,0.06880196,qUfeHUiyY5Y
0.14979841,0.12953265,0.1226322,0.09067959,0.1028157,0.16344348,0.3450378,0.1347771,-D_Np-3dVBQ
0.056138303,0.08689302,0.04757717,0.059072066,0.083111316,0.2579053,0.2946315,0.071902804,PtP-sBbeL2A
0.1143936,0.12888865,0.029693075,0.12077632,0.14753549,0.19804962,0.3071676,0.0597305,wbR-5mHI6bo
0.015152788,0.02054715,0.035625108,0.032591123,0.07204541,0.046778396,0.2734196,0.02072454,ipVxxxqwBQw
0.13802406,0.06132676,0.06537828,0.11892175,0.18498503,0.37298486,0.36504483,0.0986574,vpTHi7O66pI
0.057060257,0.07211506,0.06503294,0.044972926,0.036227155,0.13379657,0.2816191,0.04329472,dZ6XTVADtf4
0.16915362,0.014091457,0.13623834,0.066430315,0.13897233,0.19191873,0.357631,0.10200363,MtA_lKXCT_E
0.11274636,0.02397547,0.12165373,0.11913381,0.39310113,0.10329839,0.30440733,0.11717325,hatkGFTPyUE
0.05956665,0.028954152,0.050548334,0.063158296,0.222676,0.057671383,0.19805756,0.049920555,NGbXcRwtyyU
0.069712676,0.021102477,0.034704458,0.04948042,0.14407283,0.08715286,0.27061176,0.037081152,Wp-WiNXH6hI
0.12759796,0.09602194,0.044460256,0.058814503,0.18338044,0.43538752,0.19367471,0.07018318,EXkbdELr4EQ
0.14490737,0.16482529,0.064889014,0.08938753,0.565654,0.41343233,0.26066867,0.0849675,qnT7IYDNXcQ
0.045872476,0.09548495,0.03360893,0.052087907,0.22839324,0.1913802,0.282428,0.048148707,5YcvKvxWaCE
0.029760659,0.043375164,0.07314467,0.037742887,0.24014303,0.1955258,0.31479198,0.05820318,tlWuP7wESZw
0.07990735,0.038053125,0.047585458,0.104058884,0.14412951,0.10424297,0.29052654,0.051548257,f1rxv1yPQrc
0.015640581,0.0168681,0.025552332,0.017649135,0.17105664,0.036137573,0.2538219,0.013575575,R7FAAfK78_M
0.15517269,0.09548495,0.059993945,0.12300004,0.17611854,0.077526055,0.30390367,0.066052966,SaIHzBXk78g
0.17847656,0.03736641,0.123640805,0.09084859,0.2762779,0.41160938,0.40863284,0.11152889,t1V0Qu_rfks
0.20770763,0.119872786,0.046879254,0.104688756,0.10326982,0.25659415,0.35722855,0.092926465,63vi6Yl-ulo
0.01748115,0.089041,0.07375253,0.015274203,0.09183185,0.06809902,0.32929096,0.029167878,XTpnYo6IloM
0.054181,0.01492445,0.03107628,0.035589065,0.11578902,0.06155632,0.18870568,0.03903392,uvqU_L5PZtk
0.029950326,0.062125895,0.031731363,0.031062149,0.14692208,0.24290694,0.23245437,0.04031118,GSIRedbcGYE
0.06705844,0.019158829,0.037200317,0.10914015,0.09696753,0.062425107,0.23438214,0.07700246,jAa58N4Jlos
0.39595443,0.1710401,0.082840115,0.21466222,0.057721913,0.25744912,0.44740424,0.09186934,2ZGSSb4I43M
0.055463832,0.05373499,0.061435502,0.07961055,0.090511724,0.06947422,0.26470092,0.05317441,es2zp9ziKes
0.14057961,0.10763696,0.05857062,0.103850015,0.20046632,0.15678693,0.31335095,0.08942814,xZ8N10-WXjM
0.111881,0.17587385,0.1851827,0.12423036,0.4160094,0.35346788,0.27737218,0.14866035,5bhBvHNrcSs
0.23455535,0.24418297,0.110869706,0.24540472,0.36619353,0.31557888,0.3276388,0.13875738,fDlikIfpdR4
0.26066115,0.1464265,0.039497092,0.11330029,0.3204017,0.4668703,0.2630468,0.08311339,i4Hnv_ZJSQY
0.06362318,0.019575324,0.04789878,0.114320844,0.19001417,0.31590497,0.38542408,0.03995782,bxl_lLy67ZE
0.049342897,0.031185975,0.061110716,0.032534976,0.11259467,0.25398993,0.23497008,0.053850196,2WNPmecZlS8
0.05288959,0.13251819,0.049017116,0.0643532,0.38386625,0.25155324,0.28394625,0.049006723,uMxsfImpaYM
0.15213944,0.022773718,0.03835012,0.118279226,0.32569066,0.06464248,0.20457876,0.08413623,A7ktYbVwr90
0.052491907,0.17587385,0.09017636,0.050200183,0.21415529,0.12897207,0.3369953,0.045148034,uqwvf6R1_QY
0.07504555,0.05493369,0.062076543,0.069457285,0.17186959,0.20368364,0.25922993,0.06752963,vy3gMVGwjuc
0.26301467,0.18549223,0.13665502,0.1968637,0.12313986,0.3256344,0.4057577,0.14456455,6iM3kHSRNu8
0.115581825,0.20596254,0.16462138,0.13500577,0.116313085,0.17512374,0.5377896,0.11398043,e6eeiLoXXB0
0.3904251,0.123736724,0.09131629,0.15485421,0.299881,0.52508104,0.26874414,0.14796579,N1cdCUZNh04
0.13881935,0.027752401,0.057423323,0.1020049,0.09016599,0.1413511,0.25163132,0.06069276,VJc4KxGZhXk
0.087852016,0.112788886,0.029126827,0.057118107,0.2521283,0.105062634,0.27895868,0.04144018,zZkpuglrHy0
0.07721284,0.0068027726,0.0130929565,0.048858188,0.08468744,0.09054932,0.18546177,0.024469202,8tj_2507rv4
0.07010982,0.112144895,0.031425368,0.056496326,0.055771433,0.2444089,0.2641846,0.060014717,dFMMssyRsWo
0.115026034,0.013536129,0.11650299,0.08100345,0.097390376,0.3367951,0.40270072,0.11385856,N6t6QHQtdVw
0.06467231,0.08581903,0.0360916,0.043062292,0.18057555,0.0653191,0.1468631,0.049555693,dC7A9FHLreI
0.22019641,0.2936093,0.042675998,0.25824755,0.15649462,0.078770794,0.15352617,0.16958112,DkZ7BJQupVA
0.033163853,0.037023053,0.028435864,0.030354936,0.12920578,0.06247896,0.14936438,0.03363284,EGCYrK9ZC7k
0.030721813,0.008954669,0.026853643,0.027602924,0.18021353,0.07897402,0.24252427,0.019108946,JgvDuLcL4yQ
0.019423222,0.029640866,0.034999207,0.015251364,0.13974996,0.06352449,0.22809015,0.016414125,YlkfMYgWUtA
0.1090753,0.0070457286,0.073910974,0.07735881,0.08340554,0.12415645,0.43768382,0.10577295,PKGZdok74f8
0.05041392,0.014160873,0.052563816,0.04758144,0.1555547,0.08479618,0.1996374,0.053248037,XRKwjdjPe7I
0.030827211,0.01527153,0.039021447,0.022708459,0.11071369,0.08405072,0.19548613,0.032621104,pLU8v8fAw7s
0.01780089,0.006108612,0.02200689,0.017109262,0.1841506,0.06732765,0.1603524,0.02388213,STFoSxqFQXU
0.056849595,0.014577369,0.055167828,0.10242476,0.19503285,0.08418789,0.2557129,0.045236893,sN-y_DJTA3Q
0.026133109,0.038911518,0.040477704,0.06571902,0.118261695,0.061868887,0.21058106,0.047548942,VTfgNFz1DBM
0.060162123,0.09172598,0.13892561,0.036250073,0.19155261,0.26762763,0.36984974,0.068862,9ydDNU3-ay8
0.143408,0.033074442,0.040270742,0.0707126,0.43860444,0.1057071,0.22579056,0.054099087,rzQKEkE5uJA
0.030130437,0.032559406,0.05351549,0.01120636,0.16739869,0.086104795,0.18937239,0.025145425,OWXoRSIxyIU
0.105271675,0.05493369,0.041590154,0.033887498,0.078362785,0.26059672,0.33095506,0.028978597,jMB6FWUS41U
0.057702333,0.016798683,0.06596497,0.02914878,0.08248021,0.091521434,0.18855537,0.04531931,m3hHi4sylxE
0.31737366,0.39230084,0.06680093,0.28683788,0.15213671,0.75765455,0.36745092,0.18222181,xKCuDxpccYM
0.019477973,0.034104515,0.017265256,0.022222335,0.113876075,0.03435011,0.15856661,0.01777319,EuwMB1Dal-4
0.05822246,0.046465382,0.028440183,0.058432046,0.18452981,0.06252128,0.18387437,0.04034388,4R_9ibLeQT0
0.6209176,0.44805592,0.0718366,0.525291,0.5680319,0.1080038,0.2500901,0.32834977,G9_d2W5ECQU
0.03716933,0.040284947,0.07356155,0.0456429,0.14575005,0.096263856,0.42004335,0.048200153,exG0C3KB444
0.15780336,0.090114996,0.1346985,0.07141297,0.1905538,0.20970783,0.4279601,0.071232416,SY9NjD_5WWo
0.3662809,0.39230084,0.036207274,0.6993685,0.2658225,0.18993287,0.2540664,0.21932045,KrIRwws7LGQ
0.03721512,0.082104236,0.016470782,0.035880037,0.07061014,0.1776383,0.18822443,0.020821383,7vOwjNTDwBE
0.088181324,0.031529333,0.058095895,0.042844392,0.16426586,0.06423516,0.24343674,0.040949475,vjZnUl3OkCI
0.122386806,0.018325835,0.082700714,0.061192703,0.09496649,0.089133516,0.23608401,0.07762515,n9Ej5E47TNI
0.09875342,0.06012806,0.032068394,0.040731538,0.14855358,0.1979531,0.3452059,0.036917884,vBjabNusoKM
0.08205671,0.07451247,0.0726142,0.07845839,0.1671913,0.3490803,0.49079555,0.087140635,Y3gqoDUtmt4
0.06778427,0.030842619,0.07360125,0.056457777,0.13556744,0.25933698,0.3537622,0.063515596,SiCvGQnweAg
0.06530625,0.07011723,0.04071192,0.07386503,0.095582075,0.052733816,0.19842975,0.047230586,t9o7S7qNYSU
0.1131933,0.055333257,0.067655995,0.12437418,0.19552341,0.1909773,0.36065543,0.13254578,Zk0k_-EB3X8
0.28489015,0.05653196,0.060513925,0.123666525,0.12291132,0.44982198,0.44268364,0.09011934,1MG0SYNAgtE
0.029573578,0.10699297,0.030187845,0.016397346,0.18430644,0.096011385,0.27023628,0.014793938,hLIaMR_I56o
0.113914885,0.029125832,0.06953819,0.1430432,0.19964011,0.1241872,0.23294027,0.14278309,uPxDnb2-aVI
0.030597476,0.016451603,0.02812048,0.026734965,0.11511295,0.058987055,0.14873572,0.030413404,w4O4jK-lZrI
0.034790408,0.019436494,0.08370553,0.029329512,0.1710344,0.09519477,0.30831355,0.036234472,ffjIyms1BX4
0.026007004,0.018742332,0.033724464,0.0234534,0.15468554,0.102126464,0.2672799,0.024661252,e8Np-fg8hnY
0.026217176,0.004963247,0.02909576,0.015517885,0.029375276,0.14859404,0.32144123,0.016614234,o-TMOeCDeus
0.03322612,0.013327881,0.046099428,0.030257372,0.051537704,0.09067985,0.24192572,0.03157807,z6JVmhKsHDo
0.06296181,0.013258465,0.0751877,0.055275366,0.13684273,0.25583532,0.32324702,0.08330417,Kl5ctZhyxm0
0.08503825,0.011453647,0.048408587,0.09166687,0.1296801,0.04783483,0.23525,0.04923726,ZCKRjP_DMII
0.39459804,0.33600304,0.06932116,0.49479043,0.7279288,0.18004495,0.23771521,0.24632435,aA1T_0pZHXk
0.08802163,0.036851373,0.05045401,0.051219165,0.14726952,0.3180735,0.30059725,0.066140175,B5Fwl4P4EW8
0.017394256,0.010967735,0.010980261,0.017493282,0.08541925,0.048741765,0.18919618,0.010631267,UUySXZ6y2fk
0.118776284,0.01631277,0.09064417,0.09582157,0.1634006,0.09839305,0.34359393,0.079338774,YF8AAJSTJoM
0.1280374,0.018048171,0.06642561,0.05813521,0.148697,0.09517438,0.3047604,0.05915613,stuU_BKYyqI
0.12583078,0.019158829,0.063932925,0.09607716,0.039004035,0.20898859,0.38430744,0.082580484,07oe1m67eik
0.06764141,0.086087525,0.024229383,0.05976197,0.31166694,0.057912104,0.16634697,0.039922744,CqtZdnpfgIc
0.072442204,0.014993866,0.040090032,0.06405726,0.12631696,0.07857022,0.2397524,0.032049183,ZUIZXxPrldE
0.049110945,0.022074303,0.08728243,0.095129766,0.17515405,0.1841995,0.20920005,0.08668547,raijIFglj6c
0.13370928,0.029984225,0.03600383,0.06226799,0.24772409,0.11372417,0.32243338,0.030794574,f6ixNm9SP-c
0.2198948,0.43451136,0.09943232,0.93376607,0.69473493,0.24880227,0.27052468,0.625121,Q7QWYCkBvF0
0.09481835,0.06771983,0.062252413,0.10242482,0.1098275,0.18427896,0.34728143,0.08125923,-f7wB0oIW6o
0.1190776,0.10515087,0.06670513,0.111011624,0.10197633,0.06801181,0.22104098,0.10212238,I13K29e54b4
0.07171533,0.068918526,0.063105665,0.04749051,0.15079787,0.08018281,0.26309624,0.049799558,6CXRaTnKDXA
0.13631928,0.05653196,0.059746243,0.16766301,0.08800508,0.1493978,0.3330474,0.12107902,lrEM3LHvjI0
0.034596425,0.0253489,0.03629533,0.046776194,0.10007032,0.075892985,0.26938373,0.034411494,We2nYvdjpKk
0.27639216,0.080905534,0.027973559,0.09215632,0.22606288,0.34600225,0.32910815,0.0508844,0c6-l_-tWUM
0.09267329,0.07011723,0.04639189,0.06394025,0.26793554,0.110084444,0.2450593,0.04258614,VNxVz_vr3rc
0.020654833,0.09172598,0.031887803,0.01865302,0.1511384,0.08801574,0.2442288,0.01945947,pA_nXWHvUL8
0.22459415,0.09279997,0.08505835,0.06890859,0.15554264,0.3447336,0.25398847,0.08849252,aY_voyuDOEE
0.04365585,0.02193547,0.033674706,0.044575986,0.21967709,0.05538076,0.17279878,0.037623916,H1KkNzMIkfA
0.1843947,0.07251463,0.08048309,0.21920341,0.15337875,0.2030704,0.2757397,0.12960047,CKdC62uiWjI
0.0659528,0.09118898,0.04745638,0.07849351,0.14031161,0.06431625,0.15457503,0.08826404,pHRu0VV-Dbw
0.046844684,0.021518974,0.034512836,0.06275383,0.20836742,0.19969188,0.32841033,0.030208126,mVqKnmCLowo
0.16786265,0.05493369,0.120220326,0.08108561,0.2772406,0.4845387,0.4850809,0.12137868,pY7qW7FBRPk
0.05242171,0.05253629,0.05284193,0.046889193,0.10746223,0.26627284,0.3572049,0.06449775,60zaoG7QQDk
0.10928836,0.046465382,0.067682065,0.10790049,0.20571522,0.14565144,0.25942016,0.085230164,vEAFzgsRQs8
0.1123627,0.12695669,0.027198495,0.11880387,0.38483337,0.22491463,0.30483395,0.04312725,ewaQQT0wwaw
0.1288428,0.09118898,0.1291255,0.14306353,0.1836709,0.2857758,0.2934473,0.1427843,oJAbATJCugs
0.11021921,0.13610743,0.051550485,0.16920656,0.19590129,0.06608516,0.1538403,0.10594514,ZCiRzSgo3A0
0.070657924,0.016243355,0.09803451,0.04787892,0.19645588,0.149899,0.22015566,0.08755621,1GZjbM5cr8o
0.06821923,0.03187269,0.04700856,0.07929219,0.20045118,0.1730415,0.293518,0.06398759,LA_BcaLV7Yc
0.057257548,0.014855034,0.12721004,0.031266358,0.13002585,0.09820345,0.26181296,0.08060974,z5OYFCDOw7A
0.2080487,0.1894391,0.08295304,0.37879568,0.18613105,0.20965591,0.29334983,0.16026989,dSu5sXmsur4
0.03155346,0.06931809,0.044965908,0.022804061,0.18887344,0.06757324,0.22761647,0.026497142,eRLJscAlk1M
0.041866135,0.017354012,0.073602855,0.029548116,0.19703108,0.122009136,0.22929472,0.050332837,LDdKOmvIKyg
0.037461333,0.03187269,0.021280337,0.08005749,0.1231546,0.044571687,0.15405582,0.026720202,RSgXcFdHxFI
0.092888944,0.03358948,0.037449725,0.077064216,0.14107026,0.11896886,0.17904286,0.067646146,C14LJmj2w2A
0.13010864,0.021796638,0.06587526,0.07809598,0.16195716,0.25822765,0.2967406,0.08053533,TvdmQaiepXQ
0.3388129,0.090114996,0.14394617,0.1278402,0.09377899,0.5478427,0.47995308,0.14634538,XBgq-JzIpE8
0.03186431,0.05493369,0.01778586,0.03339397,0.2507235,0.06128763,0.15692788,0.020975139,RZlICdawHRA
0.0570153,0.03187269,0.0366331,0.053775594,0.22097299,0.06686141,0.20324482,0.044359468,q67lBUpStzU
0.0864393,0.026207292,0.028095603,0.041721184,0.17335524,0.07575802,0.19608243,0.039596573,CC5WSpby01E
0.057096887,0.027237365,0.037480935,0.0316808,0.1045825,0.07449991,0.22003217,0.039462056,wT8IgA4ms0s
0.39589173,0.085282035,0.05622104,0.13214295,0.26557446,0.19669554,0.21028945,0.12650874,3ONXxIxiyh0
0.116014294,0.08170467,0.045949448,0.089689225,0.2596653,0.5659615,0.25248408,0.089503594,jOR_MSktH5A
0.2567976,0.09924392,0.047981896,0.12930314,0.07745564,0.24321753,0.32794857,0.08611308,L9q5NMrm2zk
0.2002209,0.2406723,0.033283975,0.3386415,0.07732214,0.105625734,0.30141914,0.084552325,0KQYNtPl7V4
0.09710109,0.027752401,0.050490502,0.0662539,0.09624788,0.10011721,0.16832244,0.067713924,08z-Hw7s54E
0.12051592,0.049898956,0.06313547,0.17918839,0.23318781,0.24123785,0.22813094,0.10846067,Sv7OHfpIRfU
0.28010276,0.0495556,0.032869812,0.10486445,0.13419224,0.06834232,0.16715972,0.07211269,V9CHazyJHu4
0.06437373,0.09924392,0.05321385,0.085023805,0.17367585,0.1137918,0.26420027,0.074469954,1Gq22w_NfLc
0.28239015,0.2022951,0.042258035,0.101720884,0.19664909,0.12203604,0.17794432,0.0868596,nIlMHFwC1MM
0.10371711,0.028782474,0.051046163,0.10375386,0.090704486,0.061353363,0.2590433,0.05396987,-rCAd6KXCjk
0.040331904,0.039598234,0.024675969,0.03884748,0.11605269,0.05864768,0.22101815,0.02440561,rFw8MopzXdI
0.18040636,0.019714156,0.04105533,0.048336092,0.12267307,0.044340666,0.2164724,0.03229593,tP4K8BZ3jdY
0.23578805,0.015549194,0.19970722,0.4427558,0.14704423,0.4880529,0.35721502,0.3148122,0Te5al2APrQ
0.07528598,0.12116077,0.048489958,0.035898063,0.27494964,0.28806087,0.3497386,0.03568195,6EFHZfISGp4
0.07777686,0.10699297,0.066276014,0.03576383,0.03746811,0.26660892,0.44000375,0.04363486,5rFmYRXWVio
0.10812145,0.16151784,0.124163166,0.13604671,0.18101677,0.12711082,0.32857785,0.12175145,kVOTPAxrrP4
0.034349285,0.08581903,0.028072964,0.029916031,0.27440524,0.14877981,0.17074218,0.03207757,PXc7scKLOSE
0.24850953,0.104076885,0.1603332,0.13080105,0.2954187,0.47021052,0.3310579,0.17103343,A7NhO3MpXuY
0.08265052,0.0669207,0.044002496,0.079515494,0.13309078,0.053296547,0.23533903,0.05569829,TSDZT0samqU
0.014802368,0.020408317,0.04241977,0.012143037,0.11320558,0.06863169,0.22293988,0.01784179,xplesDv5hl0
0.3098432,0.15626417,0.09981816,0.18923831,0.27261728,0.3450643,0.346347,0.13946724,VXqcUbo5smM
0.1197568,0.09494796,0.083942324,0.07729999,0.17945941,0.1329884,0.20913334,0.13683408,GrCVGzvENY4
0.052668206,0.07091636,0.03232077,0.030759014,0.081373654,0.12978569,0.19312544,0.03223517,mvUPj2WbuKc
0.2621556,0.007496933,0.39026442,0.21814679,0.083555244,0.58883935,0.49594072,0.30958453,zut2SBPtQ9A
0.14839084,0.09709594,0.046660364,0.061586488,0.0663337,0.12310196,0.31225187,0.040283404,34PTcGXLpdU
0.1283538,0.14059398,0.060993534,0.16710302,0.1609547,0.14260907,0.23218566,0.106427036,TF_qaNkDyKw
0.4151731,0.39230084,0.08618599,0.55353445,0.15853363,0.49053833,0.40700147,0.25724941,nbk4geXxGLU
0.107829176,0.094410956,0.036614414,0.046843637,0.12122601,0.12915474,0.30238783,0.052193295,3pbcdZWq_GE
0.02116379,0.111500904,0.013355149,0.039954495,0.16179323,0.08922718,0.18401857,0.016505625,EhAemz1v7dQ
0.41480815,0.118584804,0.1724498,0.12765613,0.35602593,0.7620518,0.3272046,0.18088964,lPgZfhnCAdI
0.3147704,0.046122026,0.10119687,0.1800488,0.2720214,0.1855437,0.27582225,0.15695669,JZ_EV9DPtt0
0.025902146,0.030155903,0.015476578,0.013327133,0.081405476,0.06744336,0.15353538,0.015506799,yhlg9txl7yM
0.101081476,0.14104263,0.052198578,0.03903948,0.040883772,0.16143318,0.3240841,0.04141414,sl1SdsvZNFQ
0.054290902,0.0224908,0.08782589,0.03371916,0.09101384,0.12558512,0.1777549,0.100561336,yvsYWsCnsK8
0.07095739,0.020269485,0.03835556,0.054370724,0.2719033,0.08427117,0.21985954,0.0411731,EOctIuyVfnA
0.29880092,0.02397547,0.04677517,0.106261075,0.18481962,0.12839392,0.19241183,0.0964016,XEOQYQ-TsiA
0.09184841,0.089041,0.0524881,0.07278691,0.2964795,0.225964,0.30463454,0.08862107,Kq8tgpi_Sys
0.08194018,0.049212243,0.1432363,0.087140165,0.10226639,0.22408722,0.27176392,0.16566713,9lD29jqH078
0.07953432,0.050585672,0.030980986,0.050963335,0.0949759,0.057178404,0.18384853,0.04655131,RmHhIbQPTv8
0.03804896,0.0010369022,0.0206575,0.030931229,0.18140918,0.11159979,0.23497875,0.021748004,jAhkqX6GRqE
0.24654609,0.105704986,0.043736707,0.21015324,0.33220977,0.70405996,0.25204423,0.16482872,TdhGXSizxaw
0.06260367,0.0168681,0.05354424,0.028641118,0.083031945,0.07096277,0.33192825,0.02802524,5scez5dqtAc
0.12991819,0.33600304,0.04070859,0.09798018,0.095309064,0.13868928,0.31111708,0.066419795,vyWe0VgRaRQ
0.03272076,0.022074303,0.027953358,0.03016759,0.09503791,0.061353832,0.14915971,0.036544368,_XpVcXO3sYU
0.22720094,0.17759849,0.07593374,0.11609559,0.4261911,0.22525658,0.36442006,0.10856213,TEYnn4KRMdE
0.0724862,0.021518974,0.071784556,0.063919775,0.19534834,0.13842939,0.19437079,0.09264512,fZd2am2RS9g
0.08533454,0.043031808,0.022390272,0.039189722,0.15130207,0.039020885,0.2356495,0.016190842,0KztdvTaPss
0.05665667,0.13521013,0.035943665,0.09049903,0.14246444,0.111610964,0.2082221,0.036852043,0sdqNR_s6LQ
0.39189252,0.03204437,0.19196595,0.2560028,0.18550329,0.70495564,0.55018955,0.18647127,9A7_xCrgX1U
0.096480556,0.03358948,0.07621166,0.08938785,0.33628514,0.49035,0.31256303,0.13352199,eRJA3TgoVm0
0.021050092,0.052136723,0.01993463,0.029454961,0.16423644,0.22075024,0.21168512,0.018361406,zQFxs8gATsY
0.11112938,0.014716201,0.056825485,0.08044037,0.31910393,0.09198366,0.22644249,0.060595892,2CQvBGSiDvw
0.11665635,0.039598234,0.055361997,0.05324155,0.07098761,0.38870576,0.31217557,0.062008813,FO46sPwm4xk
0.21744367,0.09655894,0.043741886,0.11377592,0.06024552,0.31338212,0.30153763,0.07221021,vdJmyhqElTc
0.06960852,0.01561861,0.039045535,0.04280532,0.0986651,0.061089396,0.15677308,0.04842481,lhkgmKXOM1A
0.11600148,0.026894007,0.03197116,0.051696215,0.15209702,0.39172488,0.3169765,0.053038675,8Rvl6z80baI
0.04675694,0.07011723,0.06487393,0.051358473,0.11964492,0.37940976,0.34474385,0.061527897,kmCDe_joBlA
0.2010612,0.057331093,0.13140975,0.22360143,0.06562745,0.18541814,0.3119897,0.19123735,wdw7-QbexqM
0.47967166,0.41665444,0.13318989,0.34596637,0.5680319,0.39529458,0.31050044,0.2119837,f5rlrjtEBZ0
0.021817733,0.02193547,0.046691764,0.024222514,0.095789716,0.077232145,0.25332668,0.024039738,yvDRQe2oCt4
0.14289702,0.105704986,0.12929854,0.13858092,0.17743945,0.375294,0.30202845,0.13143703,TVfe-yJvdRQ
0.049797338,0.0095794145,0.051951837,0.028217651,0.1222959,0.072315805,0.25186083,0.037394777,6yiTZm0y1YA
0.058798067,0.049898956,0.027324118,0.088706374,0.12834114,0.05091239,0.16265136,0.038200527,7cXXVDUr_rs
0.32561183,0.20816301,0.15096088,0.22623822,0.2331095,0.6245874,0.52505744,0.17122021,gbzm31Kjbxs
0.07002282,0.317855,0.08714196,0.27221152,0.7923354,0.085987635,0.29996172,0.14158984,G5aAbfxcP5M
0.05695178,0.14866976,0.04920105,0.096251,0.1793204,0.061268426,0.17369439,0.07347272,nusFJF_O1Yg
0.26039243,0.31639808,0.027441014,0.12717181,0.2728056,0.6295779,0.18907796,0.1335464,p41CdVx3hjk
0.15516144,0.043031808,0.046592105,0.0778163,0.08239108,0.041827198,0.17136964,0.04876304,8tkmKAevkBU
0.09301918,0.09924392,0.053257894,0.15316662,0.090052254,0.14821737,0.2424722,0.08587635,1ZKlxm_AgqU
0.12307506,0.07211506,0.086206816,0.17671852,0.0903814,0.30174774,0.42873394,0.11643367,fgS4CCgs9oM
0.05172583,0.05653196,0.08132788,0.03779335,0.08026853,0.14589287,0.27365565,0.06816714,7yHcXQoR1zA
0.0891999,0.0741129,0.04890286,0.052932274,0.10719917,0.27189976,0.20810339,0.05551999,fSGorwtY-zM
0.12902945,0.19634613,0.056404456,0.14211069,0.4768056,0.8763936,0.27328163,0.17028025,f6aTCjiA4m8
0.03360571,0.0129808,0.036561955,0.03841659,0.115833834,0.08024415,0.19811286,0.04796207,t9L2Rhn8EyM
0.04094176,0.033246122,0.06451819,0.02314383,0.14545329,0.09914514,0.16940886,0.06407006,HGEkXQx9dP0
0.045236625,0.12051678,0.063053824,0.03551749,0.20827734,0.15389547,0.25392786,0.05273492,QAAbcNl4Lb8
0.24973366,0.10828095,0.15224278,0.07406775,0.2815617,0.3772749,0.45029512,0.11809573,2LJ8nBgEA2Q
0.027906833,0.068918526,0.02988844,0.039406475,0.105919644,0.2418367,0.27530202,0.04242079,KBfyN2X-cP0
0.11260152,0.046465382,0.06645318,0.12848431,0.0005621475,0.39775127,0.3138585,0.137049,VzFyrmzkmQw
0.0323931,0.13879937,0.016676258,0.0319898,0.08954409,0.054696362,0.21805064,0.01977946,nZgD4iPapVo
0.16091898,0.032559406,0.088125914,0.13923526,0.07206149,0.24873994,0.4177205,0.1119175,sDo7saKaEys
0.08844885,0.042001735,0.06610461,0.034757785,0.08578276,0.2128566,0.5594701,0.039997123,iKoqQTRERnA
0.2955948,0.29021257,0.02520041,0.39217797,0.47441497,0.12582706,0.13433683,0.09373131,-IlDkCEvsYw
0.20690747,0.048525527,0.1528269,0.12693122,0.08372302,0.27792597,0.39068073,0.1429338,ztWHqUFJRTs
0.111752555,0.02809576,0.081986316,0.0641608,0.1049814,0.2110534,0.2003277,0.085462674,NkHvwc_3IgI
0.11051623,0.06332459,0.07984759,0.0889685,0.08435443,0.33855176,0.34482497,0.09669133,mQuGnQEPJPs
0.15931153,0.0010802872,0.082303084,0.056531854,0.09371384,0.36429104,0.28504112,0.08503804,6GrShRWsYHI
0.0671496,0.21804169,0.03647251,0.13098422,0.19499016,0.09120113,0.31079516,0.06661722,AN5wNFlwiag
0.06296156,0.00014317059,0.04807762,0.04991485,0.16888194,0.35140014,0.20273112,0.06464376,Lq0iua0r0KQ
0.24210857,0.074912034,0.03247137,0.11540148,0.16644242,0.2602686,0.20649584,0.060882214,SjSzx0_7yPY
0.25857675,0.11407687,0.098386794,0.1383402,0.27178213,0.31094885,0.36126572,0.098473914,3DOcQRl9ASc
0.045861762,0.050585672,0.05677107,0.07432035,0.16009812,0.09444879,0.2090288,0.060881145,MTxS4n6VSIA
0.13822891,0.09387396,0.04566022,0.06656711,0.29322833,0.13072117,0.28911307,0.06122764,IRGG6i_kirA
0.15441765,0.14508054,0.0538515,0.1293373,0.037045006,0.34253255,0.32206678,0.07619073,aLBNZ0lta54
0.092432156,0.014993866,0.13931707,0.091236256,0.24683154,0.3227707,0.3484054,0.11361754,2Cc8E3BWOqA
0.03969498,0.07850813,0.062240355,0.026753725,0.099698365,0.1133302,0.3284336,0.045260713,e7xW1MfXjLA
0.061530586,0.017145762,0.08742461,0.090862244,0.19719195,0.15083022,0.624897,0.084200166,emdSuaY9npE
0.025874328,0.12051678,0.05721036,0.022645237,0.27763286,0.059343316,0.21622312,0.025129486,-pUpVF1AlHQ
0.13536161,0.06771983,0.07187741,0.12630145,0.21671878,0.4004896,0.39625683,0.1081989,31SCn3bcTHc
0.07787575,0.09387396,0.054271955,0.07112749,0.07235528,0.35275203,0.41507006,0.066828705,_PGcvqNO6Sw
0.576697,0.5958905,0.5307965,0.734651,0.30909282,0.65793306,0.540469,0.8868394,H7JoKnIgfbE
0.06970921,0.049898956,0.042778753,0.046431858,0.030473975,0.12081632,0.31117776,0.03854376,8TJPtR11GwA
0.09880635,0.06931809,0.045557126,0.13188605,0.12737277,0.20808403,0.23777464,0.075481065,cl4Uv9_7KJE
0.14965712,0.12180476,0.09202995,0.15797554,0.33612683,0.5021282,0.31245133,0.14215057,yqgMECkW3Ak
0.261292,0.050585672,0.08245295,0.1524274,0.12840539,0.39286235,0.41033676,0.14688423,oDpvlab56G8
0.12906756,0.119228795,0.09947039,0.08596011,0.1508863,0.32829365,0.2710257,0.1017551,ir4DgZFTbuY
0.1321917,0.029640866,0.03544532,0.075189024,0.12858285,0.17722395,0.32102686,0.05694633,1YgaJzIGA50
0.11383772,0.019714156,0.17030622,0.08879337,0.08924396,0.2596067,0.2818824,0.10072272,Ud3xsdZnRGY
0.14339294,0.05493369,0.0435132,0.07104819,0.13667765,0.19586688,0.26606676,0.063525096,ka6ryV9-0lY
0.056016054,0.023288755,0.054762255,0.041292667,0.15541637,0.07593686,0.16365646,0.048345182,_AziofdPCek
0.11518374,0.10031791,0.06901457,0.14029409,0.10443792,0.124133855,0.26375476,0.09201774,iTfs4kKpFEQ
0.045759983,0.10515087,0.04639293,0.0331368,0.09116337,0.22859313,0.3073877,0.032046825,XUxizKqwXMw
0.09402414,0.03599298,0.14796111,0.08262578,0.43733278,0.321192,0.37900242,0.09220182,OZdToiObyyw
0.15882859,0.087430015,0.08305047,0.12879841,0.3132131,0.32588255,0.22784732,0.14095552,Ubpn1RG28sQ
0.079901025,0.01999182,0.057919912,0.12875895,0.115475826,0.08491959,0.20629922,0.08169767,BL6hCK-78M8
0.2734631,0.07131593,0.021896077,0.15007567,0.27029842,0.09362562,0.23573026,0.043570057,xvs3me2yz7o
0.10436174,0.08420804,0.094905354,0.10833351,0.16205901,0.40297154,0.35849363,0.08196049,_t6sg2C-jqw
0.077425405,0.010551238,0.028560288,0.04240776,0.14517953,0.074268535,0.24890278,0.028144864,8rxOBopnsbE
0.09277514,0.16620636,0.048555773,0.13634208,0.24134162,0.075462796,0.22091362,0.0784315,F1Hq8eVOMHs
0.059685882,0.018325835,0.055959165,0.053227555,0.1555547,0.0767137,0.17414223,0.05793662,TjY-4CtdAtA
0.23182966,0.11536485,0.08154409,0.093643025,0.106126234,0.2579316,0.44228333,0.07362036,ibe2E17w6S0
0.09238996,0.023117077,0.037590984,0.07952704,0.23599361,0.0857,0.21730152,0.05812564,DldSBIja2Kw
0.09829045,0.1256687,0.048310984,0.07463016,0.14929517,0.30462593,0.18692821,0.084540114,odypGH1j55I
0.23590896,0.04165838,0.20998982,0.13279143,0.09978265,0.48793876,0.53827846,0.12199909,Uw7vhEXH58A
0.075154655,0.31714454,0.041966047,0.122324124,0.3161129,0.11099045,0.17402136,0.08430447,TBYDgJ9Wf0E
0.12680748,0.065721996,0.041231055,0.098229155,0.11811244,0.18213312,0.30158234,0.086776055,oBJcEsw4wVY
0.12769276,0.028439116,0.01774216,0.043822818,0.09103004,0.020155499,0.18215622,0.0175363,AsZ2yEzdyF8
0.09991387,0.20963,0.045921575,0.21230118,0.14066909,0.06611515,0.1461199,0.14505298,eNx9tvCrvv8
0.111640304,0.008746422,0.1622293,0.048575252,0.1368867,0.23179215,0.48855284,0.09363206,UvUzyoz6ht0
0.16440196,0.01999182,0.03140618,0.09961382,0.14072165,0.21613544,0.3136746,0.052156117,KAJsdgTPJpU
0.06344522,0.1464265,0.054663196,0.05291108,0.51594037,0.20070001,0.21811053,0.0514451,j43XK0wzMd4
0.05663367,0.015826859,0.04946978,0.03029528,0.14398822,0.12408863,0.20660481,0.03714489,DTMBe88CZsY
0.2725718,0.20742953,0.24981219,0.36214665,0.31020942,0.19915572,0.44026652,0.29151368,kHETUZF8UDI
0.03675162,0.09387396,0.041568175,0.033352148,0.15683374,0.06507574,0.1592161,0.036591567,Mb6CxoH-ZB8
0.048769295,0.019297661,0.040651392,0.100987256,0.17980598,0.31060028,0.22549658,0.042785015,d5qjkGeR5Mw
0.14021797,0.21715863,0.124788105,0.081976555,0.29481652,0.22012115,0.32801938,0.09634366,bW3IQ-ke43w
0.038990848,0.011175984,0.031467672,0.033779114,0.17873807,0.110213816,0.19802721,0.034402885,M-5NGTSzTJs
0.0551407,0.052935857,0.033133317,0.041459326,0.26226538,0.27993983,0.25516528,0.044910822,F4FgYHh4Stw
0.14467837,0.11665283,0.05148963,0.18343621,0.43943217,0.291194,0.27031708,0.090184316,q4zZ2ker1iI
0.071080625,0.074912034,0.048344053,0.057862762,0.09419165,0.0541786,0.16247976,0.06394798,TETc1W7obY0
0.03368896,0.012911384,0.042247307,0.03226532,0.17474292,0.08310775,0.18654303,0.037497025,Z9uYgpHwKis
0.19194901,0.053335425,0.032714568,0.12673205,0.17017251,0.15090027,0.28206167,0.060820103,bfNamRmje-s
0.23647386,0.2712817,0.049381636,0.18428904,0.0887259,0.16975561,0.21619263,0.10219473,SpGe4Ro5moo
0.15203574,0.09709594,0.044688866,0.060589723,0.12525621,0.18963018,0.3649557,0.051436916,fzEd2gCILps
0.033877756,0.011106567,0.026344903,0.032339178,0.1982873,0.067706354,0.2049264,0.023507576,3H1iH9wIFWU
0.4033099,0.39230084,0.057902727,0.4640714,0.17265593,0.6750026,0.404796,0.2216559,4VsZT3MyMNc
0.05395322,0.031014297,0.023162523,0.0449147,0.11560032,0.058850355,0.20233978,0.03133199,Pv-4Lmm761M
0.5350096,0.045091953,0.08904858,0.154527,0.43747264,0.68105567,0.4202009,0.1478998,r4mUx654Efs
0.3628497,0.49309984,0.100651,0.82720757,0.57421726,0.37301093,0.3009597,0.59702355,DdE8hszL-8Q
0.2461938,0.12888865,0.07913315,0.12613414,0.04707009,0.33628535,0.44174483,0.10295395,IeZl3Gi4NtM
0.05996565,0.016173938,0.05240789,0.047034465,0.11475462,0.10011265,0.19101234,0.056963697,pHEWK9j1EhA
0.05277726,0.103539884,0.06794747,0.058004245,0.2765362,0.087320425,0.21587156,0.061633687,nAYG746hY3Y
0.06951447,0.0717155,0.05358896,0.073984444,0.11652339,0.07140635,0.27233574,0.08209298,UXyo4n-W43E
0.02801472,0.018048171,0.020086698,0.027080188,0.20954224,0.02988926,0.14519387,0.01603517,uJnpJKLdRZA
0.28345263,0.13835071,0.062481444,0.106799245,0.06357507,0.5026047,0.388075,0.08408613,dkg7G6Bfxzo
0.15598315,0.05413456,0.11638104,0.17182584,0.115311466,0.23562111,0.27637738,0.16083941,wVo4Yx-yC3A
0.14550434,0.09763293,0.12665999,0.07418117,0.14846206,0.32013047,0.32862934,0.09991955,Re2y-np4oyw
0.09740646,0.00860759,0.15697034,0.043589998,0.13029836,0.23053697,0.49182963,0.08618927,j7wLn2LhNL0
0.13412444,0.16551583,0.14374164,0.21640837,0.35294053,0.3857471,0.35855266,0.14334683,4PGOnrc6jYY
0.22136435,0.067320265,0.0794948,0.10111023,0.028228087,0.235702,0.43933746,0.09596775,mZzNDMXSPOY
0.351933,0.17759849,0.06987389,0.27237904,0.044063587,0.26184234,0.42914498,0.11747903,qlEhznuJzd0
0.23387007,0.032902762,0.18232062,0.1430731,0.1391148,0.54559535,0.30002505,0.20426352,WJgpDyP9ewQ
0.06868169,0.111500904,0.04085362,0.03874945,0.08920532,0.1744864,0.23769714,0.048583936,hvTSYCnqEZU
0.36849135,0.12888865,0.039356776,0.12921536,0.009622373,0.23819819,0.31899643,0.095685825,Jy15v7eSFR8
0.22751337,0.17173064,0.084203996,0.22339432,0.29303905,0.2568102,0.25638074,0.13026617,8CO1fi79lVk
0.036511738,0.07091636,0.0120421415,0.19274351,0.1127162,0.033373605,0.14153448,0.03083398,6NzNgEJTrkg
0.13741075,0.016104523,0.034592226,0.054954547,0.25800782,0.10281257,0.23897284,0.042376827,-aSF1qlwFTk
0.1544736,0.13476147,0.037988637,0.09297438,0.19032046,0.19022362,0.25583988,0.06673498,VPOHswYCKK0
0.16238205,0.026035614,0.15042609,0.15747073,0.12079828,0.5099066,0.42402747,0.1895113,7Llr4W6a3WA
0.028812086,0.024147147,0.032046758,0.033464383,0.2546249,0.06117607,0.24657248,0.02424999,FQ6yO7cac6M
0.16131423,0.043718524,0.073809974,0.12263831,0.1122477,0.32784915,0.30638835,0.09023038,5v1Yg6XejyE
0.1374292,0.13745339,0.038122136,0.07737774,0.14974645,0.2206357,0.32269335,0.053487655,LNKKXgM4iOE
0.087828785,0.050585672,0.085704416,0.048805334,0.55985737,0.2554947,0.2792942,0.07072481,0h5y7dY3eqc
0.085869245,0.08689302,0.47603276,0.11496963,0.098060496,0.07961934,0.33827296,0.17674953,nxhzeU2XQwk
0.27198285,0.31682462,0.037835345,0.3520777,0.07644361,0.2088272,0.3145673,0.11349295,1vu37fIRb5M
0.092863336,0.010551238,0.11584452,0.065042086,0.04613452,0.31781405,0.35866487,0.116332494,LS4QrnS6WBw
0.04379895,0.032902762,0.090529256,0.05529998,0.43134442,0.100096874,0.2280921,0.07765808,EkgaNRviGYM
0.03612923,0.01721518,0.051768664,0.04058298,0.18084614,0.12760597,0.21826681,0.038170755,p2SNsrLMq1M
0.03016088,0.021518974,0.05050991,0.06605457,0.26259428,0.08359273,0.2623786,0.05074627,qN5L2q6hfWo
0.34208077,0.08850401,0.30382624,0.15797222,0.1474968,0.54448164,0.48272032,0.17901386,Xx_HKH3LRGA
0.12576522,0.105704986,0.045817714,0.10187003,0.115716964,0.34882587,0.3408915,0.08832153,JEMqetu-JCI
0.10009718,0.02809576,0.055438705,0.041303523,0.13215618,0.17981014,0.37923956,0.03269134,mZMzkH4mhQ4
0.12917092,0.22422299,0.17487933,0.14452821,0.116313115,0.2626863,0.5787289,0.12743703,AoFxm0K0yX8
0.5316342,0.5026305,0.14647196,0.78486884,0.64889246,0.64757466,0.39900097,0.51483196,BBmpllu6YSc
0.05299583,0.065721996,0.023722371,0.06596546,0.009609301,0.14497359,0.20507127,0.047681805,JbQw1zX3yWc
0.1830026,0.41950125,0.27749458,0.58443224,0.54666466,0.37283432,0.43723303,0.5062546,F6R_WTDdx7I
0.05153315,0.070516795,0.018963411,0.048842255,0.07979441,0.24877484,0.17278932,0.029517615,hQeH7vQu8dE
0.12081073,0.08420804,0.12831743,0.14370832,0.18315208,0.11840332,0.31327406,0.18306287,5_yJ9xt9sis
0.16552493,0.35870504,0.032181904,0.21657813,0.17224409,0.3337022,0.2903655,0.11345178,wOE72xVsyM4
0.083324336,0.0224908,0.030893192,0.06078515,0.15109372,0.10909461,0.2006378,0.051763322,bwWZdLXB5Mg
0.08836042,0.062125895,0.07239864,0.16039272,0.3402792,0.36425507,0.27416426,0.11889175,YsvABLmrpX4
0.0841682,0.08420804,0.043454506,0.070887774,0.18203397,0.16740023,0.21354175,0.03935509,y564PsKvNZs
0.2178456,0.2459383,0.058524597,0.40454373,0.41588217,0.12534435,0.23169981,0.09938188,UEefQUkyeWQ
0.16654545,0.15859914,0.049726367,0.16171633,0.18446222,0.14150709,0.34227896,0.04782003,8A65JzDltY4
0.06333759,0.16275369,0.033382356,0.056756932,0.2620858,0.33928543,0.18214975,0.07007748,M8EXhJmUkNE
0.14108199,0.10300289,0.05456775,0.06262029,0.11071996,0.23352271,0.31698352,0.054245953,SysP7IlXze0
0.3077051,0.1464265,0.072702885,0.23000121,0.15867487,0.4993411,0.3801547,0.17411923,zB2gQL0kOEo
0.39438498,0.036851373,0.04263563,0.13655241,0.15033975,0.18395194,0.20017533,0.08610595,kWxjj5qjXbw
0.04723155,0.0681194,0.040183023,0.056967825,0.23120129,0.09055486,0.20839736,0.028534759,HZVZDE1GfFA
0.024389956,0.039598234,0.026653733,0.023036953,0.6010792,0.052368738,0.19151866,0.020243956,GLFl5f8jipM
0.177126,0.13790205,0.07451047,0.10870959,0.26476294,0.19598016,0.3304554,0.113622196,iXvR8A9lJiI
0.10982611,0.04406188,0.045259867,0.12008801,0.33129606,0.22200392,0.22220916,0.058541946,5Z-UKjgeM8w
0.39952588,0.13924801,0.15513209,0.21035929,0.16999434,0.34539384,0.4268228,0.2085633,17_44v7eyDA
0.04676475,0.089041,0.048076365,0.06582211,0.063723415,0.067149356,0.19976127,0.06271218,f4zul0BuO8A
0.20543465,0.04543531,0.05134678,0.069408536,0.08664483,0.1669419,0.3513395,0.05535843,mJzxaqws1xQ
0.3316489,0.21036349,0.0610774,0.25010902,0.05156859,0.22746375,0.39449072,0.1186518,roh6-B0QnQY
0.14937381,0.07091636,0.01998028,0.07925117,0.18009539,0.046773117,0.19861303,0.035282336,xU8et9PLfDo
0.124465175,0.20376207,0.1528153,0.12469143,0.116313085,0.17345092,0.55546564,0.10575477,7xBp4qFsztg
0.07940658,0.017006932,0.031005694,0.08039263,0.041325867,0.35462928,0.23350935,0.08241697,30KvyZtXT-o
0.20727707,0.009162918,0.16815384,0.1812867,0.051155455,0.5379457,0.39330286,0.22552212,XO9sxzN3gRU
0.064451344,0.019297661,0.04207001,0.028653199,0.106642604,0.08777782,0.21803588,0.03768101,rRAX9jsyCoY
0.2212041,0.032387726,0.039772045,0.13441521,0.44278145,0.0874109,0.26956138,0.04079832,xXScqWVYpWw
0.08881989,0.0669207,0.030872025,0.054103423,0.10005179,0.10075491,0.20709758,0.036429908,AVu-vplvCZE
0.19846171,0.42390585,0.059348088,0.21416682,0.5001697,0.91432226,0.2281422,0.32349133,kOcLyyVyb6o
0.14100222,0.05493369,0.062444832,0.049616728,0.16057414,0.5359264,0.35767418,0.08676809,QF41kKR89og
0.20413776,0.030842619,0.14245056,0.082723804,0.061345022,0.39430484,0.38637102,0.11384612,XEOvNVYmjDM
0.099657096,0.044748597,0.070507,0.06823619,0.28632587,0.07207453,0.32337672,0.050404795,zbsdsCCJdT8
0.12218739,0.08420804,0.1367874,0.18831499,0.13277878,0.49520683,0.3780827,0.17296423,zl-7W_wB_fw
0.21786936,0.033246122,0.1644158,0.13372919,0.13035238,0.1438411,0.3668014,0.13508551,REoVSz_WAZI
0.33994275,0.355017,0.09088114,0.36066094,0.26245645,0.38649917,0.44991836,0.21187212,3roITeXVWuE
0.21196921,0.5933793,0.16871454,0.8461517,0.73864734,0.2133753,0.28036448,0.69309914,s9zUapdjn6Y
0.11857451,0.033761155,0.034812883,0.05043939,0.08804274,0.18725266,0.2635372,0.050703168,Cs1Po5fRU4w
0.056669813,0.02792408,0.032177024,0.042262092,0.06410738,0.2812166,0.2288479,0.03569003,cet5TTcCY8Y
0.12136448,0.0035749264,0.16882324,0.06453741,0.14486669,0.36363843,0.44444335,0.15200429,s3AlvwiA370
0.16928425,0.092262976,0.12165396,0.20944574,0.13884915,0.25071073,0.376872,0.14756517,cxzNYbTslZI
0.11085099,0.05852979,0.089923814,0.09236776,0.30002335,0.27806938,0.30729985,0.077559315,SKtNHQ3KQP8
0.2219769,0.19789414,0.11208017,0.28604516,0.21333186,0.53165203,0.35220596,0.18794377,o8vXrIQXEsg
0.20327023,0.073313765,0.12612955,0.122399405,0.022490427,0.5656848,0.4943857,0.121410705,ANpNy4NGUm8
0.11100817,0.0142302895,0.09101705,0.18173364,0.124371536,0.20643276,0.33748984,0.14249404,8vPMCJ2mm9w
0.04244952,0.08501353,0.029157456,0.07135668,0.14758478,0.08066626,0.17404823,0.048763182,0m4Gxw9hkKg
0.05570404,0.0100653265,0.024459206,0.03368065,0.13038577,0.11374231,0.24335465,0.02593131,9FnSCNiXQq8
0.10262287,0.11472086,0.031514022,0.15443312,0.4466919,0.08515674,0.18306288,0.07972972,y3JJyFelRDc
0.1296107,0.086087525,0.06342673,0.25730425,0.27463225,0.13907234,0.33187675,0.1079711,NejlkPJENfU
0.2212438,0.02193547,0.06997412,0.08077344,0.092216276,0.1445576,0.2578874,0.10973914,Xacf1zal0k4
0.20569637,0.06492286,0.06309273,0.16762684,0.13194768,0.55174196,0.40015024,0.1181392,L6Sw75-mpfM
0.024121836,0.07730943,0.061854564,0.040704597,0.08243023,0.1438912,0.2534658,0.050778523,gR-AR9ZLoAk
0.03382545,0.0495556,0.052895132,0.027880266,0.13088371,0.28922758,0.4185839,0.039003447,Gl8ldcroIkY
0.112969235,0.08689302,0.08306034,0.06239884,0.14472602,0.3263502,0.36146596,0.062421016,b1Enrzgrl1w
0.086899586,0.010759487,0.073222674,0.09784774,0.1469852,0.42085972,0.33455834,0.091600165,7GWAl5cHKEA
0.039461914,0.0068374802,0.03100835,0.04020077,0.3199687,0.05881418,0.19009118,0.02995379,WFSP-aoqzU4
0.047036402,0.038053125,0.091142915,0.038218472,0.21861862,0.388154,0.32968172,0.100117736,yQhqlWDf7K4
0.044547543,0.036508016,0.041024778,0.03979047,0.16642268,0.0965762,0.1605471,0.04852079,b1OpvE08t_w
0.08189069,0.037194733,0.03853262,0.04216002,0.15959291,0.055318516,0.21832174,0.045906853,LFHm2unZ57o
0.0712592,0.010898319,0.022457382,0.11975795,0.23502848,0.15080021,0.19820029,0.056566764,025V5xEZe9M
0.040428042,0.078108564,0.057536762,0.030620765,0.15800752,0.098048426,0.31867525,0.029050682,IY3mXFXd3GU
0.19575402,0.18647896,0.086744,0.104931936,0.53622144,0.16308716,0.44589967,0.08700482,GtKtM6tY164
0.04423774,0.017631676,0.053961225,0.05970927,0.05696253,0.114361204,0.24140258,0.11471754,vpIUHvzmwbc
0.036094803,0.023803791,0.049666144,0.033336166,0.031246744,0.2802826,0.5619534,0.037087142,fA_ftVYQTxg
0.11592984,0.05493369,0.108789064,0.10114543,0.19393283,0.18292458,0.28155178,0.13036035,PtoJRZezkfE
0.060860157,0.11794081,0.025887214,0.056160297,0.3245135,0.1987272,0.22665027,0.036463004,xbuyHcdOU8I
0.09796914,0.08050597,0.11535057,0.0607498,0.37255654,0.23795433,0.3583196,0.11095905,IaKm89eVhoE
0.043047886,0.11794081,0.013103751,0.045430206,0.17839864,0.052781507,0.15574785,0.022710932,6OknnFuDQE8
0.16878316,0.18450552,0.051004376,0.10120677,0.23094386,0.14151439,0.286479,0.06964063,nHNX1o7X6wU
0.0911305,0.02809576,0.18642318,0.05791764,0.27800822,0.08910167,0.36506754,0.08890552,MrD3inpajAM
0.083196014,0.008225801,0.14467691,0.038653508,0.13029836,0.16877684,0.48520958,0.08028697,SGNlUZlZeIg
0.15558682,0.21892473,0.21850215,0.16311215,0.116313085,0.24115914,0.5549386,0.15176444,I8JCFLuUIGo
0.032412603,0.024490505,0.03234895,0.02662726,0.07937754,0.076869875,0.15132287,0.03490865,H6uDiJng-uo
0.25891364,0.2712817,0.1643674,0.2999765,0.19355713,0.17118695,0.24368638,0.23826568,v2ZVx8QiEUg
0.07601789,0.03427619,0.10539429,0.036612723,0.11526449,0.19472077,0.37193635,0.10420318,_s9dxc_jVlY
0.24532151,0.07451247,0.07411474,0.102700554,0.22726862,0.6329256,0.36471614,0.12934521,V6EwX6mk2yA
0.025967421,0.0129808,0.035551924,0.032812648,0.13014923,0.03838515,0.3336895,0.018176429,iunTsPDGciA
0.12658629,0.058929358,0.027336486,0.06772072,0.09108509,0.122622624,0.28365833,0.05396757,pRX7nKyE7uE
0.086330295,0.13146462,0.020977665,0.054197367,0.13561869,0.26363215,0.19610435,0.040477164,wuP-1qwPbFU
0.42721206,0.38965073,0.077539586,0.734651,0.5968023,0.43717027,0.3369928,0.27389488,XC7jl4MCEiY
0.12974997,0.22978203,0.1623969,0.14447282,0.116313085,0.22533296,0.6062641,0.11541503,oaNsQkTRQz0
0.10401463,0.008468757,0.14739165,0.04417611,0.13029836,0.19758172,0.45351604,0.082277544,R31w1vkZCTI
0.3644676,0.060927194,0.04493816,0.12938108,0.020928383,0.49705192,0.3409833,0.093328744,6uJhfUfTBZo
0.14254914,0.059728492,0.14860232,0.11512533,0.21363279,0.20185426,0.2952035,0.16956256,dZTBXKHcuWw
0.29633054,0.5149511,0.08290628,0.45395774,0.27300295,0.25874507,0.3473346,0.20446858,-O_jOpQGKdI
0.032752555,0.0142302895,0.04488365,0.02744925,0.18217367,0.086579226,0.19179937,0.039654896,Szcw99gYcOk
0.47934303,0.10461388,0.08850519,0.17322804,0.43751448,0.5834991,0.3031817,0.15182643,QjAQ--6ceM8
0.037501782,0.00843405,0.013618479,0.030053405,0.1325932,0.16945349,0.2521651,0.013731685,01qtNZOdgOI
0.19131361,0.09333697,0.084534466,0.10991118,0.19610754,0.18646105,0.3526337,0.07117,SfsCniN7Nsc
0.28283307,0.0136749605,0.07102312,0.15061037,0.14557064,0.13405354,0.28091714,0.07272898,ona77qCAWJs
0.052263606,0.019019997,0.07600268,0.025614012,0.08968416,0.21208382,0.293172,0.044662204,RLqXkYrdmjY
0.17120513,0.03994159,0.053790137,0.08239207,0.084429,0.10416087,0.21409945,0.086914964,ReegNvq0aa0
0.4206138,0.16620636,0.08067625,0.26083252,0.629385,0.5805537,0.40171406,0.13611963,2XF2qgsq5iQ
0.14417182,0.2818683,0.055791114,0.107440606,0.05579263,0.41544876,0.4261554,0.082395144,gDzLcShkvgk
0.07632194,0.04406188,0.10122321,0.06260652,0.079778664,0.13175781,0.25858858,0.09515823,f7WiKG5Dp84
0.028702363,0.022945397,0.027957283,0.031219425,0.087949544,0.054038197,0.14872554,0.02743961,I7-4wOs2AmI
0.11823594,0.22988434,0.15111963,0.14387205,0.116313085,0.15712339,0.49620676,0.109183185,tJFa-0b8gFI
0.048212495,0.029984225,0.023290006,0.029757662,0.19513297,0.044537254,0.15520938,0.02837448,MPoR0oDYQ-c
0.1797681,0.12180476,0.030094134,0.096793965,0.2786529,0.22278117,0.28532293,0.045529522,SEnBtdmhSsk
0.029360378,0.051737156,0.022840848,0.029584195,0.19521673,0.20271459,0.20953716,0.027000522,xtf1eHBlh14
0.054484576,0.00053797435,0.0348909,0.06888929,0.29737636,0.15278904,0.35484514,0.0333271,3h2Ya-csask
0.23415552,0.22687212,0.057374436,0.07959262,0.22258437,0.30683923,0.41250092,0.06768787,vDAptbL_bPU
0.034866475,0.04783881,0.044683132,0.03687986,0.26609522,0.18539777,0.2823303,0.034524366,Je3NmN74hu0
0.08847474,0.20522906,0.13742816,0.10808914,0.116313085,0.15992521,0.524754,0.09603413,T1C2K3vqlFw
0.045674633,0.08330294,0.042304352,0.029710686,0.15925862,0.18053469,0.29043725,0.03515635,uQKOBaiHTb0
0.064380415,0.023632111,0.045597773,0.05394441,0.11597646,0.07896532,0.16826029,0.048213605,gQqcm0-zYMc
0.11817414,0.19716066,0.021945281,0.06351198,0.23194067,0.19072673,0.26787737,0.0371624,7pRgUrFJCJk
0.060446404,0.08581903,0.016205996,0.035321943,0.20167884,0.08622096,0.22329068,0.029435718,xKcQ_T6uF9k
0.13776572,0.15568043,0.0729079,0.10575739,0.2669739,0.22396019,0.3510904,0.066436164,h7ktKqTWA5M
0.061999343,0.101391904,0.035991233,0.0873386,0.08318934,0.074806,0.16499794,0.07900239,tVZt7LkledY
0.29912555,0.59863794,0.11091879,0.1990386,0.7279288,0.16310926,0.24611008,0.18963632,qjBzjfDrDEE
0.02926833,0.0073233927,0.0478232,0.048078198,0.2632699,0.05880028,0.29549748,0.033803295,f1h_AX6l6v0
0.059783697,0.18549223,0.14620364,0.07058235,0.15677142,0.11719682,0.45443976,0.06103322,-by2jBsU5Lo
0.14393567,0.1464265,0.06859581,0.10009496,0.05178709,0.22453515,0.41231054,0.07607358,_bO325blECs
0.04855145,0.0045120427,0.05852132,0.038385928,0.027976034,0.3085161,0.29918978,0.06552228,DteuwYBm_uA
0.10600049,0.036508016,0.047093175,0.09926574,0.14763254,0.063520625,0.16901328,0.09175914,fpf68Um_b_w
0.22519508,0.28517663,0.35773733,0.31456262,0.43798772,0.26415765,0.48313496,0.42327258,aOO57hHrftI
0.089284174,0.006559816,0.11868188,0.11085529,0.09093344,0.14804897,0.41355625,0.088311605,25QlQVnL15M
0.08588384,0.09172598,0.06789106,0.04239267,0.053934854,0.13077217,0.33179343,0.052352995,_6fxz9uCHWE
0.123317435,0.062125895,0.093587115,0.09845162,0.086734176,0.27257085,0.3980988,0.08458296,obv9Tm-9fxI
0.018106617,0.02262963,0.032077335,0.016017836,0.15288565,0.11360566,0.18970078,0.0279796,aK5frEC7FKw
0.10818944,0.050242316,0.08328858,0.09432058,0.09768504,0.102114916,0.28801078,0.08595748,Yvk7bu65BQQ
0.15213344,0.22982925,0.21697137,0.16255163,0.116313085,0.23990394,0.60795754,0.15228412,QqFRs_0fELk
0.1545804,0.0018048171,0.2241811,0.1263149,0.07289018,0.34869504,0.38564786,0.21556522,UBRHlegibpU
0.04608198,0.12888865,0.055134937,0.034936797,0.1786085,0.1383065,0.26596233,0.04504926,qMe-BYUIPLU
0.048866507,0.013952625,0.08535888,0.032021314,0.16266954,0.2541912,0.24748054,0.091806605,Cpzah7j7FgE
0.09597923,0.009787662,0.07844275,0.06798197,0.050823193,0.28480506,0.4062799,0.063506514,1CmKXrylPXU
0.16753472,0.006455692,0.062612616,0.1311999,0.16961718,0.534249,0.28290063,0.15323515,yKVksTOt44U
0.16361776,0.059728492,0.22563732,0.13187096,0.28161284,0.53246766,0.6178951,0.1770065,0pJ1oD-OXZo
0.111512646,0.1835188,0.020772344,0.059025172,0.21067251,0.15052079,0.3047338,0.052090365,trpL0T0aO0M
0.07704747,0.111500904,0.26671863,0.085348696,0.32431203,0.3441769,0.3707746,0.12729846,K75frfwXQ1I
0.10959934,0.0358213,0.100719616,0.09276192,0.16698572,0.16764173,0.4356359,0.09256577,hRODycTWJN0
0.022705259,0.012008976,0.046281826,0.03290647,0.14962448,0.111769624,0.23575483,0.02812961,-FYIq-2yfyA
0.037999637,0.035134587,0.058828577,0.06748591,0.20655335,0.16830403,0.3300635,0.034160066,NJ7W6HFHPYs
0.111520685,0.21274342,0.15149307,0.13111143,0.116313085,0.16324185,0.525163,0.10479742,GakKVvdXT7s
0.07930033,0.038224805,0.11967954,0.12079504,0.07891931,0.13541357,0.3695388,0.102139644,aVPT_oP6vUU
0.1386546,0.08796701,0.05662473,0.059434436,0.082330726,0.2058801,0.31179222,0.053965297,2sdzUHGrTPw
0.07581042,0.038224805,0.095622234,0.04537543,0.09660372,0.2398583,0.40390462,0.07116489,WJ5Mncc8xbA
0.18386628,0.026722329,0.056127127,0.054851163,0.08174477,0.16238265,0.4419158,0.05038782,rLmTFS4m_yE
0.0628265,0.10956893,0.037765063,0.058706373,0.26682478,0.24727288,0.27688253,0.039784312,D9LttJzbFuw
0.17966522,0.14328592,0.20077546,0.18727331,0.22207524,0.4811755,0.36546752,0.19028307,TMr0ew4cZd4
0.106027015,0.040628307,0.09516634,0.17395973,0.14967805,0.1702203,0.23381837,0.13572589,Wu0U1R3tKs4
0.10839364,0.040971663,0.10473253,0.09091563,0.16698572,0.1744258,0.4294318,0.0960906,20iWKGYN_Uc
0.1127218,0.16035037,0.053456713,0.05525066,0.092517145,0.34765032,0.4361695,0.050628368,toIc4KPvS6Y
0.22073385,0.031529333,0.066783845,0.06919758,0.11981479,0.03418027,0.3077856,0.036795918,aqM2KN_VeuU
0.0499112,0.03204437,0.027878227,0.029443717,0.1806929,0.05236614,0.18793474,0.029191999,ppuOAlcPM9Q
0.13756986,0.007184561,0.055230424,0.048956368,0.04111598,0.4323093,0.45413816,0.053680424,aQyHGAgDRkM
0.40057263,0.30487993,0.18450037,0.2304284,0.104152635,0.22303794,0.40076554,0.17483184,m1imADNiyCI
0.235294,0.16482529,0.0473982,0.15189537,0.099853024,0.27001074,0.42620936,0.10911076,1wotmu1KL0E
0.09070095,0.06771983,0.034959897,0.084216304,0.19072159,0.08180241,0.1990096,0.04889875,GD8j84ha1LE
0.0948404,0.03994159,0.109223515,0.079120815,0.16698572,0.19631991,0.46944118,0.09260389,Kue8spyv-k0
0.13022883,0.054534122,0.06392883,0.050641842,0.109902635,0.23255119,0.4489908,0.055253826,1eKmxha9tDU
0.08076247,0.035134587,0.09964077,0.07157203,0.16698572,0.13829698,0.45647874,0.08239926,zRq15f5nXE4
0.08999532,0.0017180471,0.21229391,0.09855639,0.14778626,0.088864036,0.36652076,0.1089334,BQV4ye5wKr0
0.12064107,0.020685982,0.06549971,0.14994462,0.21212809,0.093411274,0.25262648,0.07909995,w0HsNARkmsE
0.06922093,0.028954152,0.05503047,0.061694823,0.18725675,0.090242185,0.16813199,0.09169528,Y3grpIBFqNA
0.08731629,0.040971663,0.08886531,0.079478316,0.1669858,0.14841573,0.43228248,0.08367792,CjTl6iZkd4Y
0.09490381,0.0669207,0.08740134,0.074675806,0.22245653,0.14124638,0.2509822,0.06719669,pGMqQ_QoQag
0.08825673,0.03444787,0.031057274,0.04697021,0.111634344,0.08293766,0.15895186,0.04228994,U9yslg6oOOw
0.039909672,0.0224908,0.038643856,0.04154487,0.10052533,0.06560863,0.17718102,0.046843812,_J7JeTAc2a4
0.04806334,0.12888865,0.029506829,0.05771153,0.14890826,0.24196722,0.26622105,0.043060336,PAm0NfTehkM
0.026948636,0.049212243,0.039602045,0.024564786,0.17526685,0.06603788,0.20947358,0.035004675,uCuy1DaQzWI
0.09485578,0.31693128,0.74228626,0.11402812,0.26849484,0.07186724,0.3671444,0.24056655,H_64tEMU9M8
0.12216078,0.124380715,0.04163151,0.06816962,0.32584137,0.14109267,0.3754939,0.033344958,hCSwdivjUQ8
0.03431632,0.017631676,0.03377721,0.028790802,0.09004761,0.06193053,0.142816,0.037127454,jloVraVVuNw
0.19829509,0.027409043,0.04906131,0.08399728,0.08272216,0.106912516,0.30538505,0.049541984,UmOTIiPwehg
0.07591667,0.018881164,0.08404377,0.061686747,0.07538045,0.12316312,0.27243543,0.07200869,gUsmMPB2DVs
0.16850996,0.020130653,0.106344976,0.06997425,0.08880571,0.37430736,0.48429427,0.08513623,j38sL1cEiUw
0.35710785,0.10828095,0.0868888,0.25877166,0.13847719,0.27534744,0.25630265,0.25083542,dX7YHHMNI7U
0.06269613,0.013050216,0.0290454,0.039007585,0.010296004,0.049842667,0.2090141,0.030555567,ZSa0whzHpfE
0.1428231,0.086087525,0.061912302,0.14250149,0.21662447,0.17169893,0.1629887,0.11101081,5q4p4Wj5cyY
0.072818324,0.05852979,0.0662703,0.05738757,0.16300632,0.10424798,0.32357943,0.05410211,V1cwYIa9yG0
0.031056555,0.016521018,0.028837938,0.025895866,0.08164508,0.059088394,0.15133084,0.030062748,FDkiIPaXY7o
0.047748618,0.006455692,0.0684161,0.047901675,0.2071406,0.13170642,0.19531742,0.05743256,1b07GchUwmE
0.013498312,0.030327583,0.032131746,0.018225823,0.12983413,0.03764629,0.19260924,0.023953706,xE7C7Hqe4bo
0.62842745,0.2022951,0.29694724,0.6243083,0.26637802,0.1712022,0.32419753,0.33706215,QGmSsYRZajE
0.036981888,0.0031757841,0.019744962,0.038675334,0.20195943,0.036256693,0.21558361,0.016741708,P8SVysXfFMA
0.053339273,0.022945397,0.049137652,0.0471644,0.11299486,0.11248368,0.16667007,0.058009833,jfKxcbqGj4Q
0.069599815,0.023460433,0.28800017,0.098032124,0.09429919,0.23458137,0.625007,0.13881516,L20HWupsM0U
0.18997335,0.08796701,0.16086471,0.13954122,0.10202349,0.24760257,0.43276986,0.17545752,gdFdiyK08OQ
0.11694732,0.031529333,0.040958,0.11458325,0.14863563,0.13083333,0.20694166,0.06797567,5cI3yeSCi64
0.1609863,0.17661177,0.035870567,0.27816123,0.06843508,0.5206281,0.19393817,0.22016941,8Whgl0UwC88
0.18263032,0.033932835,0.20694637,0.24375793,0.1684557,0.19606794,0.37370163,0.24314712,e6_Iw3GKGJY
0.17987718,0.008815838,0.051349167,0.10164561,0.27083606,0.06626874,0.18695365,0.09286454,_ikGAW9pxU8
0.11655371,0.34684154,0.21079233,0.4621702,0.6307894,0.08497823,0.45733836,0.1948061,C_xOhuaHD0c
0.20355663,0.08796701,0.16147764,0.13483848,0.09348772,0.26391432,0.44913885,0.16680357,QPTYyfPq_to
0.038004696,0.027065687,0.033627514,0.037020914,0.111707985,0.08855789,0.179411,0.04053809,_AjWWhTK2_w
0.049198367,0.017423427,0.06908849,0.068028,0.10302301,0.24126782,0.23638512,0.14288028,8qcTbxXHvZs
0.032779966,0.0825038,0.019756895,0.06478161,0.28210527,0.10541657,0.23019876,0.023955895,6n1vqT4DLqo
0.46721697,0.25219622,0.18917048,0.18971416,0.26233792,0.83657265,0.3635997,0.28467524,RDt6DY5zWFQ
0.053462762,0.0186035,0.09854651,0.06266955,0.15514725,0.35392824,0.35054737,0.07361479,CA1zUW4uOSw
0.25633356,0.0063515683,0.11026732,0.13149522,0.059044592,0.3103812,0.30597568,0.13439938,AcQrKVBOi5U
0.16277005,0.0121478075,0.12189201,0.32379264,0.121931754,0.2636737,0.30443224,0.2657611,roiuDMyypcQ
0.15913743,0.1510105,0.045338027,0.057637375,0.07869519,0.13689189,0.3449199,0.0609812,5QHCxZt616w
0.27524146,0.27194336,0.05471739,0.1605345,0.14162712,0.43454117,0.29440966,0.09136463,Ih_wxKKNA5s
0.13658887,0.10515087,0.038395494,0.1618514,0.09323533,0.0769327,0.19208105,0.10125466,dWxigawLYJ8
