PERSPECTIVE_SEXUALLY_EXPLICIT,PERSPECTIVE_INFLAMMATORY,PERSPECTIVE_PROFANITY,PERSPECTIVE_TOXICITY,PERSPECTIVE_IDENTITY_ATTACK,PERSPECTIVE_INSULT,PERSPECTIVE_FLIRTATION,PERSPECTIVE_THREAT,video_id
0.13431056,0.44447938,0.18339077,0.123736724,0.40026176,0.16604944,0.2646056,0.43236387,svj_6w0EUz4
0.047407907,0.32376784,0.047787383,0.111500904,0.1175262,0.03556515,0.20944495,0.085213,_gdxrkwpPKc
0.0778897,0.26292044,0.04754562,0.07690986,0.11650314,0.044103004,0.321262,0.09084182,EICp1vGlh_U
0.05727912,0.56520987,0.047591507,0.06652113,0.1302247,0.049806442,0.22730026,0.098312214,8h5fdMS07ug
0.038335864,0.44002202,0.083983816,0.18549223,0.3090446,0.12722175,0.2059195,0.15583956,4JbdKWsHeLI
0.045840643,0.47619888,0.027488315,0.08501353,0.0802916,0.026920555,0.30039763,0.094982214,n4TAQF6ocLU
0.058758326,0.45994157,0.049518112,0.10634898,0.15750381,0.09228334,0.3873861,0.2193729,dwgsbZ1MsAE
0.096280344,0.26910368,0.11061357,0.14418322,0.35901752,0.12362717,0.36685795,0.25056565,miVlHcdjaWM
0.045209434,0.26329824,0.08364257,0.16151784,0.25680405,0.09017165,0.22781448,0.14990541,57kVvE97nI4
0.06799517,0.3241572,0.057691712,0.085282035,0.16065365,0.052920226,0.19056435,0.14771774,cfmpnGV0IGc
0.08438808,0.23517519,0.05820511,0.049212243,0.16071066,0.060022738,0.2991374,0.10651833,drqhlcJCqw8
0.08062228,0.28690743,0.09244079,0.10634898,0.23770514,0.10852313,0.29500034,0.1628085,mmRO3J6IJC8
0.064998284,0.5680319,0.077378295,0.10699297,0.19897123,0.076335125,0.18422617,0.17037402,X2gQeV18mOk
0.13163278,0.5680319,0.06388225,0.059728492,0.14744359,0.06145573,0.4007178,0.20976235,ryGQ45RBBhg
0.07398647,0.4335108,0.068964124,0.09870692,0.20849809,0.073191896,0.27995488,0.44846734,0yHuCjQ5pUA
0.054786235,0.411346,0.07957836,0.13610743,0.17099234,0.07825542,0.22021048,0.16145235,Y2esl0yVFXE
0.07514465,0.81010646,0.048340987,0.12760067,0.13062032,0.04766689,0.32845834,0.32478517,wQRibSsdgQY
0.2063301,0.48713428,0.15333524,0.1689685,0.36068186,0.16249318,0.48256096,0.5683781,6ofjZH80y3g
0.069030516,0.28169572,0.0733898,0.13521013,0.18055017,0.059509702,0.22823109,0.33441138,WOqxuVVbTrQ
0.08328712,0.33983922,0.05262943,0.09709594,0.13907629,0.056085702,0.2659094,0.089543246,In6NVLANvLc
0.089109294,0.6203062,0.15196216,0.1550967,0.27221015,0.13347553,0.29722917,0.19501592,TkUs6B9DE_k
0.15224278,0.2815617,0.11809573,0.10828095,0.24973366,0.07406775,0.45029512,0.3772749,2LJ8nBgEA2Q
0.050374914,0.3715947,0.046916056,0.103539884,0.13246539,0.042424157,0.19672514,0.1390807,2rDu_VUpoJ8
0.051494177,0.27347627,0.06361609,0.13700475,0.16524549,0.06835449,0.21569204,0.12475033,R_5Ls0eylh0
0.04560556,0.48097152,0.09569941,0.21980777,0.22198625,0.19715774,0.23003735,0.15837792,QFqaBuFtigQ
0.0319831,0.43329886,0.05543527,0.087430015,0.14437039,0.07112117,0.23628822,0.102815114,z15OKP203G0
0.14937532,0.124215126,0.14450411,0.0669207,0.37016568,0.1370063,0.47703183,0.5536673,iK4DqtXu7uA
0.07201263,0.35044113,0.06487214,0.10956893,0.1629997,0.05636655,0.21544611,0.16201074,ZkjG9ih2-w4
0.09581471,0.59157705,0.15122971,0.15684792,0.4373079,0.12968746,0.33602896,0.34662125,GQT-RRqLeH8
0.08339196,0.14280535,0.09335287,0.3170379,0.34621173,0.12466331,0.41899925,0.2738562,O0-pF3dvM4Q
0.036070906,0.5680319,0.08528891,0.16551583,0.24866718,0.09175778,0.18297577,0.24284625,Dx8JKitp7zk
0.16953024,0.5680319,0.22848698,0.15976663,0.28814635,0.16116758,0.3584811,0.24926454,R9lxFfOgFtM
0.10599039,0.3904513,0.0876192,0.05852979,0.19703309,0.089323625,0.25380176,0.12821011,pCqwaGM3wTg
0.092200495,0.32837376,0.057159405,0.09602194,0.10693068,0.03605726,0.35755897,0.24304435,yEL7KtQ673w
0.178814,0.45046008,0.19187719,0.14373457,0.35901436,0.12461295,0.361557,0.5921944,XRwrN_Iqp8Q
0.045279656,0.54473144,0.08104335,0.10828095,0.17301124,0.074893676,0.22089685,0.31762928,oz7yDU1FmJQ
0.17918478,0.17123738,0.11684615,0.04131502,0.20266294,0.06739048,0.46535337,0.40610415,6mGohbqdcT8
0.10806231,0.43200234,0.07819278,0.13146462,0.21728931,0.08820072,0.31485525,0.38928294,MAuAou_sops
0.047706094,0.44841304,0.031393524,0.087430015,0.11911868,0.033514734,0.26661786,0.073867075,XiOp-XFa3O0
0.07776368,0.43670115,0.07147988,0.08796701,0.18141082,0.06785411,0.23532806,0.17509364,1QhLW1A70G8
0.09431956,0.34869194,0.08101819,0.13431281,0.17176032,0.06819297,0.2743295,0.177015,gFQvnZOGvNg
0.062212385,0.56993866,0.07431161,0.08170467,0.19764258,0.07576196,0.24790561,0.19934392,IiyVFrKSRMU
0.10258728,0.5680319,0.09197652,0.13082063,0.19882686,0.075859524,0.28690967,0.42334002,bQ1LuHNJWgw
0.045635387,0.38837174,0.03502837,0.12051678,0.109107174,0.038898226,0.20393677,0.089416616,F8ix4Y2FIv0
0.06872127,0.5962103,0.03995767,0.1689685,0.10967379,0.036173765,0.27387884,0.23709531,ngElSkVYLFc
0.06036707,0.5667455,0.048631832,0.11085691,0.15548883,0.05438249,0.25512794,0.083708346,lr9JJbCc44o
0.05529117,0.47683552,0.07041365,0.043375164,0.15422866,0.095971145,0.25252756,0.16280517,o3OtFva33Ck
0.041586716,0.44062603,0.049924184,0.16035037,0.13558261,0.06977906,0.23116422,0.14699641,_x26q2lWg3M
0.09830925,0.36259645,0.1323799,0.1609341,0.24249168,0.09534178,0.2289925,0.37281668,a0N_DpQNeuo
0.044854652,0.45056728,0.08366946,0.15684792,0.1988738,0.08182583,0.21332382,0.26421383,BPbxBMbX-IQ
0.15163477,0.4370645,0.10560238,0.14552918,0.20260237,0.08041165,0.33987555,0.25463796,s6rJOdzTpxk
0.07994015,0.3192682,0.070881754,0.076110736,0.14959985,0.052655507,0.22020146,0.12547034,VuBRVGxgCdw
0.092284486,0.42677715,0.08263373,0.0801064,0.19157624,0.074974865,0.2785389,0.28469098,-zPwXyQxwDk
0.15724926,0.6433805,0.1387094,0.1423886,0.31903353,0.0894712,0.38303882,0.6159237,7sGK33uTOpU
0.028655587,0.33452618,0.02815614,0.09387396,0.16194808,0.079362616,0.21332869,0.07580931,CoCrE7bA8NI
0.10229026,0.65260804,0.091291875,0.18549223,0.19863568,0.066695295,0.3402065,0.4678427,Hdx4JsDIsWs
0.10375485,0.42387027,0.0863155,0.1024659,0.1981724,0.08281426,0.2780866,0.18815702,ufKusK6dQI8
0.08890963,0.44025862,0.09769334,0.15743166,0.25554734,0.11110988,0.23930196,0.21968311,yMU6pr2N28M
0.08574795,0.1701247,0.103525855,0.15001574,0.3243807,0.1291374,0.40859345,0.25350758,l1V73yIlTww
0.10176084,0.25008988,0.09395208,0.13251819,0.23004277,0.08155671,0.34330702,0.41182235,8WLOy5zuLJA
0.089016154,0.5680319,0.09785581,0.16344422,0.24519542,0.11877659,0.28041533,0.36596262,AOawTrPfoJU
0.037721276,0.5885349,0.029588321,0.064523295,0.07516319,0.031111397,0.19271648,0.08613164,-Nuf9uh7TPU
0.1342663,0.5680319,0.09182053,0.15684792,0.20954688,0.08490954,0.29130766,0.23682502,i5JPr7Mjfbg
0.16815032,0.2593834,0.23031655,0.4151741,0.6981972,0.33681676,0.46791542,0.3929217,q2CzWT-2Do8
0.077300504,0.43737286,0.06423828,0.15130237,0.1674224,0.0580377,0.19748771,0.14146572,hnIlzCZjh2o
0.053162288,0.64923984,0.059529893,0.112144895,0.12174733,0.047874458,0.30805197,0.21797906,7JjHNj37cl0
0.06005064,0.4112095,0.05164161,0.08581903,0.16579169,0.045537096,0.2353051,0.268715,SybEMMiH4mQ
0.05663565,0.75058323,0.10700127,0.2712817,0.4806785,0.27356562,0.34956348,0.14951678,LpOQ7qAUxxs
0.055066906,0.43494025,0.068681195,0.09924392,0.12232442,0.04834517,0.22109573,0.11380081,BIJf6tMNgq4
0.13931544,0.44066516,0.14549276,0.13655609,0.31818417,0.12495787,0.3438291,0.32403445,ZuvhrXM3v7U
0.10866107,0.63674396,0.07980726,0.15684792,0.19480665,0.057973992,0.3503502,0.50166345,HN_ox2RBn3o
0.022785464,0.3017988,0.015876455,0.09548495,0.06467988,0.035904575,0.2959848,0.1262626,RKq7nP08e08
0.057706427,0.26329824,0.07330007,0.15859914,0.29281986,0.08779064,0.28565383,0.24135627,vlLfYu3BQCg
0.10110808,0.32903567,0.058200095,0.09978092,0.14761007,0.04164421,0.31305137,0.3130183,vLBapXx9sTs
0.086668834,0.44839707,0.081630714,0.09333697,0.1728724,0.06814143,0.22417705,0.15237328,0w8Awc2nc0w
0.312395,0.48977083,0.19424973,0.1884524,0.400166,0.16464375,0.40540776,0.2603516,kPUHTImIqkk
0.13694772,0.40294206,0.17852731,0.20302857,0.29282507,0.13559496,0.29307118,0.25470307,f8HeR2ARKBY
0.18490541,0.15385456,0.13778684,0.052136723,0.17252144,0.066489376,0.4644692,0.35470945,coL1uedveZE
0.05701377,0.39076403,0.060171593,0.09333697,0.16854817,0.0643359,0.20505542,0.14593725,z-SffJkUt_U
0.1057737,0.46551612,0.08448493,0.13476147,0.16294499,0.06410188,0.23393987,0.27100602,uF6B5ar4FgI
0.1868243,0.19828142,0.23694232,0.35756677,0.46913046,0.29300648,0.39980304,0.5605842,xUt2I75wQEk
0.16954859,0.2672771,0.2210218,0.19789414,0.49312338,0.30236176,0.4706473,0.6115561,oCya-XjjBsc
0.14775711,0.353696,0.15475607,0.119872786,0.2965053,0.12440833,0.23722412,0.2255292,nP9ynWoT1QY
0.15662651,0.44551077,0.15455566,0.1530536,0.18916124,0.08386112,0.31312916,0.20981857,dQTnV0E91fY
0.14077364,0.47428253,0.17572007,0.12180476,0.38933834,0.19222373,0.2902895,0.44426197,DYwPwRpXtWU
0.06396467,0.472841,0.10855989,0.09816993,0.29108727,0.1401267,0.2998818,0.2691969,f0tN_AA0EKw
0.15336208,0.4406268,0.122848764,0.08689302,0.25301722,0.123405814,0.3602705,0.2507539,i2PJNfOFNLk
0.10284008,0.42972714,0.112380944,0.112788886,0.28568044,0.124085836,0.27024537,0.37392983,KajzZPKPsrY
0.11013114,0.27341366,0.12626547,0.12824467,0.2179925,0.09390729,0.28809255,0.377671,k5LO_b3k6a8
0.10552643,0.5751138,0.08035765,0.15130237,0.19425665,0.10506279,0.27357474,0.12723157,IpIUklDBLHE
0.08913906,0.558267,0.0673884,0.14508054,0.15848753,0.051289532,0.28658852,0.33375576,_CwGy392gFE
0.04454098,0.3484655,0.054657247,0.05493369,0.12800153,0.044574887,0.18255582,0.07478704,4xfFUgVK5AY
0.13705692,0.7279288,0.112250224,0.14956708,0.21742241,0.0887082,0.40866894,0.29656398,nY3CuLwGUx0
0.06246558,0.3879644,0.05001814,0.119872786,0.16014235,0.062334184,0.28736177,0.13383605,8u2en1Fwwas
0.15694693,0.38539398,0.19334061,0.12760067,0.22547662,0.09805433,0.3420147,0.2617594,qeT8-V3wrgs
0.07645721,0.4846533,0.06717719,0.09816993,0.14630081,0.04879034,0.2240133,0.1838291,eBzt6vhseww
0.077752374,0.31458488,0.13404554,0.1668969,0.39571622,0.14416234,0.31161404,0.3226123,mxpsFMu4Dx0
0.058749788,0.4569099,0.068778045,0.09172598,0.14596161,0.053654313,0.19758843,0.19323097,9wtn-JbJNbM
0.16681272,0.5567163,0.2245353,0.1019289,0.489063,0.2400028,0.3392111,0.44424793,raM-F94QPpI
0.08442344,0.61137646,0.109404445,0.12244874,0.14341201,0.06635199,0.3666792,0.15914921,YZJVLiUQKqA
0.118223384,0.6285269,0.099204026,0.12888865,0.21154588,0.11446921,0.2640739,0.12389157,hqYs97FG6ZU
0.07024066,0.4389457,0.0397896,0.062925026,0.10042986,0.031913344,0.23595774,0.11558581,4dW5HP3mQ_s
0.13421261,0.3296525,0.0749299,0.1668969,0.17501302,0.07720309,0.38907814,0.22620967,r9L9sZhuFus
0.08420583,0.6311461,0.13316339,0.22979778,0.4016266,0.23436031,0.25465032,0.17738959,qq8YkVg-KAc
0.0706737,0.62835497,0.09791926,0.15334547,0.19723567,0.10348988,0.22873183,0.24236707,plfn0d7s2CE
0.06475844,0.40511718,0.17406398,0.1731117,0.31818923,0.22376405,0.27193663,0.31525064,e3b6JT0kiLU
0.07159447,0.14056447,0.068372905,0.077709,0.2509033,0.06935811,0.33801466,0.26717874,zuMvutNEqso
0.072155416,0.69201064,0.13757999,0.21362646,0.52395076,0.23934299,0.26848504,0.2694533,tzLcqDk7kjg
0.061450705,0.62869877,0.09558738,0.09118898,0.22147873,0.13534427,0.2941445,0.26678556,fFNVsmJWndo
0.25248617,0.19346216,0.27575722,0.38959074,0.5807752,0.33314642,0.47767973,0.40276745,9pET0JPW6bo
0.07782139,0.7079002,0.10388369,0.13924801,0.44441628,0.30878162,0.3537633,0.15777373,6xMGRAhZAes
0.08432804,0.2833,0.13776183,0.2965773,0.4399005,0.17017436,0.30819175,0.33833843,ALZY1PAa2p8
0.08240772,0.47250757,0.10034414,0.13386416,0.29773125,0.11109344,0.32766262,0.22963499,UD8A81Vhh4Y
0.064480335,0.33469325,0.048063107,0.13835071,0.13608555,0.049805425,0.18766089,0.10474095,8sGbLdAt0LY
0.08432309,0.4492889,0.06266842,0.14283726,0.16465792,0.04615613,0.23831736,0.33622336,cejZKnURf0w
0.072368406,0.63722223,0.100717604,0.19338597,0.32749262,0.1532267,0.28198895,0.2866322,Kgx49-lJrYA
0.063026324,0.41111073,0.08953176,0.1256687,0.1469354,0.12218618,0.32869068,0.16608907,WxUggD7LDqQ
0.105246566,0.6392313,0.30927104,0.20376207,0.6350989,0.37060398,0.24998517,0.15653622,TS_nPhsMw0w
0.086444214,0.32357216,0.16633481,0.36944604,0.58059186,0.25246462,0.3743491,0.764502,1SSn1XZ1abs
0.09839504,0.63116616,0.11509055,0.08050597,0.37171888,0.1451208,0.43893105,0.31320605,q8XWnXP4jFY
0.22952095,0.46814045,0.09829034,0.22990796,0.1592032,0.06753572,0.44972333,0.1929154,HXmaEJ3Yd_I
0.2455059,0.5680319,0.24856938,0.17242117,0.57769847,0.34831327,0.36400735,0.5584,KtJ3s6YECAc
0.06374378,0.11538324,0.1090105,0.25676212,0.39037573,0.14112437,0.37087694,0.35762542,lIMPQPNmYEE
0.06799517,0.32415727,0.057691794,0.085282035,0.1606537,0.052920226,0.1905645,0.14771761,Xf0Yt8ToaAI
0.06799517,0.3241572,0.057691794,0.085282035,0.1606537,0.052920252,0.1905645,0.14771754,Q6NHK6mgy_A
0.13906208,0.4394098,0.08353221,0.11536485,0.1567019,0.041583642,0.39045393,0.27629286,_xHez-mMG70
0.108985044,0.44057584,0.091015056,0.018881164,0.17330182,0.079341955,0.3726735,0.21044819,a3r2B1Z4-D4
0.0967969,0.5680319,0.16313475,0.13790205,0.27799025,0.16420934,0.36251038,0.35272965,mwSPOviOJ7k
0.08614004,0.7079002,0.15653475,0.17380224,0.48199952,0.2989359,0.26684976,0.07733146,nGaOVT75-Yw
0.060336847,0.6622279,0.088079624,0.111500904,0.14053544,0.058595296,0.32140324,0.1450028,TLROQ5wf6os
0.037262913,0.32340592,0.06055321,0.15976663,0.18860544,0.0648006,0.2479736,0.17536773,frLdug9qNDE
0.10396609,0.040339995,0.07241992,0.34388447,0.2608481,0.092121765,0.35499242,0.32367226,06ZMIv7ASng
0.09666568,0.22807753,0.08233165,0.10892494,0.19246373,0.07576818,0.335116,0.3945994,YJUYgb242-E
0.057509292,0.4417568,0.06245076,0.14552918,0.14309382,0.06409223,0.23691742,0.1415798,nWqFRUc6XGU
0.054020833,0.6491575,0.11775737,0.34792873,0.5826591,0.17561638,0.3162994,0.23041728,n1qJGLwGvPg
0.18077469,0.630332,0.15677364,0.1250247,0.3225383,0.14732322,0.39830118,0.3656454,A3KuzMDkPac
0.05571807,0.5487535,0.03794807,0.10892494,0.10592489,0.037790988,0.23228373,0.10814162,3vNx3jELcqg
0.09457927,0.27140236,0.08535551,0.09763293,0.22496967,0.08257992,0.33648548,0.37020355,BED_D6Hc6TU
0.05746666,0.63014543,0.072349295,0.06851897,0.27798507,0.08382307,0.26596382,0.2655864,KQpdgtk7xCs
0.0838534,0.26432246,0.097081386,0.08050597,0.2031507,0.07603602,0.28385755,0.31885135,nZTIrsexnhc
0.13949709,0.17635708,0.13642226,0.06532243,0.26902226,0.10504577,0.28395995,0.21640229,E2KL8oHxW8A
0.11306548,0.5934926,0.13089713,0.10763696,0.2786582,0.14188592,0.36592886,0.334355,weuyJFcI_E0
0.082099244,0.33469325,0.07148515,0.15071863,0.17697707,0.063845694,0.20140155,0.14606398,oR79ywYT-eo
0.08487341,0.229646,0.05940209,0.07571117,0.119222835,0.05118832,0.267238,0.11658489,oE6wISHWlp8
0.075352855,0.22803728,0.04871324,0.052136723,0.12567772,0.049873497,0.291174,0.1267573,CFjK3BLDLr4
0.13538724,0.6134577,0.32924244,0.19634613,0.44758034,0.2806844,0.28594598,0.35172898,J03o_PHFXPA
0.06271487,0.20299591,0.0527779,0.089041,0.1495345,0.07533835,0.25505346,0.106470704,ihnuYXKBGZg
0.026666421,0.33253774,0.02718407,0.15451296,0.08804311,0.039631564,0.27381697,0.13009056,WUBDHs55_1U
0.05350621,0.64542,0.109484255,0.1510105,0.29193068,0.09402943,0.22388905,0.36556756,a1-VBgENZ7c
0.026087973,0.44144621,0.042783923,0.058130227,0.15977126,0.09505632,0.25521532,0.13987505,BzXQZvr2nvY
0.06691696,0.07963891,0.11012661,0.14552918,0.30650726,0.13549374,0.37382185,0.23418103,LygIypMuxv4
0.09513918,0.22463313,0.1734598,0.34388447,0.41894132,0.37989646,0.4529975,0.47993517,d1cFYh5lNOg
0.07458409,0.5730495,0.12770753,0.2885035,0.20400581,0.13309024,0.2342248,0.34816745,xrm-1uzBmQY
0.18047623,0.017107066,0.12312572,0.11021292,0.21345384,0.097468175,0.45100164,0.17706451,hqaCDXosfuU
0.8657565,0.8294702,0.43730053,0.3437808,0.58523935,0.45226824,0.62076354,0.6309102,Y-gBQYl07KE
0.044475388,0.68169504,0.101142526,0.16035037,0.18820876,0.14800185,0.31625035,0.18071674,Fuap-T-YQFc
0.047591858,0.33218452,0.08996758,0.20816301,0.290207,0.12003583,0.30998445,0.23220594,-aPLJT6pfFY
0.25403947,0.7862751,0.12990882,0.3905958,0.28580824,0.14090998,0.32307518,0.05850782,F6Rc11HDFkU
0.08391727,0.65057033,0.23042484,0.17759849,0.6163976,0.36938757,0.2542375,0.1574371,Imxl0Oty6ok
0.11270162,0.43787742,0.12274797,0.09494796,0.31262994,0.14402561,0.2694123,0.23059109,beOAJz_pUxI
0.10349688,0.6893048,0.17220397,0.17587385,0.590724,0.43547836,0.40085426,0.24844323,ZwEWqT9XCyM
0.071941905,0.36932576,0.069922425,0.09655894,0.1801376,0.06737924,0.1957589,0.13222536,o0XfxZhyNqQ
0.118250646,0.34508193,0.07861893,0.05253629,0.18868604,0.06590382,0.35771158,0.27806962,mjztzqT8JoQ
0.15547247,0.4390746,0.14386334,0.13206954,0.39724165,0.20941448,0.31532112,0.5274114,YKyEjIPnuLU
0.16650584,0.5005202,0.10548909,0.05653196,0.19307151,0.07954066,0.43088934,0.21493247,y0hobFwF9DY
0.09957905,0.3927415,0.11594742,0.22598907,0.22191139,0.28016186,0.28404596,0.31249136,Q5M4QGMVuEA
0.23033892,0.44011116,0.14977108,0.15188612,0.19603243,0.10947448,0.35341865,0.26521719,u7pB_4qVCXo
0.05423097,0.3484655,0.044218943,0.054534122,0.17161691,0.054006796,0.26418388,0.083282985,8Zy6DQoRYQw
0.13441582,0.81564796,0.25966617,0.3093897,0.58523935,0.61192316,0.39004278,0.26343971,xfMAq3yD9mQ
0.110475555,0.45843574,0.11921667,0.028267438,0.22921638,0.082630575,0.32926792,0.45142433,0b1aw4_7YG0
0.1486992,0.19676317,0.2508749,0.18746567,0.55387735,0.18375549,0.36708763,0.24741338,KbzPDoEgO_s
0.060604963,0.7079002,0.04337119,0.04131502,0.1443702,0.05270629,0.26121283,0.13416074,S1Ja9fSAkT0
0.05706501,0.4515117,0.07076794,0.09387396,0.17362729,0.10312805,0.37104243,0.2642901,jp4Ioxv1UEM
0.07972586,0.6489228,0.06522919,0.11600884,0.13410142,0.051982693,0.2741134,0.17914034,we45ySMOjXQ
0.12429192,0.4378672,0.07696512,0.09870692,0.16637966,0.06663912,0.29017228,0.1790806,tb5JiBUXs54
0.062291164,0.40680358,0.040490996,0.10828095,0.15498313,0.052510157,0.36821958,0.1490626,2vowjNXDm-k
0.049428646,0.43769264,0.111266725,0.09816993,0.41221547,0.13966365,0.2178367,0.21362579,eaEwaYASKkM
0.06158659,0.31412944,0.047041215,0.11729682,0.16920118,0.058121286,0.2674078,0.087454215,UZhW1k_m7OY
0.07157195,0.18806203,0.072468325,0.08850401,0.29567742,0.09625007,0.35992226,0.29081243,s2E_TQzBiJU
0.039434258,0.27128005,0.075550795,0.22983712,0.26108146,0.11902433,0.350633,0.16540048,TtscOnCYH9g
0.04454098,0.3484655,0.054657247,0.05493369,0.12800153,0.044574887,0.18255582,0.07478704,AutSYxtI6gI
0.06896439,0.37743652,0.14506319,0.08050597,0.3424263,0.19958512,0.2699157,0.13369606,NAwNASLFMNo
0.1683897,0.0127962,0.17003223,0.19634613,0.2973536,0.19209228,0.43706018,0.28697824,_dHt4HFLCaM
0.16335642,0.53013176,0.082961924,0.16551583,0.13632816,0.066198885,0.36212584,0.11204332,5TMJG_Lfr5M
0.07064018,0.43814835,0.08642559,0.1024659,0.23824048,0.10381242,0.24953128,0.21602623,8Iy6FHQYCwo
0.11989259,0.17670658,0.22680783,0.2712817,0.65786994,0.36726758,0.3923154,0.34308258,g-mVGwTMJxI
0.15312617,0.31247023,0.10362244,0.12695669,0.17366067,0.07605802,0.3870526,0.2735626,QiTmp9h4gI4
0.12131278,0.6504534,0.09920647,0.23891698,0.26598272,0.14100482,0.28417507,0.5189931,WRK9NEZGnTw
0.041459106,0.4380907,0.047976047,0.105704986,0.21857662,0.06136572,0.22369315,0.12504624,fUHOwe1t_UU
0.13383746,0.04770723,0.1680861,0.15042676,0.30846465,0.15047221,0.35973734,0.16447406,SK8oAqTW_6k
0.089459985,0.28133336,0.05278298,0.04680874,0.14713112,0.051379003,0.28790364,0.13159093,LlajrOXv9Yo
0.4372444,0.33281913,0.32968017,0.22988434,0.73071605,0.43269637,0.41228712,0.4170352,TY10H3qRN8M
0.12549037,0.3179369,0.095314085,0.13386416,0.20704676,0.07044686,0.29785427,0.25909212,D0-du0NnkD0
0.07159603,0.39263323,0.08105342,0.07131593,0.30042502,0.14984083,0.30427358,0.23089643,KrqRHOFMgho
0.08237648,0.4591619,0.22164801,0.22988434,0.45646372,0.18646021,0.28493372,0.77414095,9Gotbah5lhg
0.07305862,0.48009446,0.08726354,0.13969667,0.2209464,0.10021736,0.25450647,0.18866079,uJV3SUwDkC0
0.0682859,0.36872095,0.09879805,0.11021292,0.24035922,0.105877884,0.2588128,0.24671212,IPnAYN-mFf8
0.04094706,0.24597019,0.021886883,0.0765103,0.049863417,0.015949165,0.3374291,0.08743906,GLx2Rvw2YAo
0.06733347,0.4547985,0.05707603,0.0801064,0.1552488,0.06128116,0.24076156,0.1541574,jXMwTiUxRAw
0.14059085,0.58778876,0.1919806,0.15334547,0.4684858,0.18525085,0.38081825,0.49726623,EoDYMLn07nc
0.072680146,0.33250743,0.06625291,0.09172598,0.17742932,0.06054426,0.3592638,0.24466795,BmRONG7i6mg
0.09253461,0.6307827,0.07780046,0.09387396,0.1481153,0.07369111,0.33098897,0.1585789,oTKZCHoxdaA
0.12585165,0.5680319,0.4375632,0.35642847,0.82874674,0.45641688,0.23802526,0.4118601,zeHqZT-NsxE
0.050525986,0.3484655,0.04078003,0.048868883,0.1454966,0.043003604,0.2338935,0.065474704,TLKveX5YUuw
0.08525563,0.17898281,0.08531111,0.03427619,0.15142764,0.0457409,0.33981287,0.31479907,3D3srJ87S18
0.07485341,0.32787567,0.13490279,0.15188612,0.26128548,0.14036736,0.2507647,0.15563765,HrqHN04QjMA
0.08821007,0.7079002,0.23015188,0.27194336,0.58523935,0.36316502,0.263493,0.20964296,2K6-K-YKwxw
0.0788378,0.31632018,0.12963948,0.09763293,0.29682833,0.13235097,0.25784937,0.29106867,6054GzO4oEc
0.12195803,0.33925214,0.10935939,0.059328925,0.16031967,0.07202245,0.37185487,0.23455401,E6x7HB5QqPg
0.07855624,0.18803674,0.14788786,0.2712817,0.4043654,0.13673766,0.34784773,0.35518244,mnqIyoeoBYY
0.13474421,0.11274614,0.13904707,0.229845,0.29708663,0.12346648,0.31781647,0.21390583,mjecCeAHGN4
0.10928019,0.3509453,0.08375059,0.05373499,0.15142015,0.051965974,0.3221335,0.3137715,c9T17jHEB5k
0.23072869,0.42867956,0.18585786,0.15217799,0.27713108,0.15561013,0.36134407,0.2664814,l8O-7KqDCew
0.105125904,0.68825495,0.16962922,0.34388447,0.37906107,0.20584682,0.22110166,0.24524717,A4uZGyh1uTk
0.14023733,0.48472038,0.14167662,0.08850401,0.2661725,0.12141226,0.32733917,0.37364343,p3yKcamADZI
0.18847391,0.17323916,0.2702091,0.13476147,0.65827626,0.30702016,0.52263045,0.49413684,WJjnpjJnb9E
0.0835525,0.36508673,0.07649988,0.13476147,0.17773727,0.07022273,0.25987178,0.211132,fg57_CnEmbg
0.05428208,0.4482687,0.0445822,0.0495556,0.13265075,0.047658328,0.24021994,0.11706284,t7ex4HjwGfk
0.07433199,0.4396368,0.1496851,0.18746567,0.5421842,0.23327342,0.24051702,0.19963771,24bXkJcuWDU
0.07965444,0.333336,0.05991306,0.14193995,0.14199051,0.051848024,0.22676364,0.10534484,dhRPlsa-Y-0
0.08501821,0.35085458,0.0557196,0.065721996,0.13511544,0.05763701,0.38161156,0.122052774,nNplavU3YtA
0.065152,0.69910604,0.042680677,0.11600884,0.11562381,0.06204973,0.3308205,0.13935886,TlyUtF6kdjY
0.09842159,0.41329482,0.0632712,0.07011723,0.11957473,0.061910164,0.28506446,0.123985976,Wx-uBRoAltI
0.11185704,0.37790564,0.119193815,0.2008281,0.3924425,0.17074752,0.3458619,0.30740327,WZwli4WdZmI
0.25216106,0.7095909,0.3247264,0.35642847,0.57739973,0.37867385,0.3411858,0.39550704,FhH2RSVEcWQ
0.09823404,0.386501,0.16256051,0.19535941,0.50240946,0.1680298,0.3479538,0.30674207,-jQJ3gPg1WU
0.16245814,0.2745247,0.16447917,0.14373457,0.33812743,0.10667522,0.3617739,0.35855573,71bEoYB-CCY
0.12299048,0.031238886,0.11245924,0.16620636,0.27875093,0.10745618,0.35444832,0.112277776,XVLJejRiunc
0.10132355,0.093942374,0.123883545,0.22982138,0.3185534,0.13965878,0.27040762,0.18348,tvKA7n8oeQY
0.025416953,0.4593165,0.03462363,0.0813051,0.12273175,0.049358033,0.25532612,0.07901882,3BAbfj9ahDY
0.09399748,0.38387364,0.04544241,0.09816993,0.10793921,0.032517496,0.23171549,0.12282218,vxTMNu31DHU
0.0833427,0.5680319,0.08222518,0.14911842,0.18336608,0.10402221,0.29335636,0.13295579,LEtHS8Gp5zg
0.04225498,0.39747566,0.05021606,0.052136723,0.1386281,0.04514361,0.22072226,0.07962025,CNin63B0rb4
0.07610107,0.7846141,0.15406615,0.37647265,0.4001199,0.20874836,0.30520073,0.1742248,KKipuGXhbOs
0.13747828,0.52160853,0.11830085,0.124380715,0.26022828,0.121520415,0.3249845,0.25323144,EbYABFruI1U
0.09410542,0.16660678,0.087024175,0.06492286,0.18092959,0.074906446,0.27236113,0.1386676,ykOVrn6lgTI
0.09301835,0.36375788,0.08850001,0.090114996,0.21398598,0.07084188,0.28188446,0.35804278,zbl-nIv6jmY
0.1183628,0.4431917,0.09854392,0.1019289,0.18804672,0.08989406,0.22209348,0.18246599,3vf7yX9ESRc
0.07161905,0.4411927,0.05463375,0.15626417,0.1817033,0.05951416,0.3092135,0.115044676,abyn9juukWU
0.14814533,0.7083621,0.11265277,0.1539292,0.30274415,0.11547518,0.25439814,0.27352598,_93AQd-gt7c
0.18757492,0.54478896,0.33067432,0.38953075,0.49914795,0.56937724,0.3778104,0.19647117,nqZvRXOCoGo
0.030943463,0.451721,0.027273003,0.035134587,0.08209543,0.034962915,0.2357039,0.07611215,hStkQRbhqLQ
0.30801728,0.8147743,0.4742995,0.39230084,0.6264248,0.359167,0.46807182,0.43900314,j77jQ8s_q5k
0.15314473,0.19545685,0.21004948,0.3411882,0.6674949,0.30875316,0.37984887,0.37465772,QfYxgsqVpJk
0.17408043,0.43769026,0.16724068,0.28996843,0.37793893,0.19613136,0.5622815,0.300925,AcbRSEoxU4I
0.08347898,0.70819956,0.07744943,0.12309273,0.16360733,0.064236045,0.23794359,0.26705828,CU1nCquHNsM
0.07177788,0.6026914,0.06452566,0.1539292,0.1809174,0.064657316,0.22986406,0.30794954,Il20J_MpVc8
0.19929355,0.4531255,0.4365646,0.4945446,0.7743308,0.5016237,0.5096879,0.78877956,9Wd0puWt40U
0.15018326,0.37935033,0.19070247,0.089577995,0.41485724,0.20246316,0.31056187,0.46449155,BTguwl8StpA
0.05978355,0.5472913,0.05905533,0.08555053,0.15023363,0.07156857,0.23591156,0.10508842,y3juWi4DAqQ
0.15348361,0.10231898,0.23428902,0.24242763,0.3831639,0.23655674,0.35766488,0.23644124,ZtgnIXnvxlw
0.07748142,0.4774607,0.06760439,0.15626417,0.1944984,0.07743039,0.28033912,0.26129872,sPear9wa26A
0.12825042,0.47704947,0.10689753,0.17242117,0.20924692,0.090844914,0.27224964,0.16322954,kZ4E0T6Gus8
0.07352831,0.50772077,0.06190853,0.12695669,0.12676293,0.05430437,0.18927589,0.12712118,AftoggVdQwY
0.15532798,0.42563254,0.11294751,0.14373457,0.2118241,0.06997235,0.5041265,0.2581014,R0xRsTFTaNY
0.065067165,0.36754,0.063761786,0.067320265,0.23581292,0.07979717,0.31845832,0.17933075,Fq38yjo_s5k
0.07508108,0.44058785,0.04539555,0.045091953,0.12757847,0.043253157,0.32939315,0.08577242,1vKSzfB9n58
0.034550708,0.45467186,0.039034978,0.10300289,0.17867756,0.06018701,0.3038894,0.07926259,iirJ0XaxgNE
0.12476785,0.19816189,0.1551682,0.21980777,0.54173714,0.21763209,0.4558447,0.5860577,gUXc0VMld4E
0.07496882,0.31584105,0.18647134,0.23014031,0.6424081,0.2922698,0.29347545,0.76809484,aBrhA3nY6dY
0.08732701,0.56471276,0.117941044,0.10634898,0.30143335,0.12118192,0.2749843,0.24287692,QPNtyiwLuBs
0.082099244,0.33469325,0.07148515,0.15071863,0.17697707,0.063845694,0.20140155,0.14606398,9qYXXNGXim8
0.09586802,0.30121452,0.08677786,0.094410956,0.17237194,0.11364295,0.29004502,0.24446988,s8xmh0cq_k4
0.068197034,0.37178925,0.10148988,0.17242117,0.39978072,0.10003383,0.37126806,0.4118845,nPAgLY8stpw
0.11235916,0.10067241,0.09043707,0.16275369,0.34691623,0.11871227,0.49045756,0.45764816,u8_2UhzTFYM
0.21613276,0.17933223,0.29696992,0.2298686,0.5701231,0.34583414,0.5104986,0.56284416,aXHQiVsA0bM
0.057535123,0.35625887,0.044457857,0.105704986,0.1275656,0.041207094,0.19869265,0.12866436,CDSCehhI_Ac
0.25624776,0.6633649,0.19750614,0.15684792,0.30422488,0.17600168,0.4373405,0.33618197,Sgw5oh0gj_s
0.14397311,0.18180038,0.121460676,0.07371333,0.2668581,0.11944967,0.49532592,0.30935675,kY6O41r-M-U
0.04349747,0.5680319,0.031891346,0.11085691,0.084460564,0.026919022,0.17519595,0.09019371,scGaSFInrUk
0.11329609,0.35441285,0.106621295,0.317855,0.35828826,0.12939692,0.3935979,0.3300524,he0fsAbRK5A
0.083805025,0.12999557,0.10290488,0.111500904,0.27165145,0.10262012,0.4122785,0.38450456,TX9_Edv4AYU
0.14113675,0.6302543,0.23907848,0.44805592,0.74796903,0.36392274,0.4842593,0.524796,aH2_4SP5Zx0
0.13266942,0.09377043,0.09168141,0.1785852,0.28267777,0.10165026,0.473454,0.32553095,z5GCJSLISH0
0.07011498,0.43674603,0.066512525,0.12953265,0.22422299,0.06217164,0.3257652,0.2545653,36uJfeO4ZAU
0.07722397,0.44326627,0.049808532,0.15918289,0.11502997,0.03842203,0.31842232,0.14317238,hbQHmXveQEc
0.26000118,0.5785624,0.14658889,0.15568043,0.26978144,0.16255498,0.49434283,0.3629744,PetbMHzBWuk
0.1889866,0.27075604,0.08287759,0.067320265,0.065572664,0.03923409,0.5144283,0.15561149,MRTCyfS94DE
0.12191736,0.68851066,0.3712592,0.27194336,0.7160713,0.5672635,0.3047809,0.21184584,w5uXpwoq0_M
0.044395734,0.7114374,0.05960703,0.09924392,0.21922792,0.13383466,0.30932328,0.113938175,jntRiFsjLWM
0.06328924,0.22681801,0.28509775,0.49542332,0.58523935,0.28923857,0.29713237,0.8763936,v_32zkuxDbw
0.11420147,0.13765158,0.30984455,0.39230084,0.7455812,0.56086195,0.35138947,0.2887262,hDBI5icm-Zk
0.102183975,0.20345317,0.101605155,0.21892473,0.31785738,0.136018,0.5188564,0.36921057,MIr-OzY8-7M
0.15175474,0.3710693,0.19222592,0.3411882,0.58523935,0.31929833,0.4868934,0.75764996,WBZPQTcaOHk
0.0369444,0.34586266,0.04948208,0.17587385,0.20185597,0.07888209,0.33064616,0.3102355,h10jnK215ZI
0.1376495,0.43842208,0.08343801,0.118584804,0.22539258,0.07784068,0.3075474,0.21863113,jP84tmyzhZ0
0.066019,0.20707352,0.07322746,0.09172598,0.29020295,0.12056533,0.4668611,0.26078105,KDddouNOqLQ
0.063101776,0.39767134,0.078283876,0.13969667,0.15303636,0.08453355,0.28823563,0.18608919,9Bdm_8sD_cg
0.062576644,0.40639737,0.056836005,0.10828095,0.1505358,0.04979463,0.20756757,0.149369,CYaQpSvYImM
0.16408104,0.20775157,0.2076959,0.06332459,0.30659983,0.14427766,0.520363,0.5087237,rmsF9GBka88
0.11517934,0.5206726,0.15576823,0.29021257,0.4017284,0.3060488,0.32652915,0.49579635,cHgQhEE013Y
0.067658916,0.32959053,0.07328651,0.09172598,0.16686875,0.06224758,0.26303425,0.16215305,jzn39_fauag
0.090463154,0.726907,0.69309914,0.43275943,0.50498396,0.4394317,0.29232505,0.28734815,p8d-5e2LHsg
0.04504628,0.45183757,0.059346862,0.08420804,0.1326977,0.060088024,0.20422803,0.08851155,9Dd0foZnMlM
0.11442844,0.5680319,0.12398868,0.13879937,0.39565676,0.2907016,0.299066,0.121092945,aSoAk-E0Xi4
0.04755658,0.69940025,0.030504614,0.094410956,0.112839535,0.044610664,0.3656802,0.08867875,tzdB_p9nOyc
0.080449246,0.23824434,0.06383685,0.08635602,0.13220152,0.062172037,0.23397622,0.118121445,CTVGsbqYNbA
0.16109297,0.048546534,0.17491895,0.11536485,0.3093582,0.114351034,0.45165783,0.54495263,2Kg0q82mFzI
0.11972317,0.7050929,0.08455166,0.15159425,0.18693267,0.088424906,0.33283862,0.28341064,3ch9GfBkk98
0.069674686,0.4366232,0.06402038,0.03221605,0.14634138,0.054071717,0.31097826,0.27640498,7Yf12qsD3Go
0.09712464,0.7079842,0.08954845,0.104076885,0.21823892,0.10080445,0.27714393,0.22544196,NvUHc4aqgh4
0.06773629,0.7079002,0.10020231,0.3609816,0.37843338,0.12266762,0.3467813,0.43536243,qSU3B-VzR5o
0.11266496,0.53532535,0.10234106,0.21980777,0.2342214,0.11040338,0.29768598,0.31308365,HCkx_x9FLJ8
0.059290864,0.4406171,0.051611744,0.0669207,0.15985896,0.046742428,0.23998341,0.25741062,wPne63CD7co
0.05094394,0.4744389,0.07799045,0.27045983,0.29140133,0.15038642,0.28989008,0.20693162,UKdglMZd6Ps
0.046735894,0.43987498,0.041949525,0.1256687,0.15407328,0.063278496,0.22420391,0.14857326,OsSt6PmzB2I
0.04816379,0.2854365,0.02077259,0.05852979,0.03988473,0.013570712,0.31414354,0.08886595,tJKpQlPGJm0
0.09779362,0.15946436,0.020533085,0.08796701,0.03180486,0.014456324,0.3615912,0.11463302,PG1EWTXO4wo
0.07663407,0.64927644,0.30223024,0.21186037,0.6815826,0.5332292,0.26711962,0.2563626,yWqx2Rs8RGc
0.082244575,0.35814843,0.07116471,0.085282035,0.1931949,0.13793659,0.324751,0.09610025,3uf-HoXnL8E
0.21955647,0.34988463,0.2246373,0.17518331,0.4177193,0.19115193,0.5275744,0.44571462,XHyuIc_ZYmI
0.09013055,0.22134389,0.12555468,0.1550967,0.29141834,0.10748742,0.3759376,0.58732396,q-z_ZrxP9hI
0.09122164,0.85079104,0.22919838,0.5535644,0.5704872,0.301396,0.25543982,0.17008804,Q757q-Z9s80
0.114616774,0.40002498,0.104545735,0.04165838,0.18793848,0.08383241,0.28119472,0.17904104,MzWa4qSfHNY
0.065789334,0.49244237,0.04545077,0.09816993,0.18708709,0.1055767,0.29908526,0.13096988,QV2rNX7JiXU
0.36820093,0.31240782,0.8060722,0.7344555,0.5014711,0.6513184,0.5000723,0.6521178,U7rFKsNibic
0.17978698,0.3409907,0.15867576,0.16344422,0.30820668,0.15016861,0.5088856,0.28147814,06HnuhE7-0g
0.14651376,0.13026306,0.14292039,0.14193995,0.29391888,0.1350732,0.3543737,0.24941626,yBRW1hoDtrY
0.053538874,0.4381156,0.05198827,0.06012806,0.18383214,0.06972155,0.26947963,0.09826507,nn2wnPitZug
0.10912769,0.28887984,0.07219059,0.44298556,0.2577189,0.11862639,0.5474529,0.25832286,qte_jldVc0s
0.061869767,0.24885865,0.05171962,0.08689302,0.13392349,0.050235968,0.27529025,0.2567755,gogQ04caM3s
0.07848883,0.45785812,0.09619191,0.13206954,0.4499226,0.20374075,0.36211804,0.27141395,xgWmlo_56ug
0.058917005,0.19665408,0.062654585,0.10892494,0.19559628,0.07023598,0.3894115,0.23602164,PUeOQ9P2CVU
0.16966216,0.68601984,0.1809881,0.12888865,0.409119,0.18282641,0.34349012,0.41113025,VnDS-_-o67s
0.122160085,0.049429953,0.14482825,0.28996843,0.37749705,0.12443343,0.5442688,0.36525738,2N-HrGelM4s
0.08971358,0.09892357,0.057241295,0.089577995,0.12041637,0.044031832,0.40255412,0.17674278,mmcPSXY-TdY
0.0511481,0.3240981,0.031543292,0.09172598,0.13534312,0.06049588,0.23672034,0.10031619,oQvlLUwXvbs
0.05982602,0.5680319,0.070450395,0.15071863,0.2143367,0.08109747,0.21984321,0.21980818,SK0oBSse05I
0.105613425,0.33751208,0.052652746,0.10031791,0.12584794,0.04155138,0.23904997,0.1265934,gzuhkJ37c5w
0.10580665,0.42940584,0.120554514,0.2015616,0.21907341,0.12664463,0.4082371,0.08982757,lF65yCeF-e8
0.062208645,0.2996729,0.045458533,0.058929358,0.16046555,0.044721927,0.2556641,0.08788961,dcsumghCuLM
0.106242605,0.4897896,0.14152029,0.13655609,0.33782706,0.16712323,0.25033516,0.24226901,2Ox1A8kFq_U
0.15242779,0.4607776,0.24544105,0.11729682,0.5087778,0.2696824,0.33112168,0.4945609,ehpOQZ85qwQ
0.05534867,0.45004773,0.03170212,0.13476147,0.10478602,0.035715334,0.37532422,0.21514764,l3Ji9WlV02M
0.09184584,0.44020313,0.055000436,0.07571117,0.14886656,0.083504125,0.29975855,0.122353904,kdJb2uBDy1Q
0.083277054,0.44190657,0.07863846,0.08447654,0.18416947,0.072792955,0.22635025,0.17989372,fyle1b7dsw0
0.08736979,0.5612139,0.11141938,0.22989221,0.2930142,0.14371246,0.281658,0.17023844,yruhDDx8_4k
0.10101464,0.18438025,0.07789861,0.08850401,0.18106067,0.10978871,0.31940264,0.17350772,t40zD1NZKMk
0.10488564,0.45671472,0.2575368,0.28021416,0.62260705,0.42471993,0.2823256,0.275861,PbedmwYnmew
0.11086179,0.44007826,0.1387249,0.12180476,0.35636398,0.15381335,0.34294823,0.33437487,GAvA6M6GHjk
0.093418665,0.44029197,0.11213315,0.11600884,0.3401835,0.20460625,0.29960376,0.19609548,yStppBsSr0A
0.093290225,0.6209642,0.080845885,0.048525527,0.16830583,0.062762894,0.26837313,0.20784716,0bHrrZdFRPk
0.08956258,0.7146219,0.2539263,0.19716066,0.5693742,0.46790445,0.1977862,0.19012675,Si-U4eipV34
0.09904448,0.5749565,0.17202015,0.10031791,0.27347353,0.13911143,0.23008575,0.14141886,PbGV8Ms9GP8
0.048532043,0.36350098,0.051247414,0.09065199,0.17790166,0.06318058,0.2003601,0.11989034,pirjrKmWxmA
0.048300177,0.44070444,0.07641062,0.1423886,0.2489347,0.086469404,0.2887813,0.20955797,kPYPh3czBZk
0.13620189,0.3812866,0.15070938,0.11600884,0.31527478,0.171836,0.2389064,0.24441965,b1WoYaF1DY8
0.09845132,0.2885687,0.09767389,0.1539292,0.1748103,0.097262435,0.2431976,0.15343268,gaW4otDuSMw
0.07773958,0.7786089,0.11373223,0.2712817,0.39478293,0.1796053,0.31173792,0.6289201,vzZ26aXYw64
0.08666617,0.34963772,0.124735914,0.26589394,0.40159208,0.15930262,0.36456093,0.25815573,tHdthcjyUwE
0.035469014,0.43722022,0.05257678,0.080905534,0.22652106,0.06867435,0.24947976,0.15057676,JKH9mDbFuaY
0.07623371,0.5511333,0.05707995,0.16275369,0.14417402,0.053618617,0.32047814,0.19594923,H4IxXKWEpG8
0.11711341,0.45518434,0.079954326,0.10634898,0.17883079,0.06730278,0.2615104,0.21705677,_sAUZlgbaps
0.09345035,0.23660345,0.16397494,0.2712817,0.47631612,0.30424422,0.40441275,0.4050686,k_HjeDNQloM
0.09709284,0.31231523,0.08059147,0.07371333,0.21770267,0.08617561,0.25962335,0.18408217,MU3eGiHtzII
0.13127762,0.70844036,0.26107922,0.39421332,0.5151161,0.44789472,0.2735736,0.2871454,C7_nNaPCIz8
0.18321532,0.30887696,0.18701695,0.2712817,0.42836508,0.25063783,0.5071264,0.518179,hXBdrsX7Ero
0.0517478,0.24007235,0.03274027,0.012425472,0.01928246,0.020117411,0.32380024,0.08419469,H0Yncm832bY
0.1131384,0.043221146,0.09850948,0.1835188,0.21351127,0.10004999,0.4075286,0.1864771,qUdY2r5S4KA
0.3025446,0.48652184,0.30728483,0.3897107,0.5471635,0.34141353,0.5364665,0.40820318,fh2FdfHeLno
0.08452416,0.24633567,0.14614107,0.18450552,0.58523935,0.26972154,0.43307683,0.31166774,3qFgBxv_LgY
0.13565037,0.28470835,0.09875413,0.089041,0.14250614,0.05752916,0.3798136,0.34856078,i2SGgL7XES0
0.121963784,0.09204568,0.07360238,0.0358213,0.097683474,0.03611862,0.3441549,0.28145364,4LfdNjvc_yc
0.077806234,0.37565058,0.06543739,0.08796701,0.17996173,0.06918629,0.27237365,0.122061685,MHqveDwORUo
0.09713218,0.46093145,0.100410126,0.1710401,0.2832464,0.11723019,0.27462634,0.14088413,avrWrwYk0KA
0.12573728,0.4562063,0.105285995,0.0789077,0.2236117,0.109442174,0.31018284,0.19575097,abGtk-FN0wI
0.04160866,0.5749634,0.08392227,0.1550967,0.21067697,0.24297415,0.3194566,0.12773001,vgWxEYIIAXQ
0.090240784,0.70844543,0.092603005,0.119228795,0.17851889,0.09728833,0.2553459,0.17324972,w2z6ucF2qvw
0.07274807,0.24034944,0.067968,0.15130237,0.2624719,0.11042511,0.3330306,0.14058895,8BDyEt21cq4
0.055429652,0.24414705,0.06338098,0.09279997,0.1204637,0.040936057,0.19670892,0.19350226,oGfzJJE-gPg
0.05709799,0.13191491,0.02755855,0.08290337,0.08078273,0.035474673,0.40162897,0.10883371,uAw3Eva_F6s
0.06401401,0.60629094,0.13877022,0.083939545,0.3929168,0.20476522,0.24859865,0.18368104,tnZrwVB6yxU
0.06364016,0.44009453,0.042124294,0.09602194,0.20243046,0.0672008,0.331104,0.12597156,J8jL9ooNtY4
0.085151404,0.58399534,0.058576424,0.12824467,0.13604009,0.076364666,0.3471053,0.09539166,yFA58J2NiII
0.04656831,0.2899853,0.049313176,0.08796701,0.1292596,0.04265806,0.28487092,0.31022045,0-D2kk09GPI
0.102999695,0.44644812,0.07016122,0.16758743,0.1756093,0.08129257,0.30572596,0.15182357,DxbzHofmko4
0.11286915,0.3064658,0.1359562,0.1731117,0.26855302,0.13644522,0.29859695,0.27407244,0_GoouKwDM4
0.10657843,0.60985047,0.08825546,0.20302857,0.18285261,0.08496533,0.24771327,0.19352992,pgxrcuydUOU
0.09110775,0.124685116,0.07603916,0.15217799,0.20310822,0.09186563,0.34038627,0.11310516,aKhrbk8jGnY
0.110839784,0.6401427,0.20063911,0.29021257,0.5575896,0.31154236,0.27091715,0.28953928,eVIbd9cxGKQ
0.14699388,0.27068362,0.099189274,0.11472086,0.237679,0.12385459,0.3608196,0.21995401,MhbgiMqBRmY
0.055741493,0.27720433,0.10826124,0.22157386,0.44550845,0.19630411,0.36979783,0.2913381,pBPRbGJwUSM
0.14130391,0.60961986,0.1576776,0.09494796,0.25911024,0.11008042,0.39164788,0.39879712,zYE1RiI8wwk
0.08991984,0.7279288,0.12380051,0.14418322,0.41868806,0.1389614,0.22218247,0.23185016,GOa5q2We0-E
0.0871385,0.44406298,0.17334868,0.16965903,0.48314136,0.29103774,0.3132206,0.21527483,fqZiPbzU2wM
0.030726412,0.19074549,0.041099742,0.09118898,0.15956168,0.12653722,0.31717664,0.14010425,TQiNNXFUikA
0.17225553,0.7056048,0.22564422,0.22980565,0.28444248,0.13442244,0.33427355,0.27804583,gtTaqYLOe68
0.09303178,0.13318658,0.09649882,0.16827796,0.29761273,0.09280692,0.40145493,0.26259065,SydryOGpYXo
0.09281734,0.45145,0.09705374,0.08635602,0.25079605,0.09467786,0.33204165,0.33184886,Np7WIfe-EMw
0.08435091,0.5251203,0.074160375,0.28874767,0.16376762,0.063025944,0.22870138,0.18401556,dvutAgHtrF4
0.04475019,0.3771226,0.0911738,0.12309273,0.31727824,0.12770182,0.26974738,0.24161428,pgal1XW3B6M
0.07095054,0.306688,0.07019652,0.08850401,0.21100846,0.06729775,0.26429537,0.36706498,vbVKJ83uLCE
0.09936675,0.088361114,0.08139239,0.10515087,0.22425544,0.07513432,0.47118288,0.31443408,okPnq_z5g0I
0.14050823,0.50325614,0.15054388,0.22990009,0.40936086,0.15742338,0.34008852,0.60543543,vu26EKt9PaY
0.10936219,0.47454396,0.2186202,0.34388447,0.45301703,0.5405875,0.3168961,0.18328263,FQRcy3ZjDj8
0.05100564,0.17116816,0.047227092,0.12695669,0.11870932,0.042740572,0.2376883,0.152046,tdFi7AdW4S0
0.13305445,0.4684623,0.12340519,0.16482529,0.16717158,0.046994977,0.3642312,0.37480265,5yWybzFR1jw
0.030910248,0.108544596,0.028219199,0.02809576,0.109270744,0.11827075,0.3300594,0.09538705,-v9MWRRt5OY
0.108882524,0.5680319,0.10151036,0.16413476,0.22652386,0.10107984,0.25491983,0.16653568,Rsi6cOFF2S4
0.27424416,0.4913654,0.20059234,0.17242117,0.48478308,0.28624764,0.46478435,0.3913328,ImRBvDMzJZE
0.03892291,0.63087034,0.041067015,0.0801064,0.10310289,0.06500721,0.3557945,0.10002542,pcQYBaCxQqQ
0.09579649,0.22450165,0.06524268,0.1550967,0.20819524,0.07486685,0.27124375,0.17840077,QjmONANA4Bc
0.11059593,0.072804905,0.1522818,0.21980777,0.3381054,0.14713329,0.3652324,0.42470014,GMEMuXUQdtk
0.18101859,0.10371384,0.26037508,0.17587385,0.42744926,0.21793582,0.5349209,0.3854654,yyCdnMLXPPI
0.111835875,0.8294702,0.24528936,0.31671798,0.6350989,0.29823777,0.29502136,0.4599452,iK2GtqQ7vlU
0.06517908,0.10363926,0.08351765,0.2406723,0.2345051,0.107154414,0.29359683,0.13188651,VdkiwmB86Cc
0.1229667,0.7079002,0.15302914,0.13146462,0.42693698,0.1991056,0.37249157,0.5319475,XR6fGAlIlKI
0.06674454,0.20189932,0.057565343,0.13146462,0.14530952,0.06695306,0.22588742,0.09190289,VoOHrTdDFe0
0.029492123,0.3484655,0.022404118,0.076110736,0.10442613,0.03089436,0.21505338,0.043418434,UbRcQ8sFdio
0.054649375,0.08809713,0.026163634,0.027065687,0.056566715,0.01727102,0.27680132,0.067868076,gVQIeM0SY58
0.07924342,0.3586313,0.06639439,0.101391904,0.16478455,0.05994722,0.20409071,0.13037433,NY7BZ6NDtzY
0.07804301,0.7079529,0.060940668,0.28517663,0.12138918,0.05153084,0.3280412,0.1581484,7L6owUSiGRc
0.068619445,0.3720185,0.05726051,0.08447654,0.16954938,0.06325238,0.2414348,0.14848045,5VSpDbb86hk
0.07812881,0.40580457,0.09704777,0.13610743,0.30222973,0.14662208,0.26770836,0.1667652,rVcR9z0gicA
0.06799517,0.3241572,0.057691712,0.085282035,0.16065365,0.052920226,0.19056435,0.14771774,dtzeLBEhxqI
0.12563466,0.31964117,0.078417294,0.09333697,0.24482046,0.06107254,0.38860765,0.19919065,dI8zGUTr9jM
0.08097472,0.42075977,0.076963454,0.119228795,0.20679884,0.068941444,0.24692017,0.3138535,JLGXKArX9gU
0.06702264,0.42880276,0.07135601,0.068918526,0.22078303,0.09836742,0.22159755,0.100974426,GD2QnENW3C8
0.36214536,0.5680319,0.56109464,0.5026305,0.3577413,0.31278935,0.3725163,0.40113056,uo5Tn1rN5u8
0.15797547,0.5680319,0.43786517,0.44509158,0.86287034,0.7394524,0.38124406,0.3593819,iA1IDaqt7po
0.15208623,0.41205868,0.15555528,0.09548495,0.28048357,0.14172772,0.42855388,0.3142055,QI6MN4qI9-4
0.2375549,0.7204338,0.49917138,0.45120096,0.80043465,0.61868125,0.4584626,0.71817034,xRChTBoRD1E
0.14257683,0.7279288,0.3522449,0.34388447,0.798412,0.61666214,0.3405951,0.6277168,poet-IrBaZs
0.14696223,0.4381391,0.11616068,0.07571117,0.19886056,0.063868694,0.37837416,0.26903346,3S4STblnBb0
0.068540424,0.53278035,0.1699767,0.18253209,0.47564995,0.13772579,0.24434929,0.7699951,P56rUszBPKs
0.12145863,0.36695394,0.101521745,0.11665283,0.22250941,0.11757068,0.3640221,0.2695005,AGSwj2tqMSg
0.087929994,0.27216542,0.14064823,0.17242117,0.50662005,0.15321499,0.3639496,0.78205854,cO0tyOrg0QU
0.07913495,0.16160011,0.07456064,0.06532243,0.1866728,0.06597891,0.27884275,0.14394107,0nKJ5O7RQX8
0.10306103,0.5377509,0.07995814,0.103539884,0.1662271,0.061864745,0.25606528,0.12032244,doGrFeKzhPM
0.069687314,0.45218903,0.039229188,0.13017663,0.08082234,0.028022617,0.2475729,0.10804205,5uQPRWUFJqk
0.018202268,0.28458548,0.020837015,0.065721996,0.05958213,0.049020804,0.24032608,0.041024476,6yarTNrv2L0
0.052914735,0.403538,0.09468734,0.119872786,0.24873506,0.11805069,0.35123155,0.21036719,fvrjceL7ePE
0.086018845,0.43489158,0.13652502,0.2712817,0.38329867,0.15237027,0.2377045,0.2852325,bvrCFo81qS0
0.1409311,0.4895551,0.19236244,0.17034957,0.42110667,0.25325847,0.27645108,0.3401794,4Vg6lb42yKo
0.5093691,0.4280022,0.8741705,0.6955873,0.6933469,0.80613285,0.5760011,0.5437796,6XiOZk58QpQ
0.09009304,0.47114772,0.44568446,0.26817688,0.47272655,0.44529623,0.37055817,0.23437735,kHbmUiWHYGA
0.07057257,0.2994435,0.044642426,0.20669603,0.2437548,0.083234236,0.39525038,0.25672308,tu8sfuP2Obs
0.079707876,0.43864444,0.06247038,0.14104263,0.1534935,0.05329293,0.29673496,0.19497877,NS0Q5lrpT1M
0.079309806,0.38841456,0.07220653,0.06652113,0.16609216,0.075931706,0.26326573,0.119249195,xwUazXBq5AQ
0.20499302,0.6766512,0.43753874,0.4458971,0.79972756,0.5649918,0.33457088,0.25132343,cIXDg15JOck
0.15554942,0.55125535,0.089113675,0.09387396,0.163901,0.063498646,0.44466633,0.28564724,-rz0n4yJYXg
0.058360375,0.60498637,0.14983483,0.14283726,0.40373993,0.17202611,0.1917157,0.2197376,zxQm1YRyFTc
0.09000318,0.35480648,0.12681717,0.17173064,0.33267495,0.07713087,0.3882189,0.2810056,arS8rthaRcA
0.077857964,0.5680319,0.15949121,0.118584804,0.4814258,0.208055,0.32042238,0.24116786,E3rggd6yvXc
0.08048819,0.71330816,0.09270948,0.28948012,0.2848267,0.23031911,0.3602359,0.128014,3-yApZLSk4g
0.10507962,0.40570626,0.058520447,0.1414913,0.122521095,0.059678737,0.33302468,0.15985388,6SZOjzkxt1c
0.11352036,0.59689903,0.12565969,0.1256687,0.2677469,0.12065723,0.28263646,0.3113779,36js0wIiulM
0.06864923,0.4538256,0.04553058,0.14777246,0.12144329,0.0514546,0.28925622,0.15700297,U5x4bHxQmRQ
0.05633118,0.39184415,0.045218263,0.092262976,0.13435747,0.051028967,0.2358125,0.10871744,UornvOLBwIA
0.23577866,0.4612913,0.31406173,0.5026305,0.6012231,0.38572875,0.41459778,0.35989365,emRRnattCsk
0.0482227,0.45316288,0.07778235,0.11600884,0.13584818,0.06667599,0.1976632,0.115170136,7bMQorO8VGQ
0.065371975,0.26855612,0.04386404,0.004616167,0.064230636,0.046926588,0.37818465,0.3241179,EZwUnP0SkZo
0.099827245,0.61500674,0.092635825,0.09172598,0.18151847,0.08610808,0.24589108,0.13194042,toEo7Dgv3n0
0.120039746,0.6056636,0.14317887,0.16827796,0.32109472,0.18557388,0.33403128,0.36522272,VJyZ8Ixy3eQ
0.046589028,0.46670386,0.058219608,0.11085691,0.15851273,0.053993102,0.19177207,0.124324866,7ynPABlIIPU
0.0656242,0.3728909,0.11234854,0.18549223,0.33116117,0.12813763,0.22396109,0.30169293,jtDxl9f3QsQ
0.090952046,0.62929994,0.4053385,0.5174561,0.79928553,0.6949321,0.29966336,0.18143484,xi-04wk__RA
0.15031871,0.6340787,0.1046099,0.23014031,0.26634207,0.15286545,0.4166326,0.1948537,qcoIouZHwus
0.12925124,0.79652786,0.25842407,0.25676212,0.57327235,0.4298151,0.314036,0.18557179,4R5tS7-Z6oU
0.07856856,0.3537186,0.031865958,0.023117077,0.023759944,0.020735394,0.34059036,0.17465483,muaP3u1_2Oc
0.09402222,0.28599995,0.061011996,0.16482529,0.14304186,0.050269626,0.33611315,0.30076605,WEKBXX6I188
0.08455585,0.36431673,0.06140155,0.11407687,0.14401901,0.052235056,0.21372265,0.16674641,h6eJ3O3uXdk
0.16619542,0.6291551,0.22305071,0.23891698,0.58523935,0.30345854,0.46763518,0.18625177,dd_ifCmAJqQ
0.050836638,0.46903664,0.093938656,0.16344422,0.3218082,0.11304038,0.24995187,0.3371192,3OqfZyzQPo8
0.06535941,0.10915293,0.07366139,0.12116077,0.29033273,0.087778516,0.40369025,0.24036056,EuGlTmlzaNM
0.078659,0.4581043,0.05601759,0.14014533,0.12690161,0.040434618,0.23651914,0.300533,FKrcoiH54VE
0.118558116,0.64413846,0.17327113,0.15334547,0.4629617,0.30843967,0.35980162,0.5384658,x4Pl5sloiiA
0.06203413,0.2774492,0.080670185,0.14552918,0.19773257,0.08105879,0.22373389,0.19349886,pk6KBRSjJVU
0.1527591,0.69103444,0.30492854,0.22982925,0.5174063,0.46306577,0.3964113,0.35963896,ziFxzxNDpBI
0.14466779,0.26173604,0.14215925,0.1894391,0.28460434,0.19499728,0.5121164,0.38499582,I_9CxL-D9cw
0.122872114,0.264726,0.16672103,0.13790205,0.38930565,0.19568858,0.3603852,0.4695458,LgHDTm5CWMo
0.26127654,0.24502155,0.43068436,0.4151741,0.58523935,0.5676081,0.42702937,0.45194775,6ZX6j5Muz6I
0.13687083,0.15959848,0.058090873,0.013952625,0.04908025,0.027572408,0.28734457,0.13584004,Lf54rcqpeB4
0.069567814,0.4394654,0.109511614,0.16344422,0.30502278,0.095728055,0.21620926,0.50305617,Eynw-NRbzZE
0.06729926,0.5680319,0.109335296,0.20963,0.34169108,0.16428299,0.22475554,0.10984682,wYE-wTwArag
0.09490279,0.44377476,0.119606175,0.112144895,0.20956942,0.104038306,0.23380184,0.21745147,hOS3wnvWS0I
0.104894765,0.1605806,0.16206592,0.094410956,0.25871786,0.19817749,0.3152744,0.7318657,Q1EO7R7K0qs
0.110876046,0.4516122,0.119749494,0.09709594,0.21037573,0.1218503,0.44709337,0.196531,aAZv5wgC6_o
0.09515022,0.6016401,0.08016746,0.22982925,0.18537371,0.07357305,0.30789658,0.22242886,zH-Jgf0amTY
0.028813537,0.6278817,0.030224456,0.05773066,0.051942952,0.031605408,0.22780266,0.109565765,gu-SofVLLFE
0.052517727,0.26273805,0.03279227,0.040284947,0.034495607,0.030031618,0.2875281,0.060836628,eaEuySsDLJ4
0.0674087,0.28412366,0.058020353,0.118584804,0.103823006,0.13969693,0.35596785,0.28608492,t2lnihaUAzI
0.031347606,0.6504559,0.019917328,0.08447654,0.07062871,0.021387864,0.24811374,0.045855638,aaIunJEMqcU
0.111565225,0.63112724,0.05317288,0.046122026,0.0529586,0.038134564,0.29417294,0.07094301,PwA-CpI3E9A
0.06920165,0.3242924,0.04043761,0.19338597,0.1030748,0.035492208,0.3286184,0.1285388,UJUDeE4sXN8
0.14529489,0.26423207,0.15459701,0.2995453,0.26514235,0.15465029,0.46142924,0.58457625,lKM4VYNvOIk
0.052567456,0.75058323,0.07225558,0.08796701,0.12774514,0.086972676,0.22224647,0.12003244,0_59X969rl8
0.0889096,0.11725258,0.08469449,0.086087525,0.22864905,0.114729114,0.37361827,0.16738375,RTQEsMgNls8
0.08239944,0.60872686,0.072168365,0.2297899,0.17855172,0.087654345,0.27037415,0.2032201,35DE2Jp6X3k
0.062789194,0.14751986,0.05574132,0.15859914,0.06143786,0.113556124,0.45450786,0.1362123,r-7vnx7w41g
0.10530692,0.06709464,0.13225107,0.053335425,0.2257094,0.12824458,0.46316266,0.32633415,oxsEyVnrsug
0.10156362,0.6483229,0.028100943,0.14552918,0.07216283,0.029683232,0.33253518,0.18051793,PsAWWV6tY_c
0.14560953,0.25083444,0.16096756,0.16827796,0.24672098,0.23355539,0.42801917,0.51369417,TZRBWR404co
0.18269266,0.43925428,0.4259139,0.20522906,0.68744785,0.5632857,0.40504467,0.48278496,U7cwoU1bnOM
0.19257002,0.8084118,0.24301204,0.46457416,0.7447613,0.33366174,0.36324742,0.50557184,iEZQYrNOxfY
0.09228209,0.46713266,0.2853963,0.22977416,0.5786228,0.22790073,0.24986476,0.7164316,oPhtgbIs6AY
0.07475135,0.36965603,0.011577786,0.22991583,0.013356371,0.019528802,0.30999964,0.12389562,ZGhMvcS8oe8
0.021399923,0.35583565,0.0154149495,0.0018742332,0.10751329,0.031741813,0.30494547,0.03738539,-mNu3lyH97s
0.11211558,0.44787258,0.08699884,0.05373499,0.2107847,0.12307606,0.33253497,0.18022068,hlZtk_f3C3Y
0.07508353,0.27013278,0.08027982,0.049898956,0.11361341,0.062315006,0.334704,0.29595456,oyl5BSzuB4s
0.099303745,0.5804626,0.13947187,0.22069082,0.19048639,0.07763026,0.3766673,0.16790175,pAs9XA603Cg
0.7893632,0.1901636,0.2784082,0.44805592,0.47637597,0.3504687,0.6232494,0.5367485,X0oE1vo-aVk
0.12394446,0.5680319,0.097586386,0.08367105,0.09314507,0.09274203,0.42774504,0.118645735,bdTdB7VsRE0
0.076175794,0.3735557,0.04205434,3.3081084e-05,0.1466498,0.064240515,0.31787574,0.0597457,74LfKtPlsTo
0.08846916,0.042127095,0.104557216,0.04818217,0.14847545,0.118164256,0.3393685,0.1657694,qBkXP8PqYP4
0.058957156,0.111420944,0.050919246,0.20596254,0.10242115,0.035618268,0.3224278,0.37852618,mpJSRVv-yoI
0.14113654,0.123389035,0.14928745,0.1423886,0.09787697,0.074487776,0.39401215,0.35258585,miZCcgnHbmk
0.15433328,0.66427964,0.26125076,0.2712817,0.5848079,0.5068086,0.30195212,0.19112456,cWb18R_u5vw
0.09220753,0.1920233,0.09149027,0.07690986,0.07244409,0.05961957,0.28202012,0.33031142,6IJmZ6WQkTM
0.039581437,0.10927798,0.06987897,0.059328925,0.13522424,0.11086281,0.31561938,0.09937169,ROGM6Pj81wc
0.036245067,0.24283779,0.03064356,0.026894007,0.05383033,0.05748342,0.24525711,0.08272737,ThuDfXXAyDk
0.05274099,0.10711052,0.010246722,0.018048171,0.0031177083,0.006347602,0.2692594,0.03433969,Z1c1X39WS-w
0.04674256,0.3005963,0.038312253,0.011661896,0.042760268,0.042195387,0.3055035,0.08880619,3wvdfn-id7k
0.2186207,0.2752413,0.17483407,0.19338597,0.20184475,0.168239,0.47899777,0.51164865,7RYMt6TrmNM
0.29164135,0.6213112,0.26211578,0.39421332,0.367403,0.25356326,0.46640617,0.36241448,Tt0Y9VzkCtk
0.12009274,0.068150856,0.06382911,0.007149853,0.048144836,0.037695047,0.56877923,0.23524816,yNsNirkibnw
0.09923586,0.06815089,0.05329586,0.007670473,0.04103366,0.032795604,0.57101864,0.2204238,cUcT1auCNAU
0.10060077,0.52602416,0.13956115,0.34388447,0.25935644,0.2509276,0.3174233,0.16197853,I6u47So8rRk
0.051950153,0.10057622,0.09722022,0.03839648,0.19512823,0.20108159,0.3553317,0.18868783,R-GAw1lLWJA
0.115974255,0.46552742,0.1523515,0.40016344,0.28782052,0.2289453,0.5205557,0.5979585,wfBW4oohP7Q
0.0805536,0.2734314,0.08810403,0.12180476,0.097296394,0.124362774,0.4930662,0.16506189,UsC-0ES9fYw
0.13134159,0.7249724,0.13648538,0.15188612,0.15045084,0.10121579,0.30180648,0.2078293,W4zVpPKJdWE
0.4422214,0.26822916,0.37426287,0.014299706,0.25269845,0.3184507,0.54801434,0.39176112,KCNI7nIg81s
0.020836486,0.17424726,0.012478541,0.016937515,0.02039685,0.022957973,0.23985179,0.044415075,eSKXWpbjLDo
0.2127092,0.53454506,0.31480435,0.5024423,0.6871632,0.6356477,0.5221744,0.18691379,0D_hZTUBvx8
0.11055656,0.068150856,0.061496776,0.0063862763,0.046195015,0.038593754,0.5778836,0.17921378,Z4CC2h2iKII
0.10081484,0.07722619,0.1295795,0.00596978,0.18644916,0.11934228,0.29940104,0.23050421,TtoHw2zcu78
0.10064614,0.7079002,0.053294167,6.778911e-08,0.07730936,0.035021942,0.30880827,0.12973616,XMVV79x8m9c
0.13649583,0.86057675,0.14159815,0.30337667,0.20109518,0.1375454,0.38162425,0.50768656,pyo5CrQeV74
0.1157071,0.068150856,0.05524678,0.006559816,0.03919629,0.031789903,0.60176015,0.15943988,1CUFjKurmGU
0.103042066,0.06815089,0.05007646,0.006247444,0.036422037,0.028317602,0.6034757,0.15181437,GkcEyizqMt8
0.118648075,0.62881994,0.135317,0.119872786,0.33947548,0.17989841,0.40542617,0.31870893,De65ws7LFGY
0.057895247,0.119033635,0.036641464,0.011870144,0.027219197,0.024468878,0.46778283,0.13462766,pLAYsE2hskw
0.07832177,0.05915366,0.051381208,0.012494888,0.04564747,0.041373607,0.49752405,0.14096881,qQeG2zNr9sE
0.14445561,0.44341666,0.08757098,0.06332459,0.15850912,0.047625057,0.32026672,0.26475322,ke6uhdxHB1g
0.08060448,0.05915366,0.055781137,0.009371166,0.059701506,0.047558147,0.50281376,0.14791206,PhtT7vEN5fs
0.0607012,0.36320826,0.14369437,0.21186037,0.35795626,0.15811706,0.21116848,0.16839139,kPLLu-JDgVs
0.30786017,0.19765833,0.31112847,0.10763696,0.4822195,0.20680667,0.4887778,0.67394114,wPYCWcMjc7o
0.11786685,0.35332772,0.2668766,0.10031791,0.58523935,0.26985866,0.39032522,0.49870312,9AzePNUlBEM
0.044631623,0.17900959,0.019243408,0.0129808,0.02453102,0.012319912,0.18899538,0.072248794,ncPSHWJzNz0
0.08345461,0.363087,0.029172795,0.064523295,0.051139552,0.020976873,0.36843792,0.110071264,1sVkZLTBJik
0.08296807,0.6283245,0.095791064,0.14283726,0.27321056,0.13460413,0.27598944,0.15193373,1f1wrO9ok5g
0.043891817,0.4393077,0.037004214,0.087430015,0.11181041,0.042501904,0.36731148,0.30255866,gnHVFdKeTFk
0.098819874,0.7230984,0.1314692,0.21539254,0.38364598,0.13041343,0.24627347,0.24025941,cMJ-kbmDLY4
0.036458,0.62939006,0.044757817,0.14328592,0.16293208,0.091240965,0.2512954,0.28385735,zxu3wdiXRF0
0.14982869,0.64983803,0.31115928,0.45811868,0.79914695,0.45128632,0.3565003,0.37447318,PFZbY1ALflU
0.09486057,0.37739557,0.16626945,0.28683078,0.35805762,0.23133007,0.2761637,0.21561411,A4CjtcvoeEw
0.10996051,0.6506235,0.1707918,0.2459383,0.49134064,0.341563,0.30015513,0.3885666,5FtqpHUgt9c
0.15380941,0.8147743,0.41009298,0.38953075,0.8008965,0.57673204,0.41790187,0.29080474,Xwt-8WwiAIk
0.13931143,0.43674326,0.26281312,0.17173064,0.6467442,0.45327443,0.39974436,0.5985832,E5IVd4T3A1M
