PERSPECTIVE_PROFANITY,PERSPECTIVE_INSULT,PERSPECTIVE_IDENTITY_ATTACK,PERSPECTIVE_THREAT,PERSPECTIVE_SEXUALLY_EXPLICIT,PERSPECTIVE_FLIRTATION,PERSPECTIVE_TOXICITY,PERSPECTIVE_INFLAMMATORY,video_id
0.15800971,0.17903426,0.25595248,0.82151127,0.03487358,0.27774665,0.15246986,0.1227908,6FwktojgS6Q
0.13291612,0.13334627,0.24150333,0.7860652,0.038846206,0.31096715,0.14552918,0.35713065,8hOJFqawlPU
0.039960872,0.050714232,0.125625,0.14655152,0.03981754,0.24715135,0.034791227,0.063385144,7pswciaJHA4
0.10797919,0.10211844,0.108407795,0.15472801,0.105420806,0.3664841,0.05653196,0.013991391,uMWAfbPSzYY
0.059770744,0.06075551,0.045994416,0.36071622,0.06487199,0.3894889,0.048868883,0.4508169,9gz5wI07Doo
0.16065674,0.12717097,0.11236087,0.16310719,0.16621727,0.29444343,0.09602194,0.27887952,-Acs4iWERZ4
0.06057399,0.044159476,0.06388071,0.1167408,0.06985868,0.20234713,0.010204159,0.27420464,hRqzwJJyJkg
0.15930583,0.14670485,0.15690638,0.3667245,0.17909779,0.31368166,0.25676212,0.1946953,GLguz8Fmirc
0.11185539,0.092840925,0.113644704,0.59955305,0.04994855,0.27392069,0.17449278,0.2893991,lFF1wEBBrtI
0.21752554,0.17863241,0.46437815,0.8908898,0.1370295,0.54058963,0.065721996,0.16274546,JgZ7liA4zd4
0.03106487,0.039578967,0.105326384,0.21213031,0.023280919,0.22245002,0.1464265,0.09969485,eQYAQeuqnS4
0.18832691,0.22214149,0.3180708,0.39129716,0.13402213,0.3559971,0.25219622,0.009873624,penkruUXjvo
0.14705265,0.21438034,0.18726173,0.53060675,0.09815382,0.34574538,0.027065687,0.12880376,4svkR46CesI
0.31369555,0.4216492,0.6350989,0.9570354,0.092316,0.3799491,0.5149511,0.28940418,fSOTJcUob0A
0.13355516,0.22184104,0.10996686,0.5574684,0.050235715,0.3179362,0.17173064,0.4485029,KsNgHpYOaUg
0.05156973,0.035086676,0.036097735,0.076735616,0.068705335,0.20932253,0.008815838,0.107765675,kezAqHaDg2E
0.13119084,0.17745556,0.24404798,0.43988055,0.12650162,0.43664628,0.08796701,0.18095855,_Eluqg6yNFw
0.08583046,0.10799265,0.068194345,0.09870357,0.09193599,0.34728214,0.0729142,0.20311049,MR3RT9-2E8w
0.18646151,0.12387516,0.14704087,0.7150533,0.07774783,0.199796,0.2286382,0.37781686,8eraNZHM1to
0.13675827,0.10217262,0.12423959,0.75781196,0.035382852,0.27455136,0.060527626,0.547626,5YVnP00RdHg
0.025830649,0.024754224,0.026310738,0.062349565,0.044958133,0.25735933,0.015410362,0.27903357,TkLKIaNgDdI
0.071617804,0.0388085,0.078981124,0.13746145,0.11668474,0.34179723,0.12695669,0.35172245,gLviYFq3IFA
0.22091405,0.3023568,0.42842004,0.8763936,0.14158572,0.43331027,0.22069082,0.29799676,3Uzjp85iClk
0.2005114,0.21244667,0.33710453,0.82345974,0.13318346,0.52815336,0.20376207,0.12553266,HSZ7-OH23ag
0.066804506,0.052317236,0.07459281,0.12954871,0.12202233,0.3263319,0.028782474,0.21669362,wb_IjkTXjRw
0.15372525,0.23478633,0.13016798,0.58676404,0.08039578,0.3237869,0.22952124,0.602382,Ue-EvH4Rqnw
0.076226935,0.06962753,0.1426553,0.30760637,0.112137526,0.47155258,0.022773718,0.056952454,EcStrLEvizU
0.31447145,0.16938426,0.3661297,0.8763936,0.05377137,0.17456117,0.033246122,0.5499794,3f4VPTPcxjo
0.10692459,0.12921427,0.08130126,0.60945535,0.031878553,0.20511702,0.28021416,0.79009825,wAWQ_FHzfHw
0.10995157,0.033679165,0.08276283,0.13575815,0.12509014,0.28861266,0.036851373,0.21347596,vCbsM7HiLJE
0.053424783,0.03928328,0.039058186,0.35846895,0.031145219,0.27073315,0.022213135,0.29878858,-jSvT9Xo4cA
0.18691199,0.16218892,0.32600817,0.6539551,0.11427719,0.25167814,0.22981352,0.7079002,3QIvZ4BMwQM
0.1332694,0.12654306,0.079359084,0.13007106,0.112941,0.28104824,0.034962907,0.32641602,QXiOVwAzVxc
0.031209884,0.035634253,0.06126943,0.111588396,0.054227926,0.23240413,0.023117077,0.17065948,fDQZLyUU2D4
0.014505436,0.026072929,0.006935367,0.023558406,0.049570233,0.368607,0.0006724679,0.2702432,wMKY0nkpR6U
0.034127533,0.040016226,0.03756429,0.06978357,0.05995918,0.29858914,0.1024659,0.17814277,rc00JlRf54w
0.0534407,0.07228239,0.06590109,0.09422944,0.05713142,0.22601315,0.033246122,0.27462703,dfIm0kP4I7U
0.10832507,0.07907847,0.052141897,0.08432428,0.095191896,0.3383843,0.03444787,0.00013797583,laszdRd6AJ8
0.12091182,0.18363445,0.3754884,0.49090773,0.057920523,0.24989682,0.13655609,0.6317497,AwOCzvdSqwk
0.06101736,0.04705735,0.038073704,0.078333616,0.079290465,0.2685053,0.00027657955,0.020718483,cIdxAy4GhZQ
0.06424621,0.05874622,0.05901632,0.07859733,0.06973711,0.19726261,0.06771983,0.18017119,fgnQlyG6y-g
0.040565345,0.0492608,0.077315845,0.07689431,0.056746893,0.25091285,0.03616466,0.02821828,8zIx0Nn7CNA
0.03259679,0.030393064,0.029938465,0.068035506,0.046666123,0.22016229,0.013536129,0.036407027,ohl3ZBCGoeI
0.09207969,0.109531574,0.13070548,0.14989033,0.08932802,0.3316215,0.040971663,0.05748823,6u_HX71ca-A
0.08539175,0.08424737,0.20068774,0.32362676,0.118723966,0.38673058,0.043375164,0.1687526,KmYa5IAxAfU
0.004887401,0.0061402903,0.0042639337,0.0326419,0.019024294,0.2864481,0.03753809,0.20715937,sl7sHwhu6pA
0.10710367,0.06387593,0.076274104,0.5906937,0.025553195,0.19995974,0.18647896,0.39514223,D06gGT-pkiA
0.02550246,0.02946487,0.015266848,0.07574628,0.054160286,0.34361023,0.008850546,0.039550383,DzZN3rmN_IE
0.28652963,0.16866618,0.22502625,0.75787187,0.14540808,0.50417346,0.090114996,0.03730856,zf1fL_mah84
0.05445223,0.040199798,0.03819367,0.081919186,0.08040207,0.22448458,0.030670939,0.14676149,EZcAT1uq1QY
0.12025369,0.10961209,0.111929126,0.6092432,0.06974018,0.30704623,0.0717155,0.27552146,XT72CgEJQNQ
0.06634176,0.050848097,0.043616064,0.09055702,0.061322816,0.21157424,0.021796638,0.13022612,GZ-k3oblIM8
0.15585384,0.25077668,0.20170711,0.33025804,0.114037104,0.5235499,0.21539254,0.0052635795,rMkC6MeN5gU
0.1617626,0.119495295,0.18920018,0.7511209,0.08230695,0.30324432,0.1423886,0.3038716,iq3KHu7ibLU
0.093418844,0.07731189,0.09675458,0.53333366,0.023331296,0.23239273,0.09924392,0.3908301,haHEZ2gA684
0.062438227,0.06588187,0.05756819,0.17054541,0.063168675,0.27578256,0.037023053,0.09962233,21uOgV0Klzk
0.071332306,0.066174485,0.0585221,0.40696523,0.043382652,0.2671245,0.0129808,0.383853,Tng_q1yZFgU
0.09752644,0.11851208,0.18465865,0.5857376,0.060146946,0.30390197,0.1250247,0.6601987,bMQCBFwI7O0
0.21522953,0.2576881,0.3359156,0.9126347,0.052788276,0.37702942,0.15684792,0.30958217,-7Y9sgbFja4
0.1626631,0.22690767,0.3086423,0.61567634,0.1280099,0.3150747,0.3063832,0.80792975,n9YsQeUp1qY
0.13468432,0.15855677,0.2761418,0.25913364,0.07468559,0.4225351,0.14508054,0.014409656,2FhIbyKJpaQ
0.30140445,0.39677495,0.6074887,0.8869115,0.13458647,0.49730948,0.14508054,0.042872887,xPqQy_sxhbQ
0.044180356,0.04520778,0.09886551,0.17978477,0.039681636,0.32654795,0.10031791,0.117778875,cZ1E7Kv4KvY
0.026181245,0.026458178,0.06075642,0.05711335,0.036912594,0.21984003,0.013813793,0.11582795,g1wdSjc4dis
0.035026003,0.07240993,0.04199146,0.43419027,0.016333988,0.24785373,0.10634898,0.43759188,ORPH-nzpm1g
0.1107615,0.08781255,0.07505319,0.6076959,0.08232981,0.26248407,0.02124131,0.119756244,PWCjPaJLY5I
0.013794533,0.011267024,0.010326895,0.030050896,0.020559432,0.17808308,0.0121478075,0.2903358,kOCxS0btDXw
0.06338757,0.076763295,0.037058555,0.4156737,0.02875115,0.2890545,0.03616466,0.272481,WTXJkTGu7o8
0.052441116,0.045184754,0.040561005,0.09270277,0.06154623,0.24555519,0.031357653,0.07741625,IzXIov983ME
0.1524306,0.1195171,0.12371382,0.70200473,0.074487574,0.19563259,0.2945986,0.4403267,eAI4G8vqUCE
0.17388484,0.19568047,0.11840556,0.6207038,0.09461093,0.2576466,0.19338597,0.31438094,pN9nE48XKBw
0.13305917,0.048979856,0.053292364,0.30030373,0.15893121,0.45826584,0.040284947,0.31564665,J4EJechgkJY
0.29180917,0.3153239,0.4380897,0.9141717,0.19450025,0.5140871,0.18746567,0.006485264,YkzlsOnbCvA
0.008725982,0.011366967,0.01148272,0.02538208,0.03767179,0.32461354,0.015549194,0.08715418,rEa0kO1QuK4
0.07611508,0.056898646,0.12913784,0.16424549,0.059415344,0.38671592,0.046122026,0.11106449,Qsiq87InDE8
0.27794096,0.39651877,0.19414636,0.2570593,0.2675538,0.5156839,0.5035055,0.5136349,aVy_HSAT4S8
0.15814172,0.24713388,0.38586596,0.8842336,0.12602212,0.4856163,0.17587385,0.03409072,oZjrbADEc5g
0.24951716,0.23130661,0.39805853,0.49391317,0.1704213,0.3144526,0.37083253,0.75629383,xd1pXw1DmsA
0.15862769,0.15939493,0.26237857,0.79300624,0.038498595,0.28469342,0.1464265,0.14804333,ULlGqrBHhsk
0.06689506,0.07627205,0.06754193,0.38476545,0.0388989,0.3076344,0.06412373,0.4472314,ANzaLU0MDHI
0.15133826,0.20243411,0.12557846,0.15510204,0.11807089,0.3432629,0.011731312,0.10619315,4U7BvpzdN-w
0.0843845,0.06827194,0.12910086,0.3059877,0.11555833,0.5016735,0.01721518,0.055936333,-_kKboxpR34
0.16749427,0.16164997,0.14556447,0.4189585,0.17305173,0.47037205,0.11407687,0.27629876,YsyKjAsz_yg
0.17098854,0.17640612,0.2564888,0.8908898,0.07085258,0.398095,0.07571117,0.26541987,iyXoQ3UdwOk
0.15568325,0.27144068,0.15889128,0.58155954,0.08499666,0.37638354,0.22979778,0.1549051,HqzGK8bkpus
0.120841056,0.19816494,0.22102728,0.80719227,0.04699393,0.40341988,0.039598234,0.0777278,bt4eafvv_mY
0.08345788,0.07511279,0.06176218,0.5424057,0.025821287,0.20102094,0.011314815,0.18943547,6wIU3NDPu0Q
0.038546942,0.12542899,0.06102604,0.37547398,0.05924227,0.2360239,0.09816993,0.7595767,HwHtu3yCKtY
0.1261554,0.10455526,0.11173106,0.672121,0.034177527,0.2111662,0.06652113,0.06794365,DXWUVSeWdsw
0.26824418,0.23782705,0.19615962,0.23757535,0.15871505,0.42016006,0.09816993,0.00026234257,0yN9JREW6Hc
0.009813939,0.048588205,0.019775841,0.020219976,0.0149072725,0.22087404,0.033761155,0.43857023,gV9b6WmEfC4
0.15794829,0.11250801,0.108363196,0.7587385,0.039156724,0.18068652,0.31725118,0.4625003,PO3zW704sVM
0.17250659,0.19213238,0.17960072,0.82345974,0.053908225,0.30402637,0.090114996,0.38454202,jcyyq--B8OA
0.044701252,0.04596823,0.048629902,0.2982019,0.040928513,0.27545014,0.029640866,0.20784108,jsjRlr3uwCA
0.14966536,0.11527867,0.1313916,0.6669925,0.057166316,0.2842442,0.1550967,0.40784788,tizsFEuXodk
0.40080425,0.47990924,0.76942354,0.8595432,0.1551757,0.39033312,0.23452865,0.33563918,m_XqqgnUWpE
0.042437274,0.041477975,0.036243137,0.28513837,0.03117132,0.33366296,0.061726328,0.4508169,wqtCN_N1U-Y
0.050645232,0.04337288,0.044800416,0.105016656,0.05209581,0.3175282,0.013258465,0.023117768,79TArBItZP4
0.04424023,0.03395976,0.036479477,0.22976631,0.034967892,0.19466548,0.005830948,0.12814397,IF017zfAG7k
0.05602237,0.062173564,0.07841725,0.44466424,0.04414268,0.31687763,0.035134587,0.5440017,tzOlP-OYFns
0.15607896,0.10937123,0.2306678,0.28792304,0.13013911,0.3369696,0.031014297,0.0083047375,wsfiVU1Ed3I
0.14253637,0.11798577,0.19196138,0.5375604,0.102093525,0.3472524,0.067320265,0.2766072,RJRFSCUOkjg
0.06662667,0.076153815,0.054435387,0.040765963,0.15790147,0.44014052,0.052935857,0.17292778,JbnO1SBNmrw
0.18940029,0.2338475,0.22927521,0.8541129,0.09700412,0.4314743,0.1464265,0.079681106,e1vcGnqLl60
0.083395846,0.07570594,0.056727715,0.5125951,0.05440526,0.32093126,0.14866976,0.628844,7lp7RaVc_cA
0.15685757,0.18184039,0.2807294,0.827217,0.04617496,0.30233476,0.26589394,0.3771347,UuWqlGZgEVo
0.20332068,0.1367454,0.1004627,0.25475696,0.16440247,0.35601163,0.0495556,0.1729989,xYZIcWU4lO8
0.09404707,0.102144964,0.14335383,0.23522171,0.06994418,0.4353529,0.051737156,0.06605169,zEwnBpZ0TVU
0.1351247,0.09153993,0.07969142,0.16631295,0.21859148,0.42549402,0.011037151,0.13433218,VW8HMKk3r5Y
0.21955618,0.12800398,0.16347422,0.3194778,0.20842195,0.4117212,0.03204437,0.25456232,OSRQnF2fJ3U
0.05436778,0.04328991,0.122174226,0.4263933,0.059271645,0.33888748,0.023632111,0.16787346,Gp2BNHwbwvI
0.056470618,0.06405382,0.074578755,0.2523211,0.04671946,0.25810874,0.05373499,0.31988996,MMLsO3U5pi4
0.19182192,0.36035702,0.30508423,0.8908898,0.10692555,0.34749353,0.41950125,0.53642285,WgeFLW7U65k
0.016541818,0.012643202,0.022379618,0.03142104,0.032040644,0.21926266,0.017770508,0.111229084,3eEq3R8S7FY
0.05991147,0.05026642,0.12672466,0.4395084,0.06252205,0.40887576,0.03444787,0.09622937,wqYB9fJ8Fcs
0.35228872,0.44920135,0.5682244,0.9570354,0.14829971,0.4759052,0.37221906,0.20388997,S5QX7AX_qsI
0.06747254,0.053662498,0.053995907,0.50361776,0.034052283,0.25211126,0.030327583,0.3077189,NrP_erwutME
0.052727252,0.03925197,0.034788508,0.13636374,0.090535425,0.33424446,0.0026378096,0.07701177,8tL-jgcCjks
0.23744093,0.20629309,0.29308695,0.7614777,0.14912102,0.49562463,0.0789077,0.08201705,CGtcaCaRkAo
0.50204176,0.47809246,0.7791245,0.8763936,0.5228188,0.42656693,0.4945446,0.71682614,ILVYD2BY1mo
0.0327065,0.021875333,0.026426403,0.0581499,0.04215702,0.18170741,0.02809576,0.085193306,AZkf45IYqnk
0.27811006,0.22761334,0.5021068,0.7054403,0.27816167,0.45008886,0.13969667,0.2649578,X_tjsgVdK-A
0.08704773,0.06197361,0.06608129,0.10604673,0.17814541,0.3624677,0.012217224,0.046377175,wTRSlZEq_l0
0.07319179,0.07223162,0.060920812,0.5551418,0.02610029,0.25799572,0.14866976,0.4386851,AXr6e_uzDVk
0.06311337,0.086797625,0.14282557,0.27957073,0.08422108,0.41635302,0.0753116,0.14107658,HCg-6dNtBN8
0.35615703,0.41324028,0.28692943,0.91432226,0.07822101,0.3545144,0.17759849,0.020387704,VRq4wBLUxoI
0.052981675,0.044382643,0.042522226,0.07685449,0.08438672,0.25314924,0.14283726,0.24609882,XYKMw0iYT4E
0.16568026,0.20469618,0.3147011,0.8336424,0.06483986,0.33950365,0.16482529,0.37464708,KHHcTNggZrI
0.15527636,0.111469224,0.1104814,0.7008804,0.04133276,0.19741301,0.105704986,0.31731567,6IOd-73kXdc
0.1420153,0.18487832,0.25557992,0.78916794,0.044773914,0.3982242,0.17661177,0.051663514,l_YJ7-N3XYI
0.094414845,0.104849644,0.07931474,0.5799435,0.11635501,0.47858256,0.065721996,0.49890265,EbFp0ba0h9k
0.054849364,0.064605124,0.13145806,0.17798397,0.0726758,0.4234478,0.0131890485,0.14616586,fk0xjeNxHbE
0.058499563,0.050415877,0.065006144,0.12888843,0.06806565,0.21686006,0.030670939,0.18686254,EcJ7KjLfMfc
0.057755765,0.06449562,0.19317365,0.15837085,0.061992545,0.274224,0.01721518,0.14355321,vEOgsRUnWdU
0.22186607,0.16811016,0.30508074,0.8763936,0.1516169,0.42068172,0.13655609,0.25038353,Ys8txD6r18g
0.23005742,0.22871275,0.16408001,0.2604351,0.39922783,0.5828109,0.22983712,0.16452804,GjoAzB5HJtU
0.3098185,0.37281817,0.6313076,0.91432226,0.13561624,0.3182776,0.37360558,0.5620284,BjFllXhAP5Y
0.22641207,0.23925316,0.28254387,0.83643264,0.062143452,0.36403418,0.0789077,0.19688532,gepaRTrSdO8
0.14685442,0.22990946,0.3035804,0.8763936,0.031957667,0.36116478,0.0801064,0.25185952,3tLvs0vShOE
0.110690035,0.14099883,0.23694082,0.64209205,0.049667038,0.284962,0.10515087,0.037344545,_6gb7ds8nFs
0.033662993,0.029438742,0.03220375,0.055547405,0.061231945,0.24403651,0.012911384,0.2679214,XxRdV0Vftrk
0.045722723,0.048463587,0.049861997,0.3111622,0.06374017,0.33757418,0.04543531,0.26326787,a2Quq71FeQs
0.228817,0.3679902,0.37104094,0.5862248,0.17466682,0.50480163,0.1785852,0.093767755,goiz-jO6bCY
0.044094127,0.047651574,0.0374021,0.07367912,0.06692096,0.24677886,0.023117077,0.20852347,Mij7Sh0KeOo
0.06884123,0.08461225,0.08354385,0.22818074,0.108116806,0.49118224,0.09333697,0.13655871,IMaUIbLdT9U
0.30984938,0.32379675,0.51423997,0.9664865,0.06145473,0.23014449,0.09816993,0.48402265,O9dP-sWm1kM
0.16614813,0.11358546,0.12539342,0.8133764,0.027507816,0.23324521,0.017492844,0.36604983,K-qQm0zxOyo
0.13044715,0.12502411,0.12975617,0.6994897,0.06009213,0.28165025,0.039254878,0.06523013,wbksnMdz0wI
0.0641527,0.08456721,0.116759256,0.2798803,0.084922805,0.2729981,0.044748597,0.35860407,p8blOqK90PM
0.040265214,0.04258721,0.05237848,0.073557906,0.039476085,0.1829365,0.012356056,0.18726923,qsvsT7nOKvQ
0.015488611,0.015555621,0.0045097535,0.108427845,0.03657637,0.3159738,0.089041,0.1178799,UCtKd1LClHs
0.10917669,0.05893874,0.08054375,0.08289179,0.16273284,0.77355015,0.021380141,0.0010903188,BeTurYZuY4A
0.17644674,0.18973655,0.29570124,0.82345974,0.09140836,0.44730493,0.103539884,0.08471461,G2vkwnFepe0
0.06737638,0.12202446,0.16318038,0.34249622,0.07790544,0.46592066,0.18253209,0.26470342,Peajsl3qd4U
0.055865854,0.033798475,0.056109447,0.09160483,0.09592491,0.2467655,0.035477944,0.24784131,z1P2RNZNcsM
0.15529153,0.12400274,0.09336817,0.265891,0.17810345,0.42804477,0.16551583,0.19029461,BzPCUjiwAPo
0.02450401,0.028093502,0.037540022,0.25126347,0.031652573,0.20930663,0.037023053,0.2726662,ZEclJhdcOzk
0.18381265,0.20072982,0.23644151,0.8072722,0.07176978,0.3216781,0.043031808,0.32330573,t5M2hDE3WVo
0.13852555,0.11473576,0.14223857,0.84706545,0.13847081,0.42326456,0.089577995,0.1896971,FuDHZ7u2DCA
0.03617089,0.0466457,0.030214395,0.07749301,0.05818131,0.2720087,0.015826859,0.42796507,m2O534ZL04w
0.3193071,0.2643799,0.413133,0.7803799,0.1637141,0.4253229,0.052935857,0.0013796684,ZqObtA5euww
0.15046562,0.17251953,0.24584918,0.7688398,0.067766026,0.47013223,0.08447654,0.020980947,PfcBukmWByM
0.1742679,0.20982689,0.31312367,0.8536963,0.059195634,0.37542433,0.22510603,0.2528237,W2l8QUSrT0A
0.1514549,0.1196216,0.11436659,0.71504104,0.046511076,0.24697095,0.06412373,0.4489056,m2ysBhvm6XE
0.038314436,0.02846327,0.037046615,0.12575339,0.04238446,0.21721253,0.021380141,0.10268378,SPyMlTdYCqQ
0.13679118,0.12005594,0.16687447,0.13997473,0.076851785,0.23329426,0.006282152,0.024074338,V-XR55ZAF-Q
0.03032425,0.020066006,0.023678713,0.060057323,0.041209128,0.1778557,0.15159425,0.18702427,OSITTsFjIl8
0.033347547,0.023740258,0.029266967,0.055684846,0.04351436,0.16147374,0.012841969,0.11519537,MjcYPlcAO6Q
0.094652764,0.07714383,0.038886912,0.45390707,0.0667899,0.2783046,0.09065199,0.053921036,DhRWMr04bJs
0.23525928,0.29700613,0.37382776,0.8908898,0.08171634,0.39109495,0.09709594,0.3650868,u4IaQGZoihc
0.108522326,0.11646369,0.059292443,0.6355186,0.048072983,0.32305217,0.0741129,0.23529033,dsG0_k4Gbys
0.21801062,0.24815805,0.37214303,0.8763936,0.08219649,0.41141897,0.23014031,0.10005377,zI1oBTRZfSA
0.30742744,0.39899397,0.4239228,0.880376,0.08809629,0.3195909,0.2818683,0.10042708,2w7hKlxz-t8
0.054400083,0.029576829,0.07167211,0.27745444,0.088864714,0.38694292,0.112788886,0.08504739,kc-OPynxnDg
0.042437274,0.041477975,0.036243137,0.28513837,0.03117132,0.33366296,0.061726328,0.4508169,P-nwlNRyCI4
0.07154048,0.058585726,0.05601884,0.36879733,0.06536913,0.26375586,0.13431281,0.26514786,zpZ95u3x58E
0.090906575,0.10085684,0.08017711,0.5078786,0.044433486,0.24200702,0.03204437,0.350853,N4Cv3ISk24M
0.21282598,0.32914096,0.58523935,0.9533248,0.06353904,0.3294981,0.2406723,0.23249754,gaSS5FP2VSs
0.10243085,0.068530194,0.1315907,0.35844496,0.22309558,0.5934684,0.008954669,0.11928309,9u56d3rO0B8
0.15853754,0.15532847,0.10850507,0.7137196,0.04226022,0.2371864,0.04131502,0.44572386,M9vlR4AIDnc
0.08134838,0.061908167,0.041454006,0.41491255,0.09178341,0.39315122,0.05613239,0.34861332,DrFkclD_kN8
0.08990297,0.05993663,0.10140663,0.55633867,0.03282858,0.27381715,0.06771983,0.28871349,uOHgcAqkmmo
0.11982089,0.099618204,0.21911143,0.31153435,0.12386879,0.5607238,0.094410956,0.12888862,sDg1l74Pk3Q
0.0774652,0.13981114,0.20670223,0.5393413,0.02962584,0.32320634,0.03839648,0.14738888,jN0mnyeov7g
0.13441204,0.1430059,0.12149941,0.7004724,0.052719146,0.3108416,0.04818217,0.07615376,skRQRYLxQMw
0.14663623,0.17228284,0.2582439,0.82345974,0.054983504,0.36994424,0.10763696,0.030123297,bNVkD49-o1g
0.08671247,0.05317802,0.03808995,0.48697177,0.037731577,0.25113618,0.04818217,0.5179574,96DtiTOp498
0.041288048,0.03413578,0.025340995,0.2796366,0.024969868,0.25096,0.1019289,0.18911736,RnoC7lpNBcY
0.14533003,0.16121162,0.14327602,0.25721887,0.15684542,0.29207838,0.1539292,0.34072593,GepEgtUQfsk
0.11623363,0.06788082,0.06144651,0.42919803,0.058673732,0.30912462,0.10828095,0.07831232,CXCYHt8shXU
0.10584477,0.073721066,0.06494462,0.09541994,0.10973289,0.29203033,0.013050216,0.13415852,edgz85xKcs0
0.10746674,0.13322826,0.19583917,0.7172943,0.03101143,0.3126437,0.12051678,0.14396335,H-TsgTfp3yk
0.04742138,0.02524948,0.0481216,0.25636363,0.07572074,0.27662712,0.034962907,0.31603852,wBDLRvjHVOY
0.024115423,0.02710586,0.043611653,0.099844255,0.023097688,0.2559384,0.00860759,0.01568038,oHrftNgaRYk
0.3576145,0.4952706,0.6350989,0.97076875,0.14823063,0.4647107,0.355017,0.26867855,JJUcVp3zKuI
0.16907643,0.18115714,0.2855039,0.85864943,0.043129742,0.3313032,0.08635602,0.16674447,z_NHL4Xxfig
0.06328315,0.048599735,0.061431333,0.15440758,0.070452005,0.28575304,0.050242316,0.09759359,jRHV5wZdj-I
0.052220974,0.060054228,0.13729899,0.25258088,0.05997461,0.3264931,0.03994159,0.19176316,ZdtEpv1Y7Ic
0.040603586,0.02992192,0.054303452,0.08006642,0.04590746,0.16118792,0.018881164,0.25420535,fP27hJhQ984
0.08010013,0.07676737,0.035408385,0.038922027,0.033381082,0.18934584,0.014299706,0.09717839,IL6-0mDZoGc
0.22576655,0.22795606,0.31259382,0.8594112,0.054608215,0.37131992,0.10699297,0.15298821,v2-0FPNDZQ8
0.12534808,0.110203974,0.12047478,0.6466368,0.058830954,0.2885897,0.027237365,0.5680319,Td7I79Nn62Y
0.055120405,0.07990521,0.075207084,0.40121254,0.059214156,0.34522575,0.09709594,0.16883904,5iUtFhlru0I
0.08313481,0.08476887,0.13974504,0.5046841,0.017154297,0.22046807,0.14866976,0.2616906,9KVGeUzlqfE
0.08481819,0.10222402,0.09111233,0.44071025,0.0287746,0.22766703,0.067320265,0.41040713,R79dN55TjN4
0.10192768,0.07312917,0.15596396,0.24774201,0.28127512,0.5189645,0.03204437,0.08886357,GVzjfk6oNfc
0.0976748,0.074411616,0.057283323,0.56339014,0.041992847,0.2872479,0.017770508,0.42038536,JDSwYDuEYwU
0.19594719,0.25469643,0.44210908,0.40882537,0.09163878,0.36460656,0.23452865,0.14496084,6pIag3T9fx0
0.124588124,0.13747519,0.21476756,0.27441615,0.14133193,0.45314825,0.07690986,0.04029431,gINYe3ZiT8Y
0.15043892,0.23027681,0.32028615,0.73590136,0.11413288,0.5153674,0.123736724,0.10070946,xOHG5-aqZUc
0.20288296,0.20494641,0.2060268,0.7462797,0.0668613,0.27023977,0.21804169,0.37800458,fjD0uFcHti0
0.06301992,0.06925415,0.1215017,0.06452744,0.043788392,0.18164003,0.051737156,0.09178894,pCKjEL_Nc6Y
0.097696684,0.08956733,0.08670604,0.5778165,0.025110641,0.3248571,0.032902762,0.23684292,IsVl1Gqudog
0.06087981,0.09592435,0.12808885,0.24466118,0.05945724,0.4982865,0.049898956,0.23258421,4K54Fikpkk8
0.05650646,0.041038454,0.04641473,0.33724916,0.028956989,0.2099306,0.04268845,0.18839404,gV3H1Q-A9Kg
0.4430019,0.47177586,0.41451952,0.9533248,0.25087833,0.39932793,0.30487993,0.4943009,LIMzN__-Rnw
0.2918464,0.23588479,0.6031803,0.9533248,0.107349195,0.2502208,0.31693128,0.43724582,ebTP7xJrBAU
0.25557303,0.31551692,0.197858,0.83201635,0.19337924,0.36830205,0.3063832,0.81305015,6SHQHiGsLIc
0.017493097,0.014915872,0.015134652,0.047721285,0.029688401,0.23155807,0.014577369,0.13289174,LZegoGLafwQ
0.02326825,0.029722087,0.018633032,0.28957605,0.025797825,0.33147442,0.016729267,0.23734652,7Glx__1Dmvk
0.24020949,0.26851314,0.22953911,0.5641182,0.19020773,0.44305745,0.11343288,0.2787251,kQQik2WXCKU
0.69309914,0.734651,0.5113914,0.8332611,0.557235,0.52806854,0.5958905,0.57039857,FGtcAs-4zGM
0.31067032,0.21593636,0.26535413,0.7671942,0.10456039,0.3310254,0.09387396,0.4707602,uaeXAmFM5gg
0.0703141,0.087673984,0.066924214,0.44641298,0.06378689,0.38996434,0.03994159,0.19013396,Bfem9oEUavw
0.1651534,0.21654302,0.42034113,0.7596596,0.14210218,0.5148086,0.036679696,0.23349905,XRnDOfE-5Xk
0.07530215,0.07643912,0.05302312,0.5894595,0.021465244,0.3334972,0.04406188,0.15714897,zUFxfz2N75E
0.10022283,0.13835649,0.19354145,0.79224443,0.035194326,0.33301306,0.13206954,0.15463115,UOgClNphLHc
0.10716959,0.1084977,0.14707026,0.23106526,0.16700278,0.5338898,0.01721518,0.010317845,MNtA_YpMz10
0.032925535,0.038529057,0.080187544,0.061947905,0.039841343,0.20740141,0.1884524,0.50277036,wsZRGZt-yT4
0.112624936,0.07836709,0.115367614,0.12216369,0.09818505,0.2431968,0.038224805,0.17210807,aJVqyZt02GA
0.069860086,0.054375526,0.039999474,0.46672812,0.044874668,0.2711652,0.048868883,0.2970385,a5l9753DFho
0.2546547,0.32752547,0.52899957,0.9533248,0.084288545,0.39259306,0.17661177,0.039704572,KHiRWBaD2_Q
0.2280579,0.2347695,0.3022848,0.23741476,0.20930912,0.41169927,0.24991328,0.19617978,ILTZjwK0UX4
0.080129966,0.14471474,0.20476681,0.6697265,0.07822245,0.51791424,0.22775516,0.08179883,PIfpYKnQZrQ
0.23760267,0.19831045,0.1532955,0.7944357,0.08314942,0.24875477,0.44805592,0.542622,GNVOonvdfEI
0.15574636,0.12276168,0.11680972,0.07421963,0.0837899,0.28923225,0.28683078,0.25604725,fWc5dthpbOY
0.19283387,0.33883327,0.15438843,0.38442472,0.15271951,0.41516712,0.004650875,0.337868,ylr7ZFwAcJI
0.120400846,0.080832504,0.12149337,0.23462358,0.122834675,0.3773134,0.057331093,0.07765143,vYuSQt4ZWdQ
0.060172983,0.071519256,0.11550067,0.26783493,0.08702935,0.28364658,0.070516795,0.3743536,TU571wHrEuY
0.028006256,0.02437647,0.02638663,0.054288194,0.043335255,0.1946603,0.019436494,0.14852534,MYSYnfcsH6w
0.03725474,0.041842997,0.1136204,0.16693455,0.03895055,0.27821636,0.05852979,0.079292215,-VoRW00tiME
0.072104745,0.06344589,0.08864012,0.46957684,0.0392144,0.21327463,0.05413456,0.31112513,imUQiuGdwuE
0.15819004,0.12946957,0.14291543,0.7357589,0.04359695,0.2637619,0.06332459,0.1313985,owJHkpJNLNA
0.27372408,0.34848833,0.40407386,0.8908898,0.058755793,0.3884386,0.16344422,0.00013840207,dMikS0mjhew
0.13385287,0.14246765,0.23588161,0.7609285,0.083640516,0.4299072,0.14328592,0.047850154,eBkcOE0F0hA
0.055464387,0.046743754,0.1282885,0.18754013,0.09021353,0.33775404,0.040628307,0.060273953,TGge6ATVdXU
0.10806337,0.1257787,0.10089548,0.6633996,0.0347607,0.30119696,0.06652113,0.39435178,WMJIidd0Mj0
0.10197009,0.120933644,0.14458583,0.5013636,0.05346626,0.2685469,0.16035037,0.11801373,P5Vpg4UhR9s
0.108493246,0.076506905,0.07089587,0.21973251,0.15882018,0.49235716,0.10892494,0.078824185,HoOJFZBxKIw
0.021649882,0.02027099,0.023277976,0.16393192,0.043868944,0.30847034,0.010204159,0.08635064,zkGTGVTWi4s
0.061873905,0.063540354,0.05608095,0.12400157,0.0817579,0.2846156,0.012703137,0.09582624,8QQpLyQry4o
0.28110868,0.3453715,0.53223985,0.9533248,0.13186154,0.37931928,0.2712817,0.17086796,qAx2a3KRQxk
0.13335681,0.22636935,0.24521512,0.82345974,0.038793482,0.42358685,0.05493369,0.033253495,kqUlsutV-YU
0.077350095,0.066571444,0.084966436,0.36891854,0.048108947,0.24538173,0.04234509,0.4385944,CAwNzbDS1HY
0.08237578,0.08584628,0.04588104,0.6904206,0.024455436,0.26705047,0.1609341,0.51185185,tZB65YVYWWw
0.1817223,0.22231176,0.31341645,0.82345974,0.07165772,0.43868148,0.1423886,0.072467215,h_VKnF3i93g
0.23033674,0.27431622,0.34314325,0.8603453,0.078698345,0.34454146,0.08796701,0.17720293,4ynxDbPLQ_c
0.2272397,0.20293209,0.37478447,0.9116921,0.16133943,0.4131164,0.12309273,0.2768591,BXO_KnHwjIA
0.036914505,0.030567596,0.03285907,0.06522831,0.042679302,0.19857515,0.020269485,0.09178893,NrMZvzP-TVc
0.07426061,0.07117698,0.07942504,0.5012,0.027638562,0.20457293,0.06012806,0.1796842,DDv1URxVCUY
0.28379768,0.30997738,0.43525934,0.91432226,0.06915623,0.31933382,0.20522906,0.1902177,-hpBQax3uVM
0.25824577,0.25410473,0.34496248,0.76286745,0.074118815,0.35876152,0.07131593,0.02022797,7kXjlVsSuzc
0.043243848,0.042664398,0.07155274,0.26161474,0.037012108,0.37794557,0.015410362,0.2658613,YDM8fwmf2f0
0.040480755,0.03917495,0.041226123,0.06559493,0.06631621,0.25955793,0.1473238,0.20591308,EZTaN0rYuc4
0.053615876,0.07901845,0.03585226,0.14894716,0.054657843,0.2596314,0.065721996,0.2017777,dASF2eUL78Y
0.13282534,0.09437099,0.06489335,0.55336696,0.06017008,0.3530031,0.14508054,0.26637352,xeeDIR_40sQ
0.11208747,0.0919378,0.06690785,0.39128876,0.064296156,0.32781535,0.101391904,0.13276213,eTjBt7E5IXM
0.09305538,0.092094004,0.1612433,0.5687446,0.06998407,0.3464279,0.06012806,0.18890694,pNnV876ihng
0.31196606,0.48493224,0.42915696,0.4641173,0.2388961,0.5345971,0.30053464,0.0006545859,HnubS-9ywCg
0.08119474,0.0790549,0.07814351,0.4910382,0.06924804,0.34084985,0.08850401,0.47425488,44fjDSg0Pt8
0.14112724,0.17480572,0.25193825,0.74632823,0.056911755,0.37498873,0.08850401,0.0033196786,I7y57hHeAl4
0.26712856,0.3937957,0.23666683,0.75862074,0.1262766,0.289302,0.5024423,0.5348134,2YEZH3o6868
0.053174846,0.119625196,0.046156295,0.5275619,0.05080926,0.36012352,0.08330294,0.4016448,OU0hCCADW5s
0.14972463,0.2169351,0.111449055,0.32930747,0.1666332,0.5447911,0.09978092,0.2722083,Xh4ZdWCEQtM
0.15088277,0.12795965,0.1180394,0.2536374,0.13753922,0.3372414,0.0087811295,0.072668426,rVFF-He-NO0
0.1768817,0.11556736,0.09983399,0.7206773,0.07331263,0.3082559,0.17957193,0.18461065,hF7ZhRdCo5c
0.09624867,0.19147901,0.19990832,0.7006242,0.050069876,0.40355742,0.055732824,0.06093064,1DXxHrhoQcM
0.038230434,0.028161041,0.031177917,0.06692455,0.04181979,0.16265345,0.005865656,0.13321869,OD8yhkkIjos
0.29177892,0.36782297,0.68880355,0.92843693,0.09275635,0.4059339,0.16758743,0.036234915,lg1249z57CM
0.19709432,0.29794577,0.40694433,0.9130612,0.066270135,0.4350362,0.13655609,0.28528106,u_Rnzq0wPFc
0.07028224,0.08162853,0.11444056,0.10691663,0.08297777,0.24011011,0.15042676,0.19613336,NaI3zwZYuGw
0.15952212,0.0683609,0.08759901,0.36154193,0.15482984,0.37315318,0.12760067,0.44920793,0pU-Ohzyfoc
0.012186403,0.0050865845,0.0034070695,0.17331806,0.022326794,0.23901685,0.010898319,0.4660484,SiUwiDEcjWM
0.08429678,0.10086163,0.09516224,0.36960927,0.044398434,0.22021991,0.060527626,0.11924632,aMYUmoODNG8
0.118657045,0.1626902,0.23178296,0.763913,0.040208437,0.390765,0.12051678,0.04411448,1hWwh01ZDYE
0.03200633,0.038887933,0.044352107,0.07695914,0.043906778,0.39629737,0.014369122,0.09934952,O5mUZ1c9oec
0.0011959091,0.001332778,0.0008601681,0.0058789495,0.011410081,0.335369,0.0048591234,0.06382924,PxNlpZxVR7E
0.10689019,0.09097128,0.062236432,0.24304456,0.14438502,0.3165805,0.015757442,0.10263329,_6fenWa5ffo
0.08822197,0.078306645,0.04870623,0.5179722,0.07423829,0.41425774,0.06612156,0.4385241,qYrMLLqEQRM
0.10081834,0.053073358,0.12215937,0.68494934,0.055949226,0.2382494,0.0813051,0.44428912,Q91nWgvh84o
0.037796963,0.038699236,0.019526111,0.33626002,0.04014133,0.2972886,0.040971663,0.41043624,MbKbtRa17nQ
0.17062764,0.23073201,0.3115481,0.82345974,0.0622683,0.49006683,0.17380224,0.21353965,_Pc-TT4f6e8
0.070084825,0.08746882,0.09514467,0.57479334,0.06824166,0.3605893,0.15626417,0.58486396,dpHbSuskZfs
0.20100601,0.121308,0.20475365,0.8763936,0.107877605,0.32715756,0.0471521,0.111597784,m4AVwqG0Yy4
0.050567277,0.048239384,0.034291163,0.5060349,0.031826932,0.3354773,0.12180476,0.3237629,WxmWgeQWlOE
0.24810079,0.17676643,0.19854216,0.49801832,0.28004107,0.5398747,0.15743166,0.15605612,0yuleNxwV9s
0.41838783,0.42758334,0.48911262,0.85833156,0.269485,0.49161232,0.34388447,0.4130862,ToZ5elVj9ic
0.18892665,0.11674924,0.13327935,0.26837945,0.22912313,0.5278066,0.019158829,0.01502937,RF5fW3-9DeI
0.0874904,0.13228273,0.06496524,0.6021385,0.053415034,0.374403,0.09763293,0.61995727,SbXfdZ1G5no
0.0850838,0.11030275,0.09437999,0.64003175,0.03947006,0.34836367,0.15568043,0.1917438,KxSi9GByYfU
0.21088047,0.22789557,0.2897795,0.82345974,0.10382748,0.41683513,0.13146462,0.104293294,qD4BYfTSjvg
0.114905044,0.13771743,0.11665451,0.5697429,0.05737391,0.29792285,0.012703137,0.024702083,-IstQgresI8
0.023718666,0.016841674,0.020650173,0.04966072,0.050671805,0.28994542,0.031701013,0.014884827,mlW0d6x7IYo
0.1313034,0.19538431,0.28384018,0.82345974,0.039987337,0.36159647,0.087430015,0.020780958,Zszf47YnQyw
0.02915947,0.023808636,0.03153774,0.05830544,0.02994677,0.15917948,0.028954152,0.46334887,2Bg-bcLmPbc
0.10554343,0.108789675,0.08564864,0.27597177,0.19776705,0.5500006,0.15568043,0.046344183,PsVp7B8CuMw
0.065620676,0.086662136,0.06760606,0.6643733,0.021463394,0.2702749,0.02124131,0.43816012,GX96iYV0rF4
0.19144027,0.22696492,0.27803448,0.7691453,0.092538014,0.37387216,0.21892473,0.010563245,6FXE93jQHbc
0.08796361,0.06849879,0.15835376,0.23175322,0.045665275,0.2820724,0.07571117,0.09582144,6NZ4xIOIPCU
0.09664727,0.24870533,0.12622833,0.6244092,0.029306008,0.26757964,0.17242117,0.506856,wdt9ShiBytk
0.27012226,0.3040446,0.12066437,0.26266092,0.16282699,0.3021345,0.25219622,0.28379977,h2LQ3XlroCM
0.13335681,0.22636935,0.24521512,0.82345974,0.038793482,0.42358685,0.05493369,0.033253495,I7-gJ0K_nsM
0.10057605,0.06613001,0.043622177,0.32418624,0.12554869,0.34821537,0.060927194,0.11850253,mkqTAQ4Pqas
0.31680256,0.47245556,0.68711495,0.9570354,0.16127177,0.50306135,0.34388447,0.187147,CkxZtDKIQfA
0.110475674,0.13401626,0.21330102,0.71920586,0.056174025,0.40191218,0.05413456,0.050038684,-0x1gvAsPiE
0.17427786,0.23952219,0.379899,0.8763936,0.061301608,0.3648375,0.0717155,0.045497097,8UgV0TE1a1s
0.024442753,0.014534262,0.022753052,0.04566304,0.058400925,0.25193515,0.013536129,0.10475433,9-7zw3ciEPE
0.038263053,0.025909083,0.06150063,0.21490312,0.09483191,0.30785456,0.012078391,0.011338397,AqoJS3JaWH4
0.1286025,0.10046755,0.13899852,0.7648595,0.049796946,0.30130038,0.022074303,0.07231843,yZz2gyys1dk
0.12506057,0.092493206,0.1604514,0.24323498,0.15286069,0.84707355,0.19862764,0.13331045,KnhamPnvXuQ
0.2637959,0.21703407,0.18275917,0.82345974,0.17847323,0.46969518,0.19141254,0.44071057,YPFrCFPJtwg
0.10448438,0.1778522,0.15107235,0.62804294,0.041596778,0.519809,0.09065199,0.5764176,89aACjPB1ro
0.037923057,0.029168699,0.033589978,0.06907462,0.043256138,0.16671427,0.025692256,0.541586,bhEqzySAMho
0.02675545,0.026570903,0.03318178,0.058518924,0.043834034,0.5731068,0.355017,0.13588104,m1aom1m5g6E
0.15113577,0.19315326,0.24852343,0.7609648,0.101712264,0.39833167,0.064523295,0.1587183,OaOei8Ye44M
0.059341103,0.043893065,0.04042148,0.433986,0.041316416,0.33559617,0.084745035,0.32179356,xhFqo5I8wdA
0.07387397,0.041912735,0.12939985,0.141059,0.090592846,0.6657275,0.02809576,0.10569061,vGJTaP6anOU
0.07114121,0.099051386,0.1814665,0.25289497,0.07444419,0.33030963,0.020824814,0.050553415,0yx-PjOnn6E
0.19613531,0.23781009,0.14769343,0.3141171,0.15447904,0.42884317,0.16551583,0.02417315,cczXeyZBhUI
0.08675976,0.04851479,0.03542875,0.49862042,0.0439336,0.3228499,0.123736724,0.18858477,zfwiF6AJ2do
0.93690646,0.7066966,0.258102,0.5489185,0.26163232,0.301501,0.8960455,0.36205256,dge4GbZ_HEE
0.35079896,0.36127916,0.48331538,0.88520634,0.18029225,0.4720085,0.15568043,0.101692945,whCT546Ktdk
0.23429088,0.31943306,0.5762988,0.9533248,0.077518776,0.35018852,0.29855597,0.18792056,7oHSdf-s454
0.10097551,0.117121376,0.10098894,0.59545714,0.033126753,0.3190951,0.13251819,0.1623144,rGOBsfhAjCg
0.123734996,0.21692821,0.10834764,0.082841985,0.25638223,0.53399986,0.10892494,0.20219174,ueCs2IW9mqQ
0.08164913,0.04850442,0.03566,0.3180666,0.08324553,0.32025933,0.089041,0.1401868,3JMaIzZtakg
0.031091677,0.041313197,0.13910547,0.14079234,0.028755812,0.2660182,0.023803791,0.08198651,ob8adoxdX7k
0.21194236,0.19972374,0.2716134,0.6710475,0.14086582,0.5007261,0.025005542,0.013558165,vf40nBAPP68
0.065900736,0.08908458,0.086237386,0.124539874,0.09353055,0.3400946,0.045778666,0.13345103,smiNRZmqyZU
0.046033964,0.07998276,0.03988274,0.10104676,0.10444907,0.5356355,0.029640866,0.16255417,mR81rau-MMw
0.34515628,0.46153903,0.69913334,0.11937116,0.15513845,0.29529646,0.49835235,0.70128834,-C29EucyUl0
0.140123,0.104948014,0.12154325,0.13288112,0.30914745,0.87427926,0.14911842,0.1689601,a8D5_KOTQX4
0.10911558,0.086694986,0.11918214,0.64174116,0.03942715,0.27604854,0.0825038,0.34048223,et-yV6tuK8U
0.14154151,0.19314466,0.24021547,0.76402,0.07126249,0.40573928,0.10515087,0.05391546,mbb1MRxTbWo
0.05143146,0.15017267,0.15898235,0.1781116,0.036923725,0.31132534,0.13251819,0.013909866,fmzMmwWcoC8
0.10299632,0.1028812,0.063018985,0.5610146,0.04886459,0.32797638,0.09494796,0.060014445,ac3NBLVTS0E
0.13307938,0.13476339,0.13884495,0.3384089,0.16565341,0.49499795,0.036679696,0.07917573,w7-8Pfnus3o
0.18638965,0.177829,0.30219892,0.74067074,0.116222955,0.6051446,0.076110736,0.2786595,hIBZJbFel1A
0.24049564,0.27320036,0.2761315,0.8908898,0.12981404,0.3576688,0.2752517,0.20774516,ZBKbK2vQB5U
0.21694216,0.28939167,0.12337954,0.5800474,0.053689994,0.26711035,0.2752517,0.17488441,eGEJQuUoXRc
0.08930825,0.09585914,0.084222265,0.09139896,0.066369,0.28495815,0.03187269,0.00013175025,FB-HDYuK12k
0.09058361,0.060315795,0.052041337,0.36528578,0.057037592,0.31693763,0.11472086,0.09459146,I5jZQ2ef848
0.058957238,0.05494111,0.054424077,0.62043846,0.069374815,0.3912844,0.086087525,0.35535532,vpZBGCWCR1s
0.11176209,0.09799211,0.18019159,0.41130453,0.18822485,0.5442697,0.03839648,0.00962446,MYEKi3J1FEU
0.1332694,0.12654306,0.079359084,0.13007106,0.112941,0.28104824,0.03444787,0.32641602,CoWI5Qz_HQ0
0.25293207,0.18751809,0.29310513,0.8869764,0.11172464,0.30912605,0.11794081,0.23472957,3Z1SPZFBLi0
0.1261554,0.10455526,0.11173106,0.672121,0.034177527,0.2111662,0.06652113,0.06794365,aAMJjSY3tSM
0.14275606,0.075186655,0.07625897,0.6648548,0.034417585,0.17912266,0.31661135,0.4625003,GcwFnQ2U2Zw
0.09951432,0.06881185,0.06140501,0.08892227,0.11543773,0.22308074,0.020685982,0.08551104,1wNEX36mH9U
0.15728475,0.20955892,0.24525307,0.75708985,0.08293485,0.3491525,0.039254878,0.3726361,aITbDwbJCPA
0.19018826,0.19628072,0.16593821,0.7634444,0.08702044,0.3454315,0.043375164,0.23033653,0ojv3lkE3VE
0.083156295,0.096469104,0.17987314,0.25038975,0.09738321,0.39074433,0.13206954,0.029440882,WEAN5Mjgjr0
0.09448988,0.13314958,0.069758534,0.70250106,0.030567884,0.24996024,0.04818217,0.18598825,xRjBLOkdI2c
0.3087588,0.25885725,0.26212853,0.82345974,0.13413449,0.47000766,0.047495455,0.027852593,wGq2Kjx67A8
0.10018294,0.12732026,0.21056879,0.65937907,0.049458805,0.34879458,0.054534122,0.11163075,-9nwKz4xuuU
0.2274649,0.2022528,0.2952362,0.7647008,0.065957084,0.25305194,0.39284727,0.53969646,sJYxDvWmNUQ
0.1601466,0.15405637,0.10036948,0.48886728,0.10794467,0.36959088,0.11021292,0.0880725,-b218ekLMA8
0.017401457,0.016835224,0.023673836,0.23724392,0.026572488,0.25043267,0.02637897,0.14736463,sQHHvfsWjbs
0.17024629,0.15167125,0.118556835,0.55503637,0.084670745,0.3440829,0.14104263,0.112801895,VSoDewB-Jus
0.05701553,0.13480446,0.057491977,0.38026693,0.016254734,0.3659545,0.13835071,0.0128901275,hpAcNWgK5JY
0.057503596,0.052808963,0.060366057,0.08035327,0.077280395,0.4330169,0.017006932,0.0008461913,dQuKfXIzOd8
0.11340868,0.08548276,0.12908387,0.75990355,0.042851754,0.24529746,0.09655894,0.15155908,G_et1sXUjzw
0.048737373,0.042142324,0.12194234,0.17953825,0.07666318,0.33880526,0.03358948,0.0887961,ouqTeWM-h0Q
0.09467412,0.05009045,0.08056541,0.39987087,0.12334522,0.35174334,0.0495556,0.15228136,kb4PmnmoSwQ
0.05505988,0.053803995,0.0676565,0.37392408,0.03804114,0.20018782,0.0142302895,0.102798946,ExJJLfyoeG0
0.009759303,0.006223435,0.0021235386,0.040579442,0.06059248,0.30065325,0.007635765,0.046123385,CPWMTOb8eGk
0.06516114,0.059201896,0.07193062,0.07862266,0.039614532,0.23843457,0.018881164,0.13225599,eO7ieS1VLRE
0.12471987,0.14839303,0.17825887,0.63126826,0.118437655,0.3787151,0.11729682,0.22977486,RvFX7EgSzLU
0.40964144,0.5031311,0.35432765,0.337115,0.3612929,0.48491648,0.083939545,0.18014511,Df36z805aDM
0.041779835,0.039446626,0.088021494,0.16399994,0.04085469,0.3370405,0.087430015,0.117778875,u3rxPf9C-cs
0.036050625,0.028220452,0.030006832,0.07373746,0.08012502,0.40551418,0.04543531,0.08880024,xQBFUKXmdoQ
0.06539062,0.06680436,0.05609364,0.1401763,0.12803185,0.37724805,0.16344422,0.19252948,QxpR6SXVwBw
0.0545613,0.03663359,0.037017476,0.063758045,0.08578687,0.18726656,0.023117077,0.1499273,qm9YDtHruQQ
0.11414237,0.11050072,0.112293586,0.34441152,0.07328566,0.32750157,0.09978092,0.08457513,1S7vPX-l8nY
0.102109924,0.07449858,0.14609943,0.36537352,0.20460255,0.54715097,0.010412407,0.11928309,mF5azuGMKzI
0.11446685,0.09734847,0.07474319,0.42358482,0.068463966,0.33472136,0.104076885,0.11666119,TW0Mp5Fh6aM
0.0207105,0.01931857,0.039625227,0.06809258,0.034302037,0.23449308,0.040284947,0.012934281,ftebUJY830c
0.061978422,0.068616055,0.046005204,0.2544949,0.06886626,0.32912937,0.2752517,0.43925178,PGuqnE35cCg
0.13112958,0.08346597,0.07319323,0.5690337,0.06466884,0.35731855,0.14104263,0.25119692,oXxn0TDy9tU
0.11391179,0.1138233,0.14927503,0.51121056,0.10597414,0.44010374,0.089577995,0.2549846,FuZTWAEV0qg
0.15395549,0.13889506,0.118857086,0.62534344,0.065379016,0.24338213,0.10031791,0.10770525,RkgbdbZdTFs
0.110201664,0.060702078,0.058608953,0.5997101,0.042891182,0.24545038,0.21036349,0.26730648,txAWtg1v0Ug
0.49675485,0.32365584,0.28911084,0.82345974,0.06902678,0.23316413,0.20449556,0.31306088,IImqAwAc4qg
0.046229597,0.032918822,0.032345902,0.09560395,0.07093967,0.23155588,0.020824814,0.06387272,sp3Lo8XjRYY
0.17015614,0.11947578,0.17547306,0.71721494,0.055351194,0.22144043,0.076110736,0.25252837,spmEh9GeVhM
0.021271892,0.014088136,0.04149496,0.13325801,0.040502764,0.30134422,0.015340946,0.09497302,MRwqtkqkRKI
0.3138874,0.2789113,0.35940814,0.8763936,0.14354326,0.40986168,0.09333697,0.17810184,HY5gFZm9B1c
0.109386764,0.09328912,0.07775219,0.43817446,0.06947137,0.31722367,0.068918526,0.16589414,Kd75FnYggd0
0.08367742,0.075170875,0.05124049,0.17148985,0.12714542,0.5172119,0.035306264,0.12946267,I1BMIa93DRU
0.023041714,0.01364767,0.016712153,0.03868374,0.033235744,0.24320921,0.004407919,0.2030664,YKGMxmGV21A
0.10823481,0.071622886,0.05362001,0.60417104,0.04164699,0.24867411,0.23277332,0.27512717,JYh7S_M58zY
0.03271987,0.03385802,0.057853594,0.3468668,0.04853693,0.4375143,0.06851897,0.08913689,QFtQIVYp32c
0.05372366,0.054127358,0.072773434,0.14631866,0.04766346,0.19351023,0.046122026,0.17879209,KCJkTpkdMbk
0.017163523,0.013422327,0.021125441,0.035454605,0.022009226,0.15030493,0.015896274,0.07664685,5oVqlqAjj2Y
0.11106922,0.07178863,0.059175648,0.4589977,0.059898764,0.33256596,0.10763696,0.11861561,Of2utopL8wE
0.0722765,0.052231845,0.14481057,0.12080716,0.13304876,0.67798555,0.036679696,0.10015086,VqyVe8tfLm0
0.16690044,0.21884823,0.31110588,0.8763936,0.09459445,0.3910811,0.1024659,0.17571735,h3QFh83Rxng
0.19317299,0.20691255,0.15706888,0.31364733,0.18318875,0.4475205,0.15976663,0.15915704,q5otHcvTE28
0.12991838,0.13018116,0.14226751,0.17389297,0.16846506,0.5014609,0.038224805,0.046019237,GOlNcSzQJPc
0.12808542,0.06256979,0.087653965,0.41935146,0.0669247,0.2621591,0.034962907,0.19353274,vm5h8y2GSSs
0.060480326,0.05365495,0.060409926,0.06795018,0.095584475,0.31435907,0.044405237,0.042858046,QqJ9TxF3wbA
0.11639447,0.08850088,0.12958993,0.28541437,0.1196925,0.5098857,0.02054715,0.0008352215,CeihHdD3e38
0.11097641,0.14704074,0.08524082,0.58681643,0.06391627,0.3367001,0.13206954,0.20112264,RsP-eIIBokE
0.13699554,0.10714571,0.09242311,0.59908736,0.107802615,0.52906054,0.036508016,0.022546358,gmKbY30xWGo
0.031646732,0.043284196,0.048859756,0.05693639,0.022616223,0.19151407,0.040628307,0.1230489,C2PPRLRxJbQ
0.033878155,0.028940411,0.035352506,0.064434074,0.037194762,0.15890743,0.019019997,0.17802154,T-p4ymTaPoc
0.046143454,0.05894246,0.11820816,0.05069382,0.06880918,0.2695318,0.1414913,0.35967585,5Y9KRa-VDjo
0.13877012,0.1708013,0.11110496,0.50170153,0.058263488,0.30059737,0.11472086,0.10116632,wh2k6qBoLiY
0.24741161,0.21658677,0.122311234,0.56021386,0.11870203,0.3297788,0.13386416,0.07657447,G_n8iX0VcyA
0.0899995,0.050814983,0.04851658,0.34329274,0.06500193,0.41922122,0.056931525,0.09180152,Z04IczP7-B8
0.05558736,0.043148562,0.026595028,0.119031966,0.073837064,0.33367932,0.011175984,0.0059778397,_kc4xVccy6s
0.08506754,0.10980612,0.06670262,0.3649519,0.045628756,0.322875,0.12888865,0.056871813,D6AmR4GYfx0
0.15332806,0.09251583,0.083942205,0.7617868,0.058562815,0.31822458,0.0005943749,0.12695932,-moEna37xdA
0.119420014,0.16061969,0.14368623,0.73832566,0.08089954,0.4637355,0.16482529,0.15995519,BhHySX5lpGA
0.21971986,0.21472073,0.16021113,0.82345974,0.098282866,0.32382077,0.08635602,0.4893996,uT2DtHP0Qwc
0.12024915,0.23771657,0.24433793,0.37900454,0.10147979,0.5137604,0.037194733,0.114482835,oqZLAAEBy2A
0.12454112,0.10972346,0.09375812,0.15540834,0.24666932,0.5422847,0.07091636,0.06721324,KA9J5jhIjn8
0.046000272,0.041519612,0.07182071,0.10482909,0.055321686,0.22530904,0.020685982,0.115290254,monMw7JTDfE
0.08841327,0.18267584,0.21747248,0.20547806,0.0674781,0.35593426,0.060927194,0.014083248,efY8mQd9QxQ
0.031060383,0.031633668,0.030277258,0.054554265,0.04388612,0.26284516,0.0136749605,0.12058339,DlRmv8J-h7o
0.08291714,0.0755975,0.08730361,0.30953345,0.046519678,0.22569364,0.03753809,0.16098131,JsmZHMVDMa8
0.12996808,0.11455697,0.113619864,0.76545656,0.042382505,0.2992861,0.2022951,0.28594652,NR0Yg6iyhJ8
0.023492852,0.019647287,0.024656205,0.05214973,0.03125362,0.21086939,0.057331093,0.43305644,SHtRatNsJBM
0.04721807,0.052154288,0.059629675,0.10947844,0.040235132,0.17102118,0.024318827,0.13379271,a5ETtBK98Zc
0.18267862,0.18104523,0.30702764,0.52746207,0.06913406,0.23000933,0.22333995,0.68813586,d6TFA3C-eyA
0.11581149,0.14080426,0.21669698,0.74223435,0.053454068,0.42881405,0.09065199,0.02907443,akGnOdV39Qc
0.15222593,0.19588192,0.34434855,0.82345974,0.050073776,0.35968313,0.06492286,0.13585946,Ons7Sef7Z4c
0.06701582,0.10071344,0.1431822,0.2496791,0.04134188,0.30569023,0.124380715,0.18167864,Rf3XmHIk9ng
0.1253793,0.16681696,0.24635904,0.7612385,0.047103986,0.3772983,0.042001735,0.12590185,QKHxdFkQWLI
0.045037195,0.040564846,0.12094056,0.18225211,0.07150326,0.43222097,0.012008976,0.032604914,O9c_5RFFY9k
0.12452231,0.13576011,0.19392334,0.13094692,0.14586735,0.35567302,0.016798683,0.069405615,mdk7q08FCJ0
0.021007245,0.021475242,0.025305374,0.05123549,0.0368097,0.2250694,0.0224908,0.02833686,8GV-QJojRck
0.010878552,0.033698935,0.05176959,0.03149291,0.013315834,0.18749383,0.035649624,0.2802975,WGeak-EhTH4
0.04130107,0.03877254,0.06728159,0.123011895,0.05550985,0.22742239,0.022213135,0.01604976,5qtM_02ArH0
0.0040183943,0.0041471347,0.0019055331,0.014700934,0.023614053,0.26060697,0.01228664,0.34670976,JRLKfZhbzQM
0.12010233,0.08425526,0.06404999,0.0986479,0.13355444,0.2790757,0.020824814,0.08813625,y-jUBD32JrM
0.26716465,0.15605122,0.22263697,0.8763936,0.04315574,0.2102976,0.074912034,0.2650532,ZX46Dy2LZks
0.033399012,0.04045259,0.056634504,0.21341129,0.08207346,0.45324734,0.08850401,0.121364854,MaVpiepoF-I
0.011757595,0.04534657,0.009647156,0.33196843,0.010351564,0.17798688,0.038224805,0.31817126,LsPgpGbjj0k
0.110640876,0.087320976,0.07709629,0.24250247,0.13261351,0.38643837,0.058929358,0.09902783,7HBaR9SMzA4
0.045018747,0.062537946,0.06953025,0.06276727,0.067039326,0.2075637,0.073313765,0.19789258,uCmD1m5IiMA
0.16588508,0.15998302,0.19996594,0.70794827,0.056070957,0.28178737,0.064523295,0.08781097,bRZm49lCCb8
0.13730942,0.17032164,0.12936305,0.61595434,0.110980645,0.30790594,0.40636617,0.5680319,JjeIcLZmO9U
0.1394836,0.12302503,0.25971776,0.58163786,0.05855483,0.26578495,0.056931525,0.047159497,w6d--BRPvrE
0.02177888,0.042342026,0.026398176,0.059380986,0.029728625,0.20422068,0.012494888,0.06531222,04bjyJLPFW4
0.10872226,0.036523316,0.056708265,0.16528015,0.1540528,0.3555689,0.15684792,0.091800265,L7DWsdybGVA
0.15940332,0.19168858,0.14202468,0.69790447,0.07297704,0.38694036,0.0681194,0.21682853,7F3bY96F0L0
0.08744982,0.0342846,0.07538393,0.14236033,0.10135621,0.3546152,0.0027419338,0.007898672,demh7Whc96s
0.15335678,0.13372782,0.06379277,0.125393,0.19474211,0.3500557,0.029125832,0.18837851,Wbh9jKnUbvQ
0.08996905,0.16463093,0.19271955,0.76163924,0.04405696,0.45870137,0.1530536,0.051391516,EwuA5BNL6wY
0.25092772,0.23568483,0.31091115,0.91501105,0.08091499,0.26789463,0.30788645,0.44047526,Qsv-Qqg3nzU
0.13616207,0.13720223,0.14788796,0.6019944,0.051451147,0.32542717,0.03049926,0.4784482,63VJmXXfguw
0.1715658,0.3282796,0.32358438,0.28835198,0.13298188,0.43949515,0.15568043,0.09813909,xElJEzBuH78
0.04682854,0.05002308,0.048333395,0.07886671,0.098958775,0.2879046,0.007948137,0.15313742,HOLH63c7SG0
0.21694216,0.28939167,0.12337954,0.5800474,0.053689994,0.26711035,0.2752517,0.17488441,d_y75FswOb4
0.17711096,0.16781169,0.1883956,0.65012175,0.08340176,0.2931965,0.09118898,0.046198297,RXZEr3VGc1E
0.03115718,0.026818192,0.032033276,0.055936646,0.03217889,0.1619121,0.031357653,0.17686649,r5Hr0hodAlo
0.031055057,0.032952406,0.040056005,0.06914691,0.036311362,0.19556023,0.020824814,0.22636849,LlAGZD0OzGY
0.13759655,0.20015064,0.16406715,0.66953975,0.06716067,0.39719388,0.051737156,0.16196477,itlGU4lp-tM
0.15598245,0.20349021,0.29643455,0.8441044,0.05323706,0.43426722,0.05613239,0.027883703,-XtPV1Ivhp4
0.005760629,0.010470323,0.0067517636,0.017753607,0.013696794,0.24543335,0.00079394603,0.19003882,0Ts_-E8CEhc
0.0828302,0.056813642,0.049024023,0.5365702,0.039918426,0.271394,0.065721996,0.15652835,Kb5GRXrdQrA
0.21694216,0.28939167,0.12337954,0.5800474,0.053689994,0.26711035,0.2752517,0.17488441,hL7F5wRK01k
0.04635196,0.08145048,0.05893637,0.051466055,0.1169712,0.37643147,0.049212243,0.12022735,FzMcKP6EVJA
0.119677156,0.3030331,0.25736082,0.75849277,0.05259458,0.46422052,0.27194336,0.06293612,QCDTcJh0Y2k
0.005954386,0.005300125,0.0038790728,0.041404728,0.039954826,0.32851428,0.018048171,0.06846082,Eo4ONe7DLjU
0.041102726,0.03770628,0.03602324,0.05852438,0.049920324,0.23156753,0.020130653,0.05527772,sqyjm-lsCD8
0.03512399,0.03055087,0.037068967,0.07707689,0.077223785,0.285611,0.016521018,0.14154433,NFGOVk2DGo8
0.2781007,0.30005324,0.34406298,0.91432226,0.072196946,0.36359435,0.38874862,0.015402647,2hv612S3C6w
0.16621202,0.08977672,0.1498885,0.27776888,0.3165885,0.5997038,0.15918289,0.23511304,C1xS1ltEaf4
0.06717433,0.03636226,0.05776164,0.08349746,0.1553574,0.66901976,0.104076885,0.07951616,TLNqiQVARCs
0.094722174,0.11036021,0.23717035,0.5763655,0.048757438,0.34718463,0.023460433,0.18815194,MFQgSTZLL5M
0.11184583,0.102376774,0.13017242,0.54687524,0.07113841,0.24207497,0.15246986,0.47536284,94chs-jY2K0
0.0426846,0.057283606,0.044481143,0.07593783,0.049902637,0.26148278,0.017423427,0.10726378,uzSID7GZ5QI
0.11852558,0.15264502,0.18230516,0.7562554,0.040230483,0.38221437,0.20669603,0.27673948,yj8xarcuph0
0.031680148,0.019507315,0.024099091,0.04285301,0.03641214,0.14721636,0.0069416044,0.15287967,CaTOTu_weEo
0.13677281,0.111358084,0.10746489,0.5577114,0.106811225,0.48015884,0.1256687,0.32414886,7__aSx3XZ6E
0.047264267,0.042270593,0.03294541,0.094127595,0.059939384,0.27674884,0.034962907,0.10319473,buLryFH6oNI
0.15746582,0.23615812,0.48247966,0.7666768,0.045552537,0.28254464,0.18549223,0.008986933,6Q7z4V6YiBA
0.45801708,0.28484264,0.11267768,0.15831101,0.07820606,0.41312695,0.355017,0.44056076,lZfQOXxs1zk
0.42043698,0.32200214,0.20045148,0.75879115,0.4721661,0.5802375,0.56268007,0.019233925,fJ5KGq6E8Ro
0.07993154,0.04601717,0.077916555,0.52486145,0.05876179,0.319458,0.045091953,0.06356074,dpHnabjgg7c
0.12982659,0.32777876,0.3162184,0.26766568,0.07771788,0.389888,0.38953075,0.26519096,Tb2tKHqUoTY
0.18557231,0.22407071,0.51167053,0.82345974,0.12655786,0.33583018,0.11085691,0.07903339,a-5aMzHhb9g
0.06234899,0.05295683,0.027407099,0.20562659,0.05610381,0.40129954,0.037881445,0.37203783,2YVzjOGa5Dk
0.09568742,0.11373881,0.10343253,0.17738017,0.1356142,0.36311173,0.08689302,0.1303898,KVDm0ll6TJY
0.10117569,0.08621469,0.10358195,0.1881652,0.13300681,0.42761546,0.14014533,0.039673522,5hH8BtNQd-w
0.00094710576,0.0009491574,0.00021631415,0.0044470024,0.020700747,0.17916135,0.010967735,0.16899565,R0-hW4WXsoU
0.07286061,0.03561363,0.043693453,0.101909235,0.111329526,0.23546839,0.13700475,0.18014818,xkyMezr2jUo
0.050950762,0.04769239,0.06286169,0.10051397,0.12423597,0.47405928,0.04165838,0.06000395,GUCxWfcDI1o
0.02216781,0.020167721,0.023665681,0.16536814,0.036446698,0.2449036,0.01721518,0.16667525,Q-uo4lQV6ps
0.049118213,0.06796223,0.075386174,0.06787565,0.06348319,0.19648235,0.025863936,0.18994126,t8PZ65nQq7U
0.039747067,0.026135553,0.062284466,0.12399379,0.05480209,0.2920756,0.055732824,0.11332052,wJu_mqqfRQ0
0.012443341,0.01050152,0.009819898,0.024833804,0.020109443,0.19341972,0.014646785,0.17658034,zR5qDnqlwxs
0.22437632,0.20830533,0.3029896,0.7679521,0.28529796,0.38724324,0.18055865,0.48157573,anL7eTej5Hc
0.013774145,0.01763286,0.023073388,0.026979383,0.017066127,0.20058356,0.017562259,0.39491063,qqSjHLalR9w
0.06960068,0.11429341,0.051075276,0.10038705,0.12681878,0.3998594,0.0471521,0.3092768,xFvjzjIHww8
0.036624026,0.039781883,0.11147673,0.15625362,0.030227678,0.23882732,0.019158829,0.10032999,VVP_se_5ISQ
0.29500395,0.43045238,0.37261596,0.5176472,0.22232226,0.55648166,0.20302857,0.15935029,mSw0myM3TrY
0.15633658,0.12707183,0.17739086,0.8763936,0.030810606,0.23115198,0.2965773,0.30324462,ch2bqIEinWg
0.08354839,0.12592511,0.085203156,0.10278704,0.09576669,0.30894604,0.07131593,0.05282497,_maHgHC4wa4
0.003193612,0.009010487,0.0038015463,0.0043534692,0.03982229,0.22818525,0.42092466,0.47828114,5XRIzvaRlDQ
0.045575075,0.046919513,0.1093866,0.32655472,0.07101056,0.36780795,0.018742332,0.017014459,1cby042ybwQ
0.11201567,0.114479624,0.053921077,0.5592627,0.08317015,0.3251922,0.23189566,0.09619633,ERDi67t81Hw
0.08069931,0.07904844,0.12763882,0.59194595,0.06474492,0.3434947,0.10031791,0.07250295,tEL1vGXyo1g
0.24020049,0.22737841,0.1866241,0.29515278,0.23901649,0.34786338,0.16275369,0.71113235,qK5JKmT6EgE
0.051868465,0.03846749,0.12389739,0.16990747,0.031595863,0.2059468,0.02397547,0.092951566,brKqYeg9oXw
0.03435529,0.05210873,0.044080216,0.28718522,0.029534725,0.2993583,0.006559816,0.38779926,emaA7OckJ8o
0.02134917,0.021380736,0.02147054,0.03556961,0.0239572,0.19198127,0.017701091,0.05283373,hcTPPkP1e2Y
0.06366284,0.03150942,0.0626442,0.13558006,0.093331754,0.28671524,0.015549194,0.06275349,dVLg9MJpCrM
0.12865643,0.06917355,0.08010776,0.23750013,0.13061944,0.3465256,0.09494796,0.20650321,IFKCRmdfxe4
0.26840305,0.29574186,0.2730079,0.859141,0.14760703,0.3723422,0.11085691,0.17890032,bXf8rj2kJPs
0.12621069,0.11702442,0.17754333,0.13673687,0.07129064,0.33503485,0.22991583,0.00064512825,r4d_coYo0Rs
0.17036898,0.17497298,0.16928741,0.38278902,0.17822473,0.35823876,0.08050597,0.19278109,EizBnqdsLrk
0.039779913,0.038989436,0.04431699,0.09203532,0.04223831,0.20343716,0.082104236,0.19099602,e15Uz_7fEms
0.19949418,0.20096487,0.17033435,0.75791776,0.08134134,0.31054994,0.15684792,0.6797033,mMdiCurhGFw
0.075987175,0.035068277,0.047645632,0.10568591,0.1040914,0.28029174,0.0813051,0.019367848,wUpNPur6QEc
0.08616125,0.08799043,0.11985471,0.20120054,0.07388764,0.3622152,0.023803791,0.0747965,bnD3Luh2gs0
0.058266252,0.06944285,0.05661189,0.56639737,0.03602428,0.35219222,0.014160873,0.26238894,XCtToDR6y4k
0.2885056,0.3358887,0.20767185,0.9740376,0.07295923,0.30465388,0.4497033,0.70340204,HozcQ457KRM
0.0026592584,0.007972616,0.004494499,0.011379439,0.015984764,0.21154213,0.105704986,0.3191155,Y7z58tSllEI
0.1955577,0.19527712,0.37260187,0.75514466,0.08000416,0.38108048,0.19042583,0.22212797,ICCgzEs0ces
0.21927586,0.44068772,0.5013741,0.3434881,0.14409572,0.4636506,0.17518331,0.65074486,kZx8EyTVfrQ
0.14058948,0.13267346,0.15702632,0.72322494,0.058088794,0.29872507,0.456592,0.6795527,cTdJPHN9x9A
0.14982645,0.21243916,0.29546627,0.81346744,0.07861762,0.44843102,0.22988434,0.2921375,ENikDsQToEc
0.1509361,0.2239494,0.23711488,0.44049263,0.18560927,0.4658336,0.12180476,0.1688421,qBa0_0qhO40
0.14407986,0.14086574,0.18041112,0.1735893,0.115324184,0.30399254,0.004338503,0.018184865,lHeJyqgPDYw
0.3077197,0.54154384,0.42501152,0.5123358,0.10417804,0.35212967,0.44750816,0.19538441,Hct0Ojbq0Uk
0.16195224,0.05765636,0.0899637,0.22118787,0.19524938,0.34479815,0.06252546,0.26521683,rjtpmGGuewA
0.14202057,0.18236311,0.30075246,0.5499198,0.11857039,0.40195405,0.044405237,0.28126445,SCWQknsuV5U
0.05440382,0.08446341,0.13348232,0.24849437,0.046408888,0.40787962,0.043031808,0.111469895,OHiyJSnb8_w
0.043031055,0.02472586,0.027285991,0.07472074,0.067736894,0.2963209,0.032387726,0.01892477,9NDG8EBdtH0
0.03938941,0.0757248,0.081301674,0.19934325,0.052213427,0.37508604,0.08367105,0.098233655,F3CIMnyds1I
0.097148575,0.15420747,0.30741894,0.5598314,0.1373397,0.5317613,0.08796701,0.17770593,GS8hD3EyuJE
0.30980712,0.3631565,0.43013218,0.8908898,0.14711568,0.4866159,0.30487993,0.071477965,YJzOVPx1HiE
0.12699908,0.25140682,0.1874182,0.24978493,0.06535135,0.33834767,0.23365098,0.30592126,lMb4GUmmJzw
0.0820686,0.07264187,0.2488696,0.24117576,0.057206288,0.30051205,0.030842619,0.21087365,8plUvRZ_YYA
0.08675121,0.03945671,0.047540333,0.2979395,0.059458703,0.2779111,0.10956893,0.10383735,SpRMVWb7K2w
0.06674135,0.08625164,0.18341424,0.338421,0.08814366,0.36169773,0.040628307,0.14628345,9j0xqWZHHV4
0.08704773,0.06197361,0.06608129,0.10604673,0.17814541,0.3624677,0.012217224,0.046377175,u9sRJ-eOHnc
0.146166,0.19025336,0.18165381,0.5218004,0.13892327,0.30307,0.17449278,0.33281347,EaA5smO_irM
0.119021475,0.06862059,0.09826923,0.35243374,0.13703844,0.36377877,0.0057962397,0.05123907,8azzQsRoD_s
0.07135608,0.050382458,0.051668447,0.18575817,0.059290215,0.33575544,0.01596569,0.0769998,CsQToSS9mbw
0.14750457,0.23005293,0.48146996,0.6934329,0.14145635,0.5597191,0.09279997,0.6343385,l9kgMZkFpQQ
0.027959663,0.03889725,0.029136103,0.080992624,0.040247835,0.27293068,0.2752517,0.01019458,FaM2XPKNYI4
0.05507287,0.078586355,0.14267053,0.20856015,0.04437352,0.27263576,0.0186035,0.041248873,MyVneHebY0Q
0.14635387,0.12071504,0.26216334,0.39916667,0.20205285,0.48366147,0.0753116,0.076662704,H_rwIxl1gWY
0.11070231,0.08218979,0.10548942,0.20291033,0.189271,0.5168075,0.39157572,0.026978254,q9L6NNZkY0g
0.02682355,0.026143795,0.058769103,0.056938257,0.042659916,0.21596608,0.031529333,0.15949863,2z__eAy54wE
0.063695684,0.126145,0.059285752,0.10010273,0.077645704,0.37054136,0.1019289,0.14653498,BNX-lFo7mOA
0.12152279,0.12476756,0.14982074,0.33722913,0.09701776,0.49142444,0.043375164,0.1587926,5i1jVzti_Qo
0.056497302,0.05851086,0.11341868,0.083673835,0.07013161,0.22130315,0.0034708022,0.16791844,7vrW8cCDNGw
0.2937563,0.30951652,0.20446558,0.81449467,0.048777707,0.2266298,0.31540272,0.62880445,D5iy0wWCYbY
0.16071142,0.12840527,0.1920046,0.5642345,0.04529468,0.233461,0.19936113,0.7231972,Hx7guxQS_HM
0.08940241,0.25105566,0.08898545,0.46691898,0.027703026,0.3081366,0.19239926,0.36459213,HxuoeHVhz7o
0.14881444,0.104969695,0.07944226,0.16742766,0.14896293,0.29569003,0.05613239,0.14251068,KlDJB_97QQk
0.024411066,0.021983584,0.023284921,0.046483494,0.043866288,0.25348896,0.022213135,0.1547294,r-DlnYFUIlU
0.08415518,0.16469388,0.072170585,0.12726416,0.0677492,0.38377374,0.04406188,0.1662765,-dyqUbRTyas
0.030617315,0.054376237,0.097112335,0.21613912,0.028473249,0.40202993,0.09494796,0.026254743,kgfT7e9__uU
0.2076283,0.14726302,0.17412284,0.85752666,0.05356074,0.23147449,0.21892473,0.3358095,NIQTLZs2Gzo
0.0480285,0.07515259,0.06794812,0.2880064,0.048812296,0.33629444,0.09924392,0.2714702,mrquKgQdfUA
0.15873246,0.1133283,0.124950014,0.7635446,0.03051722,0.20486489,0.18253209,0.5009186,emy-38XpQ9E
