PERSPECTIVE_IDENTITY_ATTACK,PERSPECTIVE_TOXICITY,PERSPECTIVE_THREAT,PERSPECTIVE_FLIRTATION,PERSPECTIVE_INFLAMMATORY,PERSPECTIVE_SEXUALLY_EXPLICIT,PERSPECTIVE_PROFANITY,PERSPECTIVE_INSULT,video_id
0.06463443,0.07371333,0.10979631,0.27057433,0.23941368,0.060275525,0.07511596,0.069485076,1aP7FE0ws0s
0.050253488,0.030155903,0.1118198,0.41808933,0.14895174,0.13379972,0.08222743,0.07576715,46CAKyyObls
0.17910859,0.065721996,0.2606012,0.40130228,0.18294217,0.15718277,0.087481886,0.10429323,DQw5NtBPll4
0.0666677,0.038053125,0.1560934,0.4756973,0.2856208,0.16541283,0.12041008,0.08191994,Q7kPSzYsR6Y
0.117172115,0.02655065,0.23816228,0.5647393,0.16926247,0.11962589,0.055148058,0.069734536,nJESuhKk_zM
0.0640078,0.12888865,0.050492436,0.17852516,0.74521595,0.02239216,0.06469396,0.21526824,CSJKzhvx8nU
0.07992134,0.0471521,0.14227675,0.25400293,0.27324924,0.08376934,0.07016683,0.057753403,lH-m_-kzvvo
0.0675386,0.009093502,0.12550081,0.3043274,0.17565961,0.064176336,0.048530404,0.047628302,0IICuw38zE4
0.062373135,0.014022041,0.17722446,0.38312066,0.18439311,0.14344135,0.092163034,0.06754243,YLIS68YfMYU
0.16746351,0.1710401,0.26305506,0.4125614,0.20261405,0.0693916,0.054388054,0.14281754,v62C-riEZ0I
0.09333349,0.1510105,0.18507,0.3367094,0.30299944,0.135028,0.13784263,0.09906519,cHhiDXrk5Do
0.070823275,0.02792408,0.04345703,0.21868755,0.26994735,0.028540537,0.021265946,0.025392182,HCWMHTl9ux4
0.1246261,0.1019289,0.20746766,0.278256,0.29138607,0.13075393,0.11975548,0.0952654,hnxDJKheI44
0.11461192,0.08290337,0.24989004,0.45813692,0.31430137,0.13554941,0.12024288,0.11478579,dWgWP-EU-Gw
0.15073924,0.031529333,0.2729261,0.3743398,0.17199004,0.11537681,0.11323355,0.09697057,cIEuYflHuTc
0.064008616,0.14193995,0.32293144,0.4672193,0.29804856,0.13534869,0.07939275,0.051341996,QtWP0KDx2hA
0.148514,0.14059398,0.5985141,0.50297517,0.24844235,0.047330413,0.07338234,0.092275284,LkJAHFJSDto
0.08561151,0.17242117,0.18752556,0.3074193,0.21423335,0.1656225,0.13124487,0.09700664,wmoxE1sJc1c
0.023031533,0.040971663,0.04131607,0.28653356,0.26444647,0.026250193,0.022939112,0.030705586,Lg3Yztn22R8
0.039694186,0.022945397,0.056341324,0.2910113,0.30746892,0.055162042,0.030455723,0.04160207,eXlG93Tz8_g
0.16818085,0.08555053,0.20153163,0.37362581,0.4901842,0.084675804,0.082381845,0.09795651,i_SpWzv2cVw
0.12878987,0.089577995,0.2657436,0.28524497,0.27672598,0.12285023,0.09409486,0.08764081,MXDP27O54_Y
0.050450828,0.026722329,0.10780062,0.35966098,0.2638543,0.083575025,0.061258767,0.046012793,A1F6-OMmufM
0.089693114,0.048525527,0.15986662,0.39156538,0.17638914,0.17138134,0.12503146,0.07801152,clgYLEM-hG0
0.07292853,0.02193547,0.15721287,0.4112749,0.26457927,0.110554814,0.06681458,0.036913473,fjSID4CLRrE
0.16974817,0.16551583,0.23489036,0.34455645,0.10804727,0.21024552,0.11523111,0.13091278,GPBagXouCvU
0.046735235,0.034791227,0.08673314,0.30104885,0.4481152,0.056084186,0.043205906,0.035501946,2NAhl4Hi_LE
0.024103114,0.053335425,0.056419343,0.23804192,0.18186289,0.04132567,0.030526651,0.03032052,53m4RlBzhOk
0.05919122,0.083939545,0.052015193,0.34055707,0.13594125,0.038813215,0.028270345,0.109531835,T6YGxCkS3BM
0.117121495,0.038911518,0.1743019,0.2207355,0.24385567,0.07829864,0.08496547,0.11915041,61EqSsVnm5w
0.07986133,0.1609341,0.32377428,0.36144817,0.2593928,0.11761273,0.096726805,0.07341851,HA2DWMHgLnc
0.020972287,0.024147147,0.07127491,0.3879076,0.17945255,0.105001464,0.046734616,0.020508232,3qEno6P6PSQ
0.26253718,0.032902762,0.34460235,0.3767553,0.099322036,0.0711587,0.091408305,0.11493362,4IMDmpYkY-E
0.058625665,0.0070804367,0.111684404,0.30238834,0.24174412,0.09760046,0.08054297,0.051354058,L-KLjB_Olko
0.04867135,0.12760067,0.25088573,0.5099782,0.3003141,0.112656064,0.09146295,0.07142495,mt6-aSIX2Bk
0.08710716,0.02792408,0.107382335,0.30980328,0.23591705,0.07626136,0.07408746,0.0925835,bI2vhCV8JZw
0.121793315,0.042001735,0.21813008,0.20707366,0.27602375,0.03697227,0.048182953,0.07001183,3gWhxI5LqU8
0.066683374,0.01631277,0.15831147,0.2812535,0.1946834,0.12730056,0.098775394,0.059931654,VO-sIk1htVQ
0.076044016,0.028782474,0.19673993,0.28560075,0.25865814,0.15664954,0.113121435,0.05854358,L7ExnUvqxpw
0.24056858,0.17380224,0.23252298,0.3415743,0.22683965,0.19432956,0.19321167,0.17746551,hvOKWeW_Fog
0.026690647,0.016798683,0.08523628,0.33264434,0.26797867,0.060549356,0.028377715,0.022601819,jV20dWObhBY
0.037015438,0.060527626,0.09584607,0.42854792,0.18759048,0.094387725,0.057120718,0.032008063,rpcMwiTx86w
0.028839624,0.0068374802,0.06033362,0.2939105,0.11563159,0.07413052,0.04596598,0.019974867,oULMv-bopN4
0.09009571,0.20302857,0.20045167,0.42778465,0.029135024,0.0961179,0.07351042,0.045698106,cUV8h7f-mAg
0.0848715,0.12244874,0.30655712,0.283747,0.4691262,0.067415,0.08842577,0.13555706,S5Xzagfvv-g
0.040372387,0.03204437,0.09549497,0.35065475,0.24521066,0.057256717,0.041857157,0.034254536,otiDjYtQlgE
0.05311284,0.14822112,0.052090846,0.25886312,0.2711181,0.07947776,0.051850528,0.046070952,QTCmkIxve0c
0.04792855,0.067320265,0.1108144,0.40007088,0.29025704,0.1092274,0.086992264,0.059431016,69OFP3K-BUI
0.1317416,0.14283726,0.24784966,0.38013393,0.4433651,0.21217574,0.17594573,0.17910634,KmihqVmKGT4
0.07430931,0.1580154,0.27488875,0.38651392,0.5802803,0.06310677,0.075028464,0.08824661,q6ydDq4878c
0.1267843,0.04234509,0.09275223,0.31373376,0.26750237,0.049378585,0.0576765,0.17784147,onjEieXFYgs
0.06661581,0.11021292,0.20181212,0.40065888,0.1591803,0.05100973,0.03968106,0.030903244,yYtxxMX9-jo
0.23310608,0.29756662,0.7152018,0.30079734,0.44588485,0.09852576,0.20411302,0.17621666,FGY6K3lahBA
0.20524332,0.12760067,0.08464954,0.40151832,0.19449551,0.07641097,0.086112306,0.2689316,HzQycpY4RqU
0.023266526,0.0073233927,0.057916336,0.22334304,0.15611714,0.053139176,0.05230666,0.05300981,AL3S_1x5_uA
0.02935961,0.008399341,0.048155185,0.21894202,0.25847843,0.05572241,0.034461103,0.022660406,3KO8iVBic-0
0.15961485,0.15918289,0.13632536,0.22327611,0.4484699,0.05673688,0.095239624,0.20699078,jCuSsbsZsSs
0.1169446,0.13610743,0.48327318,0.34234548,0.15246195,0.13864158,0.15071805,0.14519607,y8-v3BkwmJU
0.2988421,0.0050673713,0.40222982,0.34166217,0.15186794,0.2468576,0.27439642,0.33370295,1rrjJyTYbWI
0.10911761,0.12244874,0.17302464,0.28601158,0.21384801,0.11648626,0.16231062,0.14614014,LkH2r-sNjQs
0.051393554,0.085282035,0.25462976,0.3294864,0.2623291,0.07333708,0.060529523,0.053266373,72QdD58JiUs
0.02775927,0.012911384,0.08388827,0.46717724,0.18860486,0.08340789,0.057095565,0.048789438,-v17_7ojPNg
0.047434103,0.105704986,0.15136273,0.21918511,0.26392204,0.07121224,0.09419131,0.08182807,4Bol3Cdln5g
0.3714392,0.21804169,0.45684823,0.35841355,0.18423407,0.061664008,0.22512439,0.49769866,pjKXvqSNIkk
0.038676087,0.006559816,0.06725818,0.30077818,0.19410071,0.07148986,0.046196606,0.02743042,Y15D19usS0g
0.09625,0.02809576,0.11641115,0.33305618,0.14182867,0.079021156,0.051340327,0.052011576,svEuG_ekNT0
0.05125159,0.029984225,0.11418718,0.4211089,0.1512865,0.11068308,0.05781414,0.055330902,ijjwS6h-PyU
0.47917938,0.49981686,0.4201846,0.57967085,0.060037415,0.26420555,0.47433984,0.80613285,qTGrNAw8Ekk
0.079409696,0.09548495,0.24125144,0.3381496,0.3761714,0.13256565,0.15747456,0.09032147,PDFzO_X9vo4
0.006641952,0.020269485,0.031064173,0.3798816,0.23761716,0.067359984,0.015995005,0.007313321,YSreS7_zX7E
0.07571976,0.10956893,0.11395574,0.28831905,0.2161316,0.038994927,0.039219752,0.24190876,vPriOpIek0E
0.040364288,0.0253489,0.092858456,0.46264192,0.24543914,0.10977988,0.05427743,0.033199515,UeRkdZz_Clk
0.06689999,0.022213135,0.17483869,0.27675024,0.18505348,0.14530525,0.09654808,0.047772136,oKyJas9DShE
0.023366475,0.04268845,0.049705684,0.23664472,0.41160098,0.069453016,0.037088268,0.048939686,HTc3LRLM8gU
0.0063026557,0.0358213,0.03377165,0.33697844,0.1587458,0.032407258,0.012233676,0.006113291,rJI_cwAt9y0
0.06305628,0.14193995,0.2348313,0.24204281,0.22052254,0.051969204,0.069991045,0.057569247,90O-q7dgS-I
0.076582514,0.03358948,0.14355755,0.25965792,0.26318806,0.1258046,0.092114456,0.057113934,zEWYhRYshK0
0.25954223,0.33859563,0.28253403,0.2796047,0.17546788,0.14613642,0.18966116,0.48151216,SJZItdQOR1s
0.051550735,0.053335425,0.075004905,0.25987273,0.097744085,0.059422985,0.07292423,0.079419285,xQmfLDeghpI
0.12518948,0.008954669,0.33663833,0.43080077,0.2916099,0.22814794,0.1784671,0.08554587,yj6KpT23UnQ
0.10541206,0.15276173,0.1474046,0.29083833,0.17690611,0.044817787,0.046955597,0.04245364,ofZOWzd4YjE
0.057370193,0.027065687,0.21325164,0.38548946,0.2872006,0.04764435,0.038608436,0.043661393,cOVYUkLh8Qw
0.63695884,0.7699882,0.43316808,0.5527434,0.3586302,0.52972406,0.783706,0.6356477,mQsNkt9yuKI
0.06831465,0.025863936,0.14198865,0.24688108,0.15042494,0.13916598,0.08521093,0.040887468,q2VRcpP1I1s
0.035369813,0.009648831,0.0784484,0.22023305,0.12325955,0.06112203,0.04876662,0.036063287,BGdIHlqJAU8
0.04278979,0.092262976,0.078462966,0.46794418,0.12782088,0.06446959,0.040536743,0.075333506,dRjdkTcqizQ
0.046571787,0.042001735,0.10936404,0.35582072,0.315865,0.08294852,0.054179423,0.048362087,2pVwt3-RZxI
0.053915113,0.01721518,0.12065441,0.29412797,0.11517786,0.09397021,0.07894467,0.051436786,hNFueUCOQDc
0.060104545,0.027580723,0.44860694,0.31636798,0.22755502,0.03954207,0.04811047,0.04164874,HAl2JJjbu0c
0.02328869,0.014299706,0.043386046,0.2770369,0.07097662,0.02430771,0.010338011,0.017504089,jblC2Ooog2U
0.08751606,0.053335425,0.15719247,0.25856113,0.10912548,0.059377756,0.05089339,0.061727125,rscduTc3oys
0.14971803,0.04165838,0.29077137,0.37719053,0.19203345,0.12832287,0.10573216,0.14900453,4g0TYwgfQOc
0.070267454,0.0753116,0.3001464,0.3894592,0.36172011,0.16855378,0.10579678,0.05427686,J8AHHbiic98
0.02403474,0.021380141,0.053111587,0.1877583,0.2417739,0.048819598,0.036956266,0.025633752,MF62gzBoQuQ
0.06526858,0.0053797434,0.093921736,0.34702247,0.17923748,0.059872404,0.039709892,0.032486767,_QoThsSmMJA
0.113375954,0.053335425,0.31925887,0.40576437,0.26363102,0.20805976,0.19052848,0.088054754,Zgs3-_sXPsg
0.12367144,0.037194733,0.26795503,0.29997504,0.35804373,0.15942478,0.12900221,0.10831795,mfb0D3P9org
0.11047056,0.0753116,0.10270413,0.34067938,0.25179023,0.06068524,0.058232643,0.19292897,Si7dntPP3S4
0.18581805,0.39230084,0.24082096,0.31956273,0.57874453,0.27712825,0.5802218,0.49056134,Q88so45WKjk
0.029688567,0.012494888,0.11368769,0.23212434,0.072973095,0.025445808,0.016966498,0.024080778,ZfenoKfibJE
0.03619866,0.011661896,0.12748066,0.2748847,0.0746263,0.027738722,0.018165966,0.031039031,GLgUG8lPHzE
0.06791522,0.10300289,0.18348683,0.25802,0.12064436,0.08302883,0.119279966,0.044413686,t244U1TqPwE
0.036339186,0.011523063,0.12820624,0.3309109,0.4387052,0.037829798,0.020160116,0.032261465,8ZxQ5GThciI
0.050707255,0.05653196,0.07600662,0.3701718,0.2675314,0.04987479,0.042545322,0.10545214,IZotfTLCins
0.09385044,0.028782474,0.2535939,0.294288,0.09931073,0.08356735,0.085997514,0.06880169,41P0xr22SXQ
0.06469573,0.021796638,0.08440989,0.2991331,0.5680319,0.06050746,0.04871086,0.06022389,SC9TvDX6R08
0.04648431,0.014646785,0.1627829,0.3525471,0.18715546,0.05866097,0.04069552,0.052836407,zAcR6qoNO9o
0.06983548,0.014160873,0.134973,0.37920448,0.123198114,0.11357394,0.073607564,0.056514893,s7scSfpwnqw
0.18924175,0.08290337,0.18364742,0.42270544,0.08962679,0.040470142,0.054102827,0.09814307,y62k3eFoMZc
0.049482558,0.015132698,0.06639461,0.29678476,0.21417253,0.055702947,0.02900703,0.04358416,augKOxUZWE8
0.11142703,0.1510105,0.2546126,0.36939266,0.3562942,0.19956496,0.14154509,0.114913635,8hKXl7KD2m0
0.05418362,0.08635602,0.26024026,0.26399353,0.39071396,0.061010182,0.060480326,0.03828381,ZegSmm9Jkmo
0.049322154,0.017076347,0.10181509,0.26596358,0.3906636,0.06422106,0.11061225,0.07768209,saWPdEDa_R8
0.15249422,0.0789077,0.20283103,0.40906593,0.7079002,0.15664297,0.16435917,0.21565343,UhRBX9oYz1A
0.030856773,0.032559406,0.15757538,0.28506565,0.25782678,0.04229778,0.027841287,0.031879906,x0ARaJQQbas
0.039546143,0.012217224,0.14663579,0.27344444,0.0741235,0.036148436,0.022955641,0.03305933,P5vwrzaQOUQ
0.16103712,0.026722329,0.33313504,0.5804703,0.11332289,0.18470027,0.117739536,0.083129555,TffQa4KGeuo
0.10354654,0.033074442,0.09657809,0.2655961,0.26544312,0.06652463,0.09132752,0.19799708,moDwlGWjGe8
0.09129473,0.060927194,0.19532731,0.30573875,0.28371242,0.10232835,0.08368962,0.0659872,igWKPlD5MiI
0.15436563,0.036508016,0.19089195,0.29316247,0.18505348,0.17619279,0.2144371,0.17166668,40o4ONuR3mA
0.0647732,0.01492445,0.16918138,0.499613,0.07228656,0.1474359,0.07755393,0.1104585,N2b5Vh3KF4A
0.11786281,0.015896274,0.106373675,0.32407618,0.11261657,0.08598649,0.10900854,0.044882182,mizD483gFxw
0.08782253,0.018881164,0.118134,0.356713,0.27677998,0.12288864,0.048266377,0.050123997,JaxisLq4krg
0.07212952,0.062925026,0.16942412,0.41488013,0.2655367,0.1214394,0.067757644,0.05092027,pT_bX9rkqvg
0.10237293,0.016451603,0.12067502,0.26366565,0.18845218,0.09406947,0.07604303,0.058382943,5qWt1wSUMLg
0.03169669,0.011661896,0.13414846,0.26794732,0.07463077,0.028851222,0.018120287,0.032386422,DQDfAQo20k8
0.03562795,0.021657806,0.13352214,0.36449793,0.1480132,0.06285502,0.032083526,0.031352345,HK8d3cUXMGc
0.031949017,0.018464668,0.06241273,0.2876323,0.50678974,0.024493365,0.014814146,0.04015443,6Z8cRXpuQDM
0.108186126,0.025863936,0.16986927,0.32607266,0.45140144,0.15094352,0.09659451,0.08080268,guS4-iShCNQ
0.100121446,0.087430015,0.28035432,0.35957098,0.18933919,0.13405341,0.09797493,0.08095334,UJdTEvhXELA
0.072463,0.025692256,0.16900374,0.4778473,0.14670826,0.16852833,0.1084487,0.08654051,Q5FNKoQWDHE
0.02791425,0.13565879,0.065343864,0.28955865,0.17645606,0.04159602,0.032434233,0.051168006,ryEwPqRMFXU
0.20504646,0.22990009,0.3215701,0.39386865,0.5934546,0.1995751,0.2465456,0.26840195,S8flK6wE8Cg
0.16050667,0.13146462,0.21797732,0.38364935,0.2870312,0.12972,0.10288986,0.14257741,9AhucgvQzGI
0.10830931,0.1710401,0.4381764,0.52699775,0.02682266,0.11930231,0.05902859,0.07881416,0muLhWNJVjQ
0.10088619,0.11536485,0.15830112,0.34688234,0.19494027,0.06705062,0.07006234,0.08604079,L86lAdEGQ0U
0.18947758,0.18450552,0.30889153,0.5158615,0.3417539,0.09862868,0.09637438,0.14296757,npRzgcUqVfQ
0.049409624,0.05653196,0.13742508,0.27753207,0.3227618,0.06817178,0.048219133,0.067718156,mhT4LEcSqnU
0.26283467,0.22510603,0.24463597,0.3337391,0.19465278,0.08904779,0.15975973,0.47807458,md7i1YZ9Puo
0.107370175,0.034104515,0.19499461,0.28731263,0.2197386,0.15444079,0.1483796,0.10950764,Co91BdP_G_o
0.07120416,0.019158829,0.12028244,0.23352396,0.36042497,0.06543357,0.08521839,0.06579378,-88fOpUQw_A
0.09862282,0.036679696,0.14343745,0.3366467,0.63138074,0.041158073,0.03519178,0.07288024,ckH0RDVueo4
0.055758182,0.043375164,0.13732044,0.32234693,0.12883866,0.12587632,0.0595733,0.0483909,VxbrlCzthec
0.05101419,0.14014533,0.09361218,0.29461148,0.17883809,0.024728218,0.032953028,0.120946266,Uixa2JtNCUg
0.08372682,0.028439116,0.11847568,0.29644406,0.17750844,0.09599773,0.08165417,0.0634643,fF4ZbTvyjbg
0.0935931,0.0009501321,0.13645443,0.30897045,0.08124086,0.12910955,0.082927965,0.06261397,P7tta7OKJSk
0.24302267,0.04680874,0.13862158,0.26716998,0.39519918,0.120941944,0.09200519,0.1175882,2vmrvyMeLmE
0.037880763,0.0006247444,0.16743478,0.35583416,0.2568379,0.06826276,0.044115607,0.062066283,ami4y706qvU
0.019884551,0.018742332,0.031420454,0.28159907,0.16132061,0.02750829,0.01560415,0.030401802,UxtSSbXiYng
0.022867342,0.010412407,0.17830421,0.3892819,0.12499351,0.054663315,0.034838323,0.027283618,89Q8OK6p9aE
0.027531935,0.043031808,0.08470188,0.2609162,0.2126939,0.069513395,0.04248329,0.0263685,YtqIpWMezGw
0.11883972,0.026894007,0.114552535,0.38087207,0.30562636,0.11641977,0.07183264,0.05993492,b4dLYd2E-_c
0.0951752,0.14822112,0.081088394,0.29615316,0.43673798,0.020184128,0.035131507,0.11787345,BbCmq0jPUxY
0.049100198,0.14059398,0.08981685,0.5316507,0.4694252,0.19526736,0.15874074,0.18066314,phH2lTDAN9o
0.1266255,0.14193995,0.33072188,0.22279559,0.3421901,0.035202377,0.041626286,0.085365474,RD_f8UhNtLs
0.06807338,0.03753809,0.08373918,0.33380824,0.098937996,0.055357426,0.053765707,0.17534342,nYd9EkZadDw
0.055727113,0.03187269,0.1375699,0.39621538,0.12972109,0.12114141,0.071278326,0.040550698,OR3UMT2ZSjY
0.13243559,0.16035037,0.41666284,0.4384972,0.11467354,0.13483323,0.08534897,0.052744247,oou9INxAcA8
0.11712405,0.068918526,0.111103535,0.29022533,0.42546067,0.07768104,0.086761326,0.13188851,cfglyweLjqc
0.033879258,0.016521018,0.123737,0.3578018,0.19574776,0.074035496,0.05028974,0.041107785,8au6UGaO7zs
0.07884617,0.09655894,0.51109475,0.33685416,0.46977755,0.06687114,0.066045105,0.055801332,BQ0LBdheupI
0.12321113,0.031357653,0.278627,0.36187875,0.315204,0.15992644,0.1832763,0.12484404,7xgiSjwlWL8
0.06750302,0.0142302895,0.12651111,0.3553482,0.09911516,0.10178843,0.060954306,0.054376166,tNnl5ol3P2g
0.19386144,0.02637897,0.22450459,0.32999885,0.24733458,0.17364667,0.25939956,0.25359967,DiBqdzs1shY
0.5668285,0.19535941,0.9570354,0.5080509,0.103874266,0.1727669,0.39670566,0.38208085,8Up73bFTsQg
0.045452707,0.04268845,0.1013918,0.2869621,0.15132236,0.033288818,0.044565607,0.09894637,AjPCOim0jgI
0.09134403,0.056931525,0.17126216,0.3154297,0.153849,0.152264,0.13705386,0.08422207,G_aSatgbsM8
0.08477588,0.06252546,0.21018147,0.28948405,0.3497578,0.07863793,0.07248616,0.06329849,H4MvbmSoSw8
0.24345466,0.031529333,0.05725907,0.26389247,0.19354323,0.05122997,0.030500678,0.09338497,HUNeozupEf4
0.07645163,0.10300289,0.044139165,0.25859806,0.43748266,0.025539165,0.023131933,0.12033415,fvXGmwVVQeM
0.0466441,0.020130653,0.08875424,0.37605128,0.14595081,0.07244092,0.03205805,0.06801103,Sq81MXCmcMs
0.0420972,0.024833864,0.11454351,0.28183118,0.14215098,0.09695988,0.07374464,0.052523203,wWvj-6OJRtw
0.026237385,0.06412373,0.118747205,0.32265365,0.20059691,0.02547987,0.018479798,0.034014933,t1TpR53yPHU
0.09554268,0.0045120427,0.04200409,0.20926344,0.15378565,0.026754608,0.027382921,0.03599624,8YI5hGucHSg
0.4643324,0.22982138,0.25751063,0.26316687,0.45820326,0.14305452,0.3139313,0.5768478,jJSKCHNsmfI
0.08073922,0.024662184,0.06774666,0.26002607,0.5680319,0.04315133,0.0380971,0.06553368,MjUNVO2Whkw
0.2527541,0.034962907,0.29096106,0.507186,0.5787513,0.13545524,0.14382976,0.120972686,3sUyFLWT3Y8
0.1372496,0.037881445,0.20515285,0.36695775,0.36682114,0.15085004,0.14067213,0.17133458,mX4KbcGt-Us
0.06259528,0.021380141,0.08637044,0.25228474,0.30039015,0.073850796,0.046640813,0.030103048,8gkwiUcqMzg
0.061135776,0.036851373,0.21032485,0.33986223,0.14591922,0.12905549,0.08817177,0.037779264,Oui5_FnaZBc
0.07151236,0.0069068964,0.08655101,0.35743082,0.30124354,0.13053282,0.08401864,0.07072663,qMED6Y_wCIw
0.0679528,0.090114996,0.13747168,0.31646758,0.43713787,0.13442624,0.09823569,0.06390097,5jPkQc_NXLQ
0.10605045,0.14777246,0.11382432,0.39772356,0.41666612,0.060431488,0.07013307,0.119518206,34CEjFwz6rQ
0.09669477,0.14193995,0.35801956,0.3512637,0.39410278,0.08955486,0.08703307,0.1315319,ik7SxHGA4PY
0.0723865,0.18450552,0.2071748,0.32189885,0.7080126,0.09730608,0.09451836,0.19526574,stTKMtKTVxc
0.16056488,0.1539292,0.2033978,0.35707146,0.08189276,0.07519076,0.07664957,0.111741036,nhjwWyvuKvY
0.09738617,0.004373211,0.32726914,0.40646374,0.02871791,0.12945291,0.12538764,0.12476076,7cIktf7_Izo
0.11737957,0.34388447,0.17393768,0.2662715,0.32667682,0.237796,0.33056113,0.30356362,E0OVMCU8rnA
0.11479513,0.04406188,0.12161731,0.28035873,0.18315889,0.11161671,0.099277355,0.09818709,WAdJAxLAJjE
0.25858876,0.23101798,0.39374778,0.41431776,0.11163572,0.08783992,0.09142495,0.18812537,PR66TN-Mlig
0.009667819,0.0007462225,0.037792426,0.27144253,0.050090596,0.06128881,0.014583197,0.009794482,gnTOecbEy0U
0.12274058,0.052935857,0.18557335,0.42527252,0.439859,0.13995568,0.11137793,0.10227808,ZzvOBHnoyGs
0.2531443,0.22987647,0.6258208,0.6255373,0.07423247,0.19783118,0.13282268,0.11417348,qaqGHxjGleI
0.036073778,0.094410956,0.082589634,0.26338977,0.4469501,0.054399837,0.04575271,0.048158195,5PtbMLA6cfM
0.056854505,0.013813793,0.30890083,0.21679543,0.17859676,0.048736963,0.049888417,0.05506524,wZOR_gsSWeg
0.06726807,0.038911518,0.29043543,0.3717305,0.1768911,0.07233214,0.066512175,0.046650484,j2f2t0VP2iM
0.037190106,0.07091636,0.19295043,0.37266362,0.26316437,0.14113995,0.08154552,0.03838307,YM6k2pyyim8
0.01847152,0.13017663,0.03913768,0.24621703,0.38130954,0.049261577,0.031178115,0.12013025,HB39LLaOCgM
0.09463685,0.09279997,0.26741585,0.40987232,0.62843907,0.1356994,0.08658388,0.14094505,nfkPJYWiUrg
0.054333337,0.030842619,0.027398711,0.20849808,0.12297657,0.031543117,0.018555075,0.030307338,639OF1EodAA
0.1326434,0.0019176182,0.13340202,0.32488558,0.18584955,0.116044275,0.16349733,0.25678575,XmMD_1KBCIo
0.048013076,0.029984225,0.093957916,0.39327747,0.2111785,0.07492398,0.037772447,0.043003157,SGwNDGvffBw
0.04311473,0.08850401,0.27121106,0.31672284,0.1764349,0.054472726,0.04647494,0.03184489,_rofgBfVlfM
0.15012255,0.045091953,0.056387387,0.26832354,0.24256083,0.06052944,0.047090165,0.12715134,51jyRZeiGPg
0.056379095,0.014855034,0.07140062,0.22188072,0.7279288,0.02457412,0.03941458,0.06282712,eb3JAoY4wkQ
0.1643198,0.15568043,0.14774919,0.4043161,0.8602323,0.084701486,0.13147607,0.2942096,HorAGhRHyJw
0.12743515,0.021102477,0.08088374,0.23690663,0.43982297,0.052983634,0.07421902,0.1187279,YtJB5oikN3U
0.031404197,0.0070804367,0.12499335,0.3592334,0.19804274,0.08653112,0.054152638,0.030726878,pBwCNpYMJCA
0.048877895,0.022773718,0.097899154,0.47181576,0.12662753,0.07101696,0.04723598,0.03384817,Y7M8T0HAWGE
0.056106735,0.036851373,0.15009587,0.33800527,0.1886183,0.13694791,0.096409775,0.061202403,FdGf06a4LCU
0.121909276,0.1621016,0.13346636,0.48449108,0.38863996,0.5307228,0.3839475,0.18237545,anEuZft_ut8
0.10187698,0.1414913,0.22861591,0.34872663,0.26399142,0.09008813,0.11473111,0.081258066,c5zCa9GhbaM
0.05489843,0.032387726,0.07681596,0.21071373,0.13146614,0.026215702,0.026087329,0.051488962,CEz5A6PZEKM
0.034088317,0.1894391,0.10493573,0.30902454,0.4530932,0.041201252,0.08795634,0.083831035,xnhGmCx6cTo
0.03737121,0.010828903,0.0725736,0.42904678,0.032811567,0.13233915,0.05581573,0.052811608,p9_LCZpriwQ
0.2031461,0.03994159,0.32827088,0.56812876,0.106300205,0.21835838,0.20831656,0.17839989,cpg2jYrdgSk
0.025480883,0.08689302,0.067815274,0.25516894,0.1755099,0.04436167,0.025443055,0.019939763,g0bx8QjoTmc
0.096359946,0.07690986,0.27233398,0.50649303,0.03501969,0.12716927,0.066804536,0.07266089,c7fhwzuRoVk
0.12998663,0.11021292,0.14811255,0.40216193,0.18675438,0.09663429,0.11345558,0.26840279,lvBCkyip2is
0.12325726,0.21274342,0.28173786,0.4280966,0.38123915,0.080756195,0.11631714,0.12167801,ji2YzmBJFtY
0.0332668,0.011731312,0.08969632,0.23958428,0.10826903,0.09206801,0.06116795,0.028733997,63QY0Coq0wA
0.19879927,0.22979778,0.17588805,0.29579973,0.44883472,0.055370223,0.113414824,0.43583542,-6FNOekfn_A
0.17674308,0.10699297,0.28106338,0.45563707,0.26512033,0.19147937,0.18502434,0.1393797,nT0u6tSeAig
0.09205451,0.1550967,0.18631153,0.22745532,0.1784492,0.063112795,0.09231568,0.08220038,fjiwOpwy1m4
0.11606974,0.10828095,0.17555249,0.30745068,0.5991765,0.07637957,0.07565912,0.11050612,Uh2Dn-wNdY4
0.11579446,0.052136723,0.11941035,0.34155658,0.15368524,0.17507793,0.13346589,0.12150858,lGhI8ac4JdA
0.06577828,0.0016833391,0.1565406,0.3892423,0.065114416,0.12621725,0.09170464,0.055049878,UEoIsBrYua0
0.121836044,0.024318827,0.027261175,0.22575675,0.49510148,0.031436104,0.034976255,0.028449325,Fvwqt6Govy0
0.098766916,0.06252546,0.11964665,0.260419,0.17124397,0.076547906,0.08417516,0.117073745,OlOeZGk0MoM
0.0586236,0.04165838,0.3472983,0.41612652,0.23034768,0.07162401,0.051106498,0.060128603,3dVvNC-r5P8
0.08451135,0.05852979,0.120257735,0.28795275,0.26413807,0.13660268,0.10951253,0.07761003,Sd9up1Lw5T8
0.037562024,0.0033666783,0.09105894,0.25801188,0.06125649,0.0579234,0.042559344,0.019779604,Ge9_a-2R4_s
0.03202318,0.0064209844,0.0645998,0.43161678,0.16181499,0.049811948,0.03155589,0.017928382,A5JMoZ43NSg
0.038439844,0.059728492,0.059245154,0.26603046,0.175532,0.03380621,0.03790672,0.09837589,OqnkHrtMb9Q
0.118243344,0.06931809,0.25901067,0.45811754,0.21542448,0.16124251,0.106788896,0.064308785,fx5bjj33SrQ
0.0053377496,0.022351967,0.02222337,0.21941656,0.20898105,0.04435657,0.012917871,0.013684099,tj1Hxmd55ys
0.06410416,0.1256687,0.09526324,0.41768745,0.7279288,0.054874633,0.08708561,0.13627724,HlgEi-XRkFs
0.17202118,0.14508054,0.59834605,0.35586858,0.3689027,0.20562394,0.2507395,0.15335557,WYd4ebub7tU
0.10869703,0.021102477,0.24100478,0.336497,0.14610393,0.16937545,0.13336334,0.056078084,RH4EdCReNyA
0.06543132,0.011175984,0.2590453,0.33065805,0.1585028,0.08280711,0.061547257,0.041376233,k93ozoL9nrA
0.21792708,0.043375164,0.110914685,0.28906003,0.49566266,0.08141237,0.07527897,0.12103346,E54mmOIowt8
0.3996891,0.41807786,0.5910135,0.44843668,0.29056764,0.12874196,0.27393854,0.5360573,wUIJZsR-lAk
0.045635227,0.06332459,0.046549708,0.33235306,0.44578195,0.066358134,0.039781276,0.07573582,kbAxY0MWNho
0.09829132,0.026035614,0.2431023,0.33580914,0.38324663,0.14682738,0.13419022,0.11311811,wbmQIqhvs24
0.24940872,0.44805592,0.13508956,0.37548175,0.37550336,0.19386365,0.86226,0.60392714,xKlj_b3h_iM
0.26201695,0.043718524,0.13249032,0.2937527,0.63070303,0.10641316,0.08720936,0.15531537,ph5xcj0pF28
0.28575003,0.2752517,0.34573403,0.3837494,0.20808467,0.12776478,0.17034163,0.40847385,-Wy0XLgzijM
0.49110863,0.456592,0.46321815,0.45769507,0.1408688,0.19222276,0.44039145,0.69810885,VWvGpwqeqJ8
0.0644204,0.011037151,0.28802866,0.33191484,0.17757083,0.07508874,0.06276331,0.04265608,nJI8jft0yGM
0.04797644,0.1250247,0.065344706,0.2124601,0.39596447,0.02575099,0.02773636,0.059307616,ausoh13e_Ck
0.0742881,0.0129808,0.13482189,0.40950972,0.07428048,0.14224327,0.08527921,0.07248482,00omGqjfigw
0.052647017,0.017145762,0.17523882,0.2630788,0.115780324,0.13443723,0.07947064,0.024969354,Xl99-hBQpQQ
0.11228838,0.047495455,0.08519131,0.42075217,0.3572274,0.10394685,0.114938684,0.21034376,oLQKD2WMav4
0.101466045,0.061726328,0.12332644,0.39038485,0.12158771,0.17530888,0.1239349,0.11618553,WVLDhT-nDO4
0.057466492,0.02054715,0.10124748,0.28704405,0.128489,0.020000523,0.0140985595,0.02461633,c6LX2BpO_IM
0.01658891,0.070516795,0.032803226,0.19942221,0.24888624,0.023541085,0.014798755,0.07303198,F5tCPNEIb48
0.2636674,0.355017,0.3673525,0.48353097,0.161645,0.1141654,0.16040394,0.2622821,6SJDSEsZQuQ
0.15596807,0.06652113,0.38906404,0.37459642,0.30559313,0.11532326,0.09899813,0.114729606,cTRmHmRUZGM
0.08012749,0.028267438,0.14262423,0.3449305,0.32526246,0.08544127,0.059170578,0.04587463,UaV1epLTwY8
0.11829338,0.42390585,0.17300974,0.37293845,0.34830385,0.10091994,0.13040306,0.20434976,j9UKonsLvAA
0.27595636,0.09924392,0.18716356,0.2487662,0.13814777,0.15139021,0.16892965,0.16201793,b8ROBELtymc
0.07173881,0.014438537,0.08037003,0.29229903,0.18922934,0.064665034,0.05301926,0.05339887,7DJWBsKRFlk
0.018826049,0.026894007,0.03019839,0.22803834,0.19496182,0.024505666,0.015234679,0.01583593,v_eOl9dwa_w
0.12823579,0.103539884,0.1956499,0.24595849,0.36038607,0.1064121,0.116738684,0.17939815,oyENy_QrEd8
0.10992379,0.07970683,0.17409201,0.3539464,0.5365859,0.15961783,0.13550231,0.08690304,CPEQRs70af4
0.18089604,0.10699297,0.31957957,0.4927573,0.20422134,0.17610684,0.22082464,0.24321465,sIFfNJ3lCZI
0.0451424,0.040284947,0.16574618,0.35342348,0.1667396,0.11754288,0.07710752,0.03165583,NMgBySFdsfU
0.07906053,0.050242316,0.059272178,0.3368925,0.45760858,0.04232151,0.03992915,0.13484114,7yy1ruFDOy0
0.10855009,0.103539884,0.23690304,0.42491645,0.44634286,0.102231726,0.11171009,0.14947222,V3156pdduJ8
0.14726485,0.0495556,0.049760416,0.30164,0.41015482,0.036716953,0.03533442,0.08322458,kOP1Pgez3zA
0.1127727,0.28021416,0.18676047,0.42468068,0.24499896,0.09608488,0.108403884,0.14464624,P3TO-T__7oI
0.12113276,0.15859914,0.28781217,0.29883993,0.2657251,0.099896766,0.11062879,0.1464743,rliQR_b1wpk
0.0031421713,0.037194733,0.0146850115,0.33306587,0.4678615,0.092011474,0.009616283,0.0061499174,h3jjjefZyCM
0.115853615,0.06612156,0.25691545,0.33797556,0.3569383,0.12280324,0.15952866,0.15925969,FlFI8FGTXXE
0.1935441,0.23365098,0.21669427,0.31928322,0.22212854,0.12714952,0.17113611,0.3116333,mI8j6euk0lM
0.67817026,0.355017,0.9570354,0.4106734,0.22734985,0.09005469,0.3898288,0.34217194,6t10DG7CUNQ
0.07032986,0.017631676,0.10452756,0.16966003,0.19440712,0.0637383,0.08413168,0.087524794,PiogOB0ypfQ
0.14500397,0.10956893,0.28715098,0.48311383,0.2624417,0.21820652,0.11680438,0.16593073,aAQL3FhCvfg
0.13165446,0.09709594,0.25915426,0.46349743,0.85079104,0.1430811,0.09757128,0.12625898,fqg1b5tsAaA
0.24509059,0.16344422,0.39277625,0.39800927,0.32124034,0.35443157,0.3705596,0.29988745,TXvhf1M-Rpo
0.11731107,0.035306264,0.21699218,0.5224797,0.1941058,0.18141906,0.15608586,0.19282408,_lsnAGG-9e0
0.04551674,0.030155903,0.06209745,0.27976465,0.7958017,0.031704415,0.027153987,0.042494323,2iP-Wve_T8w
0.04339641,0.049898956,0.10577938,0.29405412,0.21180086,0.08145035,0.07160803,0.053807802,yuFdWlJmjZI
0.11120424,0.14418322,0.24182317,0.3285466,0.7871101,0.10153094,0.09593595,0.08691354,kDK10pe4k7Y
0.22350852,0.2712817,0.27265248,0.28677532,0.22420478,0.14244094,0.24394877,0.27555233,8Wtf4drsKeA
0.13994715,0.105704986,0.2586458,0.4772468,0.11719212,0.08023808,0.062268008,0.08890942,tFfRIrSsp78
0.122572064,0.15451296,0.32067,0.34479338,0.26428983,0.13960357,0.10665009,0.08059411,k9K2xvKbPXQ
0.118215784,0.09602194,0.16775978,0.5057015,0.15760948,0.0812818,0.10001478,0.29948804,L5oH_W_Srsg
0.064880006,0.020269485,0.12901634,0.36118415,0.24800369,0.11825003,0.07124542,0.049267087,vDy0zg85Eww
0.092735656,0.09870692,0.12038376,0.46699485,0.15720464,0.023629053,0.025396561,0.11410891,dBVlDPBQlvo
0.080495775,0.10763696,0.08794866,0.19308896,0.27281392,0.037159603,0.061538514,0.027636364,hUnXtAR4FAE
0.024474751,0.022074303,0.07144704,0.25177723,0.03951816,0.028122487,0.021217726,0.02327225,JevmThopvxo
0.073311314,0.020824814,0.1168058,0.33841383,0.5680319,0.0742609,0.05671445,0.055700216,1tKnBPorjJo
0.058275446,0.008121678,0.05408643,0.25840887,0.1849277,0.037048645,0.034785066,0.036809787,Ogqd4qiHO1Y
0.03998587,0.15042676,0.13798504,0.275956,0.23442745,0.06219412,0.048376195,0.0452739,yG1KuF-Whsk
0.09571221,0.025692256,0.15844776,0.39174643,0.058973473,0.11787777,0.10567959,0.077308536,N0TcDspQ_cs
0.075231485,0.08796701,0.09211614,0.18554588,0.7291838,0.067242876,0.09693351,0.116608694,ePXcDNrCljg
0.16487077,0.13924801,0.19295703,0.29465842,0.25449994,0.16239552,0.19922043,0.20035198,IUxtewUJhC8
0.100509316,0.13700475,0.1422758,0.39399484,0.22938727,0.08019413,0.10369868,0.13568328,er51uj8UWbQ
0.07217938,0.19862764,0.06302722,0.28328228,0.635269,0.038867824,0.04645935,0.23724103,lQzQKacLEXY
0.07918653,0.09387396,0.29217878,0.4738158,0.04461313,0.28199255,0.13771892,0.08041246,xGv6ykrLC3I
0.20732328,0.23277332,0.28871948,0.2651951,0.39902872,0.22993314,0.299332,0.29681456,aZnJS1Xt6ps
0.122389756,0.08555053,0.29650706,0.50160164,0.1739157,0.19029583,0.14950363,0.11357936,Xw4JTFat4ac
0.17421347,0.0047897073,0.25114515,0.3798887,0.015900832,0.13162807,0.07875665,0.09267832,trJyenLrwVA
0.045783177,0.104076885,0.06573075,0.28407887,0.19318265,0.06449089,0.064606294,0.0525333,a6IpeIWzi6E
0.05660507,0.0789077,0.026773203,0.37912497,0.6220637,0.030130941,0.013179992,0.050231703,y6OpIy7muk0
0.034527853,0.028267438,0.10259696,0.258666,0.37846035,0.020719139,0.015248656,0.022556588,kY3JxxxkstE
0.054514524,0.016451603,0.1289809,0.3238311,0.1773612,0.07831839,0.054630104,0.04014503,u_lc_E3nGtw
0.11615414,0.22687212,0.50494117,0.3581379,0.060098972,0.075907364,0.15897451,0.19977832,-L-wvLFDjGs
0.31709686,0.44298556,0.27919927,0.34737942,0.28152075,0.15683857,0.30633032,0.45574304,ES3bHdHCc4A
0.11100148,0.036508016,0.18554561,0.33257893,0.36055335,0.15535079,0.13620831,0.08085514,ldjZtKC6U9Q
0.37928528,0.1024659,0.28074053,0.5349878,0.45721433,0.8474239,0.6519661,0.3934579,9l1a2dE25Hw
0.11183156,0.0801064,0.1385735,0.39779767,0.22187094,0.09601813,0.066680215,0.08066696,8-W24yYj_n0
0.1845136,0.3063832,0.17218684,0.43976608,0.8105098,0.20453829,0.14955255,0.19733018,VoGzak3GuTk
0.3148773,0.3983115,0.1776305,0.34186348,0.23920228,0.12609076,0.23189874,0.4326843,v324ldxBtRA
0.051377997,0.049212243,0.29111958,0.3146066,0.30417848,0.0670672,0.06818184,0.048083816,DNmmwkujW20
0.15836619,0.1580154,0.3347084,0.3720758,0.36644593,0.15795201,0.19415203,0.16603807,uaQwy7IvC20
0.12991989,0.118584804,0.16872542,0.36630365,0.10639233,0.10730301,0.15570618,0.18723886,QIw2B475t0w
0.30914554,0.07730943,0.27580395,0.318245,0.75058323,0.06479874,0.081027254,0.18048517,GFVpY7EqTIo
0.1428279,0.11536485,0.071583964,0.26097217,0.45570102,0.047662895,0.046262573,0.057252467,FLByD2e9PJw
0.08769121,0.021796638,0.15492392,0.29562935,0.29495066,0.09247473,0.08253227,0.0572083,RrO11lT0aaY
0.27388304,0.1785852,0.60355586,0.40664792,0.7669094,0.294174,0.23404291,0.16861348,qxw6rM0_Gys
0.11468713,0.1785852,0.21249466,0.33050865,0.4823892,0.12628952,0.15256926,0.13412824,YNoqtkyhVls
0.23004411,0.44805592,0.2660051,0.35411915,0.2442561,0.20944276,0.3422921,0.43674266,TbUrzCA9Jio
0.12007736,0.13206954,0.22486408,0.33996525,0.5015775,0.15595394,0.14431684,0.12714674,3OG0TX7wpvs
0.095160805,0.119228795,0.14648105,0.33464873,0.17863913,0.04183912,0.052357137,0.12197056,KerqDHrR8xY
0.17571436,0.04131502,0.2743554,0.41720665,0.19553304,0.09841335,0.12161538,0.10240543,dPixqLHb6oU
0.038304705,0.04131502,0.053323958,0.19286518,0.6494422,0.037775394,0.03196564,0.023652475,5tr0W9vT4Dk
0.096059635,0.015410362,0.07506861,0.23263866,0.14645047,0.051755004,0.045586757,0.08120237,Eh1mZCQHFiY
0.054899625,0.16344422,0.09317441,0.35559332,0.19984703,0.043530967,0.039061148,0.10832272,ki5WWQm6j9g
0.31769782,0.41950125,0.85868627,0.60964996,0.6273142,0.3332618,0.1792812,0.24305348,Wr_0m19U2YU
0.10972032,0.037023053,0.2305696,0.4743557,0.16121045,0.09006049,0.06509959,0.071331434,JI08fK_CEAc
0.12753426,0.0681194,0.17673266,0.46978444,0.24424088,0.061818875,0.030142011,0.058157478,sEvaOMJ7jV0
0.19528072,0.112788886,0.24418233,0.35303804,0.34799016,0.11597584,0.15246916,0.2298804,oSy6Ytmq0LE
0.116385885,0.059728492,0.14440572,0.30810237,0.11628648,0.067501284,0.0614966,0.06661388,N8wLjw67lgQ
0.2694049,0.12116077,0.34559035,0.35669377,0.09647771,0.11006154,0.11669657,0.15988085,qiWHa04qugU
0.037333705,0.08420804,0.082560785,0.36225432,0.2722169,0.05166489,0.042504936,0.031618014,16SIS28O2sU
0.7023942,0.33341047,0.5937567,0.37848264,0.7079002,0.14581904,0.27347368,0.3145129,IXeO1Bp2OBw
0.46404007,0.103539884,0.7190998,0.5208125,0.015712177,0.27119097,0.43387285,0.28515637,bNtbBIHJ2vI
0.62016267,0.42631236,0.24969476,0.40322667,0.19344683,0.4935344,0.42962623,0.45842895,PaqazsehB7M
0.024820771,0.023288755,0.05841753,0.1974738,0.15255293,0.031194374,0.022386644,0.016705317,7af77gSgzVo
0.48001826,0.2936093,0.23385227,0.38431343,0.51517594,0.22189276,0.18403429,0.28623608,uWMSPw8NCEQ
0.10552789,0.1835188,0.093110085,0.35140595,0.53249663,0.12203186,0.08217843,0.057493925,bdOuqqkJgRw
0.029625153,0.058929358,0.06555983,0.26802167,0.30642837,0.038642056,0.022091992,0.034092918,UFGJ-VMrHF8
0.2952762,0.0073581007,0.23955026,0.33183965,0.06062826,0.16456527,0.16292559,0.16446649,nmUZUgBPpME
0.02145136,0.012564304,0.050437834,0.28732544,0.1823323,0.029618002,0.017206084,0.018183598,BRMXxRFepBg
0.17503752,0.019575324,0.5677248,0.3204904,0.6279321,0.17686874,0.14272022,0.14811552,it_gdtaHwzc
0.053228356,0.008329925,0.07202399,0.19313563,0.13325813,0.062244494,0.06382254,0.059228744,EIa5lOZhB5Y
0.12427925,0.059728492,0.21193343,0.29046407,0.0663598,0.09714542,0.09702869,0.11024053,FGW_ZXnKl-M
0.22525968,0.30337667,0.40765357,0.4066294,0.43724835,0.09560521,0.16210108,0.2306146,wV8HRN-kP54
0.12585087,0.14283726,0.2271261,0.46983382,0.14855738,0.17250037,0.16007261,0.13108124,MkKF306Jznc
0.046951693,0.009926494,0.07473278,0.34339234,0.29218632,0.03265588,0.024897186,0.059151694,m8fRZcl9BOg
0.2599414,0.09494796,0.22081573,0.39680052,0.02330214,0.12066813,0.1024992,0.08461284,xkNqRQIZV0o
0.6562696,0.40016344,0.604055,0.32208958,0.8147743,0.1638122,0.6222302,0.5670933,pf9TvgYnrr8
0.08233765,0.23891698,0.23942652,0.34620228,0.43854263,0.08851601,0.15431446,0.23500453,YeEW1oeLaVE
0.11143241,0.15568043,0.3624684,0.52535355,0.24189708,0.15048006,0.12989101,0.110387444,vla7NxqKA5g
0.023124058,0.03599298,0.03533342,0.3101262,0.22206716,0.01621466,0.017106649,0.19565915,8oljKVXFuDY
0.40512222,0.0010238866,0.091003075,0.2346272,0.7219056,0.16533513,0.13160482,0.15699686,vgNTgI3beTM
0.13834095,0.31682462,0.39504418,0.3643877,0.41802958,0.22545846,0.1657356,0.08895919,CZPpXpU7uGE
0.35184455,0.21036349,0.39317358,0.4009141,0.7279288,0.14916497,0.145726,0.26677802,k4r6D4W7Jfw
0.289372,0.19634613,0.24162588,0.44612035,0.21658319,0.11363575,0.10355612,0.174968,t820bJnsVnc
0.8008965,0.43100753,0.7004707,0.45777735,0.45905218,0.21908896,0.32316127,0.4434014,vC0MoHk8zeA
0.12606208,0.0358213,0.48875353,0.51044124,0.17451186,0.25040472,0.23540539,0.121475294,LIAQ1SwnSz0
0.06119345,0.14014533,0.12417305,0.2194204,0.31415135,0.09666068,0.07651998,0.05176066,ZOrUhx_0ZuQ
0.1351112,0.08796701,0.26462927,0.33726358,0.5655931,0.109517075,0.102074884,0.13033205,fj1HVzUIv7c
0.05839142,0.06771983,0.10770014,0.19985622,0.44398427,0.055141825,0.07801125,0.085114636,Rys_3J_m2VM
0.10138705,0.06771983,0.112533815,0.4684844,0.25510448,0.06236271,0.040343173,0.099209376,1BbrFbeikew
0.095784344,0.053335425,0.24644162,0.36786324,0.20138766,0.17619285,0.12836318,0.066796266,8SV04gMa4vI
0.15436563,0.036508016,0.19089195,0.29316247,0.18505348,0.17619279,0.2144371,0.17166668,8U2-aVAqfz0
0.08468008,0.077709,0.05675624,0.3597794,0.08865315,0.043018375,0.06262157,0.26074198,Nlsv0FbEsFI
0.030605217,0.03599298,0.13819829,0.3371586,0.097969234,0.10951263,0.059009172,0.02862582,uZcQHliNSkk
0.084268734,0.009232334,0.16526152,0.29458317,0.18328752,0.15691315,0.12885018,0.087555416,U6YsWOiucPs
0.23799677,0.2835225,0.7076849,0.34492058,0.64907795,0.22899663,0.56495494,0.3008982,tHbxPadyuoQ
0.11675562,0.103539884,0.20106876,0.3473066,0.21966039,0.15016139,0.14372735,0.12649213,jOmadvfLG30
0.23182152,0.17242117,0.27944595,0.26113728,0.26042938,0.1738689,0.3112264,0.41143984,Hvywu0ST-z4
0.084268734,0.009232334,0.16526152,0.29458317,0.18328752,0.15691315,0.12885018,0.087555416,-PgKc5gzBFQ
0.13183838,0.02397547,0.28161922,0.37482604,0.17323077,0.08626001,0.087565556,0.21512434,u4h7_k8gbIs
0.12131085,0.09816993,0.15758996,0.28166282,0.25373292,0.051836062,0.06394389,0.058885865,HVrN_Yx08ZY
0.039510373,0.05373499,0.1740832,0.35883266,0.12327819,0.04298071,0.031777255,0.028439162,oBIkbUk8tfc
0.14392383,0.02929751,0.35012504,0.37409413,0.2099392,0.09419804,0.0803446,0.05553545,vTR2D0GiEJY
0.031079344,0.035134587,0.08839873,0.32815206,0.37400085,0.10700165,0.06505555,0.044787914,9_0-ZKBuMjc
0.042699344,0.015826859,0.052549176,0.38561052,0.16924143,0.047989007,0.033088386,0.059381988,1DyFYq9jnv0
0.16479656,0.3063832,0.23720251,0.34771648,0.28844225,0.15797783,0.19658352,0.30404413,cCZ5gBUiMzw
0.14514199,0.24991328,0.23701897,0.34896922,0.16606715,0.107382454,0.21958369,0.30804855,vEbpkUXAD14
0.11447765,0.06652113,0.13064927,0.3871004,0.43333942,0.12469073,0.061786816,0.088125564,qfMo1CcseRo
0.119303666,0.13565879,0.2122106,0.51710683,0.17150517,0.14677174,0.11927728,0.15528394,JgZyLIu-pD4
0.3894285,0.31389946,0.28944334,0.34736577,0.64901024,0.1138806,0.20838752,0.44331864,OuXNWB_w18c
0.14432658,0.13386416,0.53982306,0.591018,0.24249673,0.22391972,0.19981007,0.24335966,HWEPWIvi1hE
0.28913453,0.19042583,0.43115598,0.39999726,0.14954174,0.061386485,0.11744276,0.14848047,1USGGnx1eds
0.045305435,0.118584804,0.24413274,0.39948836,0.40081367,0.057776634,0.050928272,0.059344754,HpQBRQHabhE
0.034335,0.016104523,0.08731888,0.23277166,0.19810502,0.051785905,0.05338962,0.038166888,419Spj6OtVg
0.059757583,0.09655894,0.09535046,0.27061796,0.6273453,0.06798452,0.05651065,0.079587795,GLOYVribjeA
0.07095477,0.10515087,0.067362584,0.35353193,0.36265948,0.039872814,0.045830432,0.21667925,R7mLoAwJOVQ
0.110835046,0.035477944,0.1434439,0.2176585,0.3111668,0.042613182,0.04780363,0.079250626,TTE4n_onCtI
0.119007476,0.06012806,0.12122635,0.2911543,0.39293137,0.06270572,0.07446813,0.10843602,V3reSAtLZSs
0.14428039,0.14866976,0.17802888,0.27805012,0.5680319,0.14188258,0.12045417,0.09755321,vZIP339XePw
0.14860769,0.090114996,0.43246397,0.31066558,0.29329377,0.100682065,0.107954025,0.23330268,DK4BI_HlC1Y
0.1472587,0.24418297,0.2302723,0.3534971,0.08358589,0.064559445,0.07300769,0.09459595,jAIu5HG8CRU
0.057127472,0.020269485,0.17609791,0.3635165,0.2717632,0.13509654,0.0886085,0.047366418,PGPpssKI9kM
0.09817103,0.13655609,0.24968092,0.3535673,0.17626749,0.07074413,0.06296916,0.11218123,XBEMEtc5hWw
0.28568727,0.36805952,0.3085092,0.5438167,0.24949273,0.19377805,0.26449332,0.44296962,hu-jgE8XJXE
0.056919426,0.019575324,0.07142652,0.37824702,0.23212731,0.06992972,0.06955789,0.127818,yql-mpgNY2U
0.0509345,0.022773718,0.08926198,0.2646409,0.38977727,0.052024703,0.041159783,0.040693533,mnZJtpBiofk
0.053641543,0.02397547,0.056054745,0.29567862,0.1363138,0.039169587,0.048201974,0.18827109,_aO1CXBNb2I
0.12873591,0.1414913,0.2120331,0.39327285,0.025183218,0.13083214,0.15386513,0.1490094,ODAH4Ci3Ca8
0.16812527,0.043718524,0.22088614,0.4078507,0.13947947,0.16210525,0.15506269,0.1548494,E_aKwjMApxY
0.09692034,0.1250247,0.13571954,0.26410466,0.43963572,0.084165394,0.083889045,0.11698609,o4LuCn87Nsg
0.13200122,0.19141254,0.12836695,0.3760315,0.81337464,0.1286476,0.10432479,0.10878654,sIdfSO8PwDk
0.03838573,0.027237365,0.055247616,0.1972024,0.18505348,0.06866411,0.038716853,0.024232006,ig99mO_XDoA
0.043363698,0.030842619,0.054899067,0.19298442,0.32744104,0.018247342,0.01874367,0.027448932,_zyE6f5IMxs
0.022873783,0.09924392,0.01964615,0.22342132,0.7190533,0.036975924,0.008102767,0.017541785,dCMbv8b2ABg
0.18501975,0.2712817,0.1819631,0.27736482,0.3816371,0.095890455,0.18737593,0.40556243,gPFevdt9i4g
0.029186927,0.07850813,0.13131748,0.36237004,0.27749792,0.08734824,0.03722729,0.025115013,YHVs9OQkiJU
0.09527402,0.18154536,0.30014333,0.40387958,0.5680319,0.19685085,0.15097022,0.12614271,uG15SGKNSeM
0.1542133,0.28683078,0.18526462,0.39578995,0.19071998,0.115792565,0.14803809,0.29894376,WOBFrwLuFys
0.06291893,0.04818217,0.08823095,0.24005243,0.14542232,0.07696634,0.04883941,0.03539888,2k5RLVEHSgk
0.059731927,0.31639808,0.07826534,0.27361035,0.20522642,0.039458804,0.061497647,0.24698113,cw17F9ufjkQ
0.09534845,0.020824814,0.068262205,0.34314036,0.18836267,0.05174952,0.026165323,0.058126252,w3a98ODl8js
0.07161123,0.076110736,0.17613642,0.4230696,0.3354671,0.22910081,0.08534421,0.044339962,UU6hnKQ5-As
0.10991846,0.032731086,0.22186576,0.30915886,0.269951,0.10974567,0.11825009,0.15120783,SW5v5FPNomg
0.27318293,0.39421332,0.26952076,0.3384953,0.18747014,0.123476796,0.3463983,0.58512753,m91unr2YE18
0.37907633,0.15451296,0.35351416,0.38158473,0.23805335,0.17346638,0.20896815,0.28708974,1L0JvxVE-pI
0.0026124688,0.08170467,0.01748675,0.34315515,0.48659366,0.028245192,0.004527668,0.007954635,pLi12TPNGfc
0.055315945,0.023632111,0.0780371,0.19125307,0.1682689,0.058248945,0.047930207,0.035059974,KuvfeY6nBDI
0.22358537,0.12953265,0.23036732,0.3385958,0.32076886,0.119788185,0.069301,0.100503474,LnVjot4mo1E
0.040958352,0.19862764,0.038994446,0.33993897,0.5114106,0.022353914,0.0232464,0.13938965,FtlSDYPx4kg
0.14378268,0.29045674,0.18041614,0.38183278,0.19388366,0.10928149,0.14357124,0.29797012,cWZP7QvJn50
0.107246354,0.124380715,0.18485902,0.32790765,0.43865302,0.08177332,0.09272151,0.17380112,WoD4e2nJ7Nk
0.21064854,0.263611,0.242576,0.3739343,0.10682359,0.13712488,0.1889453,0.31984752,ymFFnwB0eZU
0.24527733,0.355017,0.19431938,0.5525223,0.017226158,0.21751975,0.1744316,0.327916,yABflAKvBco
0.08064028,0.028439116,0.097206354,0.2285704,0.26819983,0.067748696,0.077326864,0.05984752,_mUXK6ihm9g
0.06880966,0.019297661,0.13359676,0.2912424,0.20619272,0.08161313,0.06334335,0.045481347,saVsBcYpcQM
0.13150112,0.09709594,0.13752571,0.2214086,0.27932835,0.08681067,0.092651136,0.1949756,EO4KDVbgYfs
0.07559983,0.019019997,0.2870728,0.47606426,0.18200558,0.12119615,0.10112533,0.12730527,Ex4hHLwqFJ4
0.0910659,0.03839648,0.13331491,0.26376387,0.19811074,0.07746515,0.08794907,0.074398585,VsnC2kV25lY
0.28937867,0.2299237,0.15613066,0.33059055,0.18695194,0.07068053,0.13874714,0.1846298,v5EA0EgLyQg
0.13059215,0.17587385,0.18941247,0.39031452,0.045226783,0.100284345,0.16379884,0.3235813,42apP5HIKVg
0.08111997,0.083939545,0.09833671,0.34587473,0.2535238,0.048482448,0.036810577,0.1412014,tqWWdabjyaM
0.08245777,0.023632111,0.1023458,0.435557,0.17464754,0.07328111,0.05819861,0.13403763,c2YtGsPqLR4
0.17261568,0.039254878,0.26738426,0.35755357,0.14532723,0.114313975,0.15674014,0.14455704,qpUcMFplx8w
0.098494075,0.028439116,0.3890045,0.28578502,0.1894074,0.13003403,0.11435056,0.08739895,xpm52DBtkNU
0.078881145,0.28021416,0.14415596,0.33814645,0.1787776,0.122268446,0.09275203,0.069062404,PucOesJh-4o
0.04739575,0.030842619,0.089138046,0.23155294,0.10670043,0.058778834,0.14159824,0.06735244,dk2-0EnUOsY
0.2344605,0.22952124,0.35115188,0.34924746,0.7205054,0.22936513,0.3013679,0.484193,Fv56SBjqzm8
0.6350989,0.04165838,0.49499846,0.48338178,0.18739888,0.38172922,0.5043583,0.56672466,XfrZZydzXhw
0.056613393,0.015757442,0.104785055,0.29246786,0.27378672,0.06113669,0.06371792,0.059328027,IbqNLx1KXDw
0.5373057,0.31714454,0.49317485,0.49478897,0.8147743,0.08460434,0.09644605,0.35542816,hMNylTmmH1s
0.057307947,0.031701013,0.2862678,0.39307922,0.22594531,0.23901705,0.103658795,0.0409854,Pzp8Bx3oc4o
0.25286806,0.27359754,0.27226034,0.3591201,0.07981251,0.17654982,0.31471884,0.44244376,6GR5ldkcG8I
0.057508238,0.053335425,0.18501395,0.2991622,0.27645627,0.09403184,0.06860033,0.05180746,1y83Cd2dKCQ
0.15142885,0.043375164,0.15456387,0.26410538,0.20622881,0.05185628,0.10332571,0.14409006,tE0aRAZDcjE
0.08042143,0.035649624,0.14189902,0.3448097,0.37576553,0.111693054,0.096683264,0.11345653,VvcpJjIrVOw
0.07501255,0.023117077,0.19449414,0.3409062,0.15219955,0.1442527,0.10664386,0.05960961,hFpWc4FLrnU
0.22368668,0.1423886,0.32748204,0.29557323,0.13881342,0.13324973,0.18883662,0.2398094,guTyil46GH4
0.08761198,0.12695669,0.20341358,0.30244103,0.43745923,0.036621813,0.037181173,0.08755817,9BphC2BL-Ag
0.35744116,0.44805592,0.6663435,0.4120854,0.28986448,0.23816907,0.38424897,0.45374835,ctDs1qVN65M
0.06679035,0.0224908,0.16643722,0.3027547,0.27561936,0.11356626,0.11454386,0.065488376,nuSesGvq8es
0.062112197,0.02397547,0.090267226,0.3458541,0.19624771,0.074303724,0.08132891,0.06680399,VZzVuwDe2D4
0.23213232,0.16151784,0.27333364,0.28050095,0.46463528,0.153625,0.21455275,0.29899755,vym5N3_M4Jc
0.14091475,0.39694545,0.2573473,0.38487837,0.1504655,0.080840826,0.16171917,0.3273381,7j7V1Uldbg4
0.046463,0.074912034,0.0592116,0.3657915,0.45174778,0.09743111,0.048298992,0.05874931,VOaGDITEvVU
0.24539706,0.08850401,0.24592131,0.47773182,0.047032453,0.12517886,0.09912147,0.101138055,iL-z5Y0lojo
0.074153766,0.032902762,0.1740257,0.39653394,0.17639107,0.34896713,0.15120487,0.051097292,VTty3treJr0
0.09590704,0.24242763,0.17211154,0.2997115,0.16678044,0.05778632,0.11399409,0.19155955,urAnXdwdH2k
0.07655122,0.084745035,0.11085374,0.26333827,0.35218892,0.05315959,0.06856959,0.14204311,UJrvDdEKveE
0.39811242,0.37221906,0.3011151,0.31573328,0.1663949,0.15352124,0.36166915,0.562163,t_AncYkygBM
0.05463367,0.042001735,0.14082986,0.3916233,0.14736742,0.10306581,0.07716861,0.029346783,ngQAKIwObJQ
0.09431895,0.103539884,0.34381914,0.3612987,0.4688059,0.11602854,0.11584058,0.12450075,mQGZaiNb2oQ
0.13440996,0.2145095,0.18045577,0.3456437,0.5140696,0.1066844,0.0912287,0.2055981,1wsS-DU1u3o
0.07164967,0.014160873,0.09659088,0.3549587,0.08351867,0.07498436,0.06183343,0.050858404,UuPx7vr5psk
0.05413154,0.030670939,0.040643584,0.24540918,0.4417959,0.04859225,0.04118064,0.09013334,2TsGILjQhlE
0.10159016,0.03856816,0.24521314,0.32905495,0.3708491,0.15720922,0.1283216,0.10595383,TJyOjPz_Y1M
0.16494872,0.16344422,0.17486376,0.2309639,0.45842773,0.061747123,0.15934086,0.4392883,eTqiaGyDX58
0.09736022,0.1510105,0.11906649,0.31703705,0.44287157,0.046143085,0.0728526,0.26059365,QqwdwIejnKo
0.26541242,0.20522906,0.27166656,0.47240454,0.25990015,0.21710652,0.2868057,0.35286984,MXLdRtAZ1ds
0.11373233,0.05773066,0.071020015,0.32915777,0.6280687,0.039505918,0.048351347,0.1657111,c8cUO2ug_kQ
0.051309943,0.035649624,0.080350175,0.30172038,0.26068023,0.0543138,0.028202334,0.040869184,5k5R1IapDpQ
0.052610356,0.021657806,0.17285232,0.5008872,0.12616153,0.10729412,0.045829955,0.03562642,c38ZOp1vWLs
0.07565984,0.09548495,0.119637795,0.33702755,0.29609603,0.07870432,0.07730529,0.074550115,ACpNtBnBCLY
0.15406968,0.101391904,0.10611854,0.31028274,0.21915239,0.11922562,0.1483058,0.27295095,AK9LgRvvPJQ
0.08815722,0.14014533,0.1274387,0.43958288,0.27947164,0.10347818,0.084525175,0.09162613,MsCpjqMjNnQ
0.119357415,0.2712817,0.09976248,0.2604038,0.016973423,0.028852856,0.044853937,0.10669433,ccAFvw7XYV4
0.04308036,0.015826859,0.05815305,0.2364067,0.26308203,0.10590499,0.049975898,0.04016919,58ZoytowdAE
0.020389687,0.02124131,0.057297654,0.26380658,0.10360804,0.045678604,0.040228684,0.02265665,v4xQMQN6BUM
0.20384754,0.21980777,0.26427528,0.36536747,0.27107087,0.13509421,0.26022986,0.440195,cSwC_qe3eyQ
0.12403815,0.090114996,0.13559762,0.38689393,0.37369356,0.09896459,0.09813226,0.22786482,jSqTPYEbMDE
0.06843883,0.047495455,0.07256704,0.39656177,0.17683037,0.042531755,0.026215475,0.13909756,wYQI3C-7rp0
0.2034193,0.1539292,0.2517292,0.31781563,0.028521925,0.133864,0.28257966,0.4246016,d2-PZ09X5xk
0.28105342,0.07371333,0.13384505,0.32129955,0.3928948,0.082792155,0.15619263,0.42433992,po2QLLgLyLc
0.08363342,0.3282253,0.069697596,0.295869,0.18943319,0.049365573,0.119164094,0.3540493,7R1eWkPZPUY
0.02067272,0.05653196,0.049302157,0.17569758,0.28013086,0.030060899,0.01817641,0.026559815,HOVT5GOeHJY
0.049354278,0.03444787,0.09444242,0.376077,0.68784004,0.119682886,0.10154489,0.08966511,u8lM2AkMNyY
0.108686045,0.0063515683,0.13225865,0.36818957,0.17560044,0.062684506,0.06411721,0.11578754,lSewrCeF6JM
0.115683354,0.13700475,0.21088454,0.26493463,0.43314362,0.118981086,0.12926766,0.16202466,WZepqpeeSz0
0.2325772,0.22598907,0.13268992,0.29074413,0.59313536,0.050592653,0.09803272,0.42214543,mNEDpJVxIco
0.13428438,0.2008281,0.10253862,0.19191258,0.43989208,0.15485825,0.27167693,0.14079058,1Xcah1dHEdI
0.2775227,0.229845,0.41390112,0.53911483,0.112209395,0.094580024,0.14107215,0.31551877,h1cY6ZaCH6g
0.06288967,0.023288755,0.10589979,0.24445546,0.6493587,0.059457347,0.067391925,0.044249415,fBixWXuVdHM
0.054306544,0.020824814,0.17891222,0.31535736,0.1682689,0.13406019,0.08690749,0.044764213,3g_WTCAV6Ks
0.05392768,0.012841969,0.08184499,0.45295903,0.1750695,0.06893097,0.029645333,0.034985684,5oNqq6DpLf4
0.15776742,0.08796701,0.4029423,0.42444655,0.23471357,0.12212172,0.12790157,0.109878525,bOU-fRfi9pU
0.179108,0.39230084,0.15680593,0.3599112,0.116598316,0.10494901,0.23281965,0.5700546,DzavT9ArkZc
0.043961596,0.016798683,0.11761185,0.21058795,0.13438958,0.05546514,0.04750996,0.036161356,-dUvx3SwRDI
0.04614986,0.020824814,0.052568708,0.29194328,0.22633567,0.040556617,0.039817624,0.038204335,fj9Cp1UCdpE
0.113339886,0.1024659,0.14694907,0.32731766,0.31384677,0.10987834,0.08644851,0.14734715,YCrcSjQHNXg
0.13042799,0.15159425,0.20639092,0.38852724,0.3279614,0.17420363,0.14757869,0.1655327,RfzqmqhBA1Q
0.16893119,0.0765103,0.12428607,0.3079209,0.36609104,0.043894798,0.09773738,0.12920417,1fJtsY7yPHo
0.08706049,0.032387726,0.26160848,0.41455257,0.06677859,0.15767449,0.11787178,0.110719204,gBfOJG1bFzI
0.42627496,0.13296685,0.15193617,0.3355577,0.5680319,0.12912339,0.1479828,0.22767857,tsuKoAPsROg
0.09581019,0.086087525,0.071086526,0.26954034,0.26534572,0.053522453,0.05103649,0.13692091,Er4KWrP1oRs
0.041501153,0.005865656,0.094858885,0.2307035,0.14926381,0.048423722,0.04110602,0.036224198,tvy8SPpwOhM
0.105595954,0.20376207,0.37885842,0.33053952,0.35634357,0.080947176,0.100649096,0.11608084,mBOU5yjwwRI
0.05256577,0.022945397,0.12870318,0.33862704,0.18880086,0.07063342,0.06095641,0.06573069,noZNQMRqXx4
0.11096558,0.06252546,0.14926621,0.355228,0.26187494,0.06489265,0.056678314,0.19344608,r9bjwBSfEBE
0.044919446,0.020963646,0.07482188,0.30681738,0.18226796,0.042011496,0.026144836,0.02258798,Je83y6T5Akk
0.03306017,0.056931525,0.062044963,0.2193948,0.19042325,0.044785686,0.021552356,0.019983232,qub2mClm8l8
0.11413039,0.16151784,0.23093207,0.3293053,0.29014605,0.11649781,0.11825544,0.18380761,j-n__SBTvbs
0.13403732,0.16344422,0.391369,0.38966972,0.11558995,0.1872946,0.16064993,0.15672012,0F_g-eKY1QI
0.26546463,0.34575438,0.378609,0.3761173,0.025102727,0.16148591,0.17400578,0.30231857,FHIqRzUJcGA
0.30639112,0.23540631,0.22809629,0.25040087,0.29565182,0.06854634,0.155106,0.45478725,Iu0XMvMTIUc
