PERSPECTIVE_SEXUALLY_EXPLICIT,PERSPECTIVE_INSULT,PERSPECTIVE_IDENTITY_ATTACK,PERSPECTIVE_INFLAMMATORY,PERSPECTIVE_FLIRTATION,PERSPECTIVE_TOXICITY,PERSPECTIVE_PROFANITY,PERSPECTIVE_THREAT,video_id
0.11626371,0.2013389,0.23997414,0.108345255,0.51833665,0.18154536,0.14683665,0.71562696,oi_UIEC8HpA
0.21786375,0.660731,0.27022055,0.15165126,0.32786912,0.22598907,0.7532383,0.22264464,P3yAkg9v5VY
0.03814418,0.020671649,0.030867323,0.12606788,0.3262528,0.03221605,0.025551138,0.22062276,_2jULayKYTs
0.039126016,0.026706671,0.021733796,0.093625106,0.4965349,0.18647896,0.017850026,0.06303643,D6PmM76el7k
0.100292474,0.35702753,0.13288526,0.34468582,0.37959152,0.21362646,0.16722503,0.14826426,_tB153oukBA
0.09865743,0.15422937,0.16804065,0.32832378,0.2863623,0.28923595,0.101130016,0.11358163,xzKw6_E74Lo
0.03805006,0.029550036,0.013506884,0.14815557,0.27629668,0.0495556,0.024547055,0.049858086,DduGAca6hZU
0.057796493,0.20844708,0.14613767,0.2883165,0.4500951,0.28972426,0.054674234,0.2815819,IRm_sSERdYo
0.18515694,0.3627127,0.21860617,0.37507716,0.44778672,0.24242763,0.30747128,0.82425493,ETj8kP0rj0o
0.065216824,0.09660502,0.1195081,0.066318676,0.43071166,0.06332459,0.07073587,0.42518365,AQOWwS-HHyA
0.17524298,0.5669776,0.27597782,0.7079002,0.49074522,0.34388447,0.43828544,0.24089456,6ZWKpAxGwo4
0.13496915,0.044831596,0.05835521,0.14445205,0.63464415,0.18647896,0.042061865,0.13952151,1zZZBB9-Nm8
0.06480464,0.22749348,0.046747457,0.13333547,0.21913263,0.15743166,0.11113599,0.057684578,XsEYtaL241c
0.102368265,0.106383234,0.04598729,0.28300515,0.37451002,0.24242763,0.103414744,0.5458394,4vczeQsaWSA
0.040796153,0.017099213,0.021846158,0.23170458,0.21838345,0.06332459,0.024245033,0.06448769,z-uOvB72RGw
0.04450879,0.015378978,0.020963624,0.12810995,0.22483477,0.045778666,0.02431387,0.065144286,nZWl62FVN6U
0.2224897,0.26308164,0.32247457,0.03313593,0.50452614,0.09548495,0.24850824,0.4516573,QNPGTGCJkdY
0.11436901,0.3161302,0.085376084,0.4909633,0.47700986,0.10461388,0.11946146,0.26725838,fg7pRNI1PGE
0.022878127,0.012186841,0.017884308,0.41196108,0.24902308,0.0681194,0.010703534,0.046639644,suy3NmrZaVs
0.042366296,0.021678478,0.031291317,0.19904317,0.23943584,0.07251463,0.029419221,0.062049184,aL8sWlFT3mo
0.10488672,0.12866275,0.1802098,0.051098887,0.4914065,0.11794081,0.13179009,0.30139542,XiuE-Wt7qik
0.048739787,0.025430832,0.037854835,0.029023414,0.3602578,0.12244874,0.030390037,0.073930204,wBEAjjioZFI
0.041186098,0.078966215,0.116939865,0.14565758,0.43495914,0.27194336,0.043079533,0.24725407,8X9npKC0yXQ
0.05579565,0.04610443,0.07788628,0.07528781,0.43655604,0.0334178,0.03607716,0.26208177,sdiDslg4oSY
0.13828498,0.071666524,0.099849895,0.18020134,0.35005006,0.007392809,0.114772506,0.13680041,wvZtYgIIe2E
0.11125544,0.017872408,0.03148303,0.11160883,0.31456897,0.018048171,0.026244286,0.0674964,MHS-htjGgSY
0.07723905,0.1627673,0.1653343,0.3046746,0.36199734,0.15684792,0.13884896,0.6275041,CtmtEgSADgs
0.14579888,0.13260232,0.13489479,0.03587856,0.40289307,0.11407687,0.12924738,0.14680535,N-I7ktbVVVg
0.08122416,0.05877771,0.15522659,0.1506854,0.450827,0.0825038,0.05240255,0.28045115,q1CrYYF58RA
0.14768091,0.2665384,0.31946212,0.44351342,0.3966664,0.20009461,0.22968577,0.31792444,54KyOW0naRE
0.13934782,0.14076246,0.19807395,0.043174163,0.5350148,0.064523295,0.13163996,0.3969389,qU1Yv58EXcc
0.038355503,0.020359902,0.014887634,0.0487232,0.41199392,0.059728492,0.018023089,0.097211026,Lzf1Pg9kfu4
0.03240464,0.018624542,0.020511212,0.14385465,0.31087723,0.0131890485,0.020780208,0.062540755,75DlnMlMgIQ
0.14372617,0.082696326,0.08282006,0.18940404,0.3991377,0.15568043,0.104520515,0.17950183,T6P9TCdWE64
0.04823929,0.06799597,0.037607472,0.1142686,0.3862486,0.20963,0.043945327,0.16668895,o8p1G-yWxGw
0.02890305,0.078790516,0.13972193,0.16067785,0.26039338,0.11343288,0.021390004,0.10358468,iT6eMorkX78
0.06659664,0.039304003,0.03837062,0.19385473,0.34382373,0.11536485,0.047121473,0.08541745,hfgKdbdVt1I
0.056950327,0.17948909,0.14458922,0.5680319,0.3755178,0.23277332,0.1616113,0.7629257,zZQGIXH68KA
0.03671046,0.085054666,0.10315967,0.017627662,0.393203,0.058130227,0.04789544,0.54865235,gDO7oDvL8aE
0.13522092,0.49188468,0.37309378,0.18316348,0.5212915,0.34388447,0.23586985,0.43876556,_0fX0WNMMUo
0.05990223,0.043133866,0.072158866,0.1946856,0.3193924,0.08290337,0.040587004,0.26191145,nTlmIA1tERA
0.028798567,0.08596011,0.037866637,0.1180181,0.31973037,0.20596254,0.04196913,0.06740937,_ygN8HLCaJg
0.021030702,0.014517631,0.016772073,0.08623786,0.1875264,0.015757442,0.011866806,0.04306414,9uDUv1TpGxI
0.2457037,0.1748409,0.2397998,0.38309565,0.38746113,0.13835071,0.17232136,0.35637403,bqY0_ZeHs8k
0.06425458,0.055080555,0.11266986,0.12295572,0.44604635,0.1668969,0.050800655,0.24548161,gmGUpyhjoGk
0.03189888,0.021162037,0.019765744,0.15806687,0.31599548,0.033932835,0.022559132,0.070795715,pG_7qwnVqyE
0.10076982,0.14710991,0.14576238,0.3248953,0.3366021,0.04406188,0.11155985,0.16214652,YtIVjzOHG0Y
0.034762155,0.076991156,0.04165188,0.13611947,0.39954066,0.04406188,0.026681526,0.077569395,wt7NbMF2vVI
0.16093597,0.033167582,0.055903267,0.13981381,0.41157004,0.03049926,0.05272238,0.092857175,7szPBZxBIg4
0.25380063,0.18622825,0.19390252,0.10395793,0.6069125,0.1884524,0.19178991,0.342232,B28ebjEdMTw
0.2574713,0.32719898,0.43147105,0.45118636,0.46014234,0.2590451,0.35885185,0.7608427,_shya2aE75M
0.02992774,0.012805821,0.017238459,0.26772043,0.25930494,0.037881445,0.01479693,0.049786616,3Bxf2o27ykM
0.048006997,0.032041907,0.03592319,0.12264306,0.3646059,0.04268845,0.033017218,0.08814901,z3hI5r0yRoU
0.04211729,0.019528052,0.023260161,0.027815213,0.2900936,0.020269485,0.023804853,0.05540287,9t_h3yKntww
0.07669005,0.037967835,0.06283037,0.11485459,0.24834469,0.06012806,0.066619575,0.31897107,0bFs6ZiynSU
0.078882605,0.067068234,0.0724444,0.26348117,0.5521205,0.20596254,0.047704417,0.11041034,-dGkkMdIwOc
0.10877398,0.349994,0.11345972,0.12110578,0.37700498,0.17518331,0.2021188,0.2276817,8yUxDFBGsB8
0.050020285,0.03426798,0.044652972,0.11138388,0.31700128,0.03736641,0.030923184,0.09004916,_3DHGXgZ-_s
0.058650114,0.09070173,0.059529576,0.5446059,0.40356997,0.2590451,0.0586265,0.13711445,xTNSe1GBjUQ
0.06765501,0.07558049,0.12759295,0.119370066,0.45347285,0.12824467,0.06414688,0.25131455,fkzhS1qoM8c
0.568673,0.5149934,0.20778179,0.18040688,0.6354711,0.29021257,0.50690824,0.8587846,Q1KowXSwKZI
0.07157451,0.11263372,0.15185598,0.0995704,0.43860626,0.18549223,0.10459568,0.24781877,D6adSwNj868
0.07216425,0.20688845,0.19680037,0.18436745,0.46914512,0.22157386,0.15068725,0.32153422,VDZ85Jeu9LY
0.031748027,0.02622448,0.049787268,0.16739924,0.27457136,0.027580723,0.0207826,0.06198793,W-HNhJ1gagU
0.03203191,0.008874841,0.012445959,0.229623,0.23781613,0.008642297,0.012614828,0.036344312,o9L4Hibsc4o
0.065937124,0.06612462,0.11672807,0.08442031,0.500862,0.31714454,0.06407864,0.2449575,H8MGJ4I0mkA
0.023481188,0.0179891,0.015848275,0.2833418,0.2663761,0.045778666,0.014112304,0.040971413,JJyloRJ5Hzs
0.05259858,0.1264163,0.14154321,0.29955584,0.42938587,0.03994159,0.060715396,0.23422454,X1CeC7m52Sg
0.060169365,0.23170124,0.083740495,0.31952554,0.4496272,0.079307266,0.109781735,0.39164343,GdUc92SQsVI
0.054620717,0.03849298,0.087743185,0.09183141,0.42099714,0.020408317,0.040491804,0.18791005,gaFdVG503rw
0.18421824,0.15904981,0.1448123,0.16965938,0.48607355,0.27194336,0.15644136,0.4806196,6E2JX6l2C4U
0.017184222,0.19297098,0.061406896,0.6181767,0.3472435,0.14822112,0.020184854,0.08795159,VczZCoZ21jk
0.047157973,0.05673131,0.09786453,0.076652914,0.5756807,0.08050597,0.04573087,0.3159815,qN2nMP9Tfts
0.07178646,0.054973383,0.09992511,0.16888948,0.30988377,0.061726328,0.04101994,0.08184231,uY1xjPHAXbM
0.04847507,0.14534077,0.1502758,0.10378788,0.3715711,0.09279997,0.056593336,0.32274297,RlegP4oaFDY
0.04665471,0.054450188,0.11367354,0.001791132,0.4803774,0.05613239,0.029475436,0.15398838,WvpO8To1qFg
0.10211333,0.0453238,0.04343305,0.09726275,0.44717112,0.025692256,0.061452445,0.097058296,xzWFuEH9HsA
0.09594847,0.063467294,0.1131215,0.16183297,0.46889624,0.043031808,0.065611064,0.11365037,NtNDgOWN_2o
0.030244108,0.019607566,0.02737803,0.22105947,0.3045532,0.19634613,0.026772548,0.40166,fBn6uh-GYwQ
0.1104511,0.045703318,0.05020967,0.2655068,0.34022605,0.03770977,0.06086801,0.07674254,u20LjWO7uKs
0.104540564,0.101972006,0.06008309,0.33569947,0.37139943,0.15743166,0.050739534,0.5760295,dLgdbbeXkbk
0.0801047,0.050046906,0.04581914,0.028319323,0.44008866,0.27690583,0.057974227,0.09887328,sckA6yvi-5g
0.118657544,0.19610237,0.077525094,0.45317942,0.36227196,0.052136723,0.09672777,0.1711739,U5bijOlB-4I
0.071416765,0.049276587,0.16543409,0.12705716,0.39837202,0.043718524,0.054142565,0.3088903,hHPLAItTLiA
0.0945379,0.037652165,0.053422134,0.17283261,0.32153156,0.024318827,0.04468614,0.0930181,Wei9a4S63Bg
0.046132606,0.03583252,0.038367953,0.1406918,0.35895243,0.05373499,0.022850923,0.054694016,Q0RVBTb6wTQ
0.115491875,0.117061466,0.08759504,0.05380488,0.43202364,0.02655065,0.09257917,0.15319896,MleyAFrP5io
0.025028849,0.05606591,0.028432779,0.120739035,0.27417657,0.018464668,0.029394187,0.23643346,PS9zjqBbKqw
0.0749503,0.086325474,0.109272845,0.18199319,0.32577828,0.033074442,0.0728016,0.21676911,bhla6mhzWAU
0.05849501,0.073679715,0.04868141,0.31984463,0.30581823,0.10892494,0.08930313,0.5608002,8-sLhsSofnU
0.0338156,0.032024864,0.021886157,0.30807582,0.2953114,0.060527626,0.020082684,0.03793844,ZhEz1cvC1rc
0.059690177,0.1138796,0.0630304,0.058534723,0.3915945,0.029812546,0.051798206,0.09979498,yt1utYXzKqM
0.05418252,0.040492766,0.027298871,0.050690353,0.34539884,0.13745339,0.03747062,0.08849881,7bn8hM9k0b0
0.029339937,0.018491697,0.020976579,0.40579736,0.2523461,0.0669207,0.02404808,0.21992263,IRvNrMk-n6o
0.16381887,0.23514277,0.13998547,0.7833332,0.39517713,0.16035037,0.11665247,0.16645685,Ck604TT4hEg
0.050924104,0.051811375,0.047510028,0.43998986,0.35235375,0.20669603,0.026925446,0.08304668,WKW7cZ9WCFk
0.10342478,0.15090097,0.19059438,0.023456225,0.57428193,0.20449556,0.13404667,0.38215798,SGitdeBtjQY
0.059964284,0.07552436,0.16295294,0.09994066,0.4008153,0.06851897,0.066406526,0.26863945,Ej3JRBbOcmM
0.09626985,0.059956856,0.035845682,0.028507682,0.49814916,0.057331093,0.0692659,0.13088657,W2DMiZ1e574
0.1649325,0.026219131,0.07988314,0.4766718,0.3869721,0.06771983,0.05417568,0.099273615,76XXN4-WOCE
0.04734447,0.030708542,0.059355795,0.22259374,0.25381443,0.026722329,0.03237968,0.07725631,Epr-b77tGXs
0.1168261,0.43493354,0.25238144,0.095333606,0.49493194,0.21274342,0.17202027,0.48432913,oIbjUPB3t_k
0.11701272,0.30066127,0.19863085,0.44998655,0.38039753,0.355017,0.07904799,0.13908014,YTgvF-Yz8gs
0.08492712,0.3243388,0.12024799,0.5680319,0.29263285,0.49835235,0.19552837,0.85453963,4lDg8OtgvVU
0.034945406,0.01839166,0.020399248,0.27217132,0.31935075,0.09763293,0.020960432,0.06605085,40nUhMa56lw
0.107867315,0.07175977,0.2612291,0.18219703,0.33325088,0.019575324,0.09155792,0.4700208,h_GYxpuFVlw
0.04403885,0.044003468,0.089953534,0.009006822,0.39151913,0.020130653,0.036658704,0.2275654,YugD6fSKugo
0.069907404,0.1019446,0.0709863,0.17942673,0.35328072,0.022773718,0.08314321,0.13718544,54avjfIu1OI
0.058947418,0.15953416,0.16307613,0.07539096,0.42572126,0.12888865,0.10122814,0.2742851,LNK-CjcH5dY
0.07186119,0.3495363,0.20461312,0.2639118,0.48093936,0.3282253,0.09578752,0.29375353,bnG_ehIA1I8
0.14550655,0.054923806,0.1846273,0.21480496,0.37587357,0.014160873,0.0931647,0.4181728,YgqC8_WOZyY
0.039991766,0.014013578,0.047784492,0.034648746,0.31004655,0.045778666,0.02313554,0.11735632,NtEJ7jzjoE4
0.065888956,0.16369972,0.14721999,0.14692518,0.42363152,0.08447654,0.07422265,0.3199295,2OaTwR8vXcc
0.045836158,0.013971177,0.01618186,0.2657514,0.3034719,0.047495455,0.021158298,0.06826704,SXIq6yez5hc
0.054611117,0.12099641,0.072936915,0.07632136,0.37249556,0.028782474,0.07173182,0.15003876,PV9jdolesMI
0.15155667,0.3716144,0.19574405,0.8147743,0.38768202,0.20596254,0.15386583,0.1744816,OVms-94BZIE
0.09079905,0.07359974,0.07267822,0.23680541,0.35702887,0.06332459,0.06664286,0.09661364,srDKPk-2SjI
0.067761004,0.09181707,0.061182544,0.19238302,0.34191814,0.058130227,0.046249256,0.25084156,CKiOFhyY-4Q
0.078995496,0.05130063,0.11423604,0.045470282,0.44648084,0.087430015,0.052152608,0.26086292,ZM4K0NZt5Ls
0.16635726,0.27272722,0.12040335,0.2733103,0.38743436,0.263611,0.19318368,0.5665962,Ks_pHtscOUc
0.041462854,0.04299138,0.06788495,0.20637956,0.28643033,0.05373499,0.029419247,0.07445593,WH_ugKNCKlQ
0.03241227,0.0132610155,0.03375099,0.20412403,0.23856938,0.021518974,0.016345244,0.06840389,teHu8Njm5HE
0.07648033,0.13821694,0.2027558,0.0846162,0.41592,0.19936113,0.12599733,0.44853276,T8W_CwajJWU
0.10662314,0.0813322,0.20898947,0.058431562,0.29972157,0.0020738044,0.09380887,0.21443507,LV7TLjIFBYY
0.13687512,0.0755614,0.087833084,0.10211078,0.34820485,0.24242763,0.121109,0.20260845,2FiHXAuKhEk
0.103506915,0.041253388,0.09375085,0.012788738,0.36174756,0.082104236,0.08630431,0.33331558,fSuqTgnCVRg
0.1453308,0.16357926,0.09899798,0.20267926,0.56844676,0.5026305,0.13975246,0.18538246,xQaZbphjVnY
0.052087426,0.16110162,0.08495169,0.12599416,0.33116773,0.05773066,0.1093878,0.15443084,9ROzjE8iDPU
0.037339345,0.15154798,0.049567237,0.44003618,0.37481937,0.13655609,0.03327976,0.09115072,xGfNyDd5ChQ
0.05224548,0.025222383,0.07438734,0.03155505,0.3456767,0.036679696,0.035250675,0.19588234,BFtkvIWyZlw
0.07303476,0.056813776,0.07030571,0.41672504,0.29518306,0.12760067,0.060211413,0.14767486,eaouW278Pew
0.0975196,0.044967305,0.17018047,0.057691332,0.32802325,0.015063282,0.078896634,0.35655916,ansWipshOe8
0.026998349,0.028986963,0.05167413,0.17035928,0.36113667,0.040628307,0.017700167,0.12136392,Vb_e1zgCZao
0.044513892,0.05679968,0.11044493,0.26830474,0.38687542,0.078108564,0.046992294,0.25931764,bxUbvItagwA
0.22202778,0.27725884,0.11220228,0.44356948,0.5780475,0.15743166,0.16947953,0.6384784,bFaQqZdGWlQ
0.054020345,0.07122197,0.10706338,0.51013684,0.23417936,0.14777246,0.08776528,0.49471542,I0RiqeJK4EU
0.06975983,0.06298538,0.13406388,0.11325278,0.513208,0.026207292,0.04643922,0.25243336,KYdDUXyFocY
0.11834603,0.09740201,0.14049923,0.15703453,0.5283512,0.32563272,0.081948586,0.2892311,8AQKpfhiq4o
0.050589386,0.03680367,0.041338883,0.042013086,0.3495377,0.03358948,0.03996981,0.09814137,DOtXhr0EoTU
0.029449034,0.025169974,0.035342008,0.092260174,0.28655723,0.22983712,0.02658511,0.20462255,iBbDOuOr5uA
0.11284953,0.10315224,0.19060497,0.29398447,0.39857563,0.050585672,0.05016476,0.10554634,zeOKBklM_5s
0.025635552,0.019419212,0.019577613,0.17591344,0.22099718,0.019714156,0.013861984,0.049448483,C-icyHEb7W4
0.10354786,0.14046161,0.2026702,0.112927414,0.46040347,0.16035037,0.1505534,0.300213,8ANfAt4hJ6Y
0.075569145,0.09044111,0.1421821,0.26194066,0.5014574,0.21804169,0.07099669,0.33096552,5N9EEH_iDXU
0.09499669,0.037193697,0.07779383,0.015899274,0.3598127,0.043031808,0.08984735,0.3935932,YJvbxAvxkDc
0.0932847,0.09840236,0.12524793,0.06566284,0.41865095,0.042001735,0.08995258,0.25596923,NpdZPzMh7bA
0.06620011,0.046624366,0.083993964,0.1671924,0.344068,0.028954152,0.035878535,0.10810113,8wzxbR5vfjE
0.09238798,0.10278951,0.113345414,0.31133398,0.3447417,0.11472086,0.10086169,0.13715085,1Y973efOJMs
0.09069458,0.049384538,0.05659331,0.025088375,0.38207108,0.04543531,0.051369183,0.35466942,p0hUX1Ngiyk
0.09183971,0.06673597,0.10712233,0.18041232,0.38187295,0.21980777,0.06936288,0.10584719,wqKT5R2PXlw
0.111376055,0.30189413,0.1879694,0.26751035,0.36273402,0.1256687,0.11491593,0.3693004,0smRkhEOv4Q
0.03873056,0.06528041,0.10731681,0.19218369,0.42107648,0.060927194,0.03289738,0.24067286,3gMlod7TyrQ
0.052848957,0.038046874,0.08251484,0.00021788075,0.39463985,0.07211506,0.040122684,0.16374007,aj8NDOA0Sgw
0.1115467,0.046242297,0.09452634,0.12527677,0.5451948,0.30053464,0.043491073,0.23527761,83FP3nRKECc
0.094218254,0.13915725,0.072598755,0.3677443,0.39487302,0.080905534,0.1939839,0.76552737,0Hwjmek0Uvw
0.16777128,0.07656102,0.12910439,0.2214874,0.42301464,0.049212243,0.0799492,0.12554629,WKwLWRuxYOA
0.074041046,0.2477238,0.17696913,0.10763004,0.5295243,0.19789414,0.16278897,0.81075114,avCB6HOjsG4
0.03807652,0.059746537,0.09093497,0.020062631,0.3904523,0.22982925,0.04067409,0.24387754,vdnfGR2Q8yg
0.15779401,0.16356097,0.15905812,0.03329324,0.5137478,0.18055865,0.14251174,0.24481842,eZXf3p1S5Tk
0.0853974,0.058646124,0.13422315,0.15375197,0.31152868,0.17380224,0.08097844,0.24658054,HOSnJUYWh34
0.07114931,0.1420184,0.17326781,0.09390582,0.48736173,0.13521013,0.08827745,0.25144938,5xNrAVoFT0o
0.111482225,0.64913636,0.36161315,0.63036793,0.33335415,0.35227737,0.29534844,0.16286367,WbDGBueVyH0
0.12895109,0.739415,0.3051005,0.18984444,0.32916668,0.27194336,0.34780324,0.19013295,7Ri8PK0oaQE
0.07947758,0.15572684,0.13191943,0.06353397,0.5005097,0.2015616,0.1108139,0.2631957,Ow3bMlScrzs
0.0861269,0.03137865,0.031541817,0.07791088,0.39829594,0.0495556,0.03878082,0.070350006,0xUucNrRm50
0.03731423,0.01808903,0.019938929,0.08211264,0.30525365,0.058130227,0.020870946,0.058884576,iFonEHwC65Q
0.07889671,0.15901527,0.10007255,0.38011283,0.43145004,0.4292556,0.07897748,0.141107,7smBbfatPcc
0.0832188,0.046283208,0.05456078,0.084524326,0.48914635,0.089577995,0.039897714,0.109057344,GsdmadM6PxE
0.06352132,0.10622728,0.17608257,0.15425238,0.46663168,0.0224908,0.08806977,0.5717313,BgYzOLQ8sU8
0.047750954,0.06526199,0.1066206,0.62936455,0.26815903,0.046122026,0.043224886,0.0879173,paT_ceofN0w
0.19924374,0.24154955,0.14992943,0.1419423,0.45916858,0.033074442,0.28058815,0.5709548,P3rAwhxIVFQ
0.06038266,0.025607921,0.025939876,0.23740962,0.32637224,0.040628307,0.029112818,0.055342447,ThtuOF3ymlQ
0.039231405,0.019173676,0.025410803,0.07579473,0.16790736,0.019158829,0.029206358,0.0668914,M3oWYHYoBvk
0.08545599,0.09377348,0.04625234,0.12010305,0.5261622,0.26589394,0.06074286,0.13009198,CQnyF5l68i8
0.060712986,0.040182617,0.08050941,0.019252593,0.4270769,0.036508016,0.056014836,0.18086025,X_93Z1X0rbU
0.05554584,0.09241078,0.060509086,0.24919479,0.419612,0.31671798,0.05467216,0.11746173,gxGViD_pF7k
0.042506877,0.017678581,0.0253467,0.29481095,0.34287444,0.07091636,0.020121647,0.08363261,QIjASllDEu0
0.056785576,0.02823028,0.047721136,0.1584018,0.32063612,0.12180476,0.03327134,0.09726819,7Ju4sEMqZmM
0.03441698,0.10170951,0.06161775,0.2864763,0.3320817,0.09816993,0.035586137,0.22694534,ysdw7cmigZM
0.03517557,0.045121945,0.04808427,0.21776143,0.35884583,0.27690583,0.02821861,0.07424242,Sye65WIweOE
0.15756845,0.19856593,0.23624207,0.18472067,0.53154576,0.14687516,0.20448022,0.5306402,aFqhMWLLSyo
0.0648876,0.035891376,0.08807408,0.06894826,0.43475166,0.02655065,0.029988118,0.13562872,gwoGVWgK8v8
0.0268944,0.027735885,0.035803117,0.2788097,0.24154347,0.022945397,0.022117555,0.06688911,-PcRvYyo41o
0.025946833,0.09585054,0.06074832,0.6005554,0.26533318,0.2712817,0.090360016,0.72045076,HDWO-x_-Oew
0.094117135,0.044516455,0.12701112,0.19631067,0.35998118,0.04406188,0.05548635,0.29453048,0ju3V6IYKM4
0.16403657,0.1195176,0.20642023,0.1891837,0.4646427,0.083939545,0.12395334,0.20385519,evkiJoWU0N4
0.0832318,0.075343676,0.048837814,0.056630004,0.4632339,0.07850813,0.067930505,0.14298746,oYO3WBZPDqQ
0.08163994,0.085550904,0.045227498,0.26343247,0.36322767,0.09548495,0.058309272,0.1357848,eDhGnub97h4
0.13003942,0.08872852,0.07164173,0.13884163,0.42941853,0.23716165,0.0693959,0.17143978,To4DFfXYDlc
0.040689692,0.043763842,0.075863205,0.1908433,0.4325455,0.1473238,0.027991861,0.13663241,yhucShIRTcw
0.06838853,0.05024462,0.041545372,0.2764637,0.34682092,0.13082063,0.045904238,0.09746907,L0BxpbisQBg
0.08108275,0.059048858,0.07124603,0.40218097,0.38230374,0.085282035,0.0765869,0.24921162,tWLlkAhxU5w
0.11384217,0.06681592,0.23845465,0.18567008,0.35111976,0.009232334,0.09672296,0.479746,MPM_KgaXij0
0.05392659,0.10304493,0.10536368,0.16568989,0.44546938,0.16827796,0.04787662,0.15326516,bhG7LwssoNc
0.14519772,0.21324289,0.4478393,0.12381728,0.41450596,0.27045983,0.17464557,0.72062695,yxgVelGoK7c
0.037465505,0.022686956,0.027900089,0.10295766,0.34919038,0.020824814,0.018470457,0.049455937,uhgMZ8w9lb8
0.039337266,0.03995915,0.060411584,0.13260067,0.32619357,0.0358213,0.031290717,0.1640706,XTGHSpgp5mc
0.059660427,0.13661148,0.17814988,0.20430768,0.42836183,0.08689302,0.095338546,0.70846796,L_2GICgTPeo
0.046722833,0.047145676,0.1517635,0.5680319,0.2630718,0.04543531,0.052098386,0.07127019,h90wXPLNUS0
0.041232426,0.02394225,0.028702065,0.13373631,0.22660619,0.016104523,0.03323187,0.1016509,n3viX-IXfi0
0.061072964,0.045616955,0.095329925,0.016620267,0.42851904,0.04131502,0.05146136,0.22146887,s_dp2mBrqr0
0.040940072,0.05081889,0.040465955,0.31261957,0.38735774,0.025863936,0.02458428,0.14301091,xVaToJSLA2Y
0.06432615,0.17311771,0.05621079,0.2786542,0.36789718,0.29045674,0.053247843,0.15011016,tg55yBFBl2s
0.067680426,0.11884921,0.11982694,0.022250745,0.49225485,0.18647896,0.062452003,0.26837847,leTOy75OD5w
0.17314048,0.5653743,0.23672749,0.38492948,0.3975269,0.24991328,0.29350987,0.20961143,A2hoDwuV6Io
0.24477547,0.6356477,0.3129013,0.113036156,0.5128616,0.09548495,0.3077488,0.47182506,jxU0UalndcI
0.052992847,0.020551521,0.02079708,0.020518497,0.3454997,0.046465382,0.03460238,0.10656111,dvJmKxiST4M
0.09663031,0.0719406,0.15614942,0.12699814,0.42388806,0.11085691,0.078541905,0.32615566,zi4i6e99Z1k
0.048835095,0.21819071,0.24029556,0.3417767,0.19156899,0.13431281,0.11779437,0.11286951,7WMSQNVhMqA
0.07543651,0.17024335,0.17631507,0.19669136,0.383228,0.14911842,0.08921311,0.45430508,1D_XCVzg86g
0.058077686,0.052753013,0.04332593,0.25239488,0.3259509,0.09279997,0.041180328,0.3531153,vc0V4uLZxqM
0.106608376,0.24362136,0.19523774,0.21317828,0.28835052,0.1530536,0.53635556,0.13301362,fLVyv7U0cX0
0.0309632,0.086207606,0.09036432,0.329935,0.3417992,0.21539254,0.09240343,0.7634732,VDhxbN7Dg1U
0.04905868,0.043702517,0.08980024,0.024337562,0.46617237,0.031014297,0.03901477,0.24565108,uZnJNgx3gUU
0.07728443,0.12733907,0.15435858,0.21305028,0.5259972,0.1710401,0.077595286,0.5905809,LjYvIsNBKbg
0.121474765,0.09155031,0.15572155,0.05806132,0.5175149,0.12051678,0.08908378,0.24313185,ILvxrQr5nVI
0.122469395,0.2501287,0.10346501,0.3947399,0.33874786,0.263611,0.1045977,0.19773965,2dbupGVu0As
0.08072963,0.055458054,0.054616053,0.275704,0.2845316,0.060927194,0.07173738,0.3292226,e9FrNYjr3L4
0.054938406,0.04576712,0.09612271,0.10301798,0.46076733,0.03358948,0.043004327,0.25790817,_43jzh7H1d4
0.14091206,0.07777667,0.106363505,0.20086019,0.39420608,0.16482529,0.0778733,0.3213853,gsJG0TCeu6s
0.09384295,0.14388376,0.12264932,0.14508536,0.42923537,0.05133759,0.0947864,0.19259374,x57yvOunb38
0.14580683,0.049875308,0.16152202,0.09729877,0.30785528,0.0019176182,0.08868957,0.164556,DY98BU1YZBs
0.21044923,0.65457445,0.39141777,0.47140512,0.50306183,0.37954164,0.4978776,0.51559067,1yMtQolN1j4
0.092976645,0.08999886,0.062172826,0.11124585,0.4984321,0.11472086,0.061146535,0.3414539,5OqId9saPlk
0.03176333,0.012604405,0.018949823,0.068813704,0.2725742,0.03187269,0.016954891,0.047985755,MXM0TGZi2IY
0.03166375,0.022049978,0.019232761,0.1484639,0.347365,0.06532243,0.014510801,0.049702916,oZEOHY9FWBw
0.07628114,0.043984033,0.06280649,0.43750298,0.29688072,0.07011723,0.052591596,0.13199285,MqrmAlNuXlo
0.07098746,0.0893427,0.050123505,0.17231935,0.499208,0.2712817,0.05934248,0.090159535,oPTEAT1_Wb0
0.11812995,0.20909128,0.12648919,0.21031773,0.5581325,0.17034957,0.09468619,0.29014635,TotdnNDrx1w
0.049927276,0.033371802,0.022640638,0.17731103,0.33073422,0.027065687,0.028166179,0.05909197,sqRBCz0yTgc
0.048622575,0.024712285,0.03311563,0.34197882,0.39262763,0.13146462,0.029126333,0.16373503,hwfRAzGWJMQ
0.106291614,0.15439914,0.16566621,0.047392398,0.45855707,0.10031791,0.0953566,0.2372699,i28Dd8jXZxs
0.16334715,0.1839478,0.120252825,0.17009568,0.41222176,0.27359754,0.31432664,0.86188334,vnThR3t2hBE
0.09575427,0.048682228,0.11587708,0.72451156,0.3373064,0.040628307,0.09216408,0.114961244,CARXrn2BzTc
0.118908495,0.11266346,0.13313748,0.17163838,0.35041535,0.13431281,0.10310184,0.16249265,s6Med6Z8-9g
0.09508276,0.11704987,0.19550934,0.19120593,0.4314085,0.1008549,0.09112109,0.33334556,Yb4nKFKKcGQ
0.089309454,0.11474545,0.1349681,0.16414411,0.4955754,0.17449278,0.07239231,0.58520854,_pB_NOh4DFM
0.05059429,0.10421246,0.118083194,0.2756318,0.36303562,0.059728492,0.046055287,0.15188566,bvpRnMHqsY4
0.07829371,0.025410235,0.06587445,0.06988258,0.3120037,0.01193956,0.07258979,0.28158396,ceMkAw8Ha3w
0.021581408,0.025472099,0.013560197,0.12194087,0.24418342,0.024318827,0.014375111,0.03395963,Dn1OBI8v5r4
0.17734295,0.79465765,0.23994859,0.012096409,0.37190598,0.24991328,0.5052531,0.18521424,TtLwtcDYuLE
0.04196988,0.025045214,0.02648495,0.26702335,0.25724798,0.09870692,0.027029628,0.091763906,WEdbAsl2cPs
0.103546746,0.16939257,0.17384708,0.44968742,0.32847703,0.112144895,0.10014374,0.16944353,TeGsKlvvXi0
0.035088208,0.051362086,0.03190256,0.12585527,0.3411216,0.08367105,0.024560057,0.059350405,T1y0C-xMy8E
0.029974408,0.08756078,0.06869232,0.16174693,0.3476775,0.21036349,0.029213466,0.22524224,m5Hgf7c-dec
0.058894996,0.035603486,0.025635436,0.18596911,0.31645596,0.2286382,0.047883883,0.08231512,FMJ2jZtW7cw
0.13917376,0.3139942,0.3407664,0.09999767,0.5101763,0.1621016,0.18976882,0.9137954,sWnCLXT9uMU
0.062161062,0.03356252,0.0396215,0.21221982,0.3238746,0.03616466,0.038982738,0.08712154,ihZJhoXvrdg
0.067260034,0.061581843,0.12787716,0.038522452,0.3963253,0.0669207,0.05394644,0.39308387,ke63lM7_S00
0.026575057,0.029388534,0.058147814,0.06616157,0.2469859,0.13476147,0.028840063,0.03996267,ClKp5zIj3yc
0.030791234,0.12735528,0.062921695,0.4389794,0.325218,0.0741129,0.056475397,0.070835076,dQ_BPzOGIL0
0.07719765,0.044556845,0.044160604,0.10715477,0.2667048,0.026207292,0.05820715,0.113946676,YueJukoFBMU
0.04936965,0.034568097,0.020017557,0.032164566,0.39203823,0.044748597,0.027044324,0.09955389,GRzOsGBtyM4
0.040710136,0.027223134,0.028908582,0.10840679,0.35769683,0.021380141,0.020759573,0.06143395,nKpDN_V-jZs
0.11570393,0.06151135,0.15122737,0.13719335,0.43509635,0.040971663,0.06383721,0.25636056,m-Rmg5AYf8I
0.08571927,0.5678364,0.3638313,0.12761553,0.42816013,0.22981352,0.27989948,0.38899744,HB4L4Uin9IA
0.059684478,0.045868408,0.04604838,0.25385618,0.33233643,0.040628307,0.04338757,0.30059782,ZAgihwbNPxw
0.064059496,0.06746564,0.11832911,0.33228096,0.43680558,0.06771983,0.06796626,0.26655704,ISbjzYQ7s1E
0.07158591,0.11063852,0.088352315,0.25798836,0.36451876,0.07131593,0.082812965,0.5833258,sLVncPELGks
0.10169027,0.13421512,0.18467589,0.16152123,0.4843265,0.05413456,0.08561054,0.51594365,epQCXVnP0VU
0.06902337,0.029438103,0.0494512,0.25681365,0.3602086,0.10031791,0.03452417,0.33610588,8PAyqFCZYYs
0.060337853,0.046552844,0.05989998,0.14851533,0.33732694,0.011384231,0.042273957,0.13466722,Xz2oowy5JxY
0.037493803,0.041182935,0.040018268,0.14432113,0.20324846,0.0021866055,0.03315764,0.06724805,8_DUvXy7UgI
0.08479575,0.060707454,0.12142826,0.049551003,0.41526634,0.036508016,0.06415626,0.278871,mvUwLmOoTrA
0.09746437,0.032844365,0.04701149,0.1930252,0.40981495,0.3123962,0.07198263,0.19188869,X9BNqktRdLo
0.037491042,0.012397126,0.01735905,0.19367272,0.24981898,0.030327583,0.01733473,0.040175457,QQXm88ppbIs
0.20899436,0.5697557,0.3075548,0.26504108,0.39450917,0.23452865,0.5528752,0.21206917,oBov7-NPAbg
0.018624425,0.007640671,0.010745787,0.12747195,0.23590757,0.0224908,0.0077041793,0.038183536,PUBtw9peahY
0.07889682,0.10260212,0.14910348,9.9159035e-05,0.37133244,0.060927194,0.13229382,0.13277072,m_lTsLhahqg
0.13575573,0.56845707,0.38881826,0.5680319,0.5094093,0.22989221,0.27333802,0.4880239,YASj8IuQ_Yw
0.04719758,0.06083232,0.06685692,0.15983683,0.34242132,0.033074442,0.025970435,0.07674747,dzG68oc-GT0
0.05094324,0.030470116,0.04333806,0.21444215,0.42938313,0.017562259,0.023895515,0.26809844,HEXMTbAGFro
0.029256076,0.02438779,0.019904425,0.051511377,0.28872415,0.044748597,0.021345092,0.048444476,EVb8hCgF78Q
0.12578532,0.14468619,0.111669205,0.13731615,0.3946116,0.14463188,0.11701736,0.19986066,mfrOlFHEKzc
0.19404037,0.13885361,0.1811645,0.1903257,0.49897385,0.13655609,0.1334371,0.5499983,OccWmmaCqlE
0.049427968,0.06268531,0.117370926,0.44029564,0.42172453,0.42092466,0.04391106,0.21826802,WHMfxoTQ96Y
0.07281092,0.095502235,0.116511546,0.07396669,0.23352207,0.031529333,0.06686752,0.15550074,O8T9spKHVWQ
0.061580095,0.043041,0.05506014,0.050132856,0.27495548,0.03736641,0.058404498,0.34299496,5mW4r6er2IE
0.05356581,0.028990606,0.05331809,0.08198724,0.2688964,0.06412373,0.038271185,0.20180808,l9r1qr4MKEw
0.06350191,0.023719508,0.02672862,0.010330497,0.47333384,0.15276173,0.03473485,0.09178056,v_0WNLAmSaE
0.017139329,0.0063644983,0.007905384,0.1418679,0.17674153,0.012078391,0.013206944,0.04797945,OJdzNwtGEz0
0.049484544,0.03944106,0.04290185,0.19938885,0.36612418,0.040284947,0.03555724,0.11905948,jgif_xUXa9E
0.044270623,0.023508132,0.023820454,0.28508922,0.2784656,0.067320265,0.028817136,0.06455905,kbAuywE8xPo
0.297349,0.0952573,0.079161786,0.14319144,0.4961025,0.077709,0.13783428,0.14547122,uCAHGza_zV4
0.09284059,0.08780341,0.224475,0.32130635,0.2039862,0.0034013863,0.036044583,0.03841791,XdmJXHJLZ6M
0.061852977,0.108590186,0.08191704,0.41480127,0.37157896,0.21539254,0.06906882,0.16580169,v7ssRs3LLT4
0.047689147,0.01703152,0.023479994,0.23273464,0.60191816,0.04234509,0.029392134,0.04251867,b-zfnbc-AnI
0.023936603,0.019549098,0.0313913,0.25785628,0.27463263,0.09333697,0.014282627,0.05092649,Ln342caKBHs
0.05306813,0.03660773,0.059352327,0.15747875,0.3766508,0.08555053,0.032991324,0.09321464,CWt6jorWel0
0.06872789,0.050970748,0.06566431,0.322766,0.40897712,0.10634898,0.04686789,0.42840815,ove6sd_mao8
0.11845222,0.1262274,0.2411261,0.16988128,0.33557552,0.065721996,0.1628616,0.25156337,Rs7G8MxCeTk
0.14369315,0.08552037,0.06021746,0.080620855,0.42187792,0.05852979,0.105688386,0.18137905,ic6nddVoQZQ
0.041892607,0.02215092,0.024575397,0.085496336,0.22188723,0.0019349722,0.030775432,0.06997445,4xvma56e6LE
0.021028312,0.024278276,0.021851368,0.109204054,0.38763973,0.039254878,0.012617704,0.061911598,h1rX6Ay-vZo
0.064778514,0.15343148,0.22601058,0.18693784,0.4286923,0.09387396,0.10006211,0.51193595,stBW9byJQY4
0.08740527,0.026940055,0.033120636,0.24263659,0.37869388,0.19042583,0.038326334,0.072827354,ZVTxUNurw8k
0.07394939,0.24632859,0.21663229,0.263888,0.38002124,0.19936113,0.15457657,0.2697547,PrPBaocN77Y
0.040771067,0.03272645,0.054505885,0.123824336,0.28472492,0.020824814,0.03095815,0.32977897,Vu4AccPaVv4
0.12253243,0.13601446,0.13665152,0.22587736,0.35300538,0.14283726,0.1305183,0.18290494,KXU8uRhvD2o
0.04350375,0.0909734,0.113985606,0.17573214,0.59881026,0.21892473,0.05845414,0.22972554,oC88jsc-wpg
0.025836922,0.043464314,0.056386456,0.14181831,0.42436868,0.089041,0.024245689,0.49286833,-THACixg0pk
0.060477547,0.015636515,0.017854441,0.020697163,0.29979786,0.07730943,0.014660433,0.11568875,fk2NokRwOVA
0.04763362,0.07420212,0.10245322,0.029020168,0.36837667,0.060527626,0.080645114,0.49467063,sCKRV8Yps-Y
0.047803592,0.18534118,0.14552857,0.2711049,0.41110885,0.079307266,0.11026065,0.3057726,kw8-FrCaTD4
0.2866308,0.2099047,0.20963754,0.14892669,0.54000986,0.09118898,0.3133375,0.6155776,onui2Pcm2r4
0.03421586,0.050441615,0.035602745,0.09532976,0.17144251,0.025863936,0.042468786,0.05418527,AcgkA14FFj0
0.14915878,0.191083,0.25032088,0.16988145,0.4917979,0.1689685,0.15749137,0.6509268,p8OYQQEFExM
0.07461848,0.14826716,0.21902937,0.1460902,0.37259695,0.123736724,0.14269884,0.38552386,cJYmAKF0f4g
0.10096226,0.042716943,0.11337464,0.064227425,0.48565608,0.077709,0.057367776,0.24821305,EJL13Bl9gS0
0.11703689,0.13451318,0.0987692,0.066776514,0.39674377,0.17380224,0.10180142,0.5013392,Q5nMgsNRjHY
0.18760078,0.51454324,0.5588483,0.00015040996,0.5421681,0.2752517,0.3650941,0.9128996,x8wErKYTS1A
0.029595774,0.016092615,0.020768028,0.07844358,0.2816796,0.023288755,0.021794751,0.17397316,DrkRpaaOQqo
0.06920135,0.12746274,0.29160213,0.08877421,0.42036486,0.22598907,0.06133935,0.31138057,2NFDajQyliU
0.042092845,0.020361548,0.05591024,0.07386333,0.37296993,0.0813051,0.021852432,0.110310055,AGDT6OXhCpw
0.0857237,0.04192381,0.11370567,0.055554647,0.2717717,0.001544507,0.064836994,0.12619515,Ss8Zjudz8dw
0.027406223,0.0037935106,0.0032725967,0.19202098,0.21743664,0.021102477,0.0079182945,0.02386709,9wdbOWlf2ew
0.07577788,0.046465483,0.04065561,0.11908374,0.26674047,0.023117077,0.049398903,0.09065285,j2IHH0wnHFw
0.048464067,0.051934686,0.10193883,0.07127257,0.26649264,0.040284947,0.053646788,0.35322928,iYGCZ-C2kDs
0.03865256,0.038757265,0.048607927,0.16076022,0.39168644,0.06612156,0.03250563,0.26043755,XR2rQKAEY4o
0.08081703,0.30136535,0.22637267,0.28190252,0.46742892,0.42465788,0.119496055,0.25971165,th_LYe97ZVc
0.17834626,0.23568167,0.26519144,0.005258257,0.5274062,0.22981352,0.20158862,0.3134087,AH2hqEN-l28
0.0529814,0.22550787,0.19508882,0.0010427886,0.35268706,0.28996843,0.110763736,0.24582642,ll0eponDUuQ
0.072245605,0.08477952,0.16780445,0.11959632,0.49120677,0.021518974,0.07689605,0.58646315,rh94j7F8BIE
0.02203064,0.006112408,0.00786013,0.10076769,0.25562716,0.017284594,0.008497859,0.038414836,zQPPKCWcUy4
0.055396922,0.08221086,0.11128129,0.06396107,0.47407848,0.094410956,0.07631836,0.26029757,2317ip172lw
0.05863829,0.040656433,0.039487757,0.13071106,0.34234864,0.089577995,0.0478815,0.19156419,_qXOsONiLm0
0.16777764,0.034080546,0.05039749,0.0284412,0.3286617,0.19535941,0.04831442,0.29580036,pN5qfu0z2Ew
0.043729242,0.09411872,0.11591546,0.24902423,0.33277294,0.17661177,0.050399065,0.09241229,N3Zj-hMEL-k
0.07497098,0.033559754,0.055403445,0.048213843,0.45637998,0.04165838,0.041739047,0.088811755,0bXCbVGb04A
0.050618786,0.040477052,0.030832738,0.14900678,0.36811498,0.025005542,0.031011026,0.08333705,hibV5YbZvBw
0.042850368,0.03955158,0.026134426,0.008627642,0.21119833,0.04406188,0.03552146,0.06293491,SgACktyVXbk
0.10644986,0.2913822,0.2254775,0.020418143,0.47693813,0.39108577,0.17861184,0.5343828,bMluX3C59UU
0.06145265,0.056475874,0.09876719,0.07336772,0.23725416,0.062925026,0.09033927,0.07898802,gdEuJ1hAVhQ
0.054872267,0.030105459,0.055110414,0.051550843,0.2812996,0.038224805,0.046446178,0.3220207,6rv9tDAWmx8
0.03491178,0.018552639,0.028129887,0.18043338,0.22300719,0.02193547,0.02692587,0.133561,PmrtnEzxEzM
0.07024813,0.07989013,0.12051502,0.06052728,0.6049545,0.049898956,0.06825654,0.264579,dT6odjCnKqg
0.048080705,0.1041707,0.12217756,0.10908535,0.49267256,0.14911842,0.059235003,0.59160614,xkVIqB8tw2A
0.048805453,0.035212655,0.024753638,0.11198622,0.36154148,0.09065199,0.030971592,0.2159564,32vfPNcNDVQ
0.06393348,0.07719617,0.24816346,0.06711976,0.45458627,0.04131502,0.05781661,0.29617697,nktY6sHuFj8
0.079376906,0.047102068,0.07747938,0.093273096,0.3215805,0.05413456,0.046342514,0.09103623,JMq059SAQXM
0.07744231,0.1802696,0.12434834,0.5680319,0.3965143,0.5023275,0.21134025,0.8699258,RNwsdNcyHas
0.045250747,0.02023835,0.027763324,0.0987919,0.28761005,0.04268845,0.025797544,0.0943425,CrfHA8F9t84
0.05079758,0.02386766,0.04003354,0.029775029,0.37701303,0.046122026,0.032456394,0.29503626,KUskbAasVCY
0.09554965,0.042628273,0.05426299,0.11527261,0.3621675,0.047495455,0.08656552,0.13736641,Zi6j1o55xiY
0.03872859,0.04116446,0.05457502,0.037744194,0.29011828,0.03736641,0.0335073,0.17396188,IHZII4u57-A
0.08660054,0.062041182,0.06293369,0.070062645,0.5000358,0.17173064,0.09480185,0.49493402,1b7p5puHBb8
0.08676915,0.0448741,0.10426456,0.07292545,0.3437013,0.045778666,0.050463296,0.30864337,_8scFQchXXA
0.050918877,0.015154529,0.013131153,0.17508829,0.21825203,0.033932835,0.02449448,0.02824654,BqVgdPEOqks
0.094716206,0.04969227,0.09686722,0.1292926,0.4407961,0.15276173,0.0910031,0.119727604,an4pHcye2Mc
0.052784566,0.034290705,0.035463084,0.038909636,0.34958094,0.017145762,0.055892207,0.30823338,25PPglvoyrA
0.03987016,0.031732485,0.022465155,0.039322443,0.334265,0.0053103273,0.03604005,0.21323845,Nhyi1sCa8mY
0.07407746,0.038247388,0.0757487,0.08717583,0.2531763,0.00075489946,0.07603539,0.40570077,YMzNkNoFzG4
0.072882086,0.04126104,0.1090954,0.060893193,0.42003813,0.13835071,0.043817557,0.26696205,9_mZ-8PdvmM
0.02847627,0.027128369,0.043401547,0.08792084,0.29919925,0.06971766,0.020181522,0.06712633,X-zPrXJpiAw
0.042319037,0.021486087,0.023612347,0.005391614,0.29003635,0.025005542,0.024852764,0.077681586,GPugMe4ePEw
0.04504896,0.028861921,0.06925665,0.068324976,0.48100123,0.048525527,0.028618943,0.164556,d1kw1RmzrPc
0.041928224,0.122544944,0.1273986,0.4324437,0.34683707,0.054534122,0.055720467,0.5185275,WS6STkDu9ys
0.16436508,0.43058816,0.1970538,0.59149826,0.33742654,0.24418297,0.68627214,0.26305383,pkzQvXYa1ec
0.12721714,0.05666398,0.08982258,0.10189797,0.28077933,0.07970683,0.113618456,0.24506429,7FQoGPM4v4c
0.17999119,0.22786672,0.17748305,0.17569314,0.31917122,0.19239926,0.5093917,0.28718302,R3XK16DB80s
0.10492811,0.3482391,0.24667265,0.27302036,0.42317095,0.11665283,0.16712546,0.35341617,62mGOYRbTDA
0.14342962,0.093480684,0.11272106,0.089762665,0.32666257,0.09548495,0.107206866,0.121251926,b3xGITUvnjQ
0.05875955,0.2317037,0.15955447,0.046085678,0.45811376,0.43622825,0.1422453,0.25919807,X3vTt5iGvfs
0.024049973,0.013407138,0.02077148,0.061456975,0.24192931,0.0471521,0.020752445,0.09659969,YjEuIc6u4ww
0.13551866,0.028328849,0.053414892,0.08009554,0.30929086,0.05493369,0.040223476,0.19828722,pBAfr4fJ8lY
0.12224662,0.10158023,0.11292388,0.12315896,0.36658895,0.036336336,0.08382227,0.20680766,emyi4z-O0ls
0.030577818,0.024754625,0.050797045,0.06634371,0.192816,0.014646785,0.025272636,0.069770396,aa8USttcDoE
0.1356662,0.11564931,0.18770549,0.010177001,0.47330087,0.2965773,0.138599,0.48705685,TEmLrIB3DV4
0.1341276,0.084644824,0.07315078,0.08017387,0.28324836,0.036336336,0.14592159,0.15094274,cx1PcFlhv5I
0.18194112,0.638912,0.25686184,0.47179314,0.35092464,0.2712817,0.7182726,0.174967,KORGB7FJwBk
0.15021923,0.12712342,0.075051665,0.2771895,0.57394904,0.083939545,0.08167824,0.09783131,my9ozbYdWrY
0.037526872,0.022985706,0.01734768,0.06924911,0.27437255,0.029125832,0.027376467,0.0909711,stzPcqmyhI4
0.08088735,0.041018296,0.117375374,0.12559731,0.24881403,0.0024295617,0.055233136,0.114377305,1z5sPQe7LM8
0.044000085,0.075095996,0.040096804,0.020144241,0.41579592,0.019019997,0.03204165,0.07867458,p4uj75f__Kk
0.041183747,0.041575186,0.027593048,0.013344106,0.20989826,0.048868883,0.035992846,0.06708955,OQv_k43MYdw
0.08937948,0.2969857,0.13047703,0.3300408,0.32465318,0.20596254,0.17349152,0.16657408,ACNhHTqIVqk
0.063208684,0.11351668,0.15427595,0.06975433,0.4521315,0.13969667,0.0913552,0.5026579,m1alpvZHTSg
0.140123,0.660731,0.2983737,0.27726227,0.33513585,0.20963,0.34388778,0.32395828,ZZCuzVbiUJU
0.10050133,0.11470984,0.19735953,0.14315993,0.40519795,0.22982138,0.12645681,0.386284,iUr3ZB3kLbI
0.07777729,0.06360867,0.06951832,0.16696113,0.36885196,0.17661177,0.060847275,0.10582358,Ctn8uuvYKIs
0.10924759,0.09828022,0.046147637,0.0745087,0.33493805,0.043031808,0.08139024,0.17380723,1JDXpFBMJD0
0.0430826,0.016262919,0.0142003205,0.044097982,0.34272954,0.040628307,0.0222519,0.06519195,wnos_7GrC9E
0.05643484,0.0745406,0.15277442,0.0405422,0.3212284,0.068918526,0.06810648,0.23766558,uAcVrcrqhn8
0.049172074,0.069084994,0.026841944,0.11758386,0.2712796,0.017701091,0.09756874,0.17873944,V6En5UqjuIc
0.1628177,0.07623498,0.114472486,0.095487915,0.35281593,0.055333257,0.15374991,0.26279905,QDOGbhjfDns
0.07144509,0.051315203,0.10344717,0.049794205,0.3817987,0.05852979,0.056292497,0.23420674,snjhDUQktMs
0.13188614,0.7978086,0.30284652,0.55228955,0.47077087,0.5363433,0.4561489,0.25880626,LHQYJF8DiPc
0.1855217,0.56024355,0.2620102,0.10938773,0.36085612,0.2145095,0.28651157,0.66092527,mnJpp634eaI
0.05264976,0.0894942,0.12799156,0.15072824,0.38421348,0.02929751,0.067380235,0.48077524,BTxMDwAGll4
0.07711242,0.044135503,0.08914381,0.15233237,0.5294322,0.08635602,0.042526618,0.19403198,if2lIItfK_E
0.041127153,0.071202815,0.12390999,0.060583547,0.39145702,0.42631236,0.06887026,0.16570334,d6QEintFJhc
0.06836329,0.055674687,0.115487374,0.09497423,0.24719213,0.037194733,0.066249676,0.1730493,qU1Fyf81lG4
0.037010297,0.040483896,0.09917235,0.1901007,0.40527678,0.077709,0.022964934,0.13130473,3ryYvEOm4eA
0.07959956,0.07607157,0.18891205,0.06650267,0.36322665,0.13879937,0.081198834,0.35470867,K1H5X_7xwns
0.065625444,0.22716448,0.12749161,0.16232048,0.33333024,0.22598907,0.113415994,0.12222659,sun_DNEUSPg
0.020140039,0.04509856,0.020232331,0.21307988,0.27257282,0.09924392,0.015354814,0.0878381,uNLwgYG4EdA
0.02943822,0.02178616,0.027915739,0.15160577,0.18316041,0.052935857,0.02462755,0.06010985,_fEDmi01RL4
0.17160234,0.080738775,0.11213497,0.12733732,0.34663618,0.021102477,0.13736689,0.4259069,vlxghmlGNoI
0.038416736,0.02755095,0.035009503,0.12264305,0.16094592,0.19862764,0.040513802,0.068236016,B39LNWooKEg
0.09561575,0.21529046,0.28810543,0.014955932,0.3283648,0.32304016,0.16609764,0.15458988,n0jSQA2RPog
0.07434101,0.03856067,0.03163491,0.029823542,0.29594392,0.026722329,0.05071552,0.13895848,nvn3OZFdt8s
0.04934428,0.017664678,0.033313863,0.027207125,0.3385341,0.06252546,0.032084942,0.28958437,VWQIpwLmhGk
0.1375301,0.17572081,0.28685227,0.18826032,0.29076633,0.112788886,0.1563739,0.12191958,Sf9g9DJsFac
0.042231347,0.07128674,0.10247819,0.06290666,0.38859275,0.056931525,0.048988335,0.5503981,elFo1DlgU30
0.08971677,0.03561442,0.13517809,0.032359425,0.27991113,0.0056574075,0.092019156,0.40241092,hMMhl2pA9FE
0.055769634,0.062132686,0.06670985,0.12900022,0.5145179,0.076110736,0.031926427,0.12973547,4Grq-Gz5dh0
0.18522164,0.065371476,0.13066675,0.074706495,0.35407528,0.12953265,0.1575832,0.30269498,GY1yLiAuKXE
0.18183677,0.056656197,0.0870997,0.11454088,0.38846347,0.055732824,0.15555258,0.22347511,v7kiHLU1Mkw
0.3027075,0.09817209,0.06648288,0.26543105,0.48623183,0.073313765,0.15105018,0.24061334,a5YAGYyuA0U
0.03795817,0.01650955,0.01294227,0.08380867,0.1800288,0.021796638,0.02538604,0.035872966,zjKBDSsxr4g
0.108624026,0.04737231,0.09623103,0.14390583,0.48572615,0.18746567,0.095398046,0.115263514,5TVJPh_hrIU
0.09417592,0.061966676,0.08240964,0.42612082,0.24603122,0.13655609,0.08547773,0.2534055,YNMkADpvO4w
0.06740647,0.07833991,0.15050569,0.2822906,0.46598074,0.012217224,0.06454594,0.17502265,jILgxeNBK_8
0.035788592,0.047272053,0.09179831,0.09861178,0.3421729,0.0753116,0.03049058,0.24241486,gM5KJ0SKjjo
0.049269255,0.016047541,0.042612832,0.16180931,0.21186614,0.033932835,0.027386071,0.063156836,Yl2jH36U7A4
0.08230196,0.092822745,0.15565383,0.042689033,0.3310689,0.1621016,0.09950116,0.29738155,t-LuNxd7ECc
0.111535266,0.04569389,0.1278783,0.004744669,0.2616354,0.0011974268,0.07452992,0.12141891,w6aUmVRbC4o
0.075418204,0.042852726,0.03409167,0.2029343,0.324207,0.16551583,0.040562578,0.09672437,R44VfWAai-M
0.13584484,0.10909909,0.17017831,0.35007012,0.2557423,0.035306264,0.08607829,0.20095132,BkXvezSOQZk
0.07355505,0.09768463,0.07814281,0.0015805698,0.52971894,0.030670939,0.09368075,0.13443929,elYXURmfmDA
0.09639837,0.085295774,0.16421057,0.17677623,0.382742,0.027752401,0.07621408,0.22369653,QkSvRluAxZg
0.056195788,0.047990456,0.1093666,0.09013735,0.50387055,0.08796701,0.032956783,0.10388418,_6_Zqtw15dE
0.068221495,0.03167438,0.033220354,0.11811324,0.1992829,0.030155903,0.05217243,0.074911416,IgPa1upI-4c
0.080026716,0.30703008,0.264298,0.0046071187,0.3591054,0.13251819,0.16972737,0.44963038,h4nBlljZA4A
0.08698793,0.12345861,0.07359385,0.095512465,0.27690062,0.14597784,0.096449986,0.07228584,bTN_p7R_5mU
0.051072888,0.06401651,0.0526426,0.13845058,0.48668158,0.07131593,0.027276358,0.10423149,o8KVW39YLso
0.13397348,0.032016125,0.03180356,0.04120131,0.2132053,0.20302857,0.06167562,0.10613642,Dc6ga7L7_hc
0.09917741,0.04564251,0.09783642,0.11694785,0.4757433,0.0741129,0.064341426,0.32365635,7XSyyUCghkQ
0.14723872,0.027572736,0.036227867,0.020943942,0.3406468,0.13521013,0.043016467,0.107224554,NjX54L75ouE
0.029793324,0.02200291,0.017146206,0.16055106,0.2110933,0.019158829,0.02173923,0.0318448,WuiRIr8R71M
0.18334097,0.24872077,0.14410394,0.18639521,0.37077448,0.20302857,0.22622027,0.18277216,h3itLccui18
0.1356894,0.8168107,0.25775975,0.18870167,0.3269677,0.4458971,0.5614016,0.20035525,Tr7e7EzWyKk
0.22844906,0.16274133,0.29458842,0.0004946269,0.44319654,0.28825936,0.16145226,0.5819368,wNorHum3cCQ
0.14293648,0.42620832,0.2941575,0.0014754097,0.41812694,0.09709594,0.2907557,0.6084293,7WuQb1m-Cc4
0.14525877,0.064452805,0.05470538,0.60946304,0.5071698,0.046122026,0.055164043,0.24660282,Bh_OLx7lvz4
0.056183547,0.057160463,0.10652019,0.01518247,0.37980762,0.15451296,0.070205115,0.15991446,2vYKqFxguJo
0.107954934,0.017841123,0.027084593,0.26870668,0.22266595,0.016798683,0.04970429,0.05717954,KBcDRI_RRjc
0.10353239,0.12800704,0.18996298,0.12407101,0.41089436,0.16035037,0.107032865,0.32030278,daFaP9dda3U
0.08189789,0.074059784,0.13755961,0.015512292,0.44088048,0.0334178,0.072386876,0.38746372,AzULyhDB7SM
0.045920245,0.025915934,0.039019328,0.10617757,0.24221556,0.089041,0.03526577,0.10468701,PRJqV_fhMmU
0.10103873,0.13036248,0.098168984,0.4307585,0.35990426,0.07251463,0.12067226,0.2052828,gSq-3QQmW3g
0.21937229,0.083081745,0.095607415,0.22664927,0.4408162,0.035477944,0.18384169,0.34310165,UZBqM5QR5Xs
0.031305496,0.05423941,0.10188198,0.012991012,0.33870307,0.025692256,0.0464283,0.49992442,eFrUvwRWtEU
0.02860721,0.02917219,0.025934678,0.07537467,0.43353897,0.005865656,0.018265933,0.14082003,B4RZw9kDXKc
0.97149086,0.1590581,0.07526473,0.44850427,0.91981745,0.4945446,0.6924904,0.16562952,mCYqk3-lUTY
0.046017252,0.11870923,0.05906219,0.27427167,0.35085404,0.27690583,0.08783839,0.72328526,T_i6WP_pBek
0.19458592,0.059602246,0.06388026,0.045839854,0.54634696,0.050242316,0.08554403,0.11665908,0eXhGrsI8oo
0.10378917,0.09575631,0.09724816,0.16780056,0.3885401,0.11600884,0.13522853,0.5731634,4aXQ2BjdkzM
0.16070142,0.04328145,0.04728322,0.13648541,0.49954984,0.057331093,0.06425736,0.10833962,hdn_V7X_aww
0.07595217,0.06779759,0.07082089,0.075254835,0.3186215,0.044748597,0.0656196,0.34175602,spieKn_dVSA
0.082656376,0.0042757555,0.0055304556,0.024703452,0.48308355,0.026035614,0.012461229,0.033549428,rt4yU3vd6U0
0.026503097,0.0132488,0.02913757,0.1333416,0.33645865,0.05653196,0.015248336,0.14219134,IlikOtdy50I
0.11161798,0.05204464,0.0980657,0.0760802,0.29583305,0.09118898,0.096869595,0.12131579,oNfXgnJkFMc
0.056114122,0.07296811,0.12682642,0.17998827,0.2760108,0.011314815,0.05137004,0.09987366,iIO0THnLGcY
0.22642244,0.14067897,0.10628989,0.15868509,0.5865261,0.21109697,0.1587092,0.18709666,WzjOjz44MmE
0.060649157,0.037452184,0.03385004,0.0765206,0.19954696,0.026722329,0.049517103,0.08620471,XGJH_zYgsVg
0.13859802,0.07210263,0.13221867,0.18911089,0.35219395,0.037881445,0.14587665,0.38406944,sY6X1EPEVm0
0.05274024,0.21034028,0.19260617,0.117509656,0.26723874,0.28683078,0.14306769,0.49225363,Hrgv-JxV-x0
0.06151166,0.034512505,0.051387656,0.08715971,0.18458794,0.024147147,0.058795918,0.12645036,2lVggNrstJM
0.034301367,0.019978998,0.030191906,0.18173248,0.15583448,0.019019997,0.027725989,0.058810458,mnCIbPCEaSM
0.10862625,0.061918687,0.0768227,0.0029900146,0.45188087,0.037194733,0.09998307,0.2882654,IJTNHD5_pJk
0.11161798,0.05204464,0.0980657,0.0760802,0.29583305,0.09118898,0.096869595,0.12131579,BJ4pnReBu0A
0.018808987,0.011685683,0.014291753,0.278589,0.23977636,0.02193547,0.009192842,0.033795197,j_k4pFEJ5vc
0.045428865,0.11703385,0.053269565,0.09695857,0.25877598,0.010412407,0.054104622,0.121224314,4VkqlPrXUBk
0.04307955,0.036734257,0.036213513,0.37179706,0.27768335,0.11536485,0.04457005,0.30823886,smNhKZgJDUc
0.039231405,0.019173676,0.025410803,0.07579473,0.16790736,0.019158829,0.029206358,0.0668914,j5b1bpyn1dk
0.30069643,0.24336937,0.14121334,0.15160145,0.2598237,0.06012806,0.33968776,0.24181378,L9xZZM0-LSQ
0.096946836,0.2836271,0.15177555,0.33220008,0.36336032,0.15568043,0.14031188,0.17685774,ojWrIiZ8YrQ
0.038173698,0.037694674,0.024010027,0.19930166,0.29491583,0.086087525,0.0328613,0.2674994,5jFRq0Hf7aM
0.049852975,0.05460748,0.059701145,0.06287742,0.38089308,0.08635602,0.052697163,0.35974336,RGcDP5nT1DM
0.09207432,0.026234739,0.02129533,0.046574514,0.28563982,0.020269485,0.038747065,0.05706702,M_QUijG3NHY
0.07284124,0.03222223,0.042876996,0.07467434,0.31463277,0.009093502,0.048901904,0.24039882,WB0SfPbQmLc
0.14384903,0.20155108,0.17009789,0.11983573,0.48898464,0.118584804,0.13977534,0.18215106,7j3YsdgP1hg
0.117216304,0.19043471,0.12174213,0.10071039,0.25517702,0.04268845,0.15649493,0.17165944,GMlJTXHv-pQ
0.06236804,0.02069115,0.018922152,0.08890664,0.38175395,0.003279908,0.035165597,0.08844703,Wy3WsTMam-Q
0.12465885,0.038770203,0.08988763,0.023973593,0.30884686,0.017145762,0.078998774,0.37388662,poNaaVRUiR8
0.13993756,0.045725904,0.06888328,0.116123475,0.47252974,0.059328925,0.06423678,0.11072517,1e_GgSJSfzE
0.06667548,0.084566325,0.18110368,0.08467417,0.36795676,0.029125832,0.1004865,0.510209,KpWppG2laqE
0.0903648,0.13674496,0.08799356,0.2660127,0.29496443,0.12116077,0.09326241,0.10222735,5ghdxVFq_hI
0.07719907,0.02432618,0.050793283,0.11959858,0.2818031,0.020824814,0.044138372,0.07609074,XOiV-lE2x0E
0.066890515,0.024317198,0.043343417,0.018909505,0.35877505,0.04234509,0.04457992,0.33532688,Nbw0GBa3lN4
0.061130125,0.04086632,0.039652005,0.12062812,0.28110912,0.023460433,0.057477005,0.095662914,gX_8BGt_Mpc
0.0872866,0.02272538,0.024693064,0.13659811,0.3529732,0.0087811295,0.043396745,0.09819207,Flrx-ZqmfCc
0.047794096,0.06178841,0.049832355,0.1924446,0.33937758,0.013744377,0.040841255,0.13773443,gKrM1xNodoE
0.06314734,0.06953188,0.057726726,0.03987267,0.21155907,0.018325835,0.07066159,0.059066057,X8uFoVnUne8
0.08938858,0.117871135,0.08819347,0.17268059,0.35572487,0.062125895,0.09521474,0.12851101,6b04PIB5k7k
0.25705278,0.12922628,0.11393207,0.09653579,0.3220574,0.0069763125,0.20463212,0.25845587,cb5TIK4wkDc
0.09145135,0.0640408,0.12712714,0.08860961,0.5047082,0.14822112,0.07226896,0.23657532,4EnL9l8d99Q
0.04141733,0.033716887,0.038215943,0.18685554,0.18201515,0.0825038,0.053920377,0.20569868,Xiirm3WQQ5Y
0.065240435,0.0458604,0.04277607,0.10042379,0.22603929,0.00042300404,0.04293567,0.06902532,8IQ6JPK91Hw
0.07993132,0.09039545,0.15164317,0.028188687,0.43219358,0.037023053,0.0944428,0.2958171,dmqtag3CpKk
0.48929137,0.113679335,0.097626455,0.2687754,0.36671385,0.038053125,0.21837653,0.12854154,96aLi-aej7U
0.18467568,0.24100983,0.19642954,0.18978536,0.44636375,0.355017,0.28823772,0.82345974,WOhKbUk6UPc
0.029372215,0.02879282,0.06349161,0.17145838,0.3093663,0.05613239,0.024660153,0.15046054,19qNijxlRiQ
0.18384178,0.067327574,0.06691508,0.11362953,0.5165381,0.019852988,0.12722307,0.102799974,RIdKnSV6eOQ
0.043416582,0.04265806,0.022670498,0.16616248,0.4598164,0.14463188,0.02452227,0.25149554,AhO7w0bFAfk
0.02943822,0.02178615,0.027915739,0.15160573,0.18316045,0.052935857,0.02462755,0.06010982,82pDUosT97g
0.14241596,0.22974876,0.2931494,0.011615334,0.58069986,0.2712817,0.19743405,0.6719693,iULrqcSWD3c
0.11896072,0.07990786,0.083398715,0.17690502,0.32811487,0.034962907,0.09814923,0.15232225,E_kxNv3YgrA
0.045896206,0.023959287,0.03811206,0.19645998,0.2202936,0.07011723,0.040311012,0.25350395,pQjro2FPKCo
0.05838706,0.14158636,0.0697064,0.15610439,0.20375252,0.09978092,0.09615789,0.084081754,76a6FiVYZg0
0.103891954,0.040888205,0.10392891,0.042055745,0.35990566,0.03770977,0.062030822,0.19365679,88RAHxrQ33M
0.27334085,0.083547555,0.0931282,0.010421521,0.6804289,0.0495556,0.12532172,0.16156179,As29SGNul9k
0.27334085,0.083547555,0.0931282,0.010421521,0.6804289,0.0495556,0.12532172,0.16156179,opmTi4bxvcM
0.27334094,0.083547555,0.0931282,0.010421535,0.680429,0.0495556,0.12532172,0.16156179,wIjWt9zQZUk
0.045581773,0.019928845,0.026815979,0.009589434,0.25724012,0.019158829,0.026908997,0.06332459,vvKQMbPRHVc
0.27334094,0.083547555,0.0931282,0.010421535,0.680429,0.0495556,0.12532172,0.16156179,iE5LLalblLs
0.06287337,0.024421671,0.02780704,0.0020562555,0.2612228,0.027065687,0.049319606,0.24303724,bKpPwylXddA
0.06940053,0.034608025,0.019316569,0.010831564,0.43880555,0.016590435,0.026045106,0.053228322,exE4SVuYtQw
0.27334094,0.083547555,0.0931282,0.010421535,0.680429,0.0495556,0.12532172,0.16156179,A98o7mWwngg
0.0542221,0.04569984,0.04902193,0.06438184,0.23337851,0.094410956,0.058841184,0.09080386,TIZmO9uF2D8
0.08237816,0.01436152,0.023229204,0.079954155,0.41605046,0.016937515,0.053117953,0.11103481,82d9T9kpNl8
0.27334094,0.083547555,0.0931282,0.010421535,0.680429,0.0495556,0.12532172,0.16156179,5qeMroRkbN4
0.27334094,0.083547555,0.0931282,0.010421535,0.680429,0.0495556,0.12532172,0.16156179,XtResDruag4
0.27334094,0.083547555,0.0931282,0.010421535,0.680429,0.0495556,0.12532172,0.16156179,gMqEqTsOVxg
0.27334094,0.083547555,0.0931282,0.010421535,0.680429,0.0495556,0.12532172,0.16156179,y-ynD5S0Ifs
0.039062917,0.025666136,0.040858917,0.09783533,0.20695327,0.038053125,0.030883007,0.050143726,04TotrjHN3k
0.051315665,0.14249662,0.13602054,0.02155852,0.36707255,0.112144895,0.055848245,0.11880923,7uP8AT0wfKk
0.27334094,0.083547555,0.0931282,0.010421535,0.680429,0.0495556,0.12532172,0.16156179,4WOOcZq5RbM
0.030436445,0.021569818,0.024513753,0.09428524,0.26064128,0.060927194,0.019481596,0.05659002,lrgakJZWgvs
0.041550137,0.030147709,0.033602435,0.1820738,0.18494126,0.03770977,0.03806025,0.08717523,ub-WDhtr4mA
0.14631031,0.062851235,0.05266221,0.007927847,0.56915206,0.034962907,0.10337608,0.18928944,oSkAUVJwppU
0.27334094,0.083547555,0.0931282,0.010421535,0.680429,0.0495556,0.12532172,0.16156179,p9eY0e_mmoE
0.13351375,0.07504527,0.050013572,0.007883327,0.5235987,0.019436494,0.1180892,0.21364132,gZ1Bg7OmIJQ
0.27334094,0.083547555,0.0931282,0.010421535,0.680429,0.0495556,0.12532172,0.16156179,NZnMKPswvpc
0.7407407,0.10614569,0.11190739,0.2914506,0.91981745,0.11665283,0.33616057,0.37423506,oQmXn7uNnDs
0.12930837,0.29732192,0.25922245,0.025990106,0.4584478,0.38567963,0.19731767,0.57556903,l2pTO1_qlGY
0.27334094,0.083547555,0.0931282,0.010421535,0.680429,0.0495556,0.12532172,0.16156179,OetGFH7QsDw
0.25460854,0.11350087,0.08653216,0.10027284,0.44620416,0.08635602,0.19915561,0.3022196,iDYfzIhDjBw
0.27334094,0.083547555,0.0931282,0.010421535,0.680429,0.0495556,0.12532172,0.16156179,p9-d1y_9FDs
0.27334094,0.083547555,0.0931282,0.010421535,0.680429,0.0495556,0.12532172,0.16156179,AXxfcCgo-jk
0.13894859,0.03278255,0.033072494,0.00735818,0.5237192,0.038911518,0.08568938,0.11378582,ZpsU4UoceEo
0.27334094,0.083547555,0.0931282,0.010421535,0.680429,0.0495556,0.12532172,0.16156179,3XCY5M2Ou5E
0.27334094,0.083547555,0.0931282,0.010421535,0.680429,0.0495556,0.12532172,0.16156179,AG3E5NPstb0
0.14686415,0.034740657,0.03657114,0.006125122,0.5450335,0.03856816,0.08490545,0.12601279,3HO9h5MGaOE
0.27334094,0.083547555,0.0931282,0.010421535,0.680429,0.0495556,0.12532172,0.16156179,3Nu9vMWgSvs
0.04532036,0.028158532,0.038937997,0.080441564,0.1713788,0.033761155,0.041229486,0.07440825,1-rKUwmM7uc
0.15989678,0.101690255,0.113574445,0.047401182,0.49661413,0.0069416044,0.13473943,0.3679106,B3SKQO7rwv4
0.060755447,0.048175965,0.046054356,0.13220155,0.5298228,0.079307266,0.031125456,0.106822975,jlyQDWyPoeI
0.056929488,0.074378155,0.037186675,0.13964589,0.42203203,0.24991328,0.04195199,0.40228307,0XhOm_9_uPk
0.16392136,0.10912928,0.11163584,0.11113644,0.47098556,0.050242316,0.11781837,0.25913328,umik0APhY-E
0.048743214,0.104540244,0.22838557,0.09944806,0.365808,0.06012806,0.1004912,0.7686358,oZ01jRfT9oI
0.8998427,0.013945668,0.01239613,0.6188252,0.5083672,0.0027419338,0.035739534,0.007426903,rtN0UuFWBh8
0.26243815,0.13837314,0.18788745,0.07628124,0.6066649,0.1550967,0.15312798,0.53863126,MXuW-KGW5ao
