PERSPECTIVE_TOXICITY,PERSPECTIVE_PROFANITY,PERSPECTIVE_INSULT,PERSPECTIVE_FLIRTATION,PERSPECTIVE_SEXUALLY_EXPLICIT,PERSPECTIVE_IDENTITY_ATTACK,PERSPECTIVE_INFLAMMATORY,PERSPECTIVE_THREAT,video_id
0.028610796,0.12253278,0.11260037,0.32272753,0.13719901,0.2430335,0.26181507,0.62382644,GVc6Euwy-g4
0.019852988,0.055919323,0.12536232,0.2871668,0.042084765,0.12559786,0.3738504,0.5083748,oJdWbJp-9I4
0.1008549,0.090946354,0.1350855,0.34345937,0.061837215,0.12382706,0.30574128,0.19101079,Zg_CIVgHTCo
0.08796701,0.189633,0.16399646,0.3097295,0.12830941,0.40933013,0.42104733,0.78793883,AGe1x786mHk
0.03753809,0.08702164,0.05955949,0.22330268,0.042241704,0.19296972,0.26890454,0.66833556,ziYak1cIJQc
0.013050216,0.018895328,0.035712678,0.2639288,0.017974403,0.06258922,0.26454705,0.12972458,pXx_0mN5Kn4
0.024833864,0.090349495,0.06687544,0.44069,0.13229051,0.08090979,0.18855916,0.3968263,PX9WJasHpG4
0.08501353,0.047452208,0.07540893,0.25852916,0.034437254,0.13918264,0.12833162,0.33331326,y57ka2koMh0
0.0131890485,0.026615437,0.048410278,0.20032075,0.017560184,0.088580035,0.118627764,0.20164752,LMKxOFY3qpQ
0.02929751,0.017031044,0.019252734,0.2522739,0.027705677,0.024506913,0.05374812,0.13654914,s__YT_0d8ZY
0.015826859,0.025433805,0.034799762,0.2506507,0.035995476,0.03986851,0.14583877,0.13912569,s8yp53T45kM
0.020269485,0.10249281,0.07234405,0.22661738,0.082729064,0.12070993,0.19709793,0.5684718,NmJt9BMe1YU
0.11536485,0.026288629,0.01847442,0.2712371,0.030686209,0.024848005,0.28625417,0.287263,yGrt6MTTqCQ
0.05653196,0.054393385,0.044247203,0.23616797,0.046555877,0.10074023,0.5680319,0.3296341,4oFXn1uj6b4
0.015688026,0.04467004,0.03931845,0.2697044,0.042390887,0.05610745,0.17533599,0.29378745,YO6JBg5Irnk
0.021102477,0.063958906,0.08075843,0.32544214,0.056076836,0.10791586,0.20152123,0.37030345,md-B0ioXprI
0.020269485,0.115165666,0.1369334,0.35683393,0.14353424,0.19869082,0.27720672,0.4863826,T85qy0aXK2k
0.018048171,0.026750978,0.03803666,0.3012739,0.027944556,0.06703197,0.18039723,0.18320788,eKKeaoHONWQ
0.030155903,0.06481187,0.07651957,0.28124294,0.05942256,0.11339973,0.20464961,0.44998094,PSb8FcZ_-pQ
0.026207292,0.026431032,0.02357903,0.22853321,0.031933222,0.022445964,0.20888174,0.07890938,hFk6DgQfh8s
0.01631277,0.050778013,0.029262256,0.22938843,0.022994205,0.0369937,0.368361,0.13596521,7anFsay6ors
0.0753116,0.039805554,0.058479205,0.34347072,0.051155776,0.119029455,0.10906652,0.26698327,7F44eSgDtj0
0.025692256,0.12147439,0.11907067,0.26024044,0.07567861,0.29597554,0.18622777,0.5257783,54IVdcMDgNo
0.31682462,0.84531164,0.64262056,0.4211698,0.28758773,0.5237286,0.58519334,0.5523017,A5SKmZxVwnA
0.029469188,0.069370225,0.055750854,0.3904896,0.10913874,0.06389543,0.13553242,0.23114413,SytZ_xPo6z8
0.055732824,0.14285754,0.1517193,0.26740423,0.07259289,0.3147244,0.11110885,0.5424227,WuPpHQIhHfM
0.01193956,0.042115603,0.04437832,0.20250987,0.04894554,0.0622958,0.096613385,0.2619606,ePIimSKn_vk
0.0121478075,0.015399148,0.024499534,0.1907962,0.017425776,0.018620806,0.045677766,0.11601405,taJ7_YJjzcw
0.012078391,0.083024085,0.08212005,0.18711096,0.03428868,0.111879915,0.19360304,0.46126202,78q8mgTfCfI
0.032559406,0.03419293,0.0663328,0.42985415,0.06906729,0.13127092,0.08209101,0.24745761,FDmnv0e77wg
0.012217224,0.029304123,0.024513518,0.29621884,0.03917443,0.047342744,0.17084502,0.1025027,shNpRzE-HKU
0.015479778,0.01613977,0.03165595,0.2365617,0.017569846,0.030349575,0.0902936,0.21198912,vEDNOHKH93A
0.028610796,0.059867397,0.058418524,0.19442706,0.047223717,0.15294527,0.29528585,0.35406026,uN1zbJ6Ckeg
0.03204437,0.03725612,0.11648496,0.29855844,0.036811735,0.10226338,0.17448306,0.16225766,1UiIwCE1yW4
0.01631277,0.093491055,0.11725831,0.2744257,0.06706519,0.11608422,0.13559577,0.3345359,_ZH2fCWzCN4
0.040971663,0.07406443,0.1103175,0.21845149,0.043522134,0.114219055,0.1432428,0.31547517,eQK9fL1Ed9s
0.10828095,0.01717407,0.062329233,0.31898275,0.025330646,0.0872412,0.28935015,0.19027667,cr0BS-rKM54
0.15334547,0.0853979,0.09813131,0.43489096,0.07676847,0.2901259,0.17721713,0.6280221,xUnXFl1U6js
0.02929751,0.11597776,0.076669216,0.22431684,0.053613678,0.12484491,0.19230133,0.71731055,PfAqU20idjU
0.0168681,0.019761208,0.024496786,0.21961302,0.02206435,0.03815554,0.19886789,0.26829338,voeYMQldU0w
0.022773718,0.048282992,0.090971865,0.20031725,0.030018631,0.18965928,0.25325203,0.17187066,hoFt-bIHe7I
0.030842619,0.032590214,0.064257674,0.35884964,0.03675935,0.0472475,0.092097,0.36881855,dsHkc7uV5sQ
0.078108564,0.05679867,0.06661677,0.28261763,0.057895888,0.13015464,0.19624354,0.31690904,7UyGE0HIBLE
0.30337667,0.19294746,0.19035096,0.23102361,0.044272326,0.23490016,0.62659425,0.91432226,gR_6gDrBI24
0.019436494,0.038462743,0.048444457,0.1999541,0.043828074,0.09026265,0.31491336,0.1906386,Wq7JfnZCTfU
0.017354012,0.19758305,0.16090563,0.28371105,0.15289494,0.31853557,0.23668927,0.75063956,v291CTvM1cI
0.03856816,0.063208535,0.07702609,0.26111972,0.046022784,0.075432025,0.12294398,0.2970665,Yrl-NR71iuc
0.032902762,0.049830038,0.03353269,0.21979511,0.04406517,0.061642647,0.46585757,0.26211876,G7ihtlYsZlU
0.0168681,0.012448421,0.016239537,0.17926651,0.017754206,0.014297678,0.14360648,0.12477134,ORFNpsGSEwI
0.018464668,0.036638543,0.030709531,0.22164138,0.0319148,0.038640488,0.05527751,0.22251745,ZH4GruHu5Pg
0.051737156,0.04287995,0.05316793,0.19430755,0.02251349,0.14423949,0.17000495,0.39474326,abSoQcDccZw
0.011106567,0.026484186,0.053052608,0.4112534,0.035978485,0.045092057,0.27551198,0.26473105,8KOY5PQdR7c
0.010967735,0.057932224,0.09058068,0.3405362,0.07040393,0.060789295,0.18464284,0.3310667,c2th4K9sdSk
0.04234509,0.08558668,0.105482295,0.33146217,0.07052385,0.15156657,0.61563754,0.37451255,CyZgopmt-ZM
0.02124131,0.03926697,0.06456514,0.20460525,0.030911632,0.07494878,0.02154147,0.21990488,J3jFlSAlkrU
0.018048171,0.123721115,0.11466576,0.32338497,0.08927772,0.265253,0.13591552,0.6269907,XdKX3a5jIo8
0.13521013,0.10378427,0.15104118,0.24760088,0.05026178,0.09753538,0.22080697,0.5296655,fB1afkAaVKk
0.22157386,0.041511282,0.07025122,0.4222606,0.038342703,0.13219771,0.13015485,0.39957199,KUwq8dDb7r4
0.017284594,0.026494976,0.02817696,0.2565072,0.027244505,0.032681026,0.08517064,0.11955642,lM94ubT_pzA
0.11665283,0.0496294,0.04340311,0.263085,0.06444091,0.08322577,0.31889984,0.37697694,AQbmpecxS2w
0.087430015,0.10368239,0.16257717,0.21705219,0.05015831,0.35300744,0.16898473,0.29738602,5FcEjVyFXVE
0.1008549,0.084156565,0.12411651,0.30794808,0.05241391,0.25404483,0.29908645,0.5863584,C-VjqMZRCTg
0.08555053,0.14009672,0.16015843,0.30191442,0.1262789,0.12491522,0.18718815,0.5202688,E0hNxj3k_nw
0.017354012,0.01955739,0.01658151,0.18573487,0.029359078,0.028067011,0.12141738,0.1258736,gkwHhlMM9WU
0.019852988,0.04093116,0.04437557,0.23739776,0.045609504,0.06875878,0.17999616,0.3736432,W31lJVf1pRQ
0.019852988,0.03299899,0.03684843,0.23570967,0.04243655,0.05820468,0.2082629,0.3050282,Bp2qbEMLxOE
0.015688026,0.040778115,0.039922573,0.1926556,0.04146447,0.0542152,0.17587157,0.2298819,zgij2mv1cag
0.031185975,0.13557191,0.20679824,0.34201905,0.125044,0.15325508,0.43622312,0.5837815,IVZuUeg-pZU
0.043375164,0.110060185,0.08673792,0.22331467,0.065152764,0.16422752,0.15390927,0.63484657,9DqLRjAdIGo
0.16827796,0.065875866,0.11053893,0.37374657,0.043087106,0.18185028,0.13237283,0.54470146,j653lt1K60E
0.13431281,0.12194923,0.06581001,0.3330053,0.15855488,0.12237327,0.31001136,0.5575503,jRxpG_hli2E
0.05613239,0.03246179,0.04932037,0.20496905,0.023030583,0.026498657,0.09555585,0.07938073,jvjAUjocivU
0.013605545,0.036212515,0.031122463,0.2635506,0.03446404,0.06500004,0.25834674,0.29827815,VPbEX9_obwc
0.029640866,0.10095793,0.097666666,0.27536756,0.04124283,0.26013818,0.7079002,0.6148795,3TJdrn4na_E
0.033932835,0.11378433,0.11217078,0.30419734,0.08541811,0.18723173,0.19977643,0.5252987,qVxA9LPTyaY
0.05253629,0.029454436,0.0398531,0.36679086,0.036359932,0.074625604,0.18355751,0.30839163,XdY7l3qvnmo
0.01999182,0.04456419,0.043689642,0.18757959,0.028539449,0.052357532,0.11064436,0.27859667,9DJuycT--fs
0.062125895,0.124131314,0.114227265,0.2552957,0.064816914,0.16315737,0.11282123,0.51043904,mlLGGj4gZqw
0.013536129,0.049210668,0.08865394,0.183438,0.02825596,0.099322684,0.17575116,0.39262164,XY8kgPEjSJ4
0.10956893,0.032730103,0.07900251,0.18953809,0.017924026,0.044970322,0.14976022,0.14589474,DyULPswOtts
0.03049926,0.18430783,0.2408924,0.34240916,0.090093724,0.22781059,0.15359904,0.7682646,Pz7wQFxOaZI
0.015340946,0.019382302,0.02432685,0.26984024,0.028220193,0.018643644,0.25768426,0.1265713,3joupvREek8
0.13146462,0.09694288,0.24820583,0.30291054,0.069199055,0.15590625,0.41305825,0.6114401,g98hlyZbqlU
0.09816993,0.13954082,0.12363629,0.28947514,0.13308845,0.18366526,0.37387297,0.55540574,OR6cmJ-TSaY
0.1580154,0.22591056,0.5058911,0.4783265,0.070583984,0.67271876,0.1950961,0.8113717,bfSfLc8xlOY
0.048868883,0.0315913,0.03959895,0.3438938,0.032300204,0.050107997,0.38406768,0.28030774,NItt0Y7fQew
0.04680874,0.022345632,0.034536052,0.21508536,0.018667674,0.081770055,0.2583448,0.14926925,E7xZ-ws5N9I
0.019297661,0.08692075,0.093402624,0.24603519,0.037784267,0.1315028,0.18944073,0.55256844,QhuOTHRc6js
0.038911518,0.106759116,0.06530102,0.21788691,0.08096785,0.1153645,0.19351041,0.52728134,qFyg_rYI2CA
0.042001735,0.1457884,0.18325539,0.268932,0.14009233,0.22493578,0.1623305,0.48267403,7FNWR0WJZZg
0.05773066,0.12703456,0.13750331,0.33419752,0.11185811,0.29002738,0.21234576,0.42125526,GgA6OqJ6TY0
0.1609341,0.030711921,0.056133028,0.28081185,0.027407894,0.13165931,0.112031184,0.20253643,KdoTahnaiZo
0.015340946,0.029804764,0.02511903,0.25129244,0.040339608,0.06933696,0.27304766,0.25957504,63rGh9IlZRg
0.17173064,0.11010192,0.17123008,0.4686623,0.1885735,0.25000823,0.08915871,0.39056927,DPZyvGNyBl0
0.016521018,0.051183555,0.06361789,0.23003188,0.035753958,0.08386285,0.19293907,0.33784333,Pq5sxV9tRB4
0.19634613,0.22510077,0.3666666,0.42529258,0.10151974,0.69074607,0.3407797,0.8601733,DenKUHx1S0E
0.090114996,0.14309202,0.18001969,0.48952898,0.13920143,0.36297396,0.0299464,0.6064128,D9Lo4gdUBD8
0.020269485,0.02996522,0.05575796,0.26611575,0.03443658,0.1345845,0.30415234,0.19671378,Grzs5C429sI
0.017909339,0.019192833,0.038728423,0.21577333,0.028147882,0.027280997,0.18581529,0.16589716,x7iC8AwOIhY
0.09333697,0.124691874,0.12109379,0.30963355,0.08238136,0.12940931,0.21831092,0.6601162,ZBwgg5Sy_84
0.046122026,0.079696946,0.06590604,0.32063654,0.055218883,0.09983701,0.18080328,0.45250112,B3pqMHJ6wSo
0.022773718,0.06976026,0.07902975,0.3087256,0.042341646,0.08674814,0.6498283,0.23507218,MrNHNrAmJd8
0.013327881,0.052977882,0.042715,0.34152293,0.037448153,0.06508569,0.41343683,0.40876266,WcCLRKaPstk
0.011592479,0.038314547,0.04661137,0.1941974,0.027775967,0.044493552,0.20005055,0.27191976,NdSlbvVwAOk
0.040284947,0.11851896,0.08679727,0.29674134,0.087711066,0.11941953,0.25697514,0.5570178,JCYT5ASu2Z0
0.04406188,0.11095902,0.14943947,0.24392109,0.061455596,0.20556955,0.12236822,0.52689934,zWGBlJFBAys
0.0471521,0.059472043,0.07388876,0.28842777,0.06037667,0.17568555,0.22651628,0.41565484,Z-F3FgfbBEY
0.025692256,0.113238975,0.08133599,0.23071821,0.08480408,0.13591185,0.17310248,0.5286159,n5mINmshSso
0.025005542,0.045023467,0.042845383,0.16195981,0.036057528,0.05946497,0.17985156,0.45258436,cgAwmNdXcks
0.049898956,0.07080123,0.08598873,0.29578117,0.037655473,0.17088419,0.17069063,0.4878069,e1-YgKrYgBE
0.19936113,0.28608924,0.26032752,0.5003247,0.39634985,0.37353367,0.0097555695,0.3380145,sgri5w6mYTY
0.017284594,0.039347738,0.039554577,0.2765139,0.025914097,0.029165158,0.25215787,0.3046898,OcQeYDpX0s4
0.0495556,0.047913603,0.11439028,0.22213784,0.029462347,0.09535377,0.13498302,0.49450967,Hecr1SwGAdk
0.019297661,0.029044982,0.03457707,0.24600662,0.03691298,0.039942637,0.17254362,0.23634808,EJtaI3DwnA0
0.011592479,0.031175124,0.058837622,0.21055382,0.025034782,0.09338322,0.1833174,0.20289768,T7GABP-noAE
0.27856,0.14156134,0.23210746,0.2614191,0.07130681,0.39247772,0.18560566,0.35237736,LYcnTS8JW4Y
0.15130237,0.015340891,0.03101699,0.24474122,0.013800742,0.027809113,0.5103258,0.04820044,Zd5JxR67IUU
0.057331093,0.18823645,0.20367217,0.33555317,0.124373354,0.4102229,0.2261277,0.8488348,Q7dXflJSXbk
0.0136749605,0.031344034,0.030039156,0.2100938,0.03451479,0.041274678,0.14889802,0.22611955,_OgSMPmj09M
0.036851373,0.10144514,0.24665484,0.23178266,0.038631197,0.24844567,0.2687806,0.7162176,2Ce2HLR3aaE
0.13251819,0.31408444,0.20381732,0.42848358,0.50768,0.27953535,0.30162218,0.6327557,JL19_UiTJhQ
0.13655609,0.035336427,0.02896395,0.32847515,0.0492245,0.032788493,0.062089153,0.15187113,2IgQG70QYac
0.023117077,0.05100973,0.052425124,0.21414164,0.038203277,0.060987834,0.36052448,0.36194602,ZY4sSY1UVNw
0.00860759,0.17142977,0.2238193,0.3168034,0.07116291,0.45139563,0.19260524,0.76977557,ngtiFX8qxgg
0.016451603,0.040244088,0.06412151,0.1810337,0.026489602,0.09471355,0.38334316,0.26417413,fTsFPzUSe7w
0.019297661,0.056745183,0.04722186,0.24538408,0.060413674,0.13486454,0.11857131,0.3957736,6I_Gdgv4JCw
0.040284947,0.11851896,0.08679727,0.29674134,0.087711066,0.11941953,0.25697514,0.5570178,nJzX4V1gIOc
0.1019289,0.049164556,0.054847643,0.27079883,0.030247508,0.08159099,0.39516684,0.1828026,CAvL4tqEP8Q
0.009440582,0.016412633,0.018944055,0.23038454,0.017082445,0.029551776,0.18002705,0.07660341,eQvvIRyNGSk
0.04406188,0.06247751,0.1385257,0.20977937,0.032171283,0.076908395,0.15454368,0.24525544,LC03govl2vE
0.022945397,0.07006293,0.054165304,0.1824036,0.037342288,0.080211416,0.18745811,0.32508296,yhYBM0jcsWU
0.027752401,0.035321806,0.030262824,0.26298314,0.037024867,0.035958584,0.28480425,0.14913777,IHnxT6OJmjs
0.060527626,0.04405393,0.066201806,0.25953615,0.026958156,0.10825094,0.095581435,0.2744056,sDxL2XwbLi8
0.017076347,0.050679058,0.06227701,0.23427492,0.03552781,0.072853126,0.19644864,0.317319,CvrMU2DzmO4
0.02193547,0.057577964,0.070953816,0.22961746,0.05913548,0.081510596,0.10870697,0.34356067,nJ2xpBPwGI8
0.014299706,0.041347966,0.054111216,0.32491973,0.037756395,0.09389614,0.26849735,0.25018355,1lj6KFXeKHc
0.064523295,0.05689526,0.102909446,0.20744923,0.025132952,0.20827979,0.20164503,0.13774976,UAhmPkklvig
0.1423886,0.09878606,0.078694835,0.4687691,0.077767104,0.07181415,0.14532328,0.25316694,SLogFCLD9-4
0.034962907,0.08710775,0.115788445,0.238262,0.060013138,0.18514754,0.43943316,0.3961288,G8Nc4KErK4I
0.02397547,0.049297575,0.032447014,0.23683868,0.057946697,0.06827115,0.18028016,0.33316475,17ahHpGcFVc
0.14418322,0.14071414,0.22782099,0.38731167,0.14906147,0.12248635,0.13495557,0.53853923,if_pta3She8
0.01561861,0.027589569,0.027785717,0.18906471,0.02818357,0.035030488,0.10815348,0.21275435,wvvsNC9EZ7A
0.021796638,0.076221,0.064241834,0.25518036,0.056890786,0.1210017,0.2582083,0.38366848,eb28ei-vsiM
0.2088965,0.13970669,0.20741497,0.4199452,0.07185748,0.122365765,0.045246337,0.52057487,3nffRI3PW9o
0.022074303,0.067831464,0.09587349,0.21371414,0.038669165,0.12924439,0.21466228,0.48918372,94hDDNln914
0.016035106,0.018480258,0.023214921,0.21600369,0.020607626,0.037148613,0.13842522,0.09711449,yg9_ypQTIWs
0.028782474,0.08961405,0.115230024,0.33282292,0.1057411,0.17136022,0.1407222,0.50346005,MK6jVAcuHZo
0.14956708,0.11243919,0.1329445,0.30902362,0.094547205,0.14312938,0.17800866,0.3310152,gnKCKmftPZY
0.029125832,0.057027336,0.024627374,0.21006101,0.06444035,0.04802334,0.10161223,0.14660972,lHZemcusPKg
0.01492445,0.13099922,0.061201204,0.4525513,0.063553885,0.07468353,0.088916875,0.3163845,7B5cXbupyhA
0.031701013,0.028658064,0.03390118,0.30573234,0.04264374,0.033505347,0.09204279,0.2371963,SzHA_avtuX8
0.019019997,0.07747676,0.12669306,0.30018708,0.060423747,0.15859555,0.105897166,0.41425458,iGJE9zE2hrk
0.062125895,0.055355992,0.044529624,0.3306937,0.07057893,0.074072905,0.43872243,0.4352423,1AQQy1Jv9Qg
0.030155903,0.038442146,0.030961312,0.18374836,0.036056127,0.048066508,0.16985188,0.27588323,4a-rnOSM1sM
0.014091457,0.038397,0.034580644,0.24928616,0.038492374,0.046490274,0.08521641,0.18391182,WwWM51wQ6tk
0.048868883,0.031455606,0.039563943,0.21698754,0.025039667,0.038954686,0.3627188,0.26735726,rstgCBTsNhI
0.0090240855,0.022841983,0.022762122,0.2984823,0.036502253,0.037111543,0.06222487,0.25879848,cPuYONMsfgY
0.018742332,0.08069151,0.13371274,0.30136353,0.04565062,0.23376425,0.24037164,0.3583102,ePGN7TiebZc
0.016243355,0.03289827,0.049422618,0.2884781,0.028979428,0.042291682,0.25292817,0.30921137,V6bXfQwG-88
0.024147147,0.05804882,0.032337938,0.16785352,0.039950363,0.07134876,0.18745811,0.37816584,aFUhUBQr8o4
0.014507953,0.03437772,0.044699825,0.32435265,0.02615154,0.11346955,0.19587463,0.2751644,o-aCPT32qNQ
0.0334178,0.09188846,0.06949277,0.3303693,0.075798854,0.07048445,0.19310626,0.39208075,w2MMFvnwd1o
0.01665985,0.081015274,0.11163423,0.21542603,0.058205623,0.2636631,0.15970978,0.47210786,i1pffvrs5qg
0.021518974,0.09704863,0.16143946,0.26890707,0.041239288,0.1443009,0.16943999,0.59838206,N3mNEFLsd08
0.036336336,0.093626894,0.1643814,0.31057185,0.07113494,0.16931328,0.14020963,0.52438295,zaSAm9J-VNE
0.086087525,0.120079614,0.11890287,0.31791028,0.06684154,0.18825822,0.10959657,0.39447156,Xps_3GJ_FU4
0.103539884,0.14147985,0.17164297,0.28106648,0.10636304,0.30218795,0.5680319,0.33725035,Wz_9XpjNnpQ
0.03461955,0.020852828,0.031066377,0.26736197,0.02719403,0.032038834,0.4395876,0.24033852,wfdF5QmROKs
0.24991328,0.41847506,0.35201877,0.42587963,0.29004133,0.6825386,0.5394846,0.758977,q-R5Ry7fQFI
0.24418297,0.13467143,0.31610078,0.42448902,0.04674153,0.41389817,0.2686277,0.38933256,rUcERj70CYs
0.21539254,0.055321287,0.077340804,0.41224697,0.040391568,0.14938618,0.31886423,0.5762593,ca6_ddQhTKY
0.14059398,0.14206105,0.20481625,0.43782327,0.112136416,0.42123672,0.19864261,0.61367136,QKxSnHEOlew
0.11407687,0.060699876,0.07247683,0.38528115,0.06820227,0.14138463,0.095352605,0.38225657,x4tz0fFHVIs
0.07251463,0.102375135,0.0828603,0.28826904,0.20466398,0.11203203,0.16954456,0.2359448,3iseJGcBEqY
0.11472086,0.052540053,0.081513986,0.3058358,0.06312888,0.19188176,0.34132192,0.26192006,qhh1aQDhd0k
0.22069082,0.1427634,0.203826,0.37436154,0.13711394,0.21361102,0.11541477,0.55969447,dPM4ypW_Edk
0.3170379,0.043765616,0.12039228,0.39276862,0.037268817,0.15294328,0.0786061,0.26933497,TXxbtUZNI9s
0.012911384,0.017521027,0.02402522,0.16714208,0.014060023,0.031578943,0.10046008,0.05075663,dh2EftJCefY
0.06412373,0.039349828,0.09256834,0.3516803,0.03987441,0.08674969,0.2681165,0.17152679,nLLPcdBEvis
0.016243355,0.027382476,0.021727867,0.32585016,0.057516854,0.020164808,0.21761632,0.21606664,e01WJ8JqLto
0.03856816,0.07043105,0.052527867,0.27771118,0.06057359,0.058517024,0.13643828,0.40902045,O4Vnp1DKqg4
0.023803791,0.13344148,0.16246243,0.3699203,0.09904035,0.31429228,0.11278643,0.7890741,PX-oejoANiQ
0.03856816,0.04482251,0.07127946,0.16447647,0.01223155,0.03021276,0.085108764,0.051615153,Sqknye-OD8U
0.01665985,0.08065379,0.09338225,0.34026164,0.07095925,0.20570558,0.32694831,0.5383176,agqXxsU3Kf0
0.010898319,0.024670718,0.030048901,0.24378595,0.0126742385,0.024449,0.22215919,0.2544162,62A2rpakT_Q
0.011523063,0.050338015,0.07727448,0.29895267,0.045190174,0.079048224,0.14026065,0.27254173,0tOQ5AaFJdU
0.03770977,0.06462823,0.10928014,0.26869342,0.03234287,0.11498874,0.5139589,0.45054933,zrq0FjZsI38
0.05613239,0.039654836,0.096499346,0.23738681,0.031232964,0.1709407,0.15750659,0.26343402,PxxUPW4BPmo
0.033074442,0.06483509,0.06536749,0.25753334,0.048416708,0.08813605,0.07810744,0.39977947,jqiaGC3BxBc
0.13790205,0.09945758,0.13419531,0.26504546,0.0156025225,0.13346346,0.708063,0.8559894,opPNDLGyrzU
0.012425472,0.02665568,0.047174707,0.33287364,0.039851956,0.06381177,0.111247204,0.2427654,qN177RfPPYA
0.18055865,0.043534774,0.04589731,0.3763814,0.05175716,0.06338158,0.17902331,0.22594287,6aYQnlzbHZc
0.01721518,0.025595894,0.036015943,0.2854424,0.034450997,0.044738,0.21175525,0.24496564,378RM-rmKx8
0.1668969,0.10845642,0.13187033,0.23761106,0.06739856,0.23996969,0.37926295,0.5647852,ohQ6iyOTM04
0.02792408,0.05294738,0.04825209,0.35650223,0.058706187,0.09322541,0.1532902,0.28673136,VJZp5FsosGU
0.060927194,0.058457267,0.09005584,0.23639512,0.035919283,0.06496266,0.40935266,0.2789642,L5OybeRWhwY
0.017631676,0.04039983,0.04318584,0.221681,0.03285642,0.051331107,0.10812128,0.20846467,8e098vlWVIo
0.058130227,0.027938256,0.1434962,0.22991808,0.018987749,0.065975994,0.16622974,0.09276496,QVm-77tdLXc
0.01193956,0.04650357,0.03519067,0.39548612,0.08453947,0.040829193,0.23558314,0.27367553,9elcYUM6k-w
0.027752401,0.047763992,0.034307063,0.19865791,0.045819327,0.0481174,0.12194444,0.28266895,gOiick5SAa4
0.079307266,0.06934961,0.07095214,0.35970375,0.040984686,0.13375922,0.19391695,0.4872843,W44qM3jJmd8
0.13476147,0.0739876,0.07763638,0.32838768,0.060535215,0.0932882,0.42071435,0.5734676,lkJPlLYuSgg
0.025692256,0.038290408,0.03380161,0.34398365,0.03429143,0.078905456,0.26795527,0.36042753,u4sqGxGqmwo
0.034104515,0.10122202,0.18947737,0.24141191,0.058815118,0.114207014,0.112372056,0.2643594,IColTjUqGlY
0.015410362,0.04203998,0.05604394,0.26932228,0.042158864,0.116361,0.22932284,0.32985124,0dqGRcpJS4I
0.104076885,0.1459697,0.11111205,0.4183097,0.24664861,0.22598018,0.1496827,0.5081578,z24lEWn7Gnc
0.055732824,0.036860473,0.08947375,0.23275042,0.029569875,0.12573968,0.27749297,0.12770803,3erTarnxm94
0.08330294,0.114437595,0.2192516,0.3470292,0.053344186,0.2266702,0.177351,0.46152213,nS_8yhLpvkU
0.20596254,0.091361694,0.17847428,0.21449797,0.01614573,0.29732725,0.5680319,0.6250076,4EKACxqLe2A
0.059728492,0.057758037,0.06642451,0.2156424,0.045751054,0.06381479,0.12874195,0.2979337,1RvtAwuXlJA
0.28683078,0.13240832,0.21619159,0.38440427,0.104182,0.3906449,0.18027098,0.45037732,pM8luxFmrXk
0.032902762,0.0951591,0.081202745,0.31000185,0.12823153,0.10230376,0.20365153,0.29801926,oeTqwx4Z85c
0.0765103,0.048431665,0.0896415,0.2772838,0.041704953,0.17319287,0.3547733,0.32644162,gC3FaMxL8Pw
0.016173938,0.027708484,0.0333126,0.19839403,0.02311722,0.036982853,0.09250908,0.11898224,OFUn9JQNc7Q
0.058130227,0.035652068,0.049047414,0.21318725,0.027836062,0.10612372,0.5361381,0.20951182,Dm-F5wN2RwM
0.112788886,0.14374863,0.15343821,0.4108487,0.15196745,0.34747085,0.32572302,0.46113217,3iJR7uZJsAU
0.038911518,0.13311353,0.120485276,0.32923967,0.119447514,0.4285258,0.4213471,0.71481717,FJOfQnS7vPs
0.18549223,0.12236085,0.24669828,0.541226,0.13254261,0.3190885,0.27656204,0.61308354,HHSCsol9e6A
0.05653196,0.057130203,0.037286744,0.39010775,0.11087213,0.08990926,0.3321931,0.3032458,x1ICADQX9hk
0.022773718,0.015327645,0.039139874,0.28956738,0.036584638,0.01573316,0.29752,0.08202201,gSPpKHxSovk
0.31671798,0.043157533,0.1403155,0.37169203,0.033381008,0.19337401,0.0295211,0.29822198,yuxOQ9uN0Xs
0.010204159,0.03784187,0.05471392,0.18883286,0.023761641,0.03786649,0.1843442,0.19922125,ZUdlnCWYBXU
0.118584804,0.17300065,0.32020587,0.2873031,0.10130716,0.25933346,0.41010323,0.42667612,zTo8P_mophY
0.021518974,0.12911297,0.10524899,0.3387365,0.14625734,0.15369755,0.2716396,0.53164196,iYE_-6EdvbQ
0.026722329,0.086287044,0.071018666,0.3907635,0.08544811,0.10795271,0.13317713,0.48794293,bq22KzsSsfc
0.15743166,0.18183099,0.40028414,0.31705052,0.052837033,0.3362859,0.23551631,0.5995916,mo7TREYhL6o
0.043375164,0.065220065,0.081220776,0.28295958,0.061382987,0.21962887,0.3046209,0.33285493,2epSYeFYHlU
0.0186035,0.10069141,0.1002636,0.32318407,0.05155487,0.14761494,0.19357517,0.5434182,mQ_BJIZB6UM
0.04165838,0.049994323,0.05528181,0.25578126,0.055646498,0.07753599,0.14338292,0.34484616,jYMTQzyeyEU
0.076110736,0.026903076,0.04778069,0.25472507,0.040340684,0.065261506,0.22253913,0.14925101,8C1uIVMHiQ4
0.059728492,0.07905276,0.15951464,0.33486345,0.058582444,0.12875214,0.5868223,0.4698912,mF9RfA7h-GI
0.024833864,0.026340166,0.021689435,0.14448647,0.02158674,0.044281393,0.08309834,0.13620327,daJ1MjJtOV0
0.08689302,0.0152318,0.038036466,0.15153675,0.0134416865,0.027143877,0.19084013,0.07314223,lV8OMUq9KAc
0.01492445,0.03944491,0.028569454,0.25101185,0.03281403,0.04156521,0.13811058,0.27820244,swEH_oR150Y
0.12180476,0.040848818,0.13625072,0.19306368,0.019318393,0.06257901,0.15731083,0.16052699,_Rk-l7rvUlM
0.09333697,0.09631535,0.13751107,0.3637273,0.09307188,0.28697288,0.24519779,0.4595044,nHSCu5zEp6Y
0.021102477,0.07738864,0.12169364,0.22081439,0.039908398,0.26424924,0.25145587,0.49224618,xoWB_ttZHnQ
0.016729267,0.071061075,0.14998126,0.33341098,0.059240922,0.15248404,0.26321018,0.4704486,xECzuKPMXHs
0.035649624,0.10296374,0.053025156,0.29216543,0.095321365,0.09321915,0.2515257,0.33849224,-Fv1BUu1NJk
0.036851373,0.09946638,0.09248707,0.31098178,0.091659315,0.14617477,0.3261506,0.5230369,7Or930cCMs0
0.027580723,0.16080827,0.20586926,0.33838356,0.12858745,0.1755212,0.19921362,0.62872463,gcnO-X-ts4g
0.043375164,0.051189568,0.027937854,0.15168491,0.040517014,0.077870585,0.16281608,0.25340468,31Pers34KWU
0.02517722,0.034437906,0.05181788,0.2561773,0.032957282,0.07084219,0.102144316,0.19662069,2rZoQTPZ-QY
0.018187003,0.013431931,0.024119372,0.29767045,0.020708872,0.016834319,0.052676108,0.18441138,5WIdQATX-UE
0.014785618,0.0987265,0.08132667,0.4057305,0.102695234,0.13927428,0.27779582,0.5123161,-bJm3Qu9jjY
0.010412407,0.06288164,0.06511265,0.3439439,0.072437584,0.0585927,0.1877558,0.40137213,3S4HMnAntCI
0.01631277,0.02985943,0.035278358,0.2319452,0.037818164,0.046444155,0.113343,0.27459425,Nfxg_YDxA8E
0.015688026,0.04804562,0.09787641,0.26972336,0.041988216,0.076331876,0.2851295,0.16855296,10oBwDS-3GA
0.043375164,0.15216014,0.1610676,0.25348297,0.074947454,0.39255217,0.18040515,0.7513426,_oAy2ikWA9U
0.39230084,0.49337652,0.8060047,0.4475968,0.083361976,0.29612747,0.07288626,0.4234048,dDSdlhG4aG8
0.61826205,0.6956582,0.6979252,0.4127149,0.5668896,0.39504665,0.6047566,0.7101829,X0IYsEyek-I
0.013397297,0.029693862,0.020502904,0.3170851,0.034728512,0.028957676,0.24024221,0.12047225,lCdg9r7BJzM
0.030670939,0.024958,0.029883878,0.21299459,0.026705459,0.041294232,0.20959197,0.16554911,Xs9ESfDoEpo
0.039254878,0.068731084,0.1538266,0.20855662,0.032386545,0.08613454,0.19682214,0.24777825,aJbYSB4plFM
0.015132698,0.031528898,0.07729739,0.21866858,0.025955603,0.11660966,0.25839922,0.16953966,F7pFqY0OesQ
0.025520578,0.18691236,0.29419765,0.4174525,0.13441698,0.16050561,0.26534015,0.5071874,ST0w2tkuWN8
0.019436494,0.03405967,0.05665727,0.22626288,0.027111147,0.06882687,0.12110108,0.17798692,HfrwLeW-tUE
0.056931525,0.07681581,0.057380307,0.2642289,0.06800239,0.10433355,0.1769899,0.34784272,Q9IC9Sedd1Q
0.07131593,0.059703536,0.07506736,0.19908027,0.039122406,0.06610291,0.28810403,0.2825435,5mUYzCszZWE
0.03204437,0.07500105,0.06832772,0.22909708,0.044357307,0.11055711,0.16416325,0.5479121,GDGAFScTSW8
0.014855034,0.05218541,0.041728806,0.19443884,0.040229928,0.0672645,0.13969995,0.3760269,EyspQq20A7g
0.22069082,0.0607866,0.12119743,0.3152389,0.055121657,0.21037272,0.6313673,0.30370536,9ret4TzP9e0
0.011731312,0.05199224,0.0414199,0.30325878,0.0745069,0.0501295,0.06356563,0.3454266,Pg1IG59Sw7Q
0.0131890485,0.034921285,0.04139725,0.27606553,0.03252733,0.09724127,0.3277743,0.24898097,--5-yUlz4T8
0.016243355,0.08245657,0.07260361,0.34848297,0.08676097,0.089500055,0.07646471,0.2986455,Z6islRXZZqU
0.022213135,0.037213847,0.08966306,0.36730438,0.04434835,0.07535138,0.15252869,0.3053518,lNSAOwvU_PM
0.0741129,0.065681,0.071848884,0.23395953,0.050110064,0.07172845,0.097335406,0.48462683,y9qn7L2UKWs
0.016798683,0.046520796,0.05349011,0.32820654,0.061665706,0.060640946,0.2596914,0.34539986,eO82Ate4mdo
0.014022041,0.06332643,0.05615684,0.39655292,0.06127909,0.094500065,0.11561342,0.5186078,FmjKmEz6QjI
0.020130653,0.080501266,0.035072647,0.3417199,0.056360874,0.037049506,0.32772255,0.2395446,hWSLMD8IEgg
0.034104515,0.05955331,0.08041664,0.18985924,0.02876375,0.075913616,0.18147132,0.24333583,NLBxYq89H9k
0.009648831,0.039423745,0.031289715,0.29873806,0.032340687,0.046860762,0.24435145,0.09867456,FzNniBYtbCc
0.018048171,0.05374234,0.048392136,0.45227456,0.06166535,0.056998886,0.45631948,0.43283647,l2WQ932eL6w
0.01492445,0.026738739,0.029424533,0.21585199,0.02193784,0.043914296,0.05740365,0.21240322,c5VjIwkC79U
0.0121478075,0.017739126,0.012373979,0.17321019,0.016178142,0.026492381,0.07328158,0.17393617,G3qqoNUXFXI
0.02054715,0.053889748,0.058016084,0.20440802,0.036094222,0.06330396,0.1988539,0.34695378,Xt3brTFUKME
0.01492445,0.041136373,0.028488275,0.21286748,0.048666485,0.033242077,0.17010352,0.44776535,NUiwDf8wZ00
0.040628307,0.09949244,0.06837623,0.20156182,0.07394863,0.112962194,0.19763172,0.3872962,b1jjT0lsdVo
0.02397547,0.09045218,0.1320601,0.43779883,0.05412386,0.11418885,0.123514295,0.34677172,9GWOWUr47PM
0.015132698,0.11881194,0.06948111,0.30120295,0.09318705,0.12118261,0.24460986,0.5506772,i-6RWirng2I
0.021380141,0.076492585,0.17051658,0.32637113,0.050097138,0.20883189,0.33731547,0.32134354,b54emk0jSs4
0.05773066,0.054950114,0.08221691,0.21196987,0.039479863,0.08222042,0.26928687,0.2480688,Zgp6a4Xj5m8
0.05413456,0.11633345,0.106558874,0.2659796,0.07247982,0.15726092,0.17726251,0.59841275,dp5BZg1G61k
0.119228795,0.14812899,0.18690701,0.38298243,0.1509875,0.454312,0.18985392,0.6775028,aEYK13w5FSA
0.036851373,0.0686777,0.100770414,0.22735858,0.094867125,0.06503749,0.13606147,0.11455492,MWLbJFLduGA
0.16035037,0.21068999,0.31919518,0.2500303,0.07786678,0.19770426,0.5680319,0.6038,ozPmdkYKs-8
0.03856816,0.080465466,0.13912319,0.26561478,0.04557685,0.21610807,0.5680319,0.52457064,-nVBwOkG1p8
0.013466713,0.035213057,0.044969432,0.20591384,0.031053683,0.046307426,0.13489038,0.3953811,0yeDjjMXPmE
0.025692256,0.09787422,0.07327526,0.22977851,0.07452668,0.13558428,0.14982006,0.49808955,YUbJOV-9uVM
0.01492445,0.077173606,0.03170761,0.35758382,0.05352789,0.030600315,0.18426052,0.31203756,czr3CkKmfX0
0.016035106,0.060535017,0.06610967,0.24377906,0.044017803,0.09380975,0.26939225,0.36973557,pFI919Bpsps
0.1019289,0.094558895,0.17716014,0.3598067,0.059438672,0.23604931,0.34407422,0.58599156,fdqTwpWSHys
0.044405237,0.08788977,0.103624605,0.22518827,0.06119658,0.120355524,0.18536101,0.4225957,2UqtBZDNeCI
0.015132698,0.02620992,0.021200635,0.28102458,0.024630247,0.03228917,0.2068821,0.1826769,DZWh4wkOCCI
0.04406188,0.09910606,0.19641246,0.251883,0.0596516,0.28642964,0.1608581,0.6466531,jgzlVKxfAEw
0.028782474,0.060678598,0.044990774,0.24681999,0.054775935,0.11193944,0.14417396,0.3739774,RZwpDqbjZ2s
0.23540631,0.1254931,0.1964688,0.34803352,0.08789101,0.3054399,0.19956526,0.7137837,dAea1Ck6New
0.017909339,0.17496361,0.12975217,0.51087844,0.19965021,0.20766333,0.15852733,0.6289218,_pDLTJU1IZw
0.032902762,0.07064846,0.06255293,0.2659504,0.042424947,0.08528381,0.3471725,0.49169078,KhjXp9BiuHU
0.0168681,0.048755623,0.038107283,0.4205304,0.11103991,0.040474623,0.25954884,0.24521223,cNUdI6c67p4
0.03839648,0.027462436,0.06102894,0.23254646,0.025125965,0.039648764,0.18037276,0.49866366,Srlc5tWldW8
0.079307266,0.07844565,0.10419803,0.29262102,0.025833761,0.12285356,0.16353762,0.38423258,Wyn_SwxnAKQ
0.07970683,0.076438196,0.068172194,0.30839923,0.07271983,0.088102296,0.18053669,0.45250824,P_R3xIva-Wo
0.07091636,0.048094947,0.06774959,0.25907412,0.039646525,0.14224315,0.29874757,0.23407367,MWo69WPJUnc
0.023288755,0.052331697,0.08117441,0.31530556,0.03710628,0.080450825,0.35689914,0.29450116,D4PUqREjtKE
0.017423427,0.029061958,0.040960614,0.2356604,0.026639543,0.06721487,0.056768693,0.16776684,MVxNzfEnniU
0.020824814,0.053867035,0.04323973,0.30781922,0.05972614,0.06602554,0.19241522,0.26960558,_6rtPJ3KVJA
0.10515087,0.15378554,0.1706251,0.25024214,0.10875095,0.16053832,0.22496733,0.5975556,8s2Iumqu9dQ
0.08635602,0.033390854,0.08345903,0.38408718,0.04584008,0.06540989,0.19432123,0.18061328,lE_ttTJcIe8
0.02517722,0.025020815,0.015954062,0.28690198,0.03269441,0.021579938,0.1159327,0.13123962,zhKsnMiMebs
0.035649624,0.028248308,0.06637766,0.27114043,0.05197933,0.040881246,0.23582004,0.2191742,8ZTA6xcp-hw
0.015826859,0.102479756,0.09602042,0.23969492,0.08312512,0.17720623,0.2644853,0.4598465,MtNH03qkycI
0.05413456,0.044635084,0.045158837,0.2422874,0.051044464,0.06018469,0.18679896,0.2933367,y9axx81RD4I
0.20302857,0.04994822,0.064186685,0.35666618,0.045703337,0.13847373,0.3103444,0.2689264,361lA_i4dUo
0.0186035,0.07433668,0.10448197,0.21865155,0.03361596,0.1573886,0.63884073,0.38147613,JF4iFEew1dA
0.04165838,0.14819641,0.113634706,0.31752476,0.13436109,0.1468183,0.16703469,0.5567517,GNmd_VAyP38
0.07970683,0.0354787,0.031245135,0.2501723,0.044847764,0.051723886,0.3197736,0.2755397,mKfmTF7ZAZQ
0.03204437,0.0545075,0.06857344,0.25783688,0.04249763,0.16160342,0.25365788,0.4339629,SkuFD_eFQ7Y
0.13082063,0.05140919,0.055025164,0.31525984,0.051533572,0.1303124,0.037320837,0.35027698,mRrg00ICJOg
0.022351967,0.09320605,0.08631199,0.20679095,0.051419143,0.12930216,0.18224418,0.5542963,DV_MHextEj4
0.13610743,0.14403486,0.23145843,0.36870822,0.07322935,0.267189,0.14237443,0.6809561,DAR2Ids9St8
0.024490505,0.11200052,0.17944935,0.31636563,0.06421334,0.0782416,0.16058269,0.27572408,EU_rAFiTNxU
0.043375164,0.07472068,0.06513259,0.19074732,0.03426704,0.12403648,0.111738116,0.4760115,YM9LUl_baSU
0.048868883,0.09021664,0.1299513,0.34510928,0.055760924,0.28008026,0.20555383,0.54741836,2FUZs6EdI78
0.12116077,0.037461303,0.06947394,0.32058385,0.029045315,0.11756121,0.08585751,0.32327446,5aJZcxqMULg
0.04818217,0.124824926,0.14578745,0.42410046,0.05388205,0.2555042,0.564031,0.65213007,5kMew8kcxzA
0.09494796,0.1173115,0.1642803,0.25565517,0.09488499,0.19438373,0.37893972,0.19017655,jAl1K4MfqMw
0.013813793,0.041124314,0.0450501,0.26543865,0.03715925,0.074276425,0.15606636,0.3456866,RLlQoBI8sFE
0.02054715,0.04169935,0.060067624,0.25116342,0.0343822,0.12606826,0.30066445,0.29715544,qCPOWV0uPFk
0.092262976,0.042284228,0.12024816,0.20852849,0.021580206,0.2269291,0.109294854,0.13941985,U2dSU53gbHM
0.089041,0.040643428,0.05699598,0.3372815,0.043837804,0.12185962,0.20960261,0.3373625,0cJumkzsN_8
0.086087525,0.038116958,0.076477885,0.26733056,0.029985376,0.19518445,0.30801788,0.37520167,SVe_CPHlExY
0.1539292,0.111253984,0.16479646,0.3844371,0.065684415,0.36242014,0.18450221,0.53421944,PLUmgpcTb-4
0.06771983,0.062734365,0.118747465,0.26004985,0.04915365,0.07235651,0.45883587,0.32965693,J_9IYdQivgU
0.02193547,0.11640899,0.07426904,0.36774805,0.09660744,0.12990718,0.24683535,0.61502165,eaJygu8d75c
0.18647896,0.08667874,0.13292271,0.48262975,0.06309132,0.18866609,0.29431152,0.31262892,6GMA2KPaTWw
0.008954669,0.04517816,0.02737234,0.23355034,0.054972596,0.05114933,0.059010223,0.27864626,rUH413IwW2c
0.012911384,0.029750993,0.03207647,0.27660593,0.022197928,0.026010044,0.07472995,0.34482437,9rkr0Smf6JY
0.014438537,0.033462826,0.054379396,0.22160636,0.028052263,0.09254873,0.28008237,0.20672683,q0HU7u_XqMg
0.05133759,0.05309305,0.045542225,0.19992156,0.035856467,0.0767118,0.18098423,0.27245602,uP0eO9Iq1tg
0.15918289,0.09569598,0.12775733,0.22590783,0.08195228,0.11779505,0.17607199,0.3168578,2dzeJgKur1U
0.05852979,0.03183856,0.0962992,0.24277265,0.025544796,0.14008167,0.27376828,0.1280222,jZN3qbmO_EY
0.1008549,0.064717345,0.06511066,0.3493996,0.079110526,0.12764141,0.23151627,0.392557,Hzaf7kImsaQ
0.038911518,0.061876193,0.091322094,0.3466605,0.077096745,0.11690032,0.11208113,0.283812,79D0kGgmd-w
0.024147147,0.068663016,0.07707815,0.1977754,0.05569686,0.0813953,0.11845864,0.25448954,aywzHrV0dJ0
0.016035106,0.035857048,0.08338386,0.4160646,0.04042371,0.047872543,0.33361107,0.3692926,NMJcBljQ0To
0.1609341,0.09509656,0.27098352,0.2763743,0.06263134,0.105608396,0.14292741,0.44656795,GpYy16S7DwE
0.01631277,0.06988214,0.043251358,0.18071459,0.05225898,0.08817883,0.18261917,0.314861,c23y5foq05w
0.00930175,0.023921318,0.041510303,0.25329384,0.03024156,0.04451462,0.0889093,0.25094444,gjR9fBuYvRc
0.027580723,0.023404077,0.02915282,0.18519107,0.018278938,0.06756699,0.18676832,0.22811548,QoPHS3QllSg
0.008503466,0.034009155,0.051510643,0.34660828,0.07116598,0.05463015,0.055720847,0.15969492,IpDlUW9Ov00
0.022945397,0.05247687,0.049441375,0.19834848,0.03596275,0.0857094,0.14706637,0.34417,VxMEjQck92Q
0.1668969,0.083224885,0.071485125,0.20885886,0.044327423,0.10761597,0.3754997,0.5273302,-bTZOm0ZCb0
0.0717155,0.10100097,0.14047873,0.18451151,0.036459178,0.40525475,0.32095504,0.6343097,zu7OyD3Cr-Y
0.015826859,0.19369176,0.16518019,0.35283715,0.22582342,0.3942469,0.15159158,0.75768363,euZhYkwTIVM
0.032902762,0.055273477,0.052469097,0.26371413,0.060481396,0.13428272,0.17153081,0.30338517,6Wk1Jsk3YgY
0.05852979,0.12524281,0.093583405,0.3468853,0.15174015,0.13930918,0.14861012,0.4112383,Y135RXZigmU
0.019158829,0.057747427,0.06637684,0.22481628,0.052166276,0.10170697,0.15907411,0.42786884,8pDeVPkCw9U
0.082104236,0.047461186,0.06752843,0.20051695,0.027559556,0.081652746,0.53247625,0.29665598,sMQ1tw9peWA
0.028267438,0.020150568,0.029336818,0.16294569,0.017745396,0.023165023,0.26108167,0.06784646,U7Plpbubbm0
0.020685982,0.046125785,0.037936453,0.15673447,0.03377228,0.085079506,0.16520908,0.2845787,d9s6zVZT6nY
0.042001735,0.034065686,0.02852361,0.24990247,0.037032492,0.046700656,0.12247008,0.27427748,HuxtAnHSrWk
0.28996843,0.0763485,0.097195156,0.38741878,0.050491985,0.26108724,0.2727514,0.5011614,yajUpEyik4M
0.17034957,0.16305481,0.18716717,0.3553718,0.07952901,0.44742104,0.15037431,0.7591629,l9zEet1g8L0
0.02929751,0.019874297,0.08098204,0.38134447,0.014822084,0.07504829,0.33681926,0.13587411,DpH9GI2b3mQ
0.009232334,0.04556675,0.04643733,0.3031564,0.065034226,0.039285272,0.10841394,0.25486386,TOfzf__Shgw
0.112144895,0.0498646,0.16556096,0.20824917,0.0216782,0.28209424,0.17945509,0.45078078,9-XJ1KHZHUU
0.09279997,0.036056325,0.045170866,0.315547,0.036384653,0.12457936,0.12698583,0.20683835,NUf58QEqauU
0.067320265,0.029547725,0.039469548,0.30751905,0.032683663,0.10246562,0.12686732,0.30005774,02C6rv_JKgk
0.036508016,0.03494638,0.02946256,0.219491,0.04159256,0.05724972,0.16815865,0.26919636,pRuQXY6E0Co
0.027065687,0.04401524,0.034364745,0.21334523,0.05213906,0.03997886,0.17511038,0.25968137,Z3SheN9R2ro
0.012772553,0.020129617,0.021752886,0.24181013,0.024339478,0.036054324,0.1530102,0.22847821,WRSfcSjssWU
0.09494796,0.21703996,0.24925989,0.501334,0.14919826,0.32771212,0.005083562,0.67569816,ceenI_mrOZ0
0.033246122,0.22893745,0.17281526,0.2871124,0.16960044,0.3296739,0.20578815,0.779469,47oYGZRz3oQ
0.021657806,0.03928067,0.030376922,0.24204417,0.040751267,0.045627598,0.27336335,0.26177096,y4bGmoEmhrc
0.112144895,0.121711284,0.16546,0.35398167,0.059151176,0.21929334,0.14680183,0.56755275,Q-q4nGBHWTI
0.017284594,0.095286116,0.06784029,0.37005013,0.12847622,0.10524147,0.31794378,0.5436346,DRbyYIsvUUQ
0.052136723,0.03665895,0.117286965,0.39437526,0.04056402,0.09335599,0.31455043,0.23809963,ZBZauFqL5Xk
0.036851373,0.08966349,0.17336318,0.29414815,0.03986129,0.16565329,0.15970826,0.57852006,fiXqgj-64cM
0.06851897,0.031577885,0.061401784,0.3837583,0.07291212,0.12633643,0.26372415,0.2430657,VG2AodJpYhw
0.11729682,0.06495507,0.13880101,0.3130736,0.04337674,0.34112713,0.030964708,0.4118323,qvc9iGsEDww
0.026722329,0.03750904,0.03590075,0.26820174,0.027636075,0.033836946,0.3271793,0.1880588,NaD0sTnQ3yU
0.15188612,0.076576374,0.08845192,0.26090586,0.05822381,0.08284922,0.254306,0.29022196,3gEHJx-vN8M
0.12953265,0.11057201,0.14232862,0.28076747,0.06677561,0.23877038,0.2739948,0.4411081,flEs0maoR_0
0.033246122,0.05375102,0.04027874,0.29787782,0.09485378,0.05461444,0.12434876,0.31149995,QxKHk5ByMQU
0.016035106,0.049983926,0.03971534,0.31151846,0.055820927,0.06143171,0.11635415,0.3573626,glUiTbPtcuI
0.13610743,0.17980553,0.22842786,0.3886436,0.10886451,0.20911613,0.5843575,0.66505444,YaZnB4nMgD0
0.16758743,0.061345205,0.038401894,0.204912,0.06085438,0.0694388,0.39484683,0.36235785,EZ3oqgQST4Y
0.08555053,0.11419696,0.09789466,0.30996665,0.11989146,0.14724311,0.27177224,0.5460407,XgMg-NHTsvw
0.024147147,0.035436254,0.02990055,0.18588735,0.031649034,0.053403284,0.26426977,0.28719884,NDEwktaNZWM
0.08635602,0.17758852,0.14379764,0.3149727,0.14751393,0.31819478,0.19858497,0.60427904,C5QhpEVFdqY
0.2712817,0.07101934,0.12261954,0.37690112,0.049019355,0.17706248,0.091897815,0.44440582,luwaoSObMUY
0.1943727,0.039966445,0.12601231,0.21953145,0.022135986,0.08778574,0.5153692,0.29936042,-QmmuUI1-sE
0.089577995,0.083477736,0.07276958,0.40881804,0.134211,0.20735511,0.29260817,0.35163182,Z1ICtT1PiJE
0.5750231,0.36209708,0.1656152,0.5954783,0.7289772,0.07666846,0.45282856,0.29840705,2aOZ0PC4kv0
0.01631277,0.04797089,0.05004663,0.26631072,0.045548033,0.085066795,0.15732352,0.41210833,r2QTz5PrlHI
0.017145762,0.077914655,0.08891955,0.22109535,0.036011744,0.11079592,0.1409523,0.2527409,HwLq1tMw9Xc
0.029640866,0.06173594,0.089227185,0.2912995,0.05775053,0.090849325,0.1939291,0.43171406,MHMpEi7pP1Q
0.015410362,0.038927272,0.044681832,0.19840708,0.04668389,0.050055675,0.17903264,0.12816508,LukTON8mUlU
0.011731312,0.030835062,0.030287867,0.21050104,0.03088952,0.044011164,0.23256195,0.26731285,-eIEjRzLn5Q
0.036851373,0.07433681,0.10998413,0.26286933,0.041247774,0.096838206,0.32753113,0.649892,1l0QzsWvwx4
0.030842619,0.10000985,0.08783946,0.32685027,0.09371273,0.118495986,0.16372104,0.37033427,yf3GfnWbR7Q
0.025692256,0.046805605,0.08787891,0.2561324,0.05319854,0.10763472,0.27958974,0.24659036,td2ltjN6NCk
0.057331093,0.10233195,0.06841853,0.44612706,0.15951405,0.093881816,0.055398572,0.27870795,6-rcJxne1ic
0.047495455,0.16649765,0.0693046,0.3641976,0.055436596,0.14881143,0.2712212,0.47146237,0OgsoWlLt4E
0.083939545,0.035356935,0.06151652,0.2581579,0.036199268,0.042618502,0.2654327,0.2617171,593U8pQqNKU
0.025692256,0.029996755,0.05700556,0.28651804,0.041847672,0.04542319,0.19005388,0.28299922,_3XgS4YgWzM
0.1024659,0.09651508,0.1405856,0.3680045,0.075529955,0.23890251,0.11686356,0.48719513,H9n64USuGEw
0.14373457,0.12956128,0.13874947,0.4157334,0.05791777,0.23940901,0.12672788,0.7612657,f6_g-Ixp8jM
0.03753809,0.020198606,0.06313711,0.21627335,0.019284474,0.03146636,0.17316575,0.057741288,1W-xv7_kFIk
0.09118898,0.13516708,0.11625074,0.28121945,0.06562374,0.28810415,0.28267607,0.64588,fPBKZX5jCMk
0.07251463,0.052643493,0.077166654,0.23761654,0.030573396,0.04422661,0.21366796,0.1877177,eHgVRjsHUwg
0.01527153,0.033118915,0.03250154,0.24302337,0.036956675,0.043886315,0.14937596,0.24530461,Kk2pdihSS5Y
0.016451603,0.014363834,0.02117688,0.2342774,0.027229223,0.02819731,0.07136957,0.07840415,J8q8Q54GCYY
0.010481823,0.030286592,0.048734173,0.34908354,0.03952508,0.06136799,0.18546161,0.18707512,lpFuva7-cs0
0.017076347,0.03387656,0.051716782,0.23485991,0.027062997,0.07449651,0.22321533,0.0764358,JnF_By5dbX4
0.015479778,0.03269384,0.04773798,0.23546736,0.025387552,0.039512645,0.19860259,0.26448828,5XsZKqBoUrA
0.025520578,0.020255666,0.03674258,0.21377653,0.021857899,0.026267646,0.08963405,0.13180299,9t7ywY7GGIo
0.0131890485,0.038253427,0.029631915,0.21608381,0.033432055,0.04717481,0.16536275,0.2577192,gS2GdW8ceo0
0.09709594,0.046172913,0.15312234,0.40796944,0.07714459,0.051570587,0.3446166,0.24730505,jujiUNhyRXA
0.010204159,0.06910864,0.048686784,0.63618267,0.13731301,0.046861894,0.08164441,0.1267461,I4jNee8t8I4
0.09065199,0.07811045,0.07126974,0.22625487,0.041548993,0.11543628,0.17547226,0.48859552,gqcJ69Bg4CI
0.15451296,0.029576052,0.04459733,0.3302345,0.050026674,0.03772892,0.19681692,0.33334503,jWKMXk18Q80
0.2712817,0.11614924,0.20583273,0.29715303,0.071801715,0.29473147,0.26272228,0.2759888,4TDwJqbCqGM
0.022351967,0.09340451,0.08654926,0.31531984,0.0651909,0.1739351,0.18550673,0.5685064,NKfalOYsf_E
0.0741129,0.10203786,0.10278419,0.28640205,0.07556792,0.25895435,0.097317025,0.3872872,zGSsWEpQinU
0.09333697,0.06306274,0.06380497,0.33446935,0.052282594,0.10228177,0.33130085,0.32091996,caYHhN70WR4
0.38261065,0.14868811,0.3815543,0.39121225,0.06786936,0.25797352,0.106783,0.41692862,4DNANW8jzgM
0.3282253,0.047348358,0.23450047,0.42853034,0.038695443,0.1812035,0.1756711,0.36753765,IDdO-8r4_T0
0.49542332,0.09872727,0.27748346,0.41021645,0.04599578,0.19783136,0.28524294,0.59485525,FqHgw57ktSM
0.0224908,0.017914714,0.03763293,0.20480013,0.016665176,0.042520545,0.18409818,0.16336566,r_NhqwqlXBU
0.07451247,0.02314562,0.036985565,0.25178996,0.017779317,0.060039066,0.0352245,0.08528424,ijwNDbLyLZM
0.02397547,0.03468913,0.052621096,0.23955928,0.038791876,0.09075912,0.18020698,0.15087953,cjpQikPcdw8
0.1731117,0.06861944,0.048143994,0.21239236,0.060210068,0.062217236,0.41545087,0.409552,MbSyKGbqiY0
0.017423427,0.044926327,0.046017103,0.22322164,0.03724522,0.039985623,0.19219485,0.48564702,CsCtZUGo8F4
0.12116077,0.1310265,0.101667814,0.28580806,0.08696156,0.165058,0.10702333,0.6787533,49TwRB9Ip94
0.01631277,0.02985943,0.035278358,0.2319452,0.037818164,0.046444155,0.113343,0.27459425,XRp2rqFUR7Y
0.02637897,0.08427171,0.09871242,0.3252972,0.07195651,0.16639602,0.19315399,0.25593343,pj7YNrMZuHQ
0.2712817,0.13918166,0.30462638,0.24390477,0.03709799,0.1486851,0.2163919,0.37442085,Up864lQNC3Q
0.07131593,0.04143963,0.1460918,0.26544005,0.032027066,0.08742679,0.18849514,0.16901775,Eijwmtc0pt0
0.047495455,0.047012504,0.060113262,0.32625067,0.053706262,0.13726202,0.18921861,0.29420385,6MiVVN6DMpE
0.12760067,0.09533013,0.12760104,0.28842264,0.07457218,0.21004303,0.17507301,0.22811891,3ETO9sZKjVs
0.18549223,0.117599376,0.10482534,0.39725885,0.12338963,0.0834563,0.29614434,0.3249949,O_9yBV_BoHY
0.043375164,0.11458841,0.096470125,0.38752663,0.08089781,0.1644529,0.1933234,0.605484,szju__BupOg
0.16551583,0.11485136,0.35416988,0.26993376,0.08828213,0.24793984,0.5510018,0.31290418,axbSV-bHmok
0.016382186,0.0647122,0.06339974,0.20779069,0.052743297,0.09896851,0.12197179,0.45950127,oxznEGi9vUk
0.2022951,0.07975468,0.07703959,0.41566655,0.09006202,0.1321506,0.08013775,0.4600389,vFd7_SBKPcE
0.15071863,0.10198582,0.10529408,0.34358364,0.059246663,0.119870104,0.39065444,0.25808725,AWJrBWaSiRc
0.01999182,0.053350464,0.049866755,0.28958878,0.040494353,0.11220281,0.18459207,0.27280432,dZpPqpv92Qw
0.09709594,0.067453206,0.14490615,0.2899474,0.039270163,0.19895189,0.13550277,0.23793939,NyIfO7psje0
0.41665444,0.15228204,0.64429075,0.3935589,0.04282471,0.396385,0.22457853,0.38337216,UWl3uE9qkwk
0.029984225,0.016245365,0.031805404,0.3077432,0.024631944,0.026204674,0.33285427,0.14490607,oOD2MjuiCS4
0.06771983,0.09723779,0.11843648,0.3572329,0.07734116,0.12053621,0.3528404,0.3701419,c-P-hQR7J6E
0.3170379,0.08968143,0.32287925,0.2689246,0.030435909,0.14521614,0.15981239,0.14498419,nTKil9JdslE
0.12309273,0.08326157,0.071762055,0.22448324,0.05572617,0.052179076,0.19310749,0.26460305,-tnpgFYmnXU
0.024318827,0.019869054,0.023129074,0.25118482,0.028397225,0.041138504,0.16478328,0.21103226,g7BqCYbNnUk
0.047495455,0.031609595,0.06437478,0.33061743,0.036151927,0.08600763,0.27532956,0.23894577,MkhEr50DtiQ
0.014507953,0.030697351,0.050642155,0.27616352,0.048957374,0.07657621,0.22893673,0.13124111,n9AtrPabWEU
0.049898956,0.05426309,0.03204356,0.22532243,0.053683154,0.027630134,0.07891199,0.084913775,k1eKDVA5E7E
0.36211988,0.08525343,0.1851024,0.3393142,0.04147821,0.30529922,0.09183575,0.22896883,_Wh9Q9JjHIY
0.024318827,0.03504342,0.049520142,0.34538236,0.036874685,0.044481993,0.09636445,0.3447497,UNYMvReI-pw
0.015549194,0.018989142,0.023059953,0.19765611,0.02022973,0.02567201,0.3327622,0.13360272,1hXgOMjNCfI
0.011870144,0.034795128,0.040583536,0.26147804,0.04023934,0.08917391,0.12239156,0.2759648,ELZwNHBs2Iw
0.15626417,0.046117257,0.1247526,0.24576867,0.020673182,0.064366564,0.264507,0.17919157,x9nknRreY6A
0.017631676,0.05569317,0.07047596,0.2012787,0.029052213,0.11708749,0.5680319,0.2966841,cKlOa0iv_TQ
0.036679696,0.095383756,0.12826642,0.15495647,0.027085159,0.25433734,0.30575627,0.45440304,CUSLaa2wuaI
0.22422299,0.081029676,0.109110385,0.327488,0.0372384,0.11892846,0.1732681,0.33097056,Kx4t7TnN5Go
0.020685982,0.025764031,0.059093952,0.33816212,0.034354966,0.077563636,0.15454054,0.15208611,w6u61lhh2As
0.058929358,0.14395387,0.12637486,0.27208334,0.09568445,0.23519674,0.14379928,0.66871655,xahp3b-iw_g
0.16758743,0.09719086,0.09170043,0.395576,0.082483046,0.090879194,0.123799615,0.3349141,seIyfixWTGw
0.0765103,0.16297545,0.13173358,0.23269045,0.09426555,0.28274283,0.19006455,0.7584144,5YD26oB5P_Q
0.15976663,0.10952293,0.15456752,0.302087,0.04226565,0.31826127,0.17532703,0.43115655,wULnnxD1s_Q
0.0112454,0.031542033,0.05841391,0.3292247,0.025539579,0.112965584,0.18958741,0.36081758,gz1YS1ujD64
0.015063282,0.14043999,0.10961615,0.27098113,0.15641136,0.12362317,0.14351417,0.46374217,DNBQf82-iSU
0.2224569,0.045764945,0.06414338,0.2946709,0.030808333,0.14561264,0.21844979,0.3390278,0tpqCTYBxhw
0.1334155,0.0488252,0.18962318,0.28830767,0.017973889,0.12530428,0.15372553,0.31206763,Ep-MPvpWuWs
0.036508016,0.06574876,0.07968377,0.23904827,0.05205075,0.10649304,0.2815023,0.3225626,I1iv8bT-6i8
0.04783881,0.108120725,0.10094953,0.31674546,0.101940155,0.069157764,0.3281055,0.3807808,I7NYAbhn7do
0.105704986,0.06615216,0.07074027,0.43492582,0.07112045,0.12844235,0.121039644,0.49024665,0F0CEQmGEds
0.05653196,0.07594407,0.12664837,0.32040083,0.042505488,0.247411,0.18353121,0.6281212,sC-lhQO4kvU
0.021657806,0.025206326,0.021087809,0.28388256,0.026926922,0.040713318,0.26344892,0.24380492,gHblxr7wQVs
0.02193547,0.031377368,0.03950402,0.25851074,0.035854757,0.05832812,0.17862028,0.33272454,ZPGE2yoE63A
0.029984225,0.04843819,0.03268546,0.268116,0.046770237,0.059239544,0.066747576,0.4003204,QnBqAzJXVGo
0.038224805,0.05319596,0.041581105,0.173617,0.028171783,0.07958824,0.27228877,0.36689568,0mIF0P7nhVI
0.031529333,0.07615852,0.055382755,0.20182914,0.06961859,0.09174074,0.15209678,0.32883912,w1csSZ86puU
0.029640866,0.10095793,0.097666666,0.27536756,0.04124283,0.26013818,0.7079002,0.6148795,Gp4zi33D_0w
0.10828095,0.062251452,0.08826889,0.36834663,0.05870271,0.14561902,0.2538979,0.51941997,GAAXJpqlNkE
0.29070088,0.10732768,0.21881486,0.4006722,0.06948032,0.21662551,0.4405743,0.5527047,A3PC7idaxIs
0.30337667,0.43899837,0.341357,0.34147274,0.14570141,0.31785437,0.08106351,0.7672548,HOd5ctlb6qk
0.10634898,0.05748127,0.081205934,0.30368477,0.039115563,0.17967564,0.15959756,0.53250873,nrFb86lOWUM
0.09172598,0.12913884,0.14645372,0.37391874,0.08988242,0.22414573,0.4138344,0.6128826,OUq-6Sx2rSU
0.22978203,0.08909999,0.11711715,0.33741343,0.07606713,0.17471674,0.43800205,0.5193037,7dE4anJui_E
0.355017,0.16356519,0.15765648,0.28966132,0.10181073,0.15029742,0.44650403,0.564997,OkFhQ2RfSBI
0.15626417,0.10524507,0.18598919,0.20097278,0.047845762,0.13515832,0.23024887,0.5194559,n6KE4bitCVg
0.014022041,0.10529495,0.120708205,0.34697166,0.072257884,0.18559378,0.26192734,0.69962364,ANjYnfCGFEk
0.043031808,0.043802198,0.1735912,0.26635194,0.036030278,0.18762021,0.37754238,0.18467592,BtGZCML34-I
0.062125895,0.13262412,0.09546803,0.3544527,0.10269679,0.123234645,0.3147537,0.36973533,sXAeQrAKlJk
0.14597784,0.24879724,0.33202162,0.4777375,0.21658427,0.40394574,0.16541871,0.7187708,MmbBvoGu5ng
0.017562259,0.043886222,0.02831794,0.16287155,0.039248083,0.070307314,0.16688235,0.31907794,bM_SXlvF91w
0.043375164,0.050682012,0.045915134,0.19137627,0.04375604,0.07724227,0.1600237,0.26460373,Ea1n2DWyrcU
0.00014642447,0.031371467,0.032909475,0.39153966,0.06583377,0.04856515,0.19540165,0.11693333,GMvz1dkDMX0
0.033761155,0.037142012,0.043118358,0.37547156,0.059912555,0.057872858,0.25253615,0.40346006,UQLlXROjE3k
0.020269485,0.049793307,0.09479961,0.17133129,0.027341785,0.04796861,0.037469786,0.10227386,dCMwNVNxAdY
0.062125895,0.08605217,0.12839568,0.20366365,0.03719092,0.29391316,0.4118667,0.3351842,EDXm8b6nvGQ
0.092262976,0.024763716,0.042100426,0.33037892,0.031257562,0.03438223,0.06358429,0.29587108,8FQceH1lRAI
0.22979778,0.2515973,0.37847462,0.5223993,0.18487161,0.15897004,0.47517064,0.2769781,y8lAHHVWxCY
0.14552918,0.01750064,0.04683121,0.24535768,0.020023046,0.03509258,0.2547434,0.10149478,Zk9BFJWShyg
0.016173938,0.049253903,0.07389833,0.37026083,0.048488986,0.13112083,0.18300496,0.26953715,DTxPOd2s4tM
0.021796638,0.055672187,0.035270784,0.20180322,0.0515333,0.09441733,0.14015381,0.29302362,cFCj9Hawka8
0.1835188,0.1401719,0.1270315,0.24728937,0.07222752,0.22307283,0.3091657,0.6280978,1RV8aIXm4DY
0.06412373,0.132151,0.10153651,0.4239408,0.10937197,0.12506925,0.01520039,0.43993297,8tbwzFnIQ_k
0.027237365,0.082002275,0.060160868,0.3344773,0.0645418,0.15778734,0.31448203,0.6307858,c77JgJcrO9s
0.016937515,0.0197833,0.034316085,0.225752,0.025142688,0.04024392,0.10812128,0.29021978,UbgyB7ZFvaI
0.013327881,0.041003283,0.03194695,0.18640329,0.038382504,0.058635306,0.1855953,0.34937584,z3AV9GXem6o
0.44750816,0.14405768,0.56123406,0.29835105,0.053076394,0.12713115,0.5680319,0.5193887,IdohFjBoyJc
0.014716201,0.05782233,0.050857447,0.27478844,0.045795336,0.058116052,0.23475508,0.40740675,Mr8k_FQXMqw
0.084745035,0.06009839,0.050691955,0.29215658,0.059841607,0.03555205,0.07180385,0.32551652,NFOcJGowBNQ
0.13386416,0.17085607,0.15807411,0.3625358,0.15784028,0.29916272,0.19883789,0.7220021,08Btogkzr0Y
0.1464265,0.10436243,0.18004557,0.38583702,0.12004911,0.19763315,0.38320723,0.33167428,7F7d1X2Jywk
0.033932835,0.083270065,0.06867337,0.40216136,0.07539056,0.07328064,0.6149353,0.5027362,2vLeGFs2g_8
0.13146462,0.16149195,0.12837411,0.40203223,0.16056703,0.39780405,0.26696104,0.57887405,OZzGQAh8Ohg
0.2752517,0.23419473,0.24086381,0.52704304,0.24165384,0.3113772,0.18492362,0.7002532,1arv34e3Ljg
0.104076885,0.031009967,0.07651182,0.30210996,0.028496044,0.05675923,0.4389327,0.3758382,pkEgPIEsxi0
0.07251463,0.02694749,0.03820841,0.4009321,0.03155109,0.1011129,0.16614392,0.29899317,rayLd_NrBmU
0.31639808,0.17991245,0.35554013,0.2770739,0.07455663,0.31249064,0.56742007,0.5783532,QP9NE8yXFUA
0.060927194,0.029275015,0.018615674,0.1861777,0.040109262,0.047833763,0.1866419,0.08329621,uqJGKbBG2mc
0.7663013,0.87753886,0.79605335,0.55265605,0.92006356,0.74645036,0.59518963,0.7599015,GpEFsMIw7aQ
0.062125895,0.057851102,0.13335852,0.32775632,0.045452796,0.11180527,0.092122525,0.38178632,HaWT27ivzHI
0.028782474,0.04949224,0.043992564,0.24094117,0.048198886,0.054582402,0.0828508,0.4601318,4qUwGj3lXWM
0.01999182,0.047465913,0.089335464,0.5050463,0.045461863,0.09709159,0.26290652,0.47449684,De-RpTxDW8I
0.20596254,0.07397907,0.10670002,0.41137162,0.048054762,0.18507656,0.16359419,0.5736078,ioRqW5dYGLE
0.08555053,0.07117293,0.072705105,0.23231517,0.06689029,0.06027119,0.3642832,0.36624366,ZJuAbB2Gpr8
0.1710401,0.08567126,0.21841855,0.24511261,0.06550197,0.11774227,0.27549323,0.41854146,uEALf2I-9b0
0.22598907,0.049018223,0.09009452,0.3054908,0.044544004,0.06347392,0.17269185,0.32703128,1QGepRPECDE
0.20596254,0.20656723,0.18273078,0.287759,0.093413666,0.3976259,0.42932934,0.81604046,o4OvKMVCH4w
0.15276173,0.14139521,0.18607236,0.4083823,0.068804055,0.3112534,0.15390962,0.7080807,qoQ-IgSI7U8
0.038911518,0.10211276,0.1644809,0.28710097,0.07121613,0.12610464,0.3684169,0.31873697,K3rUfQUCJAo
0.15334547,0.2177301,0.13185579,0.3285252,0.11257577,0.13715638,0.15993986,0.59964347,JNLOtz_av1Y
0.3282253,0.10633695,0.057660207,0.33133635,0.18370767,0.11710405,0.45422307,0.3505265,NhhjNrUqWG8
0.02193547,0.08139713,0.072110124,0.22963488,0.041712806,0.20975463,0.28384057,0.6000763,IRbXcJ-gO9Y
0.12888865,0.5161959,0.32234585,0.28481743,0.13657928,0.257924,0.31083605,0.5578928,rYlDYRzNin8
0.21036349,0.13466792,0.15649435,0.36579207,0.07015216,0.29145673,0.22027926,0.76585585,jSrDRc9ccAM
0.41665444,0.15471645,0.4371533,0.3131195,0.059215087,0.1598183,0.43706357,0.5636875,JvUmxPGMpc4
0.21362646,0.09426472,0.119920515,0.46912357,0.068774134,0.1582072,0.20424624,0.6012755,hCoya-34xrQ
