PERSPECTIVE_INFLAMMATORY,PERSPECTIVE_IDENTITY_ATTACK,PERSPECTIVE_THREAT,PERSPECTIVE_INSULT,PERSPECTIVE_FLIRTATION,PERSPECTIVE_SEXUALLY_EXPLICIT,PERSPECTIVE_PROFANITY,PERSPECTIVE_TOXICITY,video_id
0.10331684,0.06055432,0.09121074,0.04473864,0.2642034,0.062689655,0.051374685,0.022213135,pyUQP-R48yg
0.17929171,0.1589021,0.13482213,0.09351425,0.27986875,0.031224508,0.048276495,0.09333697,8KB62ySUVcE
0.34698522,0.117734045,0.5669531,0.06591297,0.28738806,0.040006544,0.061631095,0.1473238,xj1xDfJ3D_o
0.6494217,0.45740572,0.4149035,0.27369702,0.30902752,0.082848676,0.17129436,0.22990796,FUripP2c5dE
0.13876052,0.1298567,0.21012586,0.052053344,0.41251594,0.058354035,0.045274705,0.10300289,AXTys4QQvlo
0.16419637,0.041366357,0.13170673,0.029685033,0.29760635,0.04983451,0.032401953,0.025692256,WjuxxBRP-hM
0.037938844,0.20217063,0.16628137,0.06557876,0.3292178,0.04286564,0.051448833,0.11021292,yQ4IuoJL8g0
0.012453403,0.12233242,0.23962429,0.06956801,0.40112802,0.15536289,0.1089346,0.07011723,3J4r74YlCZE
0.18939641,0.341662,0.16043048,0.09764115,0.2615004,0.058633108,0.06949199,0.31693128,AYG6iKt6Owo
0.12712434,0.05503945,0.19600056,0.07327667,0.47556758,0.17595844,0.077286415,0.015688026,9QPyPy3ifwg
0.10435464,0.13964283,0.27194226,0.062828355,0.4000585,0.06518385,0.06686382,0.23365098,1XX88B9QR_Q
0.13048165,0.081739806,0.1084959,0.05089139,0.2937945,0.07112964,0.053118803,0.04406188,_kSigGDhlXA
0.32527778,0.24713162,0.68003774,0.09468514,0.36229032,0.040776946,0.06973982,0.16758743,xF63xhZ-X4w
0.1304657,0.06929285,0.10095296,0.022042438,0.3281645,0.0628807,0.026018087,0.05493369,UrFWkoGMbi0
0.283828,0.29465586,0.6101832,0.1764825,0.36810786,0.10546446,0.11096338,0.17173064,3kqf5hgRwqw
0.43897226,0.110275656,0.44166958,0.09489837,0.40138376,0.059731018,0.06819812,0.086087525,IOn_gL3HpJo
0.0070984215,0.12125352,0.19192737,0.04137554,0.28810972,0.031275783,0.038889993,0.06971766,vnBduzGRtHU
0.033321775,0.111830704,0.11268884,0.05515837,0.35035816,0.053653315,0.03934813,0.043718524,I2mx-hZQWF0
0.46857744,0.3212336,0.5636519,0.35130897,0.22760378,0.09841954,0.2828791,0.20522906,4PfZlxhvdkM
0.8026303,0.68645906,0.41861373,0.8301602,0.4180221,0.13504031,0.49883497,0.5810591,IoHVnWmHhFU
0.4482146,0.5259318,0.6956589,0.33388782,0.3856844,0.08175988,0.17843895,0.28923595,SOahJtcq91c
0.27721938,0.024614,0.34619582,0.028060002,0.2866879,0.030736616,0.017869188,0.064523295,sB7TsLfHLGM
0.71774614,0.68797934,0.3264467,0.3889289,0.29175648,0.10103983,0.21218431,0.39230084,eidisPTsMyE
0.062344406,0.14656489,0.29822242,0.04480951,0.29354864,0.05596573,0.05218598,0.020408317,V2spdl5OUj4
0.19172627,0.24450785,0.29265723,0.26359293,0.500582,0.2127419,0.18028776,0.055333257,gAMBsFUnGb0
0.18554313,0.15104821,0.27917033,0.06386166,0.37296095,0.04452337,0.05867939,0.101391904,CxUoWEGojwc
0.06949902,0.11177588,0.6034077,0.07314176,0.30438086,0.025772668,0.04220396,0.17449278,aVA0-XgN80A
0.6287694,0.7614976,0.76733565,0.44497326,0.51773673,0.21430385,0.3082626,0.28825936,hLX0I0XiYoE
0.109243624,0.08418055,0.38305637,0.04752598,0.29802054,0.035795983,0.07506133,0.19239926,Cjlte4xVu_Q
0.048214406,0.033359997,0.05232961,0.021411376,0.23463817,0.036412608,0.028294157,0.046465382,ixF6pDTInak
0.722318,0.48931825,0.11745455,0.3387539,0.24982424,0.05127495,0.14507368,0.23014031,OjBGADt2jdY
0.6172057,0.47246417,0.041332126,0.4387444,0.21672189,0.050822392,0.12228704,0.2459383,IvI2YJA1pm8
0.38983926,0.15071897,0.21696614,0.13573033,0.41860652,0.21114747,0.13295878,0.089577995,4fRSLY7ZYO0
0.10180764,0.043305397,0.08076299,0.02793763,0.2806171,0.055608414,0.037215896,0.017631676,nEQxv0OQ4Y4
0.115821764,0.6350989,0.22188231,0.34007293,0.3412833,0.07555861,0.18957919,0.28923595,wubP6CIKAc4
0.1357988,0.18433549,0.8393977,0.1974156,0.3475442,0.02410553,0.088853724,0.15859914,674kFkrggZ4
0.70809436,0.7261412,0.31940833,0.660731,0.42567706,0.090491705,0.21856262,0.39206567,k3bWN0MiYKA
0.5294315,0.050486572,0.23669551,0.024903243,0.307486,0.06177467,0.03204582,0.015340946,mc2TAjeok10
0.6835888,0.48575628,0.53639585,0.28610262,0.33677766,0.13909486,0.18665004,0.44670263,v5Y3DGzWAzw
0.019549847,0.1360081,0.45391768,0.10510023,0.43496686,0.05065085,0.05763698,0.03994159,rZVlqVrz9Bc
0.114695914,0.06544995,0.14499724,0.051229645,0.59340435,0.28716835,0.08490521,0.015549194,zD5ayknDVJc
0.06202575,0.03718143,0.08744873,0.020270545,0.32920325,0.05979921,0.028075421,0.017006932,I3-7fJX7m3M
0.081438094,0.14036697,0.14797343,0.069241986,0.47438106,0.058009043,0.05103864,0.119228795,Qtv74QgJibE
0.026500713,0.29186106,0.4445266,0.17779166,0.4409647,0.09859177,0.10092428,0.21804169,sefo_-QZZ9k
0.5680319,0.25775358,0.8763936,0.15460253,0.38979965,0.10326528,0.1510474,0.13476147,LQQAhvnhPWg
0.0945719,0.054957416,0.15823777,0.06792692,0.37189555,0.059729457,0.06863799,0.05253629,L07RcsSLt4s
0.20063856,0.1449656,0.16862862,0.028547218,0.3251428,0.052827854,0.04173319,0.039598234,iEB7CiEuk44
0.8147743,0.80377114,0.337425,0.50011533,0.35373473,0.13666658,0.36056635,0.41256893,lcChIH7l5zE
0.06975725,0.033718646,0.057361487,0.03471005,0.43814558,0.057696346,0.02425866,0.012425472,E4v097IOr9A
0.18602464,0.026496038,0.12470952,0.025887275,0.2757803,0.029420462,0.022806019,0.018464668,maxEnHrG9wQ
0.6311331,0.6100483,0.24976073,0.353982,0.31216177,0.2141604,0.2693265,0.34388447,CqSylNeHjI0
0.454271,0.023620369,0.30282274,0.029247643,0.26106358,0.0152063845,0.016783765,0.089041,rHoerys1jw8
0.4440127,0.11814754,0.28597555,0.12788004,0.28600726,0.08085704,0.14842194,0.09709594,o5MNSTY8HpY
0.45873362,0.061137892,0.5036304,0.049754985,0.29666218,0.039398503,0.05155671,0.08290337,zUSlOmu15jE
0.33132473,0.19165196,0.71204126,0.16831885,0.3154335,0.120001346,0.21318479,0.1884524,sJ32nkEV1zw
0.80792975,0.27564234,0.37071666,0.11361223,0.23823483,0.027560854,0.083819315,0.07251463,4WVKsNNASUY
0.65040326,0.3897743,0.6409846,0.22385198,0.446547,0.1726588,0.1678624,0.26132804,fe2b09H-TfI
0.11358089,0.01589308,0.040492687,0.015175147,0.32289973,0.020589013,0.01139585,0.018187003,XmEvn5j0z7Q
0.18522783,0.08485035,0.054747198,0.037955076,0.19614755,0.02018733,0.018645113,0.046465382,LOhjHwrk5Nc
0.27660942,0.2669383,0.76272553,0.39126426,0.5202501,0.14564298,0.21956296,0.25676212,UhJvV4qSC3U
0.440231,0.04472595,0.5819444,0.03467944,0.29905722,0.041558754,0.049038716,0.10515087,SCs_1WT2LzU
0.37593427,0.30921412,0.42649102,0.21285875,0.25169787,0.098155044,0.17085354,0.14193995,7deTQz2YMxI
0.026428785,0.107267715,0.104392685,0.055539723,0.29092747,0.036834866,0.039407752,0.0765103,Y5VXExIHrZM
0.07128842,0.30978182,0.6390797,0.22418392,0.38464984,0.101259954,0.1616747,0.22986074,2Md3wAZSVb4
0.11605824,0.3054078,0.60909665,0.21452159,0.448599,0.06855129,0.1419835,0.19535941,jwhnYTwDxU4
0.33276895,0.7997585,0.5045947,0.49548084,0.39459386,0.13202947,0.24780014,0.5024423,XNJLpsAAGDo
0.44732913,0.12358357,0.5070222,0.17432253,0.38421273,0.15553427,0.14250147,0.26589394,mE4UhROjVxM
0.81549376,0.57836527,0.36064953,0.48877147,0.34052068,0.061030626,0.14350304,0.15042676,qwB-BJgza0o
0.46885762,0.2666007,0.8908898,0.141716,0.32868502,0.07728508,0.16123703,0.13146462,PQKgDFA96us
0.1296472,0.42415792,0.19252351,0.1397835,0.33053246,0.066109344,0.08417784,0.355017,1Lf7_iIE7w0
0.2452868,0.12050595,0.14512467,0.07473736,0.33379257,0.13323742,0.099210024,0.01665985,LQiqlG_wpz4
0.811852,0.62880534,0.089306384,0.57265633,0.19930509,0.03844813,0.17221001,0.2936093,Xh4m9cfkYo0
0.8147743,0.58523935,0.110675536,0.5290387,0.26214808,0.07455623,0.18206644,0.34684154,ls8x3JzL_rk
0.09483533,0.056496534,0.082025714,0.048413213,0.27506652,0.043634575,0.03467998,0.015340946,UYK_9gH7d7U
0.11589125,0.17087182,0.1575151,0.08268945,0.37448826,0.067754515,0.0568619,0.089041,ZVjxrij2W2Q
0.1757025,0.21102196,0.2472058,0.20768906,0.24553095,0.044683296,0.12224425,0.10892494,n8mMW8f_19c
0.27451828,0.3479668,0.27895007,0.1818864,0.444091,0.09996741,0.14166863,0.09279997,VUbxVfSqtt8
0.20062405,0.07627652,0.12919554,0.06422684,0.36849666,0.10277389,0.055633288,0.019852988,mHcVYEKFjp8
0.2936842,0.7445612,0.33329794,0.62516093,0.43135908,0.1334712,0.27559987,0.35336453,GOt3WljFM7o
0.0131523665,0.14042903,0.74516827,0.08375912,0.30641603,0.032725308,0.08123421,0.1894391,lP5rv7_SW1g
0.63045645,0.2400634,0.41690212,0.12682362,0.34302297,0.2144826,0.14769758,0.2712817,S_E6feZVjyE
0.11206639,0.04741616,0.0831241,0.032757398,0.25816464,0.05292182,0.039174315,0.01999182,PGUApnrJfH0
0.18983805,0.7006494,0.6253974,0.33344662,0.602585,0.32098174,0.31531525,0.28874767,Y2eJ_MRQ3OE
0.02513088,0.29944482,0.28901753,0.12265851,0.5340107,0.13709566,0.12268612,0.03994159,UkO2ZkxdzoA
0.1090845,0.2925186,0.8763936,0.1462355,0.37198442,0.06883083,0.14527415,0.17957193,L4gvHnpiwpc
0.2608449,0.0333674,0.03918999,0.023476308,0.21527423,0.03164253,0.02793207,0.017423427,QLH1-H0lBf0
0.37086242,0.423697,0.3912456,0.8301602,0.32458156,0.074577354,0.5054517,0.62792164,S1QR2Vl97WI
0.51168483,0.30444843,0.14735465,0.15898195,0.35542357,0.10738109,0.091162585,0.17034957,L_YCzrB6UOQ
0.62096757,0.25508282,0.60740787,0.11056784,0.3422158,0.13984193,0.10286977,0.29756662,HnGDQJcCRLk
0.36754867,0.086153075,0.69306606,0.073584594,0.5199221,0.15329373,0.085908264,0.16620636,TUGplcrQx18
0.8147743,0.19520669,0.08409446,0.1214349,0.27715605,0.0599418,0.07012625,0.25676212,Y_REAzKPFrs
0.1793593,0.31403473,0.62781286,0.18850392,0.30440074,0.09272662,0.11472634,0.23803931,1icsroWbKJU
0.44803867,0.07944704,0.088877544,0.053282782,0.25132236,0.061604656,0.056964777,0.052136723,-0nGeHIbvts
0.13157481,0.6544445,0.22565946,0.660731,0.3533774,0.12416394,0.32509145,0.5124461,tRIytjRNucs
0.5680319,0.009695794,0.076983646,0.008585441,0.23308656,0.064083785,0.01049752,0.09065199,HncFO8Sujvk
0.15478832,0.02958182,0.060650647,0.024016367,0.23350768,0.038325828,0.031433918,0.033761155,KdKWGgCnYX4
0.24623552,0.18510929,0.26069096,0.25201285,0.51133174,0.20418055,0.186986,0.031357653,vzR8aoDQ8W8
0.15783218,0.06243449,0.065623134,0.038738545,0.23018715,0.042972945,0.036876872,0.01631277,DT1Ee1AQqhI
0.45378307,0.37224117,0.11372465,0.8018725,0.28394747,0.14275034,0.61173755,0.45045215,nr7P8a5MCWg
0.80792975,0.43811285,0.16446821,0.28834566,0.2865257,0.094526,0.15463309,0.07131593,gogCccQsum4
0.14548089,0.08545848,0.09834853,0.05352334,0.39592844,0.16706055,0.08003967,0.03770977,bGBE4LH30jg
0.19458802,0.11523798,0.27182266,0.08007505,0.28786743,0.025568014,0.051826734,0.1621016,QsiH_we4K0I
0.0007239497,0.17462134,0.18283139,0.104089916,0.37018353,0.06293713,0.07177094,0.03358948,ssKsRsDu-as
0.06816821,0.39422655,0.14089349,0.12849273,0.34200197,0.060022596,0.12852481,0.056931525,1ZcHSfdl1_M
0.06486053,0.14869764,0.15625413,0.05130647,0.27341974,0.04443693,0.056770626,0.04131502,R1et4QjhQ8Y
0.45712543,0.31520778,0.29128402,0.26662445,0.4341235,0.30246845,0.21109565,0.42616197,JcBKjIdpbqo
0.88178986,0.7315832,0.70977056,0.6331893,0.4830368,0.38204813,0.440379,0.44298556,d_fHkt4EURA
0.7079002,0.5104544,0.38318422,0.30272564,0.4235576,0.20320196,0.19430064,0.28996843,IOer0Oy-pyA
0.271288,0.060294684,0.13789713,0.03801023,0.2878489,0.055764023,0.03548168,0.016521018,HOab0eMgyJE
0.44688106,0.052915577,0.05975715,0.06984364,0.2318618,0.041182008,0.04437235,0.05493369,yT2iysFEsrM
0.029282605,0.042229857,0.23568623,0.074407555,0.4896008,0.06359002,0.07690655,0.016521018,aSU4dziByyo
0.14395612,0.048230555,0.08978686,0.03950088,0.3785816,0.089331776,0.0462113,0.023803791,D7QdcDSLTfY
0.119961455,0.15803382,0.29053095,0.057126466,0.32846975,0.05812863,0.060370795,0.06332459,_k4ekuFwGIM
0.2880822,0.30379376,0.1998207,0.16539729,0.31199858,0.11938612,0.15365374,0.22990796,dgCPd4qoKXw
0.09028102,0.034059763,0.070688106,0.02561866,0.2584146,0.049770344,0.035134695,0.018325835,lxVq4U5jkAw
0.6889842,0.12198225,0.09083928,0.06630739,0.26249608,0.14133848,0.06624154,0.23452865,LRPAYzIzy_A
0.5918945,0.0015719569,0.026713803,0.0025282076,0.24953067,0.060561914,0.0036558,0.23716165,G1umsL-GhYM
0.1464284,0.1360646,0.12484712,0.092025064,0.23159026,0.051371563,0.043979038,0.03187269,Z_0iFBJPWoY
0.012658654,0.08103939,0.27719226,0.053200107,0.3643918,0.0702441,0.053377353,0.04406188,XCs1_uRmL94
0.09181308,0.04949128,0.071730375,0.032786466,0.24004713,0.05228656,0.033445083,0.024662184,9fr7Zh2Twbk
0.5680319,0.58523935,0.7628173,0.5638929,0.50083995,0.7407407,0.6222302,0.33600304,gX0ZqT5JFIw
0.29587683,0.040779978,0.124547966,0.038520027,0.27246478,0.055628456,0.042137906,0.015132698,edyzX41nEnM
0.14980674,0.060554523,0.093139276,0.042189255,0.21280403,0.05296429,0.047380555,0.035134587,cK-zzj8L7Mc
0.09991138,0.07254029,0.08566991,0.034016613,0.27232456,0.053453334,0.033497304,0.019297661,N1cE6JLiqA4
0.6180473,0.48299444,0.6162385,0.48810384,0.54867566,0.11812821,0.1420726,0.39694545,UkxDUaFdz6w
0.38896874,0.027529538,0.16535656,0.021077612,0.2797744,0.03145763,0.03156333,0.029640866,dskVval50AE
0.009327778,0.5384388,0.29246658,0.43769044,0.48917645,0.24384807,0.43912673,0.1024659,l2gkQBvomq8
0.519848,0.2212973,0.09618922,0.14052337,0.2725846,0.06180265,0.07275688,0.03856816,RPN9Pn8PvI4
0.583182,0.73078966,0.28638735,0.6297716,0.3287625,0.060031433,0.24928617,0.42465788,YxezPMSjAlU
0.1655557,0.052660983,0.06868774,0.02350553,0.20006928,0.034163274,0.023548609,0.01561861,apnH_5VTCCk
0.5680319,0.20587066,0.25311184,0.111970305,0.2948545,0.13228858,0.110173844,0.19338597,EKa9dZiufLM
0.04493878,0.044682328,0.28813663,0.04090733,0.5434351,0.07034299,0.07611943,0.09387396,VULFUKUf_ks
0.29503456,0.089931116,0.115970954,0.07623679,0.34349272,0.07792239,0.086643405,0.0801064,9DfgsM8mgA0
0.6632957,0.16546577,0.07327273,0.17710018,0.27282003,0.06798082,0.10798522,0.2088965,FEhdgkNpReM
0.40546936,0.2577744,0.42181644,0.11778937,0.42157432,0.19518523,0.116362736,0.2712817,wwhEsm1neHE
0.44516453,0.18478312,0.2304734,0.22374539,0.5522364,0.15376759,0.14054006,0.31639808,mrFiwjhLVbw
0.15520431,0.12670511,0.34266672,0.08726272,0.42061168,0.14724784,0.11817416,0.04818217,0fUk0rtUDUY
0.7991844,0.6104908,0.11602136,0.43581864,0.3005695,0.07389012,0.22565559,0.29045674,19B2HZejCoQ
0.009468459,0.12074617,0.5019661,0.094979905,0.5322457,0.1898037,0.16283798,0.0669207,Q2M_mBj0Q1M
0.15917394,0.03642649,0.071921445,0.070170775,0.39907706,0.06418562,0.09031298,0.021380141,asUpBdDlyPA
0.37583494,0.1604609,0.2052603,0.13851395,0.35730037,0.12573592,0.13490823,0.04165838,EHrqFde2Aek
0.61251706,0.25454646,0.2363579,0.3373358,0.4096481,0.17455213,0.22372386,0.08290337,M7-itrUUxvE
0.00038036585,0.8008965,0.81433123,0.53393537,0.52442497,0.1797778,0.37185594,0.44805592,uXipalRQIg4
0.45994157,0.15750381,0.2193729,0.09228334,0.3873861,0.058758326,0.049518112,0.10634898,dwgsbZ1MsAE
0.19979481,0.058774013,0.13406454,0.043130394,0.40539914,0.09061524,0.042872544,0.02124131,rfaxtACt7TA
0.12403069,0.027408764,0.05142601,0.020488277,0.24725537,0.036206447,0.019457035,0.016590435,4C5gCoElaL4
0.75977004,0.5937892,0.18388198,0.85029876,0.21925011,0.06426002,0.5269355,0.7007861,-EzgfBMVwFQ
0.26405314,0.16416742,0.2771479,0.12013239,0.30331337,0.06705294,0.09321237,0.14777246,hDXJ9OUco04
0.5921648,0.16255811,0.25042215,0.4424862,0.36690867,0.16046402,0.24041407,0.37221906,nrtYQuJQiHg
0.3177187,0.047153607,0.101903,0.045162406,0.40925416,0.09567941,0.054669026,0.0813051,WfAYsyXcKR8
0.7410459,0.6957386,0.30133206,0.6541834,0.47326404,0.12595518,0.29441595,0.4945446,2wWTXbAU2KQ
0.027899366,0.034047328,0.060857352,0.02760017,0.42856216,0.05770136,0.031793375,0.00315843,U_1n0hi_pz4
0.37882292,0.09449971,0.41392896,0.10480544,0.52668464,0.2228459,0.14629261,0.05613239,DREmnsungVM
0.26292044,0.11650314,0.09084182,0.044103004,0.321262,0.0778897,0.04754562,0.07690986,EICp1vGlh_U
0.41370848,0.1114525,0.10512303,0.18501027,0.28599626,0.053323973,0.08199372,0.42092466,X_tzrg8e1d0
0.13386759,0.07322759,0.08371471,0.036441363,0.3471496,0.049223162,0.03102697,0.015757442,XMGxxRRtmHc
0.8147743,0.8008965,0.5876412,0.6393663,0.4944484,0.29290333,0.5176799,0.5038962,YdxfoMCfi2E
0.27768606,0.19692487,0.08502168,0.17374234,0.33146676,0.07959942,0.098008335,0.13700475,hParR3-4mgQ
0.2671476,0.04682856,0.2580164,0.0452327,0.38137436,0.058936864,0.039553177,0.083939545,be9D06BG6u8
0.18453497,0.12296651,0.18111707,0.11851373,0.29324883,0.04108854,0.05588155,0.13969667,WhQzig1XZq0
0.12019426,0.114276856,0.19252616,0.07553522,0.43521687,0.0478519,0.051800955,0.055333257,4CqDfLX26SM
0.71593684,0.22342652,0.17883731,0.14316045,0.21848342,0.06358709,0.08475608,0.14956708,TESRV38mDc0
0.10564373,0.023384213,0.041941877,0.015567417,0.23589522,0.030157628,0.015170442,0.016451603,ZqBX-vPV-sI
0.13843076,0.061780073,0.056748282,0.07215166,0.3607804,0.07992756,0.04375858,0.020408317,HsdC0zWLA3Q
0.41787627,0.08602994,0.30904934,0.053889003,0.29364204,0.050935693,0.039212923,0.033932835,ToUPgntSfZw
0.8602323,0.52962136,0.31942695,0.2917712,0.34951332,0.16771384,0.16226195,0.2995453,lil0z6MD9yg
0.013038779,0.11735406,0.1536896,0.055187855,0.34927148,0.06723484,0.056399453,0.11600884,6txTouUTVvg
0.13288336,0.022651833,0.0568974,0.019452145,0.3089653,0.032522906,0.015808875,0.022213135,xF0AW1Y-qTU
0.09957187,0.062709324,0.07802253,0.029377898,0.20570463,0.046912502,0.031657808,0.022351967,DJLPNKi-AGE
0.013406756,0.032382246,0.09665233,0.04142602,0.40355787,0.033994123,0.033022225,0.021380141,Q8iCbuvA1-g
0.0013321629,0.24175198,0.33916804,0.16843733,0.51380366,0.10830913,0.14972422,0.18253209,OfsrjxAjO3w
0.17769346,0.21768773,0.19457056,0.093992956,0.26039967,0.04623468,0.061046354,0.22986074,VwN2z9H8wNU
0.27570358,0.12268664,0.34197783,0.19175917,0.356541,0.067219526,0.08350705,0.31661135,qhFc3AbdIxQ
0.45123786,0.15764247,0.09209872,0.07610899,0.39664954,0.058668572,0.038562864,0.09118898,BA-9s4p4MpY
0.09397279,0.50666094,0.3155246,0.3141822,0.44049528,0.10563721,0.16403694,0.15451296,Ofg1llnTxh0
0.4650552,0.05828811,0.12591319,0.08768705,0.38914424,0.061049987,0.050957814,0.25447917,UWDiVPnS1tg
0.0020601805,0.077292204,0.1101542,0.09772093,0.43230355,0.10304917,0.10994536,0.053335425,fnhXuVEtA2A
0.708072,0.7444311,0.43223175,0.4566591,0.3084907,0.07343809,0.2079432,0.39230084,piwdZ5c3DVc
0.7294914,0.7175866,0.27811584,0.33376384,0.35094848,0.110618,0.16016342,0.1414913,WVwg_v2mlRo
0.10636515,0.38965592,0.18531501,0.32618943,0.3652753,0.14415483,0.17145932,0.16344422,xAtD9DyBoQ0
0.10564373,0.020936077,0.036316015,0.015210276,0.2472633,0.029854858,0.014903679,0.01527153,yCDgaQaJLmk
0.11721983,0.040059716,0.071530424,0.027434744,0.21581064,0.039636895,0.036371745,0.021518974,05seE9lfU2U
0.20079488,0.10687957,0.20296349,0.06446272,0.474763,0.11035541,0.07103945,0.048868883,6ITDwip2wno
0.1992812,0.6939099,0.6006867,0.6278503,0.35160953,0.2280318,0.6523829,0.31540272,anNWIoRflPY
0.0043670535,0.048099954,0.057934258,0.05754875,0.36347914,0.050535828,0.047185287,0.05413456,WNGOIVdjL4s
0.11182706,0.05872453,0.11662124,0.046395563,0.34383926,0.11346263,0.06352638,0.012703137,uFOEiwGOMSg
0.42421404,0.5182773,0.8655445,0.253353,0.30235302,0.13773434,0.22815232,0.15918289,L2AtTfW99B4
0.7079002,0.8422688,0.38844612,0.5637239,0.49930218,0.23948753,0.37286645,0.5958905,o6nHgmwUEP0
0.1308427,0.03065931,0.06230656,0.026080873,0.28774458,0.037420694,0.021175673,0.015826859,HNCFndhE7Xw
0.09861664,0.038205124,0.0786752,0.026850706,0.299971,0.06836725,0.043548036,0.012564304,cduFJ30KcCg
0.37415567,0.09904298,0.0696917,0.043042894,0.2965219,0.07903995,0.048522998,0.17518331,fVoQ613cRSM
0.5739393,0.68396735,0.15070444,0.49557137,0.27771342,0.108418435,0.18823858,0.355017,Bpt-HL0FWvM
0.2548798,0.13831608,0.095273785,0.07011887,0.36490226,0.06861928,0.0565564,0.02809576,pA97dubN8i8
0.16814014,0.059010595,0.090004385,0.036248263,0.38319334,0.0459218,0.0324431,0.078108564,pEYjxVMXDVY
0.049982388,0.15419528,0.43005955,0.09747281,0.64741594,0.28983235,0.14066526,0.31714454,9JfYsugxHb0
0.29641986,0.3962542,0.32651743,0.8137004,0.36907622,0.15167104,0.36777863,0.5026305,-gtgbIzNPrc
0.39089245,0.06506995,0.060015462,0.10955778,0.26970547,0.04386225,0.041644573,0.030670939,-WenQQW8jyk
0.19934846,0.03930607,0.046746325,0.030112684,0.20885468,0.039004307,0.032137435,0.03839648,kr67U_PIwCA
0.10323304,0.0331451,0.067226246,0.027849147,0.3033238,0.045384955,0.024428207,0.013466713,H9HPp6DxA3Q
0.64942795,0.738392,0.85836655,0.660731,0.40596026,0.68371606,0.692618,0.40326482,V30XeuZW84U
0.043195367,0.09926016,0.094238825,0.045851853,0.35690525,0.04099222,0.049425457,0.05253629,wbWB1sfqWx0
0.8145246,0.0030258005,0.010973825,0.00864678,0.33419734,0.16898116,0.006612776,0.13251819,2dVOW21zQxU
0.1766736,0.18389696,0.11020237,0.27726603,0.34250146,0.14136757,0.153718,0.20596254,OywsoSC7O8Y
0.6210984,0.6944756,0.48757112,0.4709937,0.41193444,0.37581328,0.40805823,0.38261065,WFFSoT2QwQU
0.4063676,0.055995703,0.119740166,0.031793747,0.3417165,0.13213286,0.04058529,0.101391904,9Rf8H4r3ybA
0.017834945,0.23428154,0.54129535,0.15577619,0.5270261,0.21597838,0.24992202,0.015479778,RmdRCbtWY0E
0.6561202,0.6350989,0.33152527,0.45948213,0.3668088,0.08745161,0.18420814,0.1334155,wNPMtPrAp_4
0.49245608,0.8614594,0.38187486,0.6329725,0.38944358,0.44162917,0.50909156,0.7007861,nmnAW9wYDPE
0.27763465,0.094260775,0.16220358,0.08653576,0.35176724,0.06919046,0.088328555,0.04268845,PXNmcC19NJs
0.39916793,0.37681738,0.31840843,0.14069337,0.38746655,0.1496893,0.11791445,0.2286382,8SMLQzvFiNw
0.66992533,0.43812054,0.4857721,0.09450647,0.24181728,0.043398637,0.09979046,0.11600884,-QJZW7VNzhY
0.10831928,0.1572566,0.29472002,0.06473895,0.63220626,0.18049484,0.08684504,0.08796701,rwzRjeExMaw
0.16510949,0.047200393,0.07182568,0.032362167,0.22770406,0.042239502,0.02887725,0.054534122,Sx6iAfmgHmE
0.10771253,0.082587026,0.10606128,0.07015319,0.2662498,0.074768245,0.05131817,0.023803791,f9jLJhSZDrM
0.739627,0.3053042,0.17355725,0.14422895,0.2695613,0.12200067,0.14645575,0.28948012,ecCYcCL6yDU
0.12254646,0.05180724,0.09774317,0.040300753,0.24276803,0.04587268,0.038783785,0.0042690868,2dg4fAb8Iew
0.08054293,0.04412918,0.09279386,0.03353145,0.19199188,0.056105647,0.048862886,0.015757442,_BxNY7X8sCE
0.4189179,0.080349125,0.29548702,0.035201862,0.35125777,0.047881536,0.03274532,0.047495455,1-LRKoAQUR8
0.7083323,0.29898748,0.18824187,0.2491384,0.31003526,0.085095465,0.11064596,0.1668969,UbKhuN8tWLI
0.24247244,0.27710778,0.27512434,0.79477614,0.4370368,0.074787505,0.3384765,0.45353866,WsNtN5FHJA4
0.58975697,0.055773176,0.674954,0.04628437,0.3518765,0.06673248,0.06082297,0.08330294,R_xkB6S87OA
0.14911135,0.050861407,0.0662761,0.024442015,0.2629658,0.046018913,0.028165948,0.015132698,JNbh8F0_92g
0.022744829,0.14725453,0.15538074,0.046312284,0.40047383,0.059656072,0.0452479,0.04268845,U1DzbJBmf9E
0.3711684,0.2606613,0.16440313,0.660731,0.34623703,0.51547265,0.95197904,0.8393344,OEPrMpjWv5A
0.30716985,0.09955749,0.07426141,0.06946409,0.3647875,0.035849895,0.02527641,0.032387726,SUMMBS6fIyA
0.5378281,0.14022605,0.15999034,0.0478237,0.35891104,0.16458417,0.09438026,0.19535941,Y6Yp28Fyjnk
0.08570018,0.07847253,0.060974456,0.030801997,0.20096725,0.026449721,0.039008815,0.026207292,lNOn4hpXTAg
0.12088085,0.04796385,0.22877842,0.02157161,0.23105901,0.033802617,0.032211985,0.009648831,kKVmv8gxT-I
0.41318703,0.2679022,0.49932402,0.25151572,0.446317,0.0718489,0.14219512,0.44428605,puOzVAGcChU
0.87841624,0.5998169,0.32005483,0.3102889,0.40274462,0.14389044,0.24506068,0.37647265,fh4uQeoi5wY
0.09028102,0.034059763,0.070688106,0.02561866,0.2584146,0.049770344,0.035134695,0.018325835,FDebNswITeM
0.084669754,0.13756123,0.35142845,0.06312643,0.29724208,0.051929973,0.07142633,0.0068721883,WbbheoIq4Qc
0.25501382,0.16276377,0.583196,0.090546384,0.34424278,0.0708908,0.104432695,0.14552918,9hXDP0hb0uc
0.64937526,0.58727133,0.49965823,0.39226347,0.5324035,0.2539144,0.30842087,0.37221906,kwt_iOUx1VM
0.13720542,0.04951644,0.23587944,0.054713123,0.31519195,0.06584827,0.08433931,0.019575324,E0V5BjLDfVo
0.6296572,0.6062132,0.17646073,0.5872347,0.35635585,0.08984301,0.19373778,0.42750368,f9zHymqYYYc
0.19796066,0.07841022,0.06457747,0.06509218,0.3352129,0.028912002,0.021066196,0.037023053,-P_ldteuKWc
0.25587147,0.03029369,0.07527194,0.025249913,0.28666958,0.03484775,0.020115213,0.020130653,9T3nCj_e2s0
0.44853005,0.0819579,0.60300237,0.043230712,0.33503088,0.053172197,0.05400746,0.16413476,A5q2nhK66GQ
0.09080381,0.059768446,0.10521331,0.03929788,0.3005634,0.0714456,0.048896715,0.01631277,oKRus5JP0XY
0.07557346,0.21520197,0.46290863,0.08739895,0.48305562,0.120729685,0.14347655,0.06931809,PcWWZIt8Fz4
0.8602323,0.48842567,0.18193004,0.2616644,0.31342882,0.069642104,0.1404318,0.3437808,3AFZu5Njts0
0.52203006,0.12906171,0.099440984,0.06726979,0.37181985,0.053177238,0.045862496,0.024833864,SktqqJQ9Whg
0.33489788,0.13528515,0.19131844,0.09241298,0.32747295,0.04057764,0.039151162,0.049212243,ZszQB1Yy0qw
0.08545275,0.4819727,0.8451162,0.32555422,0.4596644,0.0991943,0.2554125,0.28996843,B0r41lLOVnM
0.04183455,0.09356687,0.2594514,0.10338081,0.31260628,0.07381753,0.081974745,0.19862764,wekjPZPcBns
0.64978987,0.8008965,0.26095203,0.6591964,0.43154675,0.1456156,0.3151211,0.5026305,U5pQQbu0hc4
0.13219646,0.58523935,0.344737,0.22539528,0.35301986,0.073566854,0.14321294,0.2712817,9kGtJPouAOg
0.090319574,0.018814994,0.037580486,0.020262621,0.26810047,0.043917947,0.025504095,0.010551238,HQuDXsSxgl4
0.116712056,0.17865643,0.65270555,0.07994079,0.36181068,0.050914183,0.08539032,0.057331093,19eTJu2koRI
0.1955579,0.030965375,0.0646174,0.028661015,0.24975464,0.05258234,0.03462284,0.12888865,EujGQOrGFi0
0.09238624,0.15432996,0.29351294,0.29698175,0.30729544,0.24668418,0.28902042,0.11665283,05dqEj9Y3cA
0.526224,0.13167511,0.38691458,0.1756049,0.53372663,0.16434903,0.15752198,0.18746567,EU5vCAR2V_I
0.102220625,0.050460912,0.08767723,0.027246282,0.3115296,0.089962184,0.045848604,0.017423427,IWDlbU9cmiw
0.75058323,0.5409976,0.1273284,0.45859733,0.24431206,0.04495591,0.1467725,0.15859914,9OUmaLCZaZ0
0.7256283,0.04629294,0.030968107,0.02213391,0.27711937,0.070191614,0.023420462,0.34388447,gg-GyGZeU24
0.28600547,0.21675715,0.3226068,0.2111312,0.49779993,0.12218196,0.14355965,0.16151784,yRt5Xp8OMmA
0.11871249,0.118231736,0.11503905,0.104582615,0.23163263,0.052398704,0.072675146,0.011800728,nsqauodcM5Q
0.30848843,0.05256599,0.057237316,0.042657048,0.21852729,0.02090009,0.022098003,0.01999182,RnN0XxScjVk
0.087586306,0.38018438,0.28783593,0.11300769,0.3696077,0.075607695,0.10050894,0.10300289,0c7AzetunMA
0.026509238,0.24196947,0.811132,0.12512723,0.38849252,0.056719046,0.112484656,0.23277332,1ddAK4sM_Eo
0.75821245,0.68413985,0.6269051,0.30966252,0.25164807,0.058957208,0.20987609,0.20522906,cHrqjoykzhc
0.11226929,0.17220277,0.21243042,0.27992237,0.6286379,0.24034084,0.20660296,0.1510105,EVJ4eUGjNJ8
0.5680319,0.13053487,0.13401605,0.27880248,0.4996304,0.0556966,0.07005284,0.7007861,HsuqzV1hCIc
0.19770168,0.38929752,0.4579347,0.37296695,0.48035857,0.1802658,0.25326928,0.39206567,IKdUEG3Uc9I
0.18694802,0.06569528,0.0484704,0.042236865,0.17029402,0.030337362,0.030348994,0.023632111,SFybPOH0w4U
0.66848856,0.6427268,0.25588349,0.294654,0.4198032,0.18224609,0.21567777,0.3170379,QkA2kkAlb44
0.2934629,0.095338486,0.07477279,0.05955646,0.19341865,0.034369513,0.047120266,0.031185975,Bw2CohuW83k
0.18426266,0.25736585,0.13802944,0.09418316,0.2634439,0.084103316,0.0834158,0.094410956,yrQAvn_HfgA
0.16487668,0.042577818,0.068774864,0.07572822,0.4199356,0.09184005,0.052350193,0.07011723,dVqVkIOugac
0.18805294,0.6350989,0.26642892,0.5663498,0.5746273,0.15341134,0.22306485,0.3897707,SXG9tf-Rz1k
0.36809412,0.11163018,0.09871327,0.04050375,0.19836883,0.044508453,0.03662168,0.07571117,Pjzb5uT-5bs
0.0060062455,0.1539954,0.4573117,0.3283682,0.37754506,0.13138784,0.3098533,0.18746567,WKUKk8K4IiU
0.050757248,0.08333044,0.102567695,0.08577163,0.22632425,0.07220533,0.09556006,0.008677006,U57AADkzGN8
0.09028102,0.034059763,0.070688106,0.02561866,0.2584146,0.049770344,0.035134695,0.018325835,EvZvdMwIVnQ
0.26872584,0.11033856,0.24462198,0.11329397,0.5500129,0.1335205,0.07942673,0.042001735,Vra_dozRDD8
0.17305584,0.2829098,0.43669114,0.1900686,0.50988173,0.17836387,0.17376377,0.020269485,OaD4uR_7Vzs
0.05079741,0.13783823,0.115038626,0.060029745,0.30781388,0.033525545,0.042233557,0.03994159,FG8IeyjOzqk
0.27296922,0.055966225,0.06587092,0.06945747,0.2824062,0.028467584,0.024822421,0.06492286,akkHfj0enPM
0.72193426,0.5147976,0.4237641,0.26769263,0.40568915,0.18655227,0.23340978,0.12953265,9e-wgJ9oQjM
0.09028102,0.034059763,0.070688106,0.02561866,0.2584146,0.049770344,0.035134695,0.018325835,whALvPyj3VE
0.11047355,0.2746578,0.47657117,0.37028602,0.31582588,0.3074478,0.7079382,0.2889918,5QlMNl9j2Nk
0.11914297,0.190904,0.34698057,0.26618615,0.41140732,0.057968214,0.17999394,0.16482529,5LvqktnxdFA
0.34634614,0.20713581,0.22880693,0.2250094,0.34285355,0.07126948,0.08843476,0.036336336,XlDGRqqlWIQ
0.000174634,0.13129365,0.26996717,0.07308942,0.5521687,0.10611459,0.07861344,0.02929751,OdPBMImos6M
0.2789344,0.088724494,0.24671653,0.05328565,0.27483884,0.05274024,0.041737527,0.039598234,MjK4yPPqAv4
0.26897514,0.22588827,0.26596802,0.22631124,0.4513573,0.15156005,0.2246615,0.15743166,qOUurr_a9hs
0.8570018,0.4013395,0.21296023,0.21740526,0.29045117,0.13631412,0.14078498,0.2936093,HnjfSxg1nxE
0.7252745,0.3936967,0.7373,0.19807261,0.32567918,0.090277165,0.16203877,0.34575438,gWZa-OVFnYI
0.2618617,0.110745385,0.14450856,0.051559042,0.23666792,0.050913487,0.05737176,0.02397547,-9arnYaTr20
0.59913975,0.2662909,0.18931295,0.12209085,0.3443917,0.12912393,0.09549294,0.31714454,0AcGtUG4fus
0.12919584,0.064590454,0.11301211,0.053380538,0.23377754,0.068401635,0.07218391,0.0072886846,IHUUkkLUX1U
0.08813892,0.017056983,0.029505644,0.016065637,0.24874541,0.024006475,0.012097746,0.015826859,sIZWBDseNRo
0.34867018,0.27814826,0.10370088,0.07225514,0.26672348,0.07539357,0.10608655,0.09333697,2kUAnejx800
0.07415147,0.02402076,0.037811864,0.017546808,0.2728926,0.03981268,0.019592017,0.0224908,J5cHG1M9WHY
0.08663342,0.10441192,0.26751596,0.06499331,0.5102161,0.18056975,0.16441846,0.0186035,YETt1adRdI4
0.5680319,0.06737711,0.09602866,0.059672806,0.31394184,0.029787537,0.034556884,0.12631269,NbX4ZZlaahI
0.8554552,0.74469256,0.765407,0.660731,0.47127596,0.18565129,0.43947086,0.529921,lycU7-uyr_Y
0.43782893,0.23715939,0.2119763,0.3083629,0.29205498,0.11758188,0.21428357,0.33859563,-nfyurSULoU
0.13921328,0.03741069,0.07724055,0.0310183,0.28842282,0.06106103,0.04313803,0.018464668,p89uOKQRPMw
0.4394248,0.034661584,0.056802455,0.040218417,0.31718573,0.0859955,0.0910347,0.028439116,sfBnyanSmvo
0.17632326,0.07057664,0.10301876,0.044151537,0.20765871,0.12112093,0.08914372,0.03599298,hCXg2d5ItWc
0.124934874,0.024647491,0.06933102,0.020787785,0.3469165,0.026788227,0.014291985,0.03770977,cgS3YMhgFYg
0.103433885,0.014788665,0.03998935,0.010222853,0.15178841,0.020478904,0.01340417,0.0066292323,mNnFuO01Q2w
0.26611838,0.03539718,0.081889614,0.024773648,0.48525798,0.05803069,0.013938459,0.027752401,_ioGgwKIT3I
0.23973732,0.12155312,0.09856467,0.054093327,0.5915349,0.059159964,0.038570493,0.11729682,2fNOJYg2e0s
0.20303269,0.109293364,0.7093886,0.060296047,0.35072324,0.052295852,0.07681084,0.1250247,q0JF4Q8VBK8
0.1833656,0.03959205,0.092560135,0.031064475,0.26482686,0.053357814,0.041785166,0.02262963,ld2hGc_9aB0
0.0687066,0.18738274,0.3092092,0.09887376,0.47175315,0.2259817,0.14445448,0.024318827,RzqNC26XzGQ
0.04955481,0.3015661,0.56959283,0.28744355,0.47897634,0.116172805,0.27539027,0.010967735,EYR-JpTu6B8
0.06061206,0.057284195,0.33562002,0.03660764,0.3153453,0.08748629,0.1165879,0.017284594,3bqdpt6r5CQ
0.058301765,0.051838443,0.23986913,0.03358502,0.29067335,0.08221874,0.046615615,0.013813793,ohO8f76_Gco
0.34308288,0.0764369,0.16180758,0.09368695,0.29225984,0.09048283,0.09438811,0.06612156,buR1QUHxjA8
0.59517527,0.4240458,0.2610778,0.23484984,0.22988397,0.050526634,0.10920636,0.2712817,cQ2On4k7_LQ
0.4406682,0.13639392,0.0432918,0.082837276,0.20197462,0.11571022,0.07551299,0.28996843,xsadSBv1UtI
0.10180765,0.043305397,0.080763035,0.027937643,0.2806171,0.055608414,0.037215915,0.017631676,Fg1Ol_P4XJc
0.11813974,0.004581442,0.011924451,0.008647306,0.20185587,0.01802863,0.0050772973,0.043718524,F7QOSA3G1Ag
0.19141716,0.08399445,0.14205359,0.111046575,0.25888538,0.062472995,0.09774109,0.029984225,Dk-5G3FvqxU
0.14578457,0.21479818,0.24958356,0.1396796,0.44816825,0.0876068,0.13339701,0.09924392,rIgdJCDWmqI
0.56123126,0.0805375,0.08142238,0.04908788,0.23851189,0.025969934,0.027762562,0.017770508,EsXqvLNFnJA
0.06459906,0.06711158,0.15837057,0.06702254,0.42821398,0.08596946,0.05214532,0.052935857,3jedYV_5pnk
0.2697245,0.22819242,0.10300002,0.4523433,0.3324286,0.11535439,0.15180448,0.2712817,uy1OFH_7XBo
0.067732416,0.14012076,0.07675495,0.11633353,0.29875758,0.06956891,0.10263232,0.12695669,QzW3Jg-rBZ0
0.10626737,0.10898258,0.18049881,0.04921635,0.61369795,0.13704123,0.075533815,0.13296685,m8115tANbR4
0.75404286,0.5465224,0.31629503,0.24673197,0.32897353,0.10911129,0.19819485,0.41256893,MNZSAgarfUA
0.12396246,0.03677625,0.060416926,0.0272566,0.38197345,0.06692318,0.03643025,0.010828903,JinFBRMfWvg
0.62833256,0.73454607,0.18410653,0.660731,0.2882206,0.09677051,0.34553808,0.53837943,xvOJqzKHgw4
0.12849966,0.10335035,0.17335375,0.052357342,0.5441266,0.13420768,0.08189762,0.07091636,GPoZOgWOKgI
0.07541345,0.046369843,0.3338794,0.023991933,0.5433109,0.10436914,0.043272823,0.027065687,1HeY4RxO3Ik
0.11206639,0.04741616,0.0831241,0.032757398,0.25816464,0.05292182,0.039174315,0.01999182,FtnsFh2ZcVA
0.19080713,0.1132219,0.30181772,0.04650085,0.458663,0.11222478,0.04763118,0.12116077,RABtKJu6ydY
0.5879333,0.1329526,0.20134565,0.08261162,0.30605853,0.027620025,0.03819078,0.06132676,grrFVLhjlow
0.6434755,0.139225,0.25686166,0.09443383,0.4002989,0.14940152,0.13315316,0.14014533,w3PyPzzicSs
0.71836543,0.086764425,0.13430661,0.09918027,0.5231997,0.47555926,0.14359167,0.1835188,Sni0EJgJrls
0.09028102,0.034059763,0.070688106,0.02561866,0.2584146,0.049770344,0.035134695,0.018325835,8i9nbVP8OwM
0.4413039,0.76845586,0.9079499,0.61637604,0.28662175,0.04022173,0.31511232,0.5124461,g7oFL4boSmk
0.11206639,0.04741616,0.0831241,0.032757398,0.25816464,0.05292182,0.039174315,0.01999182,eXTh2VKumt0
0.7079002,0.1468288,0.15627213,0.07425997,0.22872368,0.0356109,0.048743766,0.039254878,_ijLyTCVNng
0.80792975,0.774457,0.33627632,0.62949896,0.4286005,0.2121922,0.42320386,0.4151741,thYIBWWsUx0
0.15126617,0.12882365,0.25411063,0.05564544,0.57557863,0.17334403,0.0962601,0.043718524,pbEjp2IolWs
0.18956964,0.21864013,0.13428202,0.0962302,0.30428293,0.057808902,0.06215348,0.058130227,s-rhXgcHzsA
0.13380867,0.12321175,0.6817855,0.066375606,0.39547175,0.13165788,0.15302277,0.12116077,hG1wh665EYc
0.31637445,0.077065185,0.19888784,0.040336672,0.35716778,0.16046129,0.1073795,0.09978092,rEuSmWTqZOs
0.480604,0.19888178,0.6998969,0.33544978,0.57296395,0.29937282,0.5423344,0.34575438,KlYRg9h3pSU
0.26541677,0.2617319,0.2604413,0.15968923,0.3733551,0.074168175,0.09798929,0.13700475,UyU5Ps5ESJ0
0.7081239,0.51459855,0.84898955,0.29528305,0.3979814,0.16976523,0.2906675,0.2712817,K20pe6JNScQ
0.2684015,0.33025727,0.38380098,0.18361686,0.48730206,0.2779441,0.22149068,0.12051678,Yk4baBoZ-cI
0.07803166,0.11949,0.124029726,0.10653841,0.32936206,0.054063182,0.06718484,0.01561861,jMDrX244zTI
0.2230556,0.13988277,0.55476665,0.1884995,0.38064176,0.08477732,0.14156666,0.08635602,kzNhxquZdBE
0.10499504,0.024198564,0.21465015,0.030354733,0.46655875,0.036021627,0.022300286,0.013397297,nLkPwx_nI4A
0.114317134,0.031041378,0.071130574,0.02600529,0.37656593,0.0685814,0.03653454,0.009232334,ZaXtBbzqv1o
0.32050768,0.25291756,0.28995413,0.15589626,0.32521677,0.08304063,0.10742557,0.07730943,TgQ5K0CHL1Y
0.018250562,0.21742278,0.29850736,0.13088202,0.39137945,0.09145633,0.086254895,0.22986074,U5cfFLLmGA8
0.29194915,0.48269206,0.3030783,0.41516417,0.46134233,0.31990078,0.38360232,0.36439645,q0vbQp6_Unk
0.24519941,0.15200971,0.15569112,0.14391726,0.47477725,0.06207468,0.05018224,0.12631269,0t5yMzizuUE
0.37176618,0.07222838,0.07448472,0.0698425,0.22729494,0.04219282,0.049598716,0.029984225,dWPDYVz04Gg
0.7279288,0.71668684,0.23417372,0.48227072,0.35874367,0.118434094,0.27461302,0.37083253,sNgeX4BL6zo
0.08352181,0.034097634,0.07375741,0.024233846,0.17974919,0.042837944,0.036661226,0.017562259,cjT50Bmq5Rg
0.62832505,0.4050794,0.057845477,0.3240488,0.18966496,0.01772275,0.12865034,0.31725118,f9agK_O01Ic
0.26519743,0.095213614,0.3129885,0.032103565,0.3462585,0.04589202,0.035154615,0.03839648,_EfBkRFV2UI
0.2619807,0.50580484,0.30603436,0.21375468,0.34004045,0.111687556,0.18017842,0.048868883,m3io-3BkK3U
0.10564373,0.020936077,0.036316015,0.015210276,0.2472633,0.029854858,0.014903679,0.01527153,uj_52ylmUSU
0.031360786,0.112647526,0.118463,0.098319136,0.490313,0.072517365,0.090390176,0.10515087,5V4mx83CTzs
0.11389384,0.026799973,0.08830551,0.018836403,0.3987514,0.09752897,0.037826426,0.01527153,3iDO3Mf4O7w
0.44014716,0.2466198,0.14669305,0.11074571,0.20529649,0.07506634,0.119880795,0.08850401,5MZkI4seTR8
0.23681268,0.025729384,0.052353017,0.024890019,0.20967159,0.025480248,0.021868387,0.022945397,W8j-c3DpAc0
0.14237952,0.11771856,0.10252612,0.0665552,0.30527088,0.053323217,0.04789503,0.03049926,9XmmPAheIfQ
0.24861215,0.28338206,0.28294125,0.22654676,0.4039253,0.079390265,0.12993506,0.092262976,iBcEZMtU0cM
0.24817462,0.05674324,0.25579402,0.042687785,0.40403166,0.13460492,0.06757304,0.037194733,k0ze_vwj0FM
0.10873441,0.1740596,0.34784046,0.19670004,0.4902641,0.24177666,0.24776094,0.060927194,QabYOjtNguA
0.47288558,0.307244,0.0860437,0.20618936,0.39740753,0.21893127,0.1799162,0.31714454,tAcTndagmPQ
0.15062346,0.036316797,0.024806693,0.016622989,0.17675763,0.018441856,0.010785686,0.013258465,Awd2HdYiwZc
0.5680319,0.54114723,0.24960786,0.3000124,0.3927003,0.08410997,0.15287432,0.20302857,lUSlBVjGqrQ
0.011270883,0.08142447,0.13279383,0.1151174,0.3743385,0.10055602,0.09461235,0.014507953,mgrTchMXL5Q
0.101182416,0.020902436,0.22456451,0.02950033,0.45042828,0.032859698,0.021620847,0.012841969,YKaYIN8TR-8
0.15946569,0.07169024,0.12392695,0.032261696,0.34800035,0.0906255,0.039750494,0.09494796,eoiD0FSXUEs
0.22881897,0.16326551,0.19891536,0.057306614,0.47226423,0.10359986,0.06964221,0.039598234,vJ9uKiyiX6c
0.17550732,0.03349901,0.03754326,0.025015984,0.19232555,0.024309563,0.033595253,0.048525527,xChimDxvuHs
0.72745925,0.305193,0.13123134,0.103664,0.2875087,0.06002436,0.05401813,0.2889918,-OPcLiokyxw
0.173478,0.08245524,0.07495334,0.067873925,0.261417,0.045687918,0.044721544,0.017909339,diVUB-Ph91o
0.1461119,0.110365435,0.20036574,0.04499692,0.53231204,0.13612108,0.07117736,0.09655894,yw0fUbaGmAQ
0.0945719,0.054957416,0.15823777,0.06792692,0.37189555,0.059729457,0.06863799,0.05253629,YKdFnY68m0E
0.18848883,0.039498303,0.07730365,0.032957923,0.28929466,0.03695736,0.028647868,0.07850813,uRCXmMpYbSU
0.18724135,0.05873522,0.092210956,0.023925226,0.30997834,0.07309231,0.05201683,0.039254878,RnD8zTcbOW0
0.20303269,0.109293364,0.7093886,0.060296047,0.35072324,0.052295852,0.07681084,0.1250247,luUL__OsJBc
0.037343442,0.11037722,0.14323895,0.049031373,0.3783262,0.04975309,0.032771412,0.05133759,BXPebfR1lH4
0.09344964,0.06085738,0.11127018,0.04583973,0.34296715,0.058927663,0.056301985,0.023288755,lCkA3OTYrIQ
0.23102364,0.050474234,0.40204298,0.067456305,0.40208247,0.054062493,0.049841348,0.08420804,Jx6jdgyrEWE
0.26217526,0.49105975,0.27535123,0.22793162,0.35379836,0.35420716,0.1784265,0.13206954,fcoM2BSbDVM
0.733316,0.2273782,0.26128846,0.34223238,0.39369094,0.14928028,0.23336959,0.32563272,vjbp9NsCtO4
0.3877059,0.04693718,0.06039576,0.019620903,0.18379635,0.042582795,0.027438998,0.019297661,yHGDFAi3l7s
0.26944318,0.007428694,0.0230005,0.0076363594,0.25414082,0.025730643,0.01128252,0.010204159,SMmcKN2j_pY
0.4519977,0.12182851,0.091568425,0.05413807,0.3333208,0.06005925,0.049463935,0.023460433,nJD7jWQ9zBk
0.17375752,0.1637005,0.20486003,0.08178308,0.4592602,0.10800927,0.068110794,0.101391904,vUejfsJJQwQ
0.7511284,0.6350989,0.5760113,0.34245324,0.475377,0.19349566,0.26819,0.35227737,RQa-QfMCI1Q
0.10835343,0.036816012,0.07312624,0.029521888,0.26590642,0.0548171,0.029095227,0.07371333,h0DNUBCJsvU
0.114164084,0.03062676,0.053293094,0.021282112,0.2910998,0.049373493,0.02309233,0.012911384,0RQc74xp6-s
0.43868926,0.13563693,0.18422574,0.23394828,0.46368465,0.14742102,0.1476653,0.20742953,u9DtlzyO3GQ
0.28801572,0.60145193,0.111206785,0.8453147,0.25027922,0.155902,0.3694818,0.5149511,NAnwkRoyXtA
0.7079539,0.54597265,0.17536382,0.49797618,0.3483945,0.1277135,0.2234458,0.30337667,_kjqkUN10X0
0.22445469,0.020671068,0.067786135,0.037862826,0.47922036,0.43823114,0.1417071,0.03427619,BPCp3DTej8c
0.26510286,0.08285232,0.14231801,0.05569343,0.34175262,0.091446534,0.069915816,0.05373499,vO9dzgoTwbo
0.09028102,0.034059763,0.070688106,0.02561866,0.2584146,0.049770344,0.035134695,0.018325835,vXusAtKxiY0
0.51933753,0.2143746,0.17748548,0.81318927,0.28770795,0.1399372,0.24228258,0.44298556,ES3agY8QNNE
0.10447417,0.10741224,0.103083335,0.035069454,0.303043,0.030594511,0.03540635,0.024147147,Nkcf2XWpShA
0.21877596,0.29540166,0.44619784,0.12934823,0.2022031,0.044035442,0.094066784,0.1943727,uO_wbQzIm_c
0.4597617,0.07086287,0.11844607,0.119784415,0.26623157,0.031221941,0.03152903,0.31671798,6v06j4CrJ2M
0.35951945,0.20640008,0.17020136,0.13012445,0.3234715,0.16042429,0.12696141,0.31089294,vyV5OqajoHo
0.70842326,0.13938937,0.6697947,0.12972678,0.269761,0.06672946,0.1346067,0.2406723,pkU9QbOZkGc
0.24475,0.071249105,0.10804307,0.094923,0.38528824,0.027000124,0.02367311,0.048868883,1EpulHZOVEI
0.0148716485,0.053198844,0.2364509,0.03328231,0.2945705,0.078367524,0.07494321,0.0011887498,lAZsbLno3qw
0.85552245,0.58523935,0.18963297,0.49724948,0.28708577,0.07089251,0.22716035,0.45964533,7RzthGC_M4c
0.23188916,0.068431765,0.22211143,0.08746506,0.29790884,0.120997794,0.10923951,0.09602194,5tfEvE5qGwg
0.6497706,0.319227,0.04413091,0.19520901,0.27457535,0.035647407,0.046413273,0.15976663,LlBVslFVTEE
0.20303269,0.109293364,0.7093886,0.060296047,0.35072324,0.052295852,0.07681084,0.1250247,HSwHdqJUKzc
0.096423015,0.05252403,0.27933508,0.05151541,0.42537472,0.049438108,0.03599565,0.034791227,jNMcbFbqbmk
0.31798834,0.06687454,0.3134258,0.035754073,0.29947737,0.06683193,0.05119192,0.13610743,RZEAVb5CJRI
0.5005638,0.30214247,0.3941407,0.21540923,0.39811432,0.40785882,0.2388532,0.26589394,aVKxCpYLbiY
0.1519916,0.049069934,0.10366694,0.030878237,0.36862308,0.083756305,0.047100432,0.026722329,ex1xe3ImSQE
0.40880948,0.2422693,0.17135508,0.50756085,0.27570805,0.044983517,0.23263645,0.3282253,cRqOW9wG8Ik
0.001979495,0.03376344,0.22917758,0.035163317,0.38052136,0.1291238,0.08163194,0.0021518974,GeyeLToEzl8
0.13734128,0.00034824398,0.0036997246,0.0012565318,0.23191573,0.058755036,0.0011917348,0.025005542,5OMtxeA3rnc
0.0011651918,0.3118189,0.4882399,0.32869995,0.42924923,0.1402673,0.23044439,0.070516795,W3L-Obbp0Z4
0.3892335,0.6350989,0.63498867,0.2977933,0.54504544,0.2716676,0.304128,0.38959074,gcEpavZONSs
0.0025560514,0.117957875,0.10361266,0.08675394,0.3776288,0.08813394,0.08244584,0.15042676,ESyY6uD4vWg
0.25961185,0.06541941,0.62360996,0.06928257,0.35862523,0.037627716,0.0417768,0.13251819,GTopEp3TMes
0.08352181,0.03774583,0.0755308,0.02464845,0.18176527,0.051240843,0.0364715,0.01263372,gLVkU-shWy8
0.5611505,0.06836707,0.07822833,0.048901394,0.25999564,0.03481209,0.032487236,0.062925026,-Ty-Y9eN0_o
0.6522843,0.0076746214,0.0042657247,0.009871988,0.14797983,0.02747298,0.010661946,0.15918289,FFw08E7UJEs
0.3648638,0.121434405,0.14212544,0.07160473,0.43790868,0.1895641,0.098812595,0.20522906,u0KgnbwG5cI
0.2729681,0.056409057,0.19926383,0.04573,0.35859424,0.063932285,0.042894937,0.03461955,WvB7k1KglqQ
0.28458184,0.16633122,0.2627539,0.13136636,0.30009037,0.05828335,0.09226055,0.3897107,gkBXMVIdgjc
0.7079002,0.19188397,0.76158565,0.15663478,0.40254945,0.15465951,0.20785321,0.15451296,CiqY-TGXPgo
0.08137533,0.14822845,0.11781686,0.057137918,0.33183607,0.04959765,0.037503786,0.12824467,CmJKGamGn2w
0.34865406,0.053822923,0.07214985,0.14102228,0.22254525,0.032426868,0.07020468,0.2712817,vj77ekOgUj4
0.0030489285,0.06346865,0.089015834,0.07088122,0.3292519,0.049780775,0.068310805,0.029984225,DWPyh5-BQns
0.72489476,0.53292435,0.3283556,0.43652984,0.34404993,0.06329119,0.10773042,0.22333995,kYC7LR5aoDA
0.21585982,0.12144419,0.091524504,0.058049858,0.22548778,0.03938206,0.047942683,0.01721518,HEL3Lh7Feco
0.13828099,0.032030217,0.046877824,0.018121125,0.1986279,0.026860554,0.020828623,0.026722329,fZQIEqo6HH8
0.07510081,0.3928155,0.36600292,0.16917117,0.4530645,0.13398765,0.12163652,0.3437808,albq6CZhG9w
0.18754938,0.0680949,0.10974729,0.044339877,0.19419137,0.06031832,0.05690507,0.05653196,ieE2wHgkQUM
0.56259775,0.019891705,0.14357843,0.029397512,0.40028706,0.20552279,0.069445886,0.35227737,QVdbbaSl0GQ
0.006657856,0.07775521,0.10313184,0.35257697,0.23387975,0.018990085,0.07663795,0.37954164,BRfszwy9gMk
0.19102255,0.045736093,0.08807627,0.025483191,0.17322208,0.043042667,0.02951624,0.021796638,wjSN9hjqSQo
0.44405794,0.68383044,0.24199264,0.54440516,0.38939634,0.12814654,0.1910929,0.44805592,7DsQSelEpLQ
0.5720031,0.265007,0.061774183,0.091976285,0.245677,0.044618577,0.05552099,0.17380224,S3MGB7i8I3U
0.0021076691,0.040225513,0.09151446,0.052201774,0.4342014,0.056072973,0.052086636,0.059728492,zZwprcSZmGQ
0.5296546,0.10773716,0.7649583,0.0853072,0.406181,0.110074654,0.117861286,0.1464265,uYEIrhdXfCE
0.41702142,0.08493212,0.29475138,0.093237765,0.35781658,0.15666422,0.12046897,0.14104263,f2hYygLnI6Y
0.29831457,0.044542257,0.059829213,0.053940736,0.33415973,0.034760024,0.021757448,0.09870692,HkhegJr92PA
0.0748513,0.11138099,0.114724435,0.06319718,0.43978298,0.1507134,0.10835467,0.017701091,bmgS5-veBVQ
0.18234657,0.035757717,0.07317502,0.031137815,0.40955368,0.05927806,0.02647023,0.0142302895,57mvka5gSH0
0.21282148,0.066701636,0.14968638,0.045928247,0.41012886,0.15574019,0.08324738,0.051737156,BKWUREF3Of4
0.05708561,0.092919014,0.076560356,0.043800555,0.29613724,0.056762043,0.081380025,0.028267438,DHYmslig1QQ
0.000787651,0.06536583,0.16119231,0.074724816,0.32873112,0.054746814,0.06676095,0.038224805,96GRdNu7xpc
0.20821919,0.18143952,0.25417206,0.1380956,0.30682394,0.054901037,0.08565723,0.24769363,i9w-LuZkK_c
0.22876917,0.19258815,0.30904925,0.13983747,0.4214494,0.06813404,0.09817523,0.2936093,SyOZpymqqNI
0.21264245,0.13543655,0.14567919,0.13442849,0.50546724,0.16900988,0.13266635,0.024662184,D2f9Niy9dII
0.094353296,0.09055325,0.14487499,0.1274246,0.45436528,0.1354734,0.14701054,0.2286382,e_FwMayQmuc
0.6621332,0.19290492,0.15787876,0.6436917,0.27178454,0.067709394,0.19202277,0.23365098,-HwiqIhlzjc
0.13190998,0.08422058,0.35712078,0.11775208,0.5669535,0.12703295,0.097938776,0.046465382,heCwCwSMQH8
0.4706269,0.306966,0.16449781,0.8453147,0.24516982,0.09016215,0.4965051,0.54959583,53gv5lgjZC4
0.2035842,0.056351237,0.08363746,0.03949574,0.25516325,0.062464695,0.045768723,0.013327881,nbj3lhqvAUk
0.0025560514,0.117957875,0.10361266,0.08675394,0.3776288,0.08813394,0.08244584,0.15042676,O8Zql38B_mU
0.0434683,0.038162176,0.11013752,0.024586475,0.18745826,0.04685712,0.035919335,0.012911384,_yBEU0LT3kA
0.6503084,0.8008965,0.8763936,0.569397,0.3536248,0.1315575,0.32105795,0.5835036,sICE3reTNrQ
0.7907267,0.21359958,0.22485983,0.15967697,0.25395256,0.028205156,0.03923725,0.17661177,Qjyk8iEyFQ4
0.328171,0.040562045,0.16087219,0.056670986,0.4067979,0.064279474,0.040509634,0.045091953,gRsCK2UHy5s
0.15456717,0.13570781,0.15173793,0.14227162,0.37452018,0.12747942,0.1281718,0.03599298,D4318tY2Vb0
0.30821797,0.29011872,0.22963847,0.21816817,0.50265247,0.093415484,0.09222754,0.068918526,tF60Kpr8H20
0.15525867,0.052588318,0.089951515,0.053706277,0.24243887,0.047321286,0.048330314,0.049898956,63VfmRe3ZOw
0.1946106,0.13326462,0.12148031,0.08890772,0.32621044,0.113426276,0.08699937,0.017909339,rZqTnWxOPZw
0.1237463,0.13607284,0.27542537,0.05698539,0.4451823,0.05962337,0.05946504,0.038053125,tMrj8G3COqE
0.8147743,0.19520669,0.08409446,0.12143492,0.27715605,0.0599418,0.07012628,0.25676212,UCRAvR2--Nc
0.72782934,0.28817478,0.63033384,0.441661,0.35807657,0.1378258,0.43744364,0.39010584,ZgXY30mKrLA
0.19717847,0.051785972,0.097684935,0.055605624,0.3165282,0.06929714,0.055623353,0.05653196,vGGwoBDWgGQ
0.4528995,0.24686113,0.31544244,0.6692497,0.35976642,0.09476146,0.41932812,0.22982138,D3nRPJrPocI
0.19930445,0.19031137,0.30433145,0.13951385,0.43183666,0.08303937,0.09734047,0.1668969,jmGNiYVZJYg
0.0002490808,0.30229342,0.17798701,0.15125248,0.30685717,0.10661327,0.15443462,0.14104263,wa3-TP5S0Sc
0.1638763,0.15446638,0.44569418,0.21342778,0.42028448,0.09970779,0.14755695,0.09065199,9Im3Qi_5mQU
0.23107536,0.14333425,0.32516795,0.1668366,0.3542563,0.10011891,0.10854002,0.09548495,pfSiq7HdWfY
0.18443651,0.10971089,0.1481571,0.1283729,0.4885263,0.33004126,0.186852,0.067320265,dMpcRSautQk
0.4474242,0.25031605,0.28680867,0.660731,0.3371721,0.5746613,0.783563,0.6357597,DyZ8cjrkX78
0.5680319,0.16242291,0.6639418,0.08519412,0.34865534,0.07716658,0.13712555,0.26132804,gT0NwUqpFaA
0.2769929,0.23503867,0.30551842,0.15820333,0.4127237,0.18761073,0.16063878,0.09602194,20GCXp4HNDE
0.36599535,0.1325369,0.037390925,0.104608275,0.1855247,0.032295212,0.047696617,0.053335425,s1Tgn2XGYpU
0.34314412,0.1289997,0.058496412,0.22202517,0.18945538,0.041433007,0.1465896,0.2088965,tFAm4OivRMk
0.45161092,0.4276021,0.32701388,0.5665721,0.51261204,0.24402405,0.34200865,0.34388447,7orBHegLAjg
0.64947635,0.23187876,0.11823324,0.10935662,0.2886812,0.14028716,0.10523365,0.16151784,fQ9WgGJm28Q
0.16916335,0.10051283,0.256975,0.17422515,0.34223613,0.09772333,0.10550658,0.118584804,ydXdpHPNQ2U
0.22489224,0.055344746,0.057740085,0.0435565,0.24997568,0.047246676,0.033983745,0.119228795,XO_uHLwQMSg
0.15408619,0.32726347,0.29771408,0.80613285,0.29004812,0.08424183,0.3845353,0.4151741,NR3BLGMvl-Q
0.74053717,0.74227625,0.77859324,0.40899256,0.44254532,0.17694737,0.31324017,0.38965073,b3FI8id2wEM
0.27672136,0.0642032,0.08598616,0.30141947,0.3621024,0.044696514,0.093249954,0.07571117,j3NRcq9-P4c
0.0147609925,0.15235974,0.22210659,0.113457784,0.32997608,0.053516626,0.097590886,0.090114996,WFX18mP-9hw
0.006311271,0.06807738,0.061554678,0.026087139,0.375672,0.01578575,0.017018113,0.006525108,AANhStPbBKA
0.36686787,0.24836522,0.6836169,0.20487142,0.4439931,0.06389019,0.12073644,0.32304016,OhBGzLbpghA
0.08453209,0.30251,0.31942728,0.30181116,0.42357942,0.13820496,0.23291549,0.13879937,zStSpmvhO_k
0.096498206,0.14424093,0.43843162,0.07026829,0.34130636,0.15600333,0.12486525,0.087430015,Iir7VRepr-E
0.002107665,0.04022553,0.091514416,0.052201748,0.4342014,0.05607303,0.052086685,0.059728492,CswtPm77CPc
0.19267766,0.041749287,0.059216723,0.029370472,0.3043262,0.058575995,0.03155817,0.07451247,_VAXW09QaUo
0.17390727,0.14391434,0.17304797,0.060002387,0.36483338,0.051897228,0.04652073,0.05773066,HChhpeLX-fc
0.10141658,0.026440626,0.09478831,0.0333481,0.3235377,0.02347741,0.016243806,0.027752401,Bd_h_RdObW0
0.15246938,0.1096801,0.26616076,0.08658182,0.32349947,0.07374378,0.08935004,0.0070804367,Vw6mCxVQI1A
0.19841896,0.20685962,0.2960364,0.1828649,0.34667295,0.06485497,0.096474916,0.038911518,stFMb0qnwoU
0.2868387,0.09054606,0.157946,0.039286483,0.3622981,0.099485405,0.054677647,0.0789077,3FPPNVn-eWw
0.25777665,0.04949581,0.116164684,0.03884185,0.39086604,0.08491412,0.03839995,0.021657806,LjEMRrW0gJA
0.6445926,0.35370883,0.14425056,0.16007765,0.27398548,0.08408166,0.08994669,0.22980565,dEvaLUPFEl0
0.10669247,0.15011884,0.38490194,0.11210041,0.47697806,0.09244115,0.08375295,0.32563272,FrVWYS7Ns50
0.6444104,0.46560106,0.18201031,0.14929575,0.3548579,0.09164391,0.10202017,0.12051678,XxkjRa1rrkw
0.7279288,0.707551,0.887265,0.35976505,0.29294354,0.057609502,0.31323215,0.39230084,CrEwu91qiVg
0.12076037,0.024712102,0.035781283,0.029934397,0.3381797,0.030886874,0.013783703,0.012564304,TUMdDbs0710
0.75058323,0.7404805,0.7838175,0.39804095,0.43319303,0.18000917,0.3126911,0.39206567,FlXLyYwsxTo
0.0795722,0.10200404,0.28312305,0.042040195,0.41149768,0.18798693,0.15178442,0.10699297,By-ZwOha-HY
0.8038528,0.2186865,0.13233337,0.11722139,0.36496788,0.103599906,0.073928475,0.10956893,c_dwPVKYdjE
0.8294702,0.7438632,0.8576447,0.40490186,0.353858,0.12036605,0.3515105,0.39230084,XkUR6jNvnJg
0.40958655,0.21622273,0.28356844,0.14415096,0.33487794,0.0462106,0.069417365,0.1019289,aDU4W8S43LE
0.022927703,0.19337036,0.2737516,0.24151929,0.5246045,0.07270806,0.086799845,0.25447917,-RfJx6ClqxM
0.8092032,0.3549015,0.7651416,0.23654975,0.3702766,0.066729695,0.10200657,0.22980565,sJ6ctDnH8bo
0.45833638,0.10351321,0.32296348,0.08441152,0.39966097,0.14463806,0.09461127,0.05773066,70zjjZy0xHQ
0.0013602113,0.15888031,0.7529912,0.14132597,0.45208457,0.096008755,0.13903688,0.2712817,MVdGAj-LyDc
0.22513467,0.13172875,0.2205648,0.10277983,0.43016455,0.30462667,0.16859469,0.12116077,0XOhmwcoAis
0.4527722,0.035628896,0.067999855,0.03127877,0.21511164,0.042236727,0.031588238,0.057331093,pb1JKt8ChSE
0.5680319,0.29905027,0.06436841,0.16201039,0.22388338,0.09509991,0.1388096,0.33600304,NGtWd9efJXQ
0.15924996,0.04024163,0.07125183,0.018363506,0.20266983,0.072195776,0.034784224,0.015688026,MmILBQHC4Ic
0.20951495,0.19472426,0.51848125,0.21199735,0.48418123,0.20407563,0.20304826,0.22987647,EEfG_0acVf0
0.20770971,0.06533983,0.08794792,0.041934106,0.29998967,0.052985527,0.04893705,0.06132676,m6YxuumFc5c
0.5934041,0.40224883,0.74903786,0.22733381,0.42828545,0.06954446,0.14812733,0.4945446,4VHb4JMqY9Y
0.3087583,0.047103487,0.18778394,0.04286362,0.41322526,0.0531933,0.029485784,0.019158829,sKIcgLQXrmY
0.48558378,0.4487726,0.3794914,0.29213536,0.48849195,0.36939874,0.342417,0.31671798,NDYAcuYsYTw
0.7279288,0.2398904,0.14827073,0.9328181,0.23757572,0.12327666,0.73030746,0.7569718,wxOMthiRtCg
0.24587584,0.08092304,0.30380455,0.073559836,0.30363932,0.07974748,0.06421834,0.073313765,6AGyCFN_MSk
0.7079002,0.01814605,0.03948055,0.01889978,0.27986065,0.08470212,0.019548396,0.2459383,k_2Eqvr-ZoI
0.6501225,0.2395599,0.3656204,0.5937954,0.3261297,0.11801978,0.25762942,0.38953075,I4PxnsSV_Oc
0.14630511,0.02625755,0.07516043,0.018968532,0.33915365,0.03658394,0.018466847,0.076110736,Y5M6osWqjuQ
0.25168958,0.27846852,0.36301875,0.16710712,0.39293242,0.17856866,0.15567619,0.20522906,OJpVulyf4q8
0.04733291,0.18686993,0.41954467,0.096486725,0.5743484,0.21435167,0.14492205,0.29070088,FfJ54jzdXSg
0.11625891,0.016797084,0.04325664,0.011514306,0.29843414,0.06672571,0.017701624,0.017909339,dqzJmdlJx0k
0.17783958,0.14888081,0.06095132,0.05507395,0.22963725,0.041781705,0.03432649,0.030327583,7kvuSR4DG4Q
0.6284144,0.6814962,0.24731715,0.68785954,0.29799348,0.08466216,0.26983273,0.355017,O1LRrxZ2NVw
0.2577995,0.17945461,0.47725323,0.083009265,0.29960898,0.06149677,0.08135994,0.07571117,DQ4MyxvCTCI
0.11350352,0.067372926,0.10467181,0.1043361,0.38373867,0.05204383,0.047572996,0.030155903,Gmt1rAIpmoE
0.35510668,0.17047897,0.17505637,0.05599934,0.42411986,0.04183031,0.026824346,0.21036349,bSDN1LTIWuc
0.8586774,0.6828112,0.5167873,0.6356477,0.4650338,0.25064826,0.39051938,0.2885035,mjVmz_t7wVo
0.5869931,0.30166182,0.11894877,0.9091764,0.1867053,0.07180767,0.8052676,0.6221407,MWqI9yApu7M
0.12629104,0.07793538,0.08082507,0.04397937,0.3573062,0.072713785,0.0474786,0.0032104922,IQUwcYwMYVY
0.5680319,0.5334722,0.2719613,0.29123226,0.37628698,0.13261285,0.17377985,0.29021257,IFFMaLM0Puw
0.21524554,0.11679788,0.1218332,0.31979096,0.3120855,0.038384143,0.06251444,0.17173064,Rqk7p2hp9OQ
0.18067822,0.039269708,0.055881057,0.021881612,0.21745484,0.027832882,0.022551209,0.014438537,7trPvpAe7wU
0.012576097,0.17522962,0.20568237,0.08269145,0.28530937,0.044437867,0.06948539,0.12180476,rFspzWDVimo
0.62195563,0.23469596,0.16109571,0.2612481,0.28247783,0.08548037,0.24849156,0.13386416,WpL12sf4U6A
0.64931047,0.21528317,0.064322844,0.11295476,0.16944185,0.072791554,0.100557506,0.19936113,AH8QJ_FasJo
0.5680319,0.109717086,0.04031024,0.25937006,0.19806662,0.019351415,0.033537064,0.103539884,mCUVmDnm-Y4
0.6501225,0.23955996,0.36562052,0.5937954,0.32612982,0.11801974,0.25762945,0.38953075,kovcmuls_18
0.18010852,0.39234668,0.73176146,0.18164735,0.41674754,0.1446649,0.23267601,0.20816301,rXWgFnLTEQg
0.13577697,0.058975223,0.09883208,0.028471697,0.2836597,0.062319364,0.049914718,0.22978203,QK1AJKq0cbc
