PERSPECTIVE_INFLAMMATORY,PERSPECTIVE_FLIRTATION,PERSPECTIVE_THREAT,PERSPECTIVE_TOXICITY,PERSPECTIVE_INSULT,PERSPECTIVE_SEXUALLY_EXPLICIT,PERSPECTIVE_PROFANITY,PERSPECTIVE_IDENTITY_ATTACK,video_id
0.019132387,0.20079078,0.079905786,0.13386416,0.048400506,0.059145335,0.046794474,0.0622226,_g4vy7H8bdo
0.37962902,0.6409883,0.13308445,0.10699297,0.06712986,0.13284466,0.09183674,0.052016053,WLoPNgIp6go
0.08150432,0.28805852,0.1116487,0.039598234,0.0810922,0.08359202,0.06094,0.08085861,Wz6DrQeQ5rI
0.13941799,0.17852975,0.053014122,0.046122026,0.019511208,0.034174632,0.020448823,0.021800196,HflVmQ20oUM
0.23903495,0.31118366,0.31535622,0.13655609,0.074307814,0.101856165,0.0920104,0.042961616,aPflB7_XXaY
0.12454646,0.17554319,0.06162823,0.06372416,0.025126353,0.02234167,0.021555841,0.024969002,QR7WjcRRz64
0.26645115,0.29842755,0.14990753,0.13655609,0.028809352,0.095048964,0.06752756,0.062185563,Tb07GjcEug8
0.51123214,0.26213485,0.12435271,0.08689302,0.061329402,0.08302752,0.08042758,0.050361525,I-9UxsWEi2k
0.05540727,0.22702667,0.17046027,0.019158829,0.06780237,0.07018483,0.08695933,0.07769733,9StwCFJ38Sc
0.47880226,0.18448298,0.077703,0.24418297,0.027477019,0.0443486,0.034182392,0.03399361,BkFlRIDtzUY
0.1897772,0.24151257,0.21888824,0.09333697,0.0693803,0.08982033,0.09744984,0.08416247,Uw4sNuF8zSI
0.17750894,0.20049486,0.09397773,0.044405237,0.036777332,0.061846957,0.046363,0.04572176,jRfq9RbCD_Y
0.07331605,0.25133032,0.065921806,0.07451247,0.035692684,0.028557017,0.027211715,0.041265327,yS22GxsrHAY
0.21591815,0.63563526,0.10451208,0.05373499,0.041173894,0.06589902,0.039511815,0.04856999,WPPVeyeM7Tg
0.10192878,0.364423,0.29803225,0.10515087,0.14108972,0.16893269,0.1526185,0.2760753,36lAV8mibOE
0.12272863,0.16100085,0.050027333,0.03839648,0.01880533,0.029413579,0.021003488,0.029268485,cd4fYncwbj4
0.16206504,0.17848513,0.058228996,0.13082063,0.028579878,0.029382696,0.025927352,0.034227233,IPzhcBk0two
0.29878193,0.20455141,0.055750478,0.15276173,0.022478906,0.04898876,0.026662586,0.03761641,VK_MBnAi_hU
0.34521815,0.1840512,0.07329188,0.032731086,0.054658327,0.06786037,0.06451077,0.07704535,Lw0nZEw8IIk
0.2448844,0.2050981,0.11633209,0.087430015,0.072746724,0.053537577,0.066114165,0.07536554,yC_nGu5Luh8
0.2264759,0.93869656,0.23030676,0.13386416,0.077241406,0.30948576,0.13509633,0.0838638,0KDPsNuJXw4
0.19151819,0.67780465,0.11336565,0.09118898,0.03325229,0.104352914,0.05475793,0.034319125,rznC52oPBuY
0.10173798,0.28692055,0.10575679,0.0669207,0.06835775,0.07982496,0.06737151,0.0661559,KJSXX4msf-U
0.1968697,0.24379972,0.10527301,0.10031791,0.025721895,0.04021993,0.028512819,0.032822706,I9iagX6d0Og
0.2551599,0.37347022,0.27735797,0.124380715,0.05510719,0.13333435,0.083687864,0.06894589,L9f-RQC8LTo
0.19487333,0.20190491,0.09768068,0.07011723,0.050625358,0.05079758,0.051499896,0.060159806,3DxnjCbuips
0.08188212,0.243366,0.25229406,0.087430015,0.04256925,0.031216694,0.033922743,0.058957886,hLB6vQuB9ag
0.4083455,0.28985322,0.2039071,0.13745339,0.038487133,0.0687914,0.05460734,0.046707522,4BFzt5i1jXA
0.1330047,0.25394168,0.25373676,0.09387396,0.07548129,0.10998117,0.1015917,0.055234395,mT9Vbb7WDMo
0.16136907,0.2534781,0.1768862,0.047495455,0.124276586,0.115647286,0.13644753,0.10309349,Vs9YUUhBQGg
0.12304676,0.94505495,0.19367503,0.08330294,0.062185768,0.29893154,0.12865932,0.066247664,2QM8f4TX3vE
0.2784238,0.25906408,0.11828576,0.21036349,0.019274766,0.057428315,0.032755863,0.029559968,oQmDk8Z2IMs
0.44599077,0.22815487,0.17900062,0.04268845,0.01492663,0.036118742,0.023133669,0.024173845,QewZR7474h4
0.3437682,0.18238904,0.07011465,0.05852979,0.022565365,0.03925545,0.027360937,0.033311393,Td_BpE4DDXA
0.06860487,0.58888537,0.39621866,0.014299706,0.08164808,0.11209061,0.07525259,0.11553226,6FBKAzSs7Pg
0.27841866,0.2973523,0.3876796,0.21362646,0.18532786,0.19259137,0.2617314,0.14992705,RG5BEoejrJw
0.011498661,0.319641,0.38750842,0.09279997,0.118290424,0.1059766,0.10154447,0.16447285,bgI8pqezB-c
0.3253888,0.22563359,0.167337,0.060527626,0.14133373,0.09928636,0.11390641,0.11903379,_GC59u3-WuI
0.2799931,0.21226156,0.05982321,0.057331093,0.021828558,0.07720962,0.036530342,0.03353119,yeTh-6e4AQM
0.17925651,0.17560606,0.07523506,0.07371333,0.04260565,0.028983414,0.032876562,0.04712042,kTEP23tUQeM
0.14006071,0.16243832,0.07106821,0.03049926,0.018302271,0.03605074,0.03422546,0.0437671,6T_-DiAzYBc
0.10090518,0.1687797,0.053259734,0.027580723,0.020979995,0.036776744,0.025277812,0.032789923,r3DDO8n1NPY
0.016151467,0.23155966,0.34889853,0.15071863,0.04143092,0.07849329,0.07442899,0.072553314,U57e8qDR6gc
0.022836946,0.20264071,0.09029179,0.1423886,0.098406054,0.06248738,0.07870762,0.08770025,cfe6yuH4s_o
0.03780207,0.34402716,0.39949244,0.08850401,0.08615446,0.108093895,0.09459754,0.13736448,sGAmK4BxUMU
0.25409076,0.29946688,0.060046382,0.048868883,0.0432118,0.057529774,0.035055783,0.029923506,sjU9tEobw78
0.12517716,0.5633634,0.38059413,0.09172598,0.101186045,0.15810141,0.12229905,0.1074998,RKWCVehqGBg
0.14976908,0.18776546,0.083578184,0.044748597,0.03322837,0.049380135,0.042058613,0.03749916,ou7NitF6gkU
0.28659528,0.34045082,0.33613738,0.0681194,0.10832893,0.078025505,0.09491538,0.08875073,7TXEZ4tP06c
0.149181,0.2307924,0.13358696,0.1731117,0.05737183,0.085278004,0.066630445,0.10506333,prfYjiYyCA8
0.0042415857,0.31324664,0.2537821,0.042001735,0.12058994,0.057337835,0.08798732,0.09427354,DN-7RsH2WWk
0.15489866,0.17798609,0.057354014,0.03204437,0.042911913,0.07617477,0.057620198,0.04589302,lSSYciuiKSA
0.15602493,0.21085596,0.36484063,0.05133759,0.13210635,0.07610909,0.11147253,0.1565662,-6F5q_5HC3o
0.07078467,0.602785,0.10711082,0.10461388,0.045519054,0.09599476,0.05161771,0.041795895,UW6H5dAPuhY
0.16224614,0.16257961,0.09524668,0.035477944,0.0273762,0.02579484,0.029765485,0.032731302,qW2tHSfBsrI
0.21000922,0.16552365,0.054150406,0.06132676,0.018605202,0.03115961,0.021580089,0.028915169,sx2fHwPpssc
0.1921376,0.21167916,0.2591046,0.05413456,0.029220005,0.056297194,0.04978949,0.04716402,zqNZ9df0tho
0.28407922,0.27288312,0.09413046,0.03049926,0.09596183,0.11310278,0.097743586,0.20162018,WoV4f1ncE7U
0.14082517,0.23524506,0.0746208,0.087430015,0.08729224,0.057389908,0.08298515,0.05162043,WLNpcmpeRek
0.4372648,0.16385117,0.06408868,0.08850401,0.026620362,0.037915714,0.027406443,0.045265734,izTznw3IGuw
0.70822805,0.22106066,0.08791242,0.07371333,0.04172095,0.07531893,0.053925972,0.048638538,CaszZ2QdYQY
0.18412393,0.20320591,0.054790612,0.06372416,0.022152018,0.04809446,0.026093207,0.037344866,azOnZ8H6E8g
0.015027876,0.25380325,0.38171852,0.0741129,0.050354738,0.043368407,0.07501149,0.096242405,jSMKyNT73Uw
0.11901724,0.33870524,0.14716892,0.04234509,0.083868556,0.1319803,0.109637715,0.06185809,GvAaVrEdsWQ
0.16302915,0.20234062,0.099905096,0.22990009,0.03825581,0.067499295,0.056199472,0.05434012,s6RS_anFcZM
0.7345964,0.23154761,0.1304367,0.119228795,0.15182602,0.11149072,0.16975683,0.1185945,aau6xZgIu1A
0.29841405,0.21270743,0.19762121,0.050585672,0.025053406,0.03988943,0.028348187,0.035407085,14ArBXBdg_o
0.24747741,0.39958435,0.13323623,0.18253209,0.08221638,0.032487888,0.049910836,0.061091326,CGXCyzcXsYk
0.32747087,0.19056335,0.084404886,0.05373499,0.03751425,0.057226714,0.054349747,0.04670012,TIgI6VWxPto
0.31434846,0.1900823,0.0537638,0.11343288,0.019341514,0.029758047,0.021640083,0.022985213,zl9IgIp58uo
0.31467903,0.49730006,0.22622593,0.21362646,0.114413746,0.16681765,0.11580921,0.26607317,HCHe7BLnzpE
0.5178571,0.19362678,0.068984315,0.05373499,0.044318188,0.04030348,0.0375432,0.061835017,a1NT7aWr_ow
0.3130407,0.68017054,0.21160021,0.2835225,0.056402303,0.123464555,0.07986723,0.06075115,S0Otk5ua9kw
0.1982264,0.38826784,0.28157118,0.06492286,0.0951787,0.0837018,0.09167673,0.11687345,PiJkRJgjFBs
0.041229654,0.40725493,0.5720957,0.052136723,0.14252439,0.2313541,0.19656298,0.16629727,Q_dpP6MyWQA
0.39149544,0.35263744,0.10580896,0.08420804,0.015760599,0.0503954,0.026770907,0.03081446,u6MtOor1aU8
0.09109953,0.3674628,0.17485426,0.15451296,0.06563515,0.08619764,0.07744578,0.060540486,6SKkS_1geZ0
0.10864551,0.23473778,0.06746948,0.26132804,0.020627983,0.047140747,0.032487698,0.03059771,oufXsVM1oIQ
0.124262996,0.286776,0.07710888,0.0038352364,0.030517204,0.05985636,0.03492858,0.07723748,cYaWGIvcOVY
0.107355714,0.24827698,0.0995858,0.038911518,0.034158293,0.046842653,0.03252802,0.04355537,K-efsa6XdUs
0.080760665,0.22993192,0.15198909,0.0753116,0.018707307,0.038880665,0.024195038,0.024857225,599uU5TSqnY
0.42999285,0.19984505,0.11456607,0.2008281,0.13268037,0.057732627,0.10788636,0.13838786,V95RFYztT20
0.051196598,0.3935893,0.2766728,0.0053450353,0.2524763,0.11532484,0.21085763,0.265811,eexXC3tDbfI
0.43803197,0.28022367,0.2284618,0.23891698,0.4361407,0.089201696,0.21348365,0.18253201,wy2-3BxdtYY
0.18626131,0.30840313,0.18461345,0.06252546,0.13820207,0.110000566,0.10259437,0.2828046,oQYOe85USNE
0.13321137,0.2498092,0.087021686,0.06851897,0.042398132,0.0524881,0.038472656,0.053047456,1gTJQOChf94
0.26648965,0.21525027,0.10029648,0.027237365,0.05842417,0.07162951,0.07653241,0.068779245,jyFbSSVXgGw
0.23450874,0.15945086,0.0593109,0.040971663,0.016682697,0.03315137,0.024456829,0.022818333,QPTVz9at9pI
0.117632106,0.3762487,0.24893352,0.08689302,0.0825623,0.11219714,0.08074794,0.07629149,uDWxKQ-vHbU
0.28686658,0.38166347,0.36538598,0.28683078,0.42983198,0.09988357,0.19953394,0.312935,Gu6eyI26D84
0.43960625,0.29264966,0.12636077,0.068918526,0.03160851,0.037838664,0.027201567,0.039080128,gl0VUHLJuls
0.10521877,0.26240125,0.107147835,0.058130227,0.06832579,0.041260365,0.03628229,0.056113333,zY1269CaCFk
0.040354356,0.26323682,0.26283687,0.058130227,0.0463389,0.06411877,0.04631168,0.066708915,cvESbL06ETM
0.07550772,0.25408295,0.27207595,0.08447654,0.1125746,0.06724005,0.089109294,0.11447564,rcWUFyIUuXo
0.31427157,0.68023986,0.1198818,0.12180476,0.06297599,0.1125455,0.0740226,0.047218934,Jp2APGqxH24
0.24059755,0.24290286,0.25761706,0.17957193,0.17404711,0.075787894,0.1128664,0.17367911,hxIWRPMI4Rw
0.1897772,0.36117554,0.18096836,0.035477944,0.15649213,0.31836563,0.21270274,0.21196982,kPOEM65BIMU
0.035337735,0.1753513,0.055711932,0.06252546,0.032118425,0.027949888,0.026011309,0.03197129,gA2UtJJ9y50
0.26809442,0.31427032,0.17056356,0.09763293,0.3592094,0.10112635,0.17492314,0.13837776,6f2ZldW1sOI
0.14804135,0.24430852,0.08619488,0.0063862763,0.0239414,0.033928417,0.02749694,0.042140335,_HyaCTgzYUE
0.2721757,0.6759389,0.12467503,0.060927194,0.031310197,0.09138857,0.046118017,0.033366118,r6cJl89axqY
0.119575,0.3418292,0.20854977,0.03770977,0.10547984,0.18305641,0.14493468,0.13750936,BLGMfxbPDB8
0.13295697,0.38534415,0.24972115,0.15217799,0.111668766,0.13533458,0.11476765,0.21577348,DCwBkGN5iMM
0.17747158,0.65048003,0.15219256,0.0825038,0.049178544,0.1277202,0.0712203,0.05356341,IQlVBewbrUg
0.07533677,0.29264793,0.14200135,0.06412373,0.05874238,0.07920264,0.07003701,0.0719004,ewMksAbgdBI
0.09425934,0.23652983,0.09720137,0.1473238,0.10926198,0.052354425,0.10117312,0.109660715,tlanNyZCsR0
0.0831192,0.4409814,0.42051512,0.055333257,0.10207021,0.26631877,0.16605645,0.118626356,36XXD8y7Yxg
0.22147034,0.20327249,0.09627257,0.08050597,0.038909778,0.057466246,0.04784479,0.04781808,fGqtZbdjhNU
0.014615214,0.51440483,0.42136982,0.015826859,0.07029337,0.21751869,0.14207374,0.15185332,hHew1AMPRZA
0.15200602,0.15312102,0.05360056,0.045778666,0.031071814,0.030703207,0.028173687,0.038673952,GfbpU9Y6ltA
0.078196615,0.3277153,0.10501696,0.08689302,0.43116295,0.1094135,0.20072404,0.17194617,RL_c5CRJUko
0.12230896,0.4024949,0.1351626,0.08689302,0.06191804,0.16325969,0.08281179,0.039795242,sCqQ3d1k3Vc
0.11712797,0.55251265,0.075032644,0.061726328,0.018955113,0.10945843,0.04900108,0.05230456,NQ6M0O7N-4o
0.028005011,0.23083463,0.04597129,0.0495556,0.019517252,0.03259238,0.02224957,0.021912795,lIOjk00njxM
0.047113035,0.34630042,0.20924002,0.0041996706,0.30039313,0.1397336,0.2266064,0.19185153,CNb2cV24wr0
0.08102675,0.23607802,0.05464536,0.07970683,0.022463528,0.037930552,0.024190644,0.026307631,vzaUdSnUWS4
0.124860376,0.3289287,0.23924914,0.08330294,0.18210337,0.1611968,0.15344362,0.31857172,Ri9jiOQvBXU
0.09424122,0.1794341,0.068067916,0.031185975,0.02587109,0.03404132,0.024771793,0.027639916,vSFcn1U4wNI
0.14312452,0.43303528,0.3557016,0.13790205,0.21711282,0.19303218,0.2486114,0.2979929,sPMVkJAVhG4
0.17971449,0.20079042,0.06756489,0.1019289,0.03293729,0.056539997,0.040641617,0.044334877,iNhN4rPWwCI
0.12428379,0.22913566,0.2587819,0.054534122,0.027334116,0.06075897,0.0454683,0.036696,Idwupd8vuBE
0.074400395,0.26771548,0.13529024,0.19141254,0.1441616,0.07716077,0.1269904,0.11471951,j7CjkMtWJrw
0.10529489,0.22316018,0.09228364,0.083939545,0.041147184,0.08648505,0.060056854,0.052021563,3O38qaBUIC0
0.4268007,0.21519431,0.07596234,0.11472086,0.037026513,0.043314725,0.027816188,0.042332217,jBfMs-YskHo
0.02040115,0.36578703,0.28233925,0.07730943,0.056983057,0.149168,0.099353954,0.039199773,vUSWfeY7xAs
0.20157678,0.21680403,0.07003223,0.10634898,0.031911254,0.04981223,0.037194196,0.032971665,lfgaJQ3z3nE
0.33991283,0.336226,0.2687747,0.14866976,0.4557715,0.1766386,0.2983476,0.4393462,GUTH6hEt3cs
0.1464485,0.357836,0.19783269,0.07730943,0.1062721,0.062326465,0.06434499,0.15553464,I9ITUf0ZQtM
0.19869895,0.2665139,0.1387795,0.263611,0.11298112,0.116307184,0.15507202,0.087325,53rZ7cOroKM
0.23047884,0.1889444,0.10773705,0.031357653,0.052844964,0.04783126,0.053136546,0.05654804,i_pQWFkZJrc
0.43697983,0.389407,0.22465591,0.13610743,0.07794722,0.17994407,0.099497855,0.15370649,1DcjB5l4LWE
0.100140154,0.19809937,0.072490744,0.08330294,0.02893263,0.042996377,0.03287661,0.038781703,NLWNOafqfh0
0.055325788,0.2805212,0.10748309,0.0056227,0.06678684,0.05756122,0.05305692,0.0738314,K2EBkXrnh0s
0.17295273,0.1694925,0.055346757,0.2224569,0.020892134,0.033669714,0.023998618,0.031187687,S8DfLCsWxc0
0.009110385,0.27927724,0.029899184,0.09816993,0.03316447,0.0713805,0.030753177,0.03734561,zjDELz2xsFg
0.62155473,0.28869748,0.16745763,0.14463188,0.13910565,0.1677565,0.17425878,0.103014745,5QQJ6mMWoFY
0.08367972,0.5129396,0.111557804,0.06332459,0.0867422,0.25045836,0.11574305,0.08725457,cbXNhucBbYU
0.30826446,0.66050917,0.18498988,0.10763696,0.061504494,0.10435538,0.07275817,0.07563921,uLj0cBVpbGU
0.15905881,0.41208676,0.105471574,0.12631269,0.058754373,0.13626723,0.09040712,0.041384105,8ukc_HXD9_E
0.17798711,0.25062203,0.0979583,0.10763696,0.050766326,0.042267717,0.039310895,0.053252257,ilKDb75gE2A
0.09640009,0.6785572,0.37718493,0.01631277,0.27984455,0.20207193,0.19763939,0.33415473,h8x-IMYbFk0
0.2971992,0.2915638,0.06466335,0.082104236,0.021682216,0.044777937,0.027748227,0.02968538,3id_ky_Bh8g
0.022552207,0.4391083,0.5359745,0.029640866,0.12528282,0.10918386,0.14118405,0.24904647,LvcfIJg8ivE
0.21792346,0.17862245,0.089615785,0.030670939,0.032093037,0.043530557,0.038977362,0.03902313,g1Fu31Ge01o
0.18532957,0.26917168,0.2472612,0.0471521,0.024664804,0.07567534,0.044021353,0.034865066,1cbmTGS2cw8
0.06098132,0.16204262,0.07440822,0.06332459,0.09632968,0.03876201,0.05292945,0.11837401,_BRsVgmt5sw
0.025569536,0.32898536,0.28833443,0.07091636,0.15382884,0.1479025,0.2071684,0.15355514,aHRRBM4Mwzc
0.07994104,0.7784964,0.1533823,0.05613239,0.0510058,0.15921384,0.08053057,0.062296536,iBcLL9y3FSw
0.15391989,0.284933,0.4405277,0.119228795,0.2422564,0.12101864,0.16845034,0.1494656,MLgztbkq6Rk
0.318288,0.21916303,0.10050184,0.056931525,0.1719168,0.053233743,0.0842569,0.089028254,KAD2BrgUaZk
0.1946002,0.17279878,0.09623417,0.2945986,0.041974973,0.040911183,0.036767986,0.055877488,Dio7BKd06Ug
0.14747998,0.206699,0.10397952,0.0681194,0.07332221,0.07033755,0.06960265,0.06638654,mEpUqkwdMVw
0.18031749,0.21196745,0.09429971,0.048525527,0.090759255,0.038003627,0.061779823,0.13014978,hVqo2r1hFpw
0.37106743,0.23355845,0.0737995,0.042001735,0.031540275,0.07275152,0.051495384,0.036463633,IJaUULiKuTs
0.10298972,0.3641278,0.11602511,0.044748597,0.032621372,0.09290647,0.041313186,0.06710841,T52UIiUtozA
0.29925683,0.5212184,0.087691635,0.24991328,0.07217729,0.109522685,0.08260635,0.03373141,unrby04fIiI
0.0074347537,0.30167666,0.3426241,0.05613239,0.05682407,0.08513539,0.0877904,0.040763263,LXjSduaOXEk
0.17310335,0.6241545,0.23440707,0.052136723,0.045651793,0.05197491,0.037300073,0.09409439,HGjL_0QwQvI
0.2728406,0.17679113,0.17260036,0.05653196,0.0150719425,0.038248967,0.02610178,0.036967497,MnKN-Htz5Ns
0.20921814,0.18082677,0.07033041,0.02637897,0.027563239,0.039219785,0.032685656,0.032629874,KRAarF177Y4
0.28892273,0.33892947,0.115687,0.355017,0.101911046,0.114560656,0.1330741,0.06524295,5PYxkY0ON8I
0.37425283,0.35626966,0.14557031,0.23628397,0.45088494,0.11489239,0.18565856,0.15829422,LT0pQPLfJCo
0.0073084054,0.27462244,0.3941812,0.09602194,0.11009013,0.1338745,0.13025437,0.077944525,G9ufRhWNeB8
0.28399745,0.19689095,0.097875856,0.055732824,0.039822847,0.060235143,0.056204394,0.039745666,2nr587hSR7o
0.0031173,0.5127704,0.23698564,0.0027766419,0.029105894,0.09138736,0.0490268,0.043639213,QPGMbjLaf1M
0.067750126,0.16888405,0.04815853,0.046465382,0.015557004,0.02786742,0.018578786,0.022334807,Aj1URkTE-rA
0.2494002,0.22862831,0.11320857,0.053335425,0.033092625,0.047003172,0.038269915,0.05124183,vFotWl8vMfA
0.15154143,0.18899938,0.08043724,0.02929751,0.032672957,0.045508485,0.039868075,0.035796348,KB_RQACWFbg
0.08785749,0.38422978,0.23736954,0.06132676,0.06103654,0.048334725,0.038046088,0.061415024,6AFiaxdu3Y0
0.4371315,0.24907987,0.12534894,0.18253209,0.085113004,0.049561795,0.06465917,0.043475166,sX07sYtQcrw
0.20928754,0.2724488,0.08505719,0.06252546,0.03300401,0.069921866,0.04633219,0.040710878,qgMxHzKG6G0
0.18932016,0.2436785,0.10465015,0.11794081,0.09442096,0.09292546,0.0896229,0.0897748,7C_4XIWftHU
0.12613484,0.34498206,0.37243015,0.16551583,0.094104044,0.16015108,0.14456841,0.1083282,qHW0iMq-fhs
0.11781965,0.20837098,0.118831895,0.09978092,0.039517883,0.056464374,0.05584245,0.040176775,eiCJNeOrgGM
0.48493013,0.58424544,0.1257195,0.073313765,0.033651706,0.059703324,0.030190995,0.061929274,_psh_ggzcpk
0.08630976,0.2679386,0.082373254,0.0813051,0.046413157,0.05764192,0.04959232,0.04884322,MX3vHndP4YM
0.18529141,0.5798248,0.1573611,0.0813051,0.04807643,0.31243658,0.10857403,0.065811634,uV0B49jRyvE
0.06808126,0.21554025,0.08595124,0.04783881,0.065344945,0.06346659,0.054602604,0.09442819,Ngz2vfk2n1Q
0.2265895,0.2047562,0.1588137,0.04131502,0.07526286,0.09813033,0.10255901,0.08087775,b6FZdd0sbao
0.24717377,0.20716734,0.07843643,0.14059398,0.047117706,0.047569096,0.049278278,0.07128192,64IyK1PWv4g
0.11632012,0.40711352,0.47806495,0.017701091,0.10162614,0.19286905,0.20214917,0.16115181,cjD-NDrHSS4
0.09651757,0.2727043,0.076171026,0.044405237,0.042159576,0.03860015,0.026918923,0.044491034,-s3nRjBDsgw
0.16838549,0.91981745,0.31297198,0.22983712,0.34911197,0.5913015,0.4926656,0.29765025,CTCfcil6b7k
0.14041346,0.25195676,0.09738229,0.05093802,0.061588388,0.08690589,0.06427277,0.08394224,YEHI8sSrzf8
0.36645842,0.23507574,0.060728554,0.14193995,0.0190977,0.038881414,0.02567362,0.027688729,FTdfzVGODEU
0.26437175,0.36181277,0.15386237,0.23716165,0.05567579,0.17860508,0.096715115,0.123427756,_dsR7YrH84Q
0.1451515,0.2490977,0.08659152,0.04165838,0.1592344,0.13739318,0.12407238,0.35871294,UYr4CmV7r2w
0.27464107,0.1960686,0.13634023,0.09172598,0.11567966,0.06431828,0.09051786,0.07986476,laVebaRmKdA
0.12690383,0.28059772,0.17530285,0.035649624,0.1551447,0.14059518,0.14848787,0.21649474,X6F0UOpbw20
0.0902528,0.20448634,0.07729068,0.13476147,0.01684351,0.02692258,0.036993135,0.05626518,tzL8VxGQRiw
0.19506633,0.34318498,0.35138646,0.09763293,0.10386841,0.14981458,0.124229215,0.08900615,Uf6mtrcUj_U
0.36271244,0.17526779,0.075981624,0.10956893,0.02813851,0.046491638,0.03191515,0.050032753,re4aKD1mHAg
0.28423598,0.63850904,0.18209703,0.07690986,0.15344997,0.4937389,0.17425258,0.26154378,6SXp6ELaxsQ
0.15843652,0.7598894,0.13215241,0.06252546,0.027791148,0.10331767,0.0407553,0.03376315,14L8XVjus3U
0.21740879,0.19457524,0.08761814,0.047495455,0.055056218,0.02895564,0.024491549,0.040464144,S-C2A5hdJsM
0.1247605,0.17343779,0.05753925,0.03856816,0.013858008,0.031777535,0.01819,0.023308499,zrGfNHqzfbk
0.13739075,0.36500123,0.3637979,0.15976663,0.12529781,0.14391522,0.10934989,0.24150993,onAMhrVjuQk
0.16143644,0.56508446,0.28677633,0.0729142,0.06322564,0.13266698,0.08486053,0.12362667,zshzAysfLF4
0.25977737,0.29007128,0.14443702,0.026207292,0.07444129,0.06947727,0.05830458,0.1428051,ejRLEvOzFMc
0.19170874,0.38561958,0.303793,0.0023774996,0.091152884,0.15553579,0.112730786,0.105535954,SdeoY9x_82c
0.33269262,0.25287464,0.16086634,0.20669603,0.10947942,0.046149533,0.07349928,0.057385955,DhqZF9C-UOY
0.26294068,0.25700456,0.09182778,0.05493369,0.022390302,0.08003966,0.046682622,0.0635069,uKQjOethBb0
0.41463923,0.17864275,0.060437277,0.07730943,0.022911174,0.04731162,0.034565024,0.029147925,1LyEd-nQj7k
0.43937543,0.18633904,0.18072134,0.07131593,0.023569426,0.03609299,0.0355033,0.046021,0txiMcx7X8o
0.28190663,0.2601369,0.20796597,0.051737156,0.2066356,0.07803176,0.127809,0.23064038,uR5n8lMW1oQ
0.18305752,0.28600603,0.36829787,0.1580154,0.036301386,0.055861946,0.05169142,0.07049732,-5i5hM-ClIc
0.13528295,0.30287427,0.07858399,0.0717155,0.05932797,0.049305502,0.043101978,0.05042991,VkFK_2cti7g
0.2257681,0.20991474,0.15488261,0.44805592,0.44641715,0.050004013,0.24346992,0.21053848,B547a4OK0E4
0.12488358,0.1832287,0.069009475,0.15568043,0.041468628,0.031268004,0.033688817,0.039128356,n37Elwm6R6w
0.07228731,0.29114863,0.15257494,0.040971663,0.085697725,0.100270644,0.07989619,0.16151692,HC5Ji87JEpo
0.15241559,0.27861723,0.10460231,0.14059398,0.040657297,0.07210774,0.04515722,0.05718799,vYOZCkgvNJ4
0.08138308,0.16843008,0.05838628,0.08290337,0.013408235,0.022813868,0.018569488,0.023252048,zRaJuSQI_sg
0.75551856,0.3152766,0.24917948,0.22510603,0.32518104,0.081269056,0.15947157,0.11887254,rjFxthTkw7A
0.18985716,0.4082373,0.6100557,0.077709,0.100752264,0.1985237,0.15577054,0.2213017,YLbd9q-MPiw
0.43917304,0.2626687,0.103793636,0.10699297,0.06070615,0.06406838,0.05229216,0.07926148,G_hjAoh-Q7A
0.17598835,0.2808962,0.11067795,0.020824814,0.0205433,0.075177826,0.03285306,0.046609174,uKKFiL-rdEI
0.10996643,0.35235676,0.15534459,0.0334178,0.1648135,0.08881103,0.08874343,0.12678362,6xn-OFhLKBw
0.096349895,0.26956314,0.13699134,0.0495556,0.07859605,0.094767116,0.07377942,0.13476105,YyrzxDtJwxM
0.26171708,0.1763232,0.055444103,0.12116077,0.038758952,0.026452139,0.030793345,0.048993316,JqIeWFZaKeA
0.3930965,0.18926814,0.41300312,0.1510105,0.09666423,0.057099592,0.06608952,0.11980708,IL3aG57HNGc
0.5980053,0.27732798,0.087829724,0.14687516,0.06709243,0.034967978,0.03125207,0.0356459,YmDS3_cl1zw
0.290139,0.29473862,0.23834397,0.1621016,0.06922328,0.07652346,0.08324797,0.10259917,7fMDcdBtEEM
0.3619778,0.20354499,0.051838096,0.05613239,0.0154537,0.026740417,0.033546604,0.03847594,ujTjA4uC-CE
0.021103282,0.44115612,0.103819415,0.031185975,0.056818508,0.16172236,0.07637754,0.11716048,XFxzcxO__uA
0.26619953,0.18445848,0.06854883,0.0801064,0.024291476,0.03151155,0.029589768,0.04004847,6DXTWTbd8G4
0.08885021,0.34453315,0.27223188,0.17242117,0.039250404,0.11348623,0.07367759,0.05459802,Tq0FTGmCajo
0.099185064,0.22758102,0.05954754,0.02655065,0.015993984,0.049676854,0.024710696,0.028804524,8IaseU0V7d0
0.06493132,0.35040992,0.3917438,0.06771983,0.09320014,0.15867406,0.17726806,0.13601717,0LZm5dzBZZk
0.38509983,0.21721408,0.08038731,0.1539292,0.038733613,0.054964002,0.05127195,0.0359766,G5vvLMNC4TQ
0.01112438,0.27007893,0.15583359,0.016104523,0.12024972,0.06646038,0.10494986,0.14463511,SkXUXj1zqLw
0.21891609,0.19570738,0.06279405,0.030670939,0.0176979,0.026449934,0.017752094,0.03587614,NtJMs4aZRZc
0.0913212,0.5015322,0.21090336,0.07451247,0.11294491,0.21631011,0.16188881,0.06796071,5zyChNuJKo8
0.44998413,0.9068311,0.12990804,0.13924801,0.080310486,0.2728694,0.13880509,0.078654796,NvfD1nx0D4g
0.2788286,0.55434734,0.7552402,0.34388447,0.5281161,0.37748495,0.5090592,0.25102025,XzBtDPtFPUM
0.12878896,0.34924567,0.09357298,0.08635602,0.05957063,0.114181116,0.061796665,0.059078183,b3o5lEJIE3k
0.13556223,0.67347854,0.10030781,0.048868883,0.042969927,0.08175484,0.0463486,0.060704067,wYOf0Wzw9lI
0.08254505,0.7347336,0.15191379,0.08796701,0.056120206,0.1471515,0.09489242,0.06906405,H-dEa2ABC4s
0.099429265,0.2861611,0.2648454,0.043718524,0.031001182,0.09724885,0.07296968,0.100159094,zaxKg82PGfg
0.1789213,0.61365056,0.25168142,0.14597784,0.20552835,0.28321686,0.2190808,0.13676706,hky2ggpPM88
0.13418758,0.21846303,0.09057117,0.09924392,0.056204554,0.074596375,0.06804594,0.065552436,YcM5PHft0EQ
0.13374767,0.18346517,0.07157386,0.038224805,0.023081247,0.044397585,0.026879383,0.044030964,SgJ_0HwV1j0
0.07284574,0.40209645,0.07719197,0.09494796,0.06578548,0.067000605,0.06463481,0.05165386,TlU-WMJQO9g
0.13534322,0.35247537,0.14293739,0.39694545,0.12899423,0.3180879,0.18292144,0.19116172,U_PDNMPU4gg
0.021533953,0.26543435,0.1550123,0.033932835,0.12158376,0.07006236,0.106460765,0.14801617,C9BK0Iki594
0.06730084,0.31360653,0.09018186,0.052935857,0.044651236,0.057544876,0.040473636,0.050258443,dvLJftSrKJk
0.0023256112,0.34332547,0.25985837,0.04543531,0.12478977,0.19043641,0.17503707,0.12751272,KrprZqprArs
0.15489702,0.15350504,0.046654716,0.027752401,0.014630105,0.025685852,0.017424956,0.02277153,Pf6p2WsI83M
0.21223328,0.3309852,0.58827305,0.11600884,0.11975845,0.15768158,0.17102182,0.2381693,DO_SMymzSmg
0.12156916,0.2205925,0.07235431,0.06931809,0.032787304,0.047954615,0.033876672,0.044425543,TBfErW7kuAA
0.17865211,0.30068123,0.2778196,0.04131502,0.09391458,0.12413714,0.110923365,0.100788206,ftVUrNbAVeY
0.26330593,0.27222714,0.11720471,0.055333257,0.032227114,0.11318913,0.08647858,0.04876828,KUXOQfh0ZKY
0.27885008,0.24640039,0.12477607,0.035134587,0.037646998,0.055824474,0.05431485,0.03899407,UEZBbDJZOfw
0.16588265,0.24753727,0.101172574,0.053335425,0.06633583,0.10991403,0.07971474,0.098034985,YOQt39r_pqE
0.013483588,0.42624876,0.16181163,0.16620636,0.14181755,0.1637415,0.11342109,0.15353037,Ivu_OL0I_-A
0.18389885,0.28248557,0.11548511,0.1334155,0.054020092,0.06756507,0.052261636,0.06668501,cqH9A67td5U
0.14698796,0.32341963,0.67967445,0.1019289,0.12747182,0.1405856,0.1647835,0.115530215,O-z66n224pM
0.05515487,0.36548477,0.14148201,0.0471521,0.083287545,0.1616234,0.096324585,0.0752493,nyyBl1wLe8g
0.17250723,0.3327714,0.18296917,0.0741129,0.052494686,0.11926822,0.07111002,0.04473173,TAIV6xFQZK0
0.109875984,0.19958049,0.096872,0.058929358,0.050178368,0.06099938,0.052982956,0.046773918,HVo5jMwHZl0
0.10652868,0.16844252,0.08418101,0.0765103,0.029943781,0.04325133,0.04075474,0.04909973,SW-l-x2fOEI
0.15426834,0.31598595,0.025983052,0.016798683,0.04949333,0.013518214,0.009105645,0.05268435,slJXUI6GlW0
0.003668083,0.28234038,0.35252365,0.039254878,0.083196715,0.07001478,0.07496007,0.050440088,wpZzbAeVxAE
0.18964404,0.17508316,0.049910113,0.025005542,0.012146777,0.022085298,0.014238406,0.018167606,-Yo2dSHB4i0
0.20390625,0.34834084,0.27902424,0.057331093,0.1047645,0.104821056,0.14246103,0.14874738,ic3gMp4XYIA
0.18946627,0.27603972,0.13358398,0.09978092,0.17959476,0.06287187,0.109153435,0.13306217,CmMCZEhSXQ4
0.08018757,0.28201792,0.23168385,0.1580154,0.10572678,0.11764163,0.10845168,0.11477238,s3GeiAKJYI8
0.13304369,0.25553662,0.14715259,0.1943727,0.09186525,0.1032626,0.094797164,0.09100607,6TNC3FfhB84
0.12025103,0.5152017,0.5857978,0.030327583,0.12850522,0.20753999,0.16831836,0.12389279,-c3L90nsesw
0.22073635,0.20043136,0.10737779,0.0050326632,0.056250744,0.062317442,0.06516323,0.057809137,mkaxmTDJ5fo
0.0806445,0.2817529,0.10381601,0.055333257,0.028958015,0.05142056,0.038257603,0.022572758,d4lXSMxaD60
0.2371039,0.3089759,0.15457302,0.13700475,0.08046526,0.100499235,0.08261118,0.09257743,OFvmH70UsCA
0.14742567,0.21502854,0.1800798,0.08367105,0.020442434,0.05357687,0.038087137,0.03291202,FZVuil3hNZ8
0.0746223,0.16460517,0.059185613,0.112788886,0.03446145,0.033752978,0.029935952,0.041901447,GdsEY9dqZ5A
0.18493327,0.6709188,0.2414442,0.1884524,0.13190795,0.15753418,0.14439583,0.11507861,DEGD6sjQ0nE
0.3216206,0.27391106,0.115808256,0.13146462,0.051315904,0.06457268,0.05022603,0.065175265,9Eg-rk2P1Ks
0.008054266,0.33187327,0.055916876,0.026722329,0.06868364,0.037215497,0.019940903,0.06139581,07il8wZR1Tk
0.18180047,0.2216227,0.16151293,0.083939545,0.01378521,0.030680211,0.020870956,0.020955035,MMCT8xqebZY
0.14472537,0.21775533,0.10924574,0.073313765,0.06109604,0.045639727,0.060106553,0.113959834,ul0sSjf9wAQ
0.27616698,0.3423063,0.2815619,0.08420804,0.11124693,0.10373788,0.10111662,0.072555795,GdQaqhnLs-M
0.014403236,0.21338944,0.387384,0.20449556,0.2004052,0.12005847,0.17666873,0.4991511,Zjb83K_5Zzw
0.06909308,0.24856937,0.2112357,0.09494796,0.119790666,0.0678627,0.08688835,0.085403875,0r36VFz_5pc
0.07444316,0.3778469,0.30761737,0.0035228643,0.06442674,0.1294553,0.087150075,0.130367,GUeEOg7RRDk
0.062210474,0.4566053,0.6056305,0.0801064,0.2749742,0.14577606,0.15682077,0.29253256,l4aVbY-tJWY
0.15879042,0.3605457,0.19983411,0.017701091,0.11220701,0.06861264,0.09026167,0.21114044,T8ejTslXh3I
0.095314115,0.5038367,0.48347265,0.015757442,0.101901695,0.19695236,0.16472465,0.19182765,amI7d_0YWaA
0.18437207,0.74069375,0.1655959,0.057331093,0.050104965,0.11736141,0.062016066,0.05582453,Y30O3huadXk
0.12626915,0.15094297,0.077624016,0.10763696,0.031446185,0.05755111,0.058648005,0.051130697,tvYtTPPGyBU
0.22424448,0.1931658,0.07097358,0.068918526,0.022243537,0.038467366,0.031187668,0.032191973,9lXVrc8bPSo
0.15846264,0.18965769,0.08739678,0.032559406,0.021520508,0.03542961,0.028745657,0.032351766,2pWCU8S1swQ
0.08794137,0.3522618,0.25683585,0.073313765,0.07502535,0.12537394,0.11112996,0.05149055,statDsZR5MM
0.019063985,0.2323698,0.075795546,0.012078391,0.05191567,0.034936827,0.046155572,0.06815151,wtcyHQz7vZ8
0.43666092,0.31830588,0.24602215,0.09172598,0.11629458,0.065747865,0.08717808,0.08271053,kOTI1N0zozw
0.08056292,0.21465741,0.09423294,0.0495556,0.02813703,0.045425236,0.037894867,0.041983925,PyPWtIFIzbk
0.10321013,0.20863998,0.13818114,0.036336336,0.1188958,0.092767425,0.09293802,0.11743538,gLvvoveNCj4
0.13800456,0.32570192,0.1813152,0.09065199,0.36054435,0.101381294,0.1768038,0.13771956,u2iWTNWwKoI
0.28453508,0.21749942,0.09565695,0.044748597,0.039393935,0.050600104,0.047307033,0.0460901,1pEx9CZeeSQ
0.03450517,0.7007461,0.30377182,0.039598234,0.04744596,0.11892925,0.07624994,0.09935478,4jPkZau_ylU
0.067888305,0.33842012,0.3896193,0.026894007,0.053657427,0.08023013,0.06722058,0.13100673,Zs9kwB5wM1w
0.09476631,0.2364772,0.21312542,0.046465382,0.041905638,0.060615756,0.04845112,0.021810489,eNtv1_8MQds
0.098070174,0.25611857,0.10345135,0.046122026,0.029517086,0.03236126,0.021121992,0.039373808,vTo5GrPMjBY
0.07815533,0.39840075,0.45865923,0.034791227,0.055739507,0.121162474,0.085841395,0.155426,afdzUKgV6Ns
0.06699411,0.42435947,0.17762671,0.03221605,0.043007005,0.03645595,0.029405404,0.094966,UgGeS0XlopM
0.21076845,0.3010755,0.37657082,0.10461388,0.20173362,0.14940263,0.20403863,0.18709862,O-zce_QDJB0
0.38283816,0.36279982,0.24024183,0.13879937,0.14125532,0.27574956,0.20648718,0.20511957,qVHj1y7-_Bo
0.20130566,0.21402857,0.07927061,0.07251463,0.037937194,0.07745718,0.049420025,0.054771245,tS1RKFJIl34
0.022383263,0.6807499,0.2065657,0.068918526,0.111077815,0.111049876,0.07899631,0.12197564,2RPD2CbqGts
0.45598558,0.30839744,0.1936143,0.14956708,0.06615806,0.13138178,0.08246735,0.12495286,OtlT6ojNTY8
0.1100056,0.32868662,0.25286636,0.09494796,0.07214459,0.031972863,0.0401204,0.07660286,zutMhrF2hu0
0.27653894,0.33112943,0.46751752,0.090114996,0.11706098,0.12421679,0.15185755,0.13213226,cdSzAOgSuew
0.38246745,0.32645944,0.27021754,0.13082063,0.09874382,0.15150984,0.13084128,0.26379788,Ya77wQhxDLw
0.008853787,0.26105246,0.09435791,0.038911518,0.03226928,0.055424787,0.029633323,0.05077574,wbfKadQpz-0
0.096898995,0.2864999,0.18883255,0.05852979,0.22522669,0.18174163,0.22568665,0.15276392,ZQKFArIK72s
0.2169008,0.20677495,0.05825042,0.0334178,0.02178167,0.028277315,0.01943523,0.026416223,JaFWBPOIs7s
0.25400642,0.33258435,0.15986617,0.14463188,0.112941794,0.1281158,0.083229825,0.15747,isWhM_62bvs
0.19494678,0.41411304,0.6449315,0.16035037,0.16746724,0.2642416,0.19308627,0.18626614,3LeDCbZl6Qw
0.089376956,0.37017938,0.2618311,0.07690986,0.09908652,0.14169414,0.13173723,0.06932733,Gf0EmE8lQdg
0.44592044,0.5530681,0.2216025,0.111500904,0.119849175,0.13589925,0.10827665,0.08756326,U4P-eJxK1CQ
0.03864551,0.35434318,0.2813691,0.1423886,0.12327566,0.099682555,0.09387756,0.11931676,urCHHKDrmU8
0.31003663,0.38111204,0.23276953,0.2297899,0.14443114,0.088008694,0.08236456,0.047009863,I8uK2nYQbLc
0.17029732,0.19510618,0.079024516,0.029984225,0.034780666,0.03761409,0.037025176,0.050486665,c_Wa9vcxxvI
0.16567676,0.37933496,0.31029886,0.09279997,0.14878935,0.08795432,0.11058415,0.2490364,ovOV2LZALSY
0.19029626,0.32674024,0.3218156,0.1609341,0.15645544,0.11902971,0.10650464,0.09294411,b0nWcBVvhd0
0.2019027,0.24707587,0.10239202,0.17661177,0.06374357,0.093396075,0.07441573,0.08163111,DeFv3pg_Fxk
0.031751405,0.2422659,0.13738933,0.01999182,0.07483171,0.056761693,0.07699842,0.10027911,Gn3eE4jaKRA
0.09164291,0.41486737,0.13425769,0.033761155,0.22995278,0.16597565,0.15255028,0.20800723,A5gwHrKhObU
0.04331504,0.28478745,0.21046789,0.06132676,0.14020811,0.090914965,0.11557077,0.16492914,nFWH8FRwM9k
0.15320204,0.25306267,0.16121988,0.001492445,0.17079203,0.0772897,0.13433255,0.10668058,k-8iZwXFU_w
0.104934536,0.20898765,0.046107244,0.021657806,0.010059773,0.015913986,0.012002935,0.012294898,9k0yui_z5cc
0.26645115,0.29842746,0.1499074,0.13655609,0.028809352,0.095049106,0.06752756,0.062185533,gmG4fx8Xncc
0.069938056,0.46193156,0.27917063,0.05413456,0.024537304,0.07732301,0.041100208,0.03988335,AAQfOPUwJ_0
0.22118819,0.33462507,0.15513688,0.15276173,0.09331806,0.057235003,0.057265826,0.08309345,2CmrMRXoA8Q
0.040066596,0.33708555,0.08084409,0.06771983,0.05622004,0.03461212,0.03309329,0.052518368,3eoCPOS-zXY
0.07944907,0.19096462,0.045692645,0.089577995,0.026610827,0.03035194,0.028117783,0.030464474,wpOkEy7-jw0
0.018344954,0.29535905,0.75898826,0.20302857,0.22052172,0.14398518,0.2361731,0.24496792,vLupFkwTh2A
0.073474914,0.26630726,0.14571096,0.0041476088,0.020683985,0.03556833,0.025020149,0.029009057,L7hOruLHzoM
0.29865435,0.2982506,0.21074627,0.05133759,0.033751395,0.066745706,0.05398046,0.029132925,m9BPSyvcReo
0.16869675,0.40503573,0.16315399,0.1008549,0.07252036,0.16637324,0.08090837,0.095584504,E-ptz44IND4
0.03510243,0.37308094,0.14383094,0.040628307,0.05742688,0.14120133,0.08989467,0.10860784,2Trw5LuQ1mM
0.44991463,0.33441088,0.49413043,0.03753809,0.10217378,0.101382025,0.11295673,0.19738686,kqwj9YBkgPE
0.47679198,0.23802297,0.23322877,0.26817688,0.20193109,0.08987357,0.20899375,0.13788806,pQKwHWaa3XA
0.36168414,0.21086723,0.11393352,0.13082063,0.04197664,0.052088015,0.044138476,0.062905386,j64A8SMp7ag
0.27261207,0.3177115,0.49589065,0.11665283,0.13901587,0.16695304,0.25353476,0.1437845,5oMJ1lcf5OM
0.4419046,0.29204547,0.18113558,0.089041,0.024630276,0.04944981,0.047797665,0.034733653,7DcL66gvl3E
0.23017572,0.64442956,0.23486373,0.09172598,0.07202626,0.18123157,0.09508217,0.13784266,Sh8qJmwKG3E
0.028009094,0.21678934,0.10575428,0.07131593,0.038752127,0.033747714,0.040434323,0.054336615,nyDsm0X12n4
0.18645796,0.46180016,0.16983935,0.06332459,0.098983176,0.1157326,0.09610717,0.14234464,SBRwDmwOcSg
0.18517368,0.2366956,0.07477488,0.015549194,0.031102547,0.04628895,0.029847357,0.08647868,O-MYG5Ukm-I
0.22122063,0.20660262,0.08833845,0.09655894,0.027818402,0.027454855,0.027546098,0.028983688,gWUbbKcsq4A
0.04092889,0.3949573,0.046186868,0.016521018,0.017604217,0.03673008,0.01695861,0.01230884,G0491QKE-jw
0.075386986,0.3920008,0.37339857,0.017770508,0.056321688,0.18191306,0.12267627,0.13468952,8W3QCaucx_M
0.038625777,0.4273437,0.27164704,0.0358213,0.114588335,0.090405986,0.12322783,0.20033516,XQWGAEI2LRw
0.02787769,0.41978762,0.23559178,0.1609341,0.23720051,0.16379501,0.18021008,0.17976914,wCvRIHAOZTI
0.14806533,0.41542867,0.15307084,0.065721996,0.111521006,0.10168218,0.069075525,0.11645496,wpkCJC07e98
0.5680319,0.3118166,0.47880048,0.13879937,0.16323625,0.1021746,0.1323331,0.14081852,5SLK5EUW_rI
0.13588564,0.232706,0.08699304,0.054534122,0.027771246,0.03971823,0.025262363,0.04286926,-t8e-BIIWqI
0.09946475,0.2655307,0.07477592,0.08689302,0.06274381,0.032895796,0.03606163,0.059642624,erUQxXQ6Pts
0.028128866,0.39893755,0.37681833,0.036679696,0.15238325,0.14436646,0.18789159,0.20502824,2rezhMEupuY
0.2833738,0.6590673,0.26024616,0.17449278,0.24482827,0.37172043,0.30791298,0.17691205,xmsriUeFBAE
0.02959996,0.55901307,0.32670265,0.0789077,0.16059421,0.28581458,0.21763569,0.18359026,FoQxIgBTCNE
0.19582197,0.25581,0.054710805,0.04268845,0.031022448,0.025725879,0.015557805,0.025737366,V6WD2OHn4J8
0.39608148,0.18501666,0.089562304,0.06132676,0.026469871,0.027667236,0.020872254,0.044367865,4aokBb1-ao0
0.2048937,0.2232745,0.46999872,0.06372416,0.074213356,0.029913224,0.06964567,0.16837952,37DhqSLx4Ws
0.29049444,0.3144797,0.49759674,0.15042676,0.17807311,0.105885096,0.19290452,0.22907245,D_mQG3T0hj4
0.21336997,0.26503703,0.12961632,0.1464265,0.016148353,0.037209414,0.02578249,0.011207424,S6ULzyYBWsY
0.12342711,0.2886561,0.28428885,0.039254878,0.10456627,0.11892087,0.11949294,0.111558296,uir_fGpYUBs
0.34934527,0.69556445,0.71788543,0.31682462,0.44846186,0.6348569,0.5678541,0.2992663,Hlg1dN43xBc
0.10603587,0.1861497,0.11091184,0.022351967,0.05342498,0.055608198,0.06848785,0.0638656,Qxdo7YTGQHI
0.058960628,0.38933578,0.2059642,0.09978092,0.024295133,0.07045765,0.03186408,0.03152326,-4CDUUCtmxg
0.07284596,0.2414008,0.0699138,0.011731312,0.024511212,0.029027881,0.025557976,0.035704125,VreRfKpgi30
0.10170485,0.2778072,0.387083,0.2712817,0.168487,0.10019934,0.17908768,0.10891539,tDAVbVtIHEA
0.01112438,0.27007893,0.15583359,0.019852988,0.12024972,0.06646038,0.10494986,0.14463511,JJweTnBZSGA
0.17086731,0.3784128,0.14404453,0.104076885,0.21219267,0.15438293,0.2570707,0.1138021,r4lLlxaQimI
0.09256508,0.8476456,0.31948212,0.13700475,0.094369486,0.34015056,0.183402,0.11774016,Wm--I_s4wzQ
0.20086734,0.33471936,0.50857806,0.3437808,0.45015264,0.2444211,0.5061605,0.38377893,GUnPplbhOmc
0.10056058,0.29328793,0.08934202,0.13206954,0.09961027,0.07503076,0.05469086,0.07735938,3nBn8Jy4htQ
0.07500548,0.48156545,0.29612824,0.001631277,0.07765872,0.094709344,0.081000976,0.07479558,_-JNJ70sv84
0.07008224,0.23914737,0.07883603,0.036851373,0.054319426,0.028149944,0.021286698,0.07170283,Dj-plj6mubk
0.11531507,0.2682806,0.10734737,0.123736724,0.07220666,0.1110526,0.068691075,0.11649259,huWplHjmWrY
0.12159608,0.26078847,0.3395971,0.08850401,0.13755639,0.07818843,0.101774566,0.15000841,lM-ArcIoIts
0.2715696,0.24140765,0.37243143,0.022945397,0.10083648,0.09707413,0.12628488,0.18143208,OOXzyI5FM0k
0.12438183,0.6048448,0.2139843,0.09387396,0.04545806,0.1501113,0.0964477,0.09719805,5nHdBqZoCD4
0.07425118,0.44538593,0.5166581,0.14956708,0.19327845,0.20710346,0.2021785,0.26333916,XrhZG0vM8bY
0.077133514,0.94505495,0.19417939,0.06372416,0.06432042,0.2992324,0.15502906,0.11079483,FapjBgYTZJQ
0.18517564,0.27426425,0.24661472,0.14822112,0.035510894,0.0636797,0.09779764,0.051268052,qTIQlMW0Hs4
0.1533485,0.33109516,0.114726715,0.026035614,0.034698553,0.031305257,0.024414778,0.035313763,GFgNmJ5oiEc
0.27528843,0.29495847,0.10435597,0.12244874,0.07111251,0.04484523,0.03745443,0.059938654,pYvGQGdVt_w
0.36347264,0.38955912,0.2983144,0.16413476,0.32441688,0.3584568,0.38050425,0.22749437,8Tc69AHRxCU
0.14453809,0.4056818,0.27161136,0.080905534,0.120538585,0.20095067,0.19318411,0.15240139,fnL6FzABSnM
0.01777338,0.42400214,0.15685952,0.08635602,0.09431351,0.11246449,0.084451504,0.071114056,ZbsVf-YnzsI
0.007472937,0.62473077,0.16437963,0.0021692514,0.110384725,0.4639886,0.18027975,0.098434746,qHAu5f9pgBY
0.31209823,0.21740153,0.07975912,0.08850401,0.0072829444,0.043307483,0.0232552,0.023155589,eVMWYcI2d6I
0.4694692,0.49902013,0.5765631,0.05613239,0.43575257,0.25683022,0.23990491,0.2911011,rvaP8QKAOZ4
0.018180337,0.18970951,0.09167735,0.03839648,0.05199419,0.060718607,0.068494424,0.05634661,JSgLjXN7S48
0.019771932,0.2749211,0.20336668,0.02054715,0.120327756,0.10103964,0.112675115,0.28322583,iYFD_lK5f4g
0.08996638,0.5015455,0.54940575,0.09924392,0.08871034,0.17685145,0.1359718,0.22757165,5kEVuFf0R94
0.18224029,0.8981763,0.2576582,0.18549223,0.05580312,0.2251577,0.09673703,0.09396927,oqNG4IqFxM4
0.16739175,0.35450178,0.3743058,0.0035575724,0.11898448,0.10245247,0.10478238,0.17286672,Oxe0sScTr5c
0.7082855,0.77703357,0.22719862,0.18154536,0.052062638,0.09930488,0.061975434,0.048245136,4D4W9ueAoLo
0.3587555,0.6762404,0.111154966,0.18549223,0.05093334,0.09700312,0.06208259,0.06873064,vTpZxa9dvwg
0.087546155,0.37351334,0.46314958,0.050242316,0.057784945,0.07869014,0.07949534,0.1090687,t74IRiGDFa4
0.13629213,0.24738955,0.4440013,0.0051367874,0.053414837,0.050539184,0.07148012,0.09289131,7XRLXn0DfiQ
0.036529165,0.3443359,0.22372422,0.018881164,0.031048866,0.04700695,0.033252593,0.05197394,TfiQtPygqY4
0.35150996,0.29702407,0.07571137,0.018048171,0.027217878,0.055181187,0.04493534,0.03536995,rd_SwWWKy7g
0.025275383,0.49715072,0.37923172,0.058130227,0.27375895,0.16900563,0.168218,0.30134448,J253sK60m3M
0.052387375,0.2884266,0.18023227,0.11085691,0.04120271,0.13413191,0.10341985,0.071032286,CCYmTrLtWJs
0.040203102,0.29316542,0.26526362,0.15684792,0.1770489,0.101041935,0.14263235,0.17604558,eyzkh2Wc2ug
0.38174242,0.6178393,0.13252091,0.060927194,0.05628964,0.23532103,0.104885355,0.11942165,zicDlg0brA4
0.25756288,0.900741,0.48112258,0.29855597,0.09795682,0.7407407,0.28308448,0.11300965,rPMASBIxBG4
0.17812377,0.34063298,0.4488765,0.02655065,0.15384746,0.10980496,0.13734002,0.17694743,MVKbftaZx-Y
0.13497713,0.24217899,0.2146324,0.1539292,0.20225452,0.085578315,0.17009361,0.18904717,VaXHtai2alU
0.15489866,0.3171761,0.15293357,0.2712817,0.13403945,0.13334128,0.1273485,0.113761276,3s1IN0KUgXc
0.047666397,0.2725338,0.5610279,0.05493369,0.09555152,0.08259169,0.13355994,0.1454705,V5D9C075Kho
0.1776205,0.37420925,0.11188334,0.07371333,0.063905045,0.07338745,0.0416114,0.094722755,lEwYj7P487I
0.29864657,0.24286295,0.6111957,0.11021292,0.17731705,0.2007268,0.18435249,0.28044513,VTGusPZCeyg
0.12056225,0.18951122,0.1612886,0.040284947,0.014734026,0.024019187,0.024061829,0.037282985,eQp7XQPD7Kg
0.17669706,0.38927782,0.11568936,0.094410956,0.059293486,0.07943321,0.042520404,0.08822421,EdgGo8TMRLw
0.27773213,0.58363456,0.4281992,0.21109697,0.11486114,0.3344846,0.14590073,0.27952215,ixygYrRYDQo
0.14487433,0.26798394,0.04619967,0.0021952824,0.0070605776,0.03150337,0.008168474,0.0058505787,z6wk6_kZwPA
0.06319044,0.4171663,0.15547365,0.035306264,0.11195183,0.10423409,0.07097364,0.117955066,Pv6b_3NSfqQ
0.12778276,0.15522523,0.04518069,0.08501353,0.019237572,0.027044667,0.029442837,0.02816296,OsIc1U7n0w4
0.29902488,0.3286524,0.5382068,0.08850401,0.10795855,0.071415916,0.090170905,0.11040043,ysjwd6S5fqU
0.37600085,0.50208014,0.10693068,0.21186037,0.11156539,0.1764101,0.15317744,0.19622907,CATivazYtuQ
0.598343,0.53317165,0.46355474,0.17034957,0.14178456,0.26937774,0.16560835,0.23608893,6-HBH7DaGR4
0.07571928,0.40336898,0.15855727,0.045778666,0.102619104,0.11507044,0.07382294,0.115494035,j-PClaXc2-Q
0.065319166,0.1933164,0.28206933,0.022773718,0.021854086,0.04442551,0.0510502,0.032040954,PLlLJXOSQR0
0.053775787,0.3866252,0.24581164,0.05613239,0.014691177,0.04977044,0.033058498,0.03465536,dw0ht6Rt-vI
0.0380179,0.35741746,0.51463795,0.049212243,0.04851983,0.05965561,0.07983368,0.14173694,8ii202RoEd8
0.2014135,0.4092526,0.14390302,0.09924392,0.08564344,0.07369296,0.043594737,0.10775573,ea0EhkIYvoU
0.272844,0.4835151,0.0657331,0.12953265,0.042196784,0.11421502,0.032902677,0.07966007,YgN4HrozwD0
0.26077375,0.967854,0.04714187,0.16551583,0.062429313,0.19499405,0.11153132,0.1021618,qAMimJ5SUd4
0.26976496,0.33877736,0.31544882,0.31629145,0.20134567,0.1862867,0.23343347,0.17252511,TONhhhuevsA
0.006509382,0.8737783,0.31619415,0.011661896,0.08286204,0.32079995,0.14728776,0.13761,x2eorR-s5Js
0.33569357,0.23482227,0.26602358,0.07091636,0.028734764,0.03842017,0.03816092,0.07621324,syfvkRZcfyU
0.016301207,0.33937454,0.20118096,0.020963646,0.10373612,0.09525577,0.1503336,0.080479845,ahngBFE7JOo
0.1897772,0.23390496,0.077796735,0.038224805,0.038970146,0.052869063,0.047455516,0.042285852,uB3PHaZFYYQ
0.2758611,0.39926568,0.2474711,0.065721996,0.07416344,0.1561546,0.081177756,0.074598,1SoZgaDochw
0.45517552,0.6194183,0.092174955,0.0729142,0.1301553,0.13122427,0.11039304,0.055689663,77nq2n4qplU
0.14284424,0.24773578,0.068171464,0.0009110856,0.043672405,0.041155472,0.054899964,0.13246493,NOmYIYCiEto
0.16552484,0.38870463,0.121451445,0.10031791,0.06915377,0.078619115,0.04680126,0.101808466,gWP5J8aaGoQ
0.2508929,0.7073653,0.60572237,0.09602194,0.21310568,0.27834338,0.2005252,0.37380576,UaCnb0ScaxI
0.04851446,0.7692928,0.24517421,0.03187269,0.0636268,0.13458902,0.08949593,0.12237778,IlxFtzb-NKA
0.12557666,0.17011315,0.06356885,0.02792408,0.018713254,0.02963772,0.0251102,0.02978209,8yH7oW42NvY
0.025910849,0.20653977,0.22473297,0.09118898,0.046326455,0.08557491,0.08854184,0.059124254,J_WTC649Qmk
0.011758763,0.35463917,0.38106045,0.05852979,0.08907591,0.104352616,0.11489379,0.15305898,3GRduSrq-O8
0.26824084,0.47084442,0.20028877,0.0070457286,0.15881868,0.11935458,0.09963521,0.1407497,IfuzG0vC8tA
0.1779073,0.3124234,0.09713388,0.08501353,0.030232888,0.033654325,0.023407081,0.03303385,J7nNZoeNA6s
0.018788982,0.48203695,0.07511711,0.049212243,0.040088564,0.14855033,0.06419096,0.04071827,KSZ2GIHhkJs
0.04791969,0.54461473,0.51991206,0.13431281,0.13952693,0.31034768,0.22768149,0.25675777,WUt0VxNZwwY
0.056435265,0.5198076,0.57621247,0.10956893,0.20146917,0.19436371,0.19464518,0.3059859,I68tFBhC5uQ
0.008339133,0.57035506,0.295508,0.0044773347,0.28214282,0.24815443,0.21929842,0.28584802,JznqD4mvFLg
0.26621458,0.34341478,0.1492083,0.09065199,0.07307222,0.086359404,0.07891195,0.10948698,niOg-7mYhPM
0.118663624,0.8981763,0.48185807,0.20376207,0.13122377,0.7152137,0.31513935,0.12821059,n44lagg2pTs
0.1897772,0.22849296,0.18499768,0.038053125,0.043101795,0.054803383,0.04766583,0.051307797,bZtGotbapzk
0.061633483,0.29437917,0.12297369,0.017145762,0.033137508,0.043189943,0.031394318,0.043878548,UTPgwZY6Bfo
0.048164994,0.51541615,0.52712286,0.018464668,0.14282978,0.269809,0.20334718,0.24552467,iAdq6LoLnvo
0.11892065,0.19820358,0.07043805,0.023117077,0.022112997,0.032438956,0.028487632,0.03857916,1V1n5B_IHYY
0.14158191,0.29926717,0.13768238,0.032559406,0.10592711,0.15588371,0.13054748,0.11123812,31ZMU-yv_P8
0.2070785,0.53652334,0.7019325,0.22510603,0.29712942,0.2778068,0.22869973,0.3894541,IAtkoxPCP4g
0.16273044,0.35467514,0.063879035,0.09655894,0.023095367,0.110920936,0.044945054,0.028361998,e25uRZP5-ds
0.017283168,0.41646028,0.42221367,6.399291e-05,0.057991304,0.08152658,0.08223645,0.14370254,qQvf0ywWQ-Y
0.053314045,0.24811114,0.23658393,0.04543531,0.030980304,0.033778146,0.033965733,0.037132327,-5C1kMmC4ck
0.06455919,0.72860146,0.10095081,0.1785852,0.047490038,0.09374522,0.08476522,0.08426136,kslYQOwe1os
0.12220115,0.23212402,0.11787719,0.1894391,0.06940574,0.08987922,0.10374544,0.062258657,eM8n49he3Hs
0.2957442,0.7784964,0.5018866,0.01999182,0.19631174,0.503318,0.31262356,0.23996124,etZiz_m_1CA
0.1883301,0.21230987,0.05708,0.031357653,0.04097283,0.027868653,0.03336206,0.031133123,KW9GVEmh4d0
0.23997268,0.3783168,0.36375743,0.048868883,0.07918725,0.12451333,0.08804521,0.09461672,2Fm4NPxc0Mg
0.18477933,0.19583297,0.10784102,0.12695669,0.031333055,0.032011896,0.041505948,0.07378509,nIlEqDdyTIQ
0.052676655,0.27507192,0.22704193,0.03187269,0.12494577,0.043652873,0.074896894,0.18064329,06tIa44fdh8
0.019526847,0.39622214,0.48945245,0.05373499,0.18972272,0.12561221,0.15319088,0.14722349,1imvV_H8s9I
0.47099072,0.32865465,0.2566156,0.0005531591,0.10161827,0.075501844,0.06547671,0.19410418,DjU_JVG0SvQ
0.10887316,0.35655645,0.08623251,0.2712817,0.09911143,0.13946144,0.10379675,0.0744872,YwrUFL9aVlI
0.16963026,0.19784188,0.24920796,0.06372416,0.06779477,0.052916896,0.06539036,0.07020048,XsqYcluNh2Q
0.11782222,0.19345054,0.12662186,0.031529333,0.030126156,0.029397184,0.04741057,0.12755968,JFf-Gn82D6s
0.046807706,0.18003023,0.057362717,0.06652113,0.016583009,0.031799052,0.023156261,0.028326951,elE6nfKy2p4
0.07815983,0.2205925,0.25405568,0.1024659,0.10646736,0.049636304,0.06808176,0.11383443,bb7Nw9r0Nv8
0.17616498,0.4006881,0.13212585,0.12309273,0.061186053,0.119858004,0.07679506,0.04565024,3-c8SinzS1Q
0.07473733,0.23498243,0.07767741,0.077709,0.05810323,0.103300326,0.088061206,0.047106326,RfTVVm_-7WI
0.2743056,0.79508656,0.5762329,0.06771983,0.15069586,0.2464585,0.21590684,0.25754663,Gh3uL8nkWEg
0.001119835,0.48658738,0.36422047,0.1580154,0.29533976,0.1558936,0.22394423,0.49468836,Lds5SFX8Xes
0.13054308,0.23871171,0.23373425,0.06332459,0.017991459,0.043236423,0.03482048,0.017298851,ud4MM0jOplQ
0.00068510027,0.5185936,0.37533897,0.119872786,0.2920856,0.1635599,0.22178213,0.5242893,BoQxuBhKKB4
0.004359329,0.91981745,0.36116993,0.13969667,0.13971671,0.3419426,0.21051115,0.22152981,2LU537r0sJ8
0.046868917,0.5314916,0.65974134,0.014785618,0.1783224,0.2410839,0.21781462,0.30633527,8_rl2TYLsNE
0.05154041,0.67894053,0.27093247,0.046122026,0.0782965,0.09311344,0.10114438,0.10782345,gT6d1VxuB5g
0.0119243665,0.4376654,0.29103705,0.032902762,0.0529244,0.0487096,0.05525482,0.05394961,j_vcnj7HZ8A
0.13975264,0.8707181,0.32694438,0.2889918,0.3008332,0.68371606,0.43802318,0.38867494,7U1EEC4IdhQ
0.19735555,0.46204004,0.3963702,0.0068027726,0.08024911,0.103194766,0.09940449,0.10972397,FOf5cOKyMl4
0.25708252,0.26934186,0.17498894,0.24991328,0.0811194,0.14429362,0.12612168,0.08451327,90Hoou2StbQ
0.11192344,0.35968754,0.23544855,0.031014297,0.07777254,0.07394024,0.08726643,0.092320666,JoWIhsl60dw
0.08878533,0.28495762,0.12606479,0.13476147,0.061831363,0.14530575,0.09679759,0.0637601,QkQkEZxoRZ0
0.15347177,0.29199603,0.14624499,0.007462225,0.11419188,0.04765791,0.07752335,0.13574344,81BdToT-GmQ
0.031653773,0.24966936,0.064426474,0.0011713958,0.028715182,0.04342915,0.038627677,0.09053633,VQ1eUaptA5o
0.22351506,0.33611515,0.24256177,0.008850546,0.058545597,0.1357522,0.10081673,0.14547853,9tjUxzpOxJ4
0.12787239,0.23655875,0.06198038,0.013466713,0.02237269,0.0262311,0.021422263,0.028701857,Bu_6JJFo0gM
0.039195243,0.30834877,0.2516273,0.00019306337,0.27611685,0.1692136,0.23820832,0.15772508,fLxYdcOcfBU
0.1937069,0.37605906,0.44731548,0.32304016,0.056182623,0.118796684,0.08763532,0.14713387,hv2pnt2J1tQ
0.044537846,0.29431215,0.04056185,0.022945397,0.040179234,0.075398356,0.038606588,0.042314425,x1WkTQLNwjY
0.4872686,0.19038433,0.08219168,0.13521013,0.04388975,0.04908763,0.04694494,0.059954084,Q5TXyDbfz0Q
0.088254035,0.2501478,0.08957876,0.08447654,0.052603077,0.048106574,0.04273401,0.06664628,i7R0P5EuOP0
0.16765827,0.23645186,0.1201531,0.014507953,0.09277334,0.056462176,0.08902521,0.14802474,Y0Q5EDZ6ovk
0.05335073,0.30939767,0.31391823,0.025692256,0.057826262,0.079738334,0.07107307,0.11287987,_vBa4oVpubU
0.069878764,0.37296236,0.13459119,0.0053450353,0.040573526,0.059073027,0.04082475,0.05169491,L6MmKv3T4qg
0.2720367,0.31138116,0.19272502,0.056931525,0.072751604,0.063397035,0.068716474,0.05114793,Jp_g3B2AsTE
0.049559977,0.27887446,0.18777303,0.0053797434,0.063207045,0.06530656,0.069175616,0.09279607,DdEdy1-eAME
0.1065576,0.24868546,0.070124514,0.17380224,0.020328617,0.06605698,0.030888345,0.028473306,Sr3Kv-YeEV4
0.063598365,0.34237367,0.1888448,0.048525527,0.06893547,0.10105035,0.08118092,0.06428576,wtfniAJu7xY
0.3819056,0.84699374,0.10414,0.57027644,0.14310732,0.95022625,0.5697364,0.060774304,Xt_fyeA79BE
0.10457782,0.4866279,0.1593062,0.12760067,0.16464986,0.19109575,0.13988292,0.11955116,y0qAP4wONDA
0.10221721,0.17183,0.07569873,0.02792408,0.05916767,0.05160171,0.08727171,0.056941632,2NlfvnmQmS8
0.10221721,0.17183,0.07569873,0.04543531,0.05916767,0.05160171,0.08727171,0.056941632,qkfu4t7ZXhk
0.27365535,0.19884537,0.20742433,0.057331093,0.062160056,0.020464033,0.034687992,0.07758578,H5pJAReAKaI
0.050210834,0.30941316,0.24858746,0.015479778,0.16407222,0.31298643,0.30187908,0.20742823,G5JAASJg5tk
0.13556308,0.35387146,0.41141444,0.10956893,0.3077788,0.1945448,0.30696222,0.19932829,WJumltKAT0w
0.12007557,0.4294935,0.3386584,0.0068027726,0.052531097,0.11719386,0.07826554,0.109010264,tWMmlYMbzk8
0.06658958,0.33133996,0.12367387,0.017770508,0.027011028,0.05497281,0.047421586,0.06807045,1iN3uCBIMis
