PERSPECTIVE_SEXUALLY_EXPLICIT,PERSPECTIVE_PROFANITY,PERSPECTIVE_FLIRTATION,PERSPECTIVE_THREAT,PERSPECTIVE_TOXICITY,PERSPECTIVE_INSULT,PERSPECTIVE_IDENTITY_ATTACK,PERSPECTIVE_INFLAMMATORY,video_id
0.050559524,0.07987092,0.14121737,0.075953394,0.08689302,0.059624843,0.048690047,0.3584707,PTSJC9Tmt4E
0.043657377,0.026091337,0.21571945,0.06782717,0.022074303,0.025625808,0.024959998,0.10073061,VNqNnUJVcVs
0.068433665,0.08165045,0.34656224,0.15770291,0.08420804,0.059899848,0.1181959,0.27024525,1gHbwT_R9t0
0.05806602,0.07762424,0.18350352,0.13018356,0.026722329,0.057791393,0.06176297,0.11882577,thxbiR-XfJo
0.030086922,0.033475064,0.30842665,0.16538332,0.060527626,0.04728578,0.094113424,0.14635462,9hdqiHcH2tw
0.060681067,0.046500683,0.31237206,0.10366713,0.03753809,0.06025324,0.05157868,0.16096678,xM9S4QiEHEY
0.03600154,0.037174515,0.21168998,0.058093246,0.032731086,0.03210792,0.02855918,0.10418566,ae4OigBcEiU
0.03322405,0.026903523,0.26585218,0.24390005,0.13296685,0.019351775,0.03284022,0.2716689,Q7yvvq-9ytE
0.08413904,0.06515519,0.2046096,0.09549442,0.018048171,0.039998267,0.038436614,0.15417704,RywkkwO78m8
0.037276313,0.081158385,0.1851388,0.17094362,0.06931809,0.052230913,0.046420816,0.14196528,06bvdFK3vVU
0.07189406,0.01827538,0.28982586,0.05274282,0.019575324,0.021702113,0.024142101,0.17111485,_-HhCwYD7rc
0.08723742,0.09347385,0.34666592,0.2925716,0.00860759,0.12724726,0.10481131,0.146081,8HYMb3MgQRg
0.12124006,0.09634601,0.3543453,0.3200934,0.1550967,0.07328405,0.07588842,0.1476663,Dd-FAyHdpxI
0.11517514,0.13509409,0.39169142,0.24877243,0.1621016,0.12625645,0.17073497,0.32451674,UzIKWnZJ29s
0.11813012,0.118511714,0.3583322,0.123365164,0.06971766,0.08720218,0.052146632,0.08738411,DYrA6xbPjkg
0.2021658,0.19456922,0.44882527,0.25100225,0.0035749264,0.11151589,0.11795881,0.2776659,YjWn23pEl3k
0.04289106,0.061077077,0.26438633,0.18491402,0.11536485,0.081797235,0.13173433,0.075697616,32X88HMae0I
0.08113687,0.08121589,0.2740637,0.33827624,0.040284947,0.049489237,0.041270185,0.2070185,xVMFOvxaxW8
0.09682329,0.11877888,0.33102965,0.5059595,0.15918289,0.12772211,0.17847876,0.37795997,erA3WQE9Zes
0.09626293,0.12574087,0.24379766,0.14574507,0.13476147,0.1272322,0.094112806,0.43760377,lBmvUUGw91g
0.048446205,0.03401132,0.37290108,0.12679708,0.058929358,0.023541095,0.0344781,0.17836449,TdVKZkfAkpk
0.058827214,0.057478305,0.21697934,0.12461067,0.050585672,0.0504125,0.063008234,0.3313326,e5ACN9iF8Jw
0.16115318,0.163489,0.49286518,0.23990592,0.13146462,0.24521832,0.16446574,0.30869937,YSAz-Ot3Mco
0.17703316,0.16638286,0.43879953,0.25579688,0.03049926,0.07291124,0.10143188,0.085105,_trulM9Ht4E
0.04587403,0.124969915,0.24722975,0.177243,0.1894391,0.30500892,0.15734045,0.30858755,26UkTow1RRo
0.62775326,0.33036247,0.5058852,0.5451531,0.22979778,0.2788403,0.29695582,0.20290656,mYB1JP-gfLE
0.10046233,0.30875304,0.36769775,0.91432226,0.39230084,0.3525058,0.47106826,0.04491985,hrAdayUh6-4
0.083156705,0.17677419,0.21182057,0.68754894,0.21362646,0.18005732,0.17355855,0.4463565,MYnjzsjeMK8
0.14123745,0.17275472,0.20647955,0.25795162,0.13017663,0.31581283,0.15785295,0.4515298,iwku5Alsi04
0.11223629,0.13207124,0.34944332,0.56564975,0.06372416,0.12796229,0.17746332,0.22561751,VTAyGLEk_FE
0.13132262,0.096260205,0.3659544,0.11943365,0.007705181,0.10400451,0.11377392,0.08994135,XHBZkek8OSU
0.089270204,0.0840375,0.23822261,0.13522522,0.040284947,0.074915305,0.0848459,0.27883795,ODBbSgvi57c
0.09252313,0.051877484,0.228144,0.1220155,0.0789077,0.02899938,0.051760595,0.19494425,KyD8VIK032o
0.11423533,0.08830937,0.36214888,0.29440284,0.12760067,0.06525127,0.05589701,0.09822529,su-fmoZUkF8
0.09087867,0.1724207,0.34396127,0.25754628,0.13206954,0.11631211,0.05489853,0.26627684,8hjc1OTNR3U
0.0823902,0.06947623,0.26596987,0.34569353,0.04543531,0.047909167,0.0388902,0.30496958,wClJlarfyhE
0.08115532,0.10963003,0.32135198,0.29529017,0.06971766,0.109450236,0.19720732,0.18498693,T4WjyTV98lg
0.021895068,0.026625471,0.19330117,0.08206455,0.035477944,0.027564745,0.029673567,0.22846425,m4kM5zwxThE
0.17009115,0.37242132,0.30851978,0.20279998,0.43791756,0.47349182,0.17562613,0.006793649,hLPPE3_DVCw
0.08304149,0.083079085,0.33212996,0.29513615,0.14193995,0.08575909,0.061561167,0.1826379,_bHqBy92iGM
0.20472056,0.15188666,0.26604795,0.14334637,0.03599298,0.07644973,0.07934192,0.23214608,AQl8h7Aa75s
0.13514778,0.12789112,0.33408302,0.270008,0.17173064,0.20671035,0.20954965,0.2690629,amJoVWAakos
0.028261995,0.015599592,0.2722577,0.04788165,0.016243355,0.02841764,0.020295426,0.14417711,313icHT2XF8
0.022041528,0.016162405,0.22731647,0.05124848,0.029812546,0.019809853,0.020231823,0.36922225,P4l9Y5OHqpk
0.097667694,0.15473005,0.21105443,0.2419301,0.043031808,0.18011494,0.116506375,0.177106,sMrohO8TIPc
0.07743097,0.07172514,0.32990703,0.17847472,0.019019997,0.09686909,0.12506446,0.11272182,4gS6yZwUWjs
0.18770848,0.2116953,0.358047,0.46877497,0.029984225,0.17058054,0.1335913,0.12012263,vUzGV4F7He8
0.07846819,0.1977368,0.25888285,0.117635906,0.15684792,0.36849526,0.1475065,0.07203249,MzfOzOWPnuQ
0.05859952,0.09831375,0.29468626,0.24410142,0.1510105,0.11590773,0.048548553,0.29283616,qtJYpzRfKjM
0.060707603,0.03875505,0.28049698,0.072360024,0.032731086,0.021593181,0.016785325,0.109124824,umo6pMCkcXs
0.031824917,0.06701316,0.3021475,0.19615853,0.17173064,0.11029497,0.12935634,0.18533412,JDy95_eNPzM
0.06671466,0.066920884,0.19602098,0.11884364,0.103539884,0.078554824,0.10948035,0.33763304,fg71tqpsVXY
0.041012336,0.037032682,0.1572611,0.06446537,0.08447654,0.023614412,0.036637574,0.26629576,IwJzsE8CvzQ
0.03911499,0.03565848,0.17855814,0.056675524,0.10634898,0.033412192,0.031329006,0.18360308,QsvwswQl6Vo
0.116790004,0.09437617,0.34245318,0.2925259,0.14014533,0.06816751,0.052767742,0.18165492,7ae_XdFEQDw
0.056794822,0.08845834,0.39671078,0.46633995,0.09118898,0.13169897,0.1651631,0.34691292,iYZbQIXoVMY
0.068350315,0.06241968,0.15949343,0.07614333,0.030155903,0.03606061,0.03739752,0.1822899,tC5RalYWZ5Y
0.058139622,0.04167892,0.32207572,0.072815,0.09387396,0.03254774,0.029609717,0.0691093,Ey3wOsl1Mjc
0.06893156,0.12371523,0.25719187,0.29107854,0.0334178,0.12727244,0.24409765,0.2761659,6t_n6N_Yzzs
0.15656343,0.0026927704,0.34934488,0.014452082,0.06332459,0.0015454188,0.0005866724,0.43881807,pwKztOAd_BU
0.17967506,0.1728658,0.39110157,0.36093467,0.11472086,0.15482415,0.21587454,0.18402067,X8f--Ljgrh4
0.065108605,0.09840822,0.22809541,0.34744325,0.13835071,0.08508944,0.12220377,0.2767304,pfXHsuaAWeE
0.055087514,0.07290008,0.33013478,0.48141646,0.0358213,0.068067454,0.16299045,0.13560651,6Ghzi_bIpbM
0.03694749,0.03600951,0.20777744,0.08542959,0.021657806,0.02937816,0.04081091,0.27624,gcNKIGAodj8
0.1360186,0.22238216,0.23092939,0.2505061,0.12760067,0.27957642,0.22019656,0.1297011,p33NtCtIjrM
0.13323824,0.16251878,0.46164018,0.5253488,0.013258465,0.10925273,0.13352406,0.104410976,n_OBLfdh3Ew
0.12080773,0.13822922,0.41627532,0.46514982,0.33859563,0.11884606,0.20997016,0.42272487,IZ2cAPx9ML4
0.052793115,0.0828376,0.23627073,0.19928916,0.04543531,0.06593346,0.06640278,0.2946263,0ZDShOguxz0
0.19637106,0.15640843,0.40008652,0.26517123,0.073313765,0.14000723,0.18830465,0.11760491,3S6HQGHqQa0
0.095968276,0.019245978,0.37119764,0.06519768,0.0087811295,0.006026446,0.0032112184,0.2727829,8OnJCqtTxsA
0.14659269,0.19287153,0.46108136,0.5613744,0.049898956,0.22294092,0.29676813,0.13428429,jSjk_r0pmms
0.09133765,0.0809268,0.26324624,0.16919194,0.14328592,0.1157923,0.14030208,0.20989357,xU_F0DC_fQw
0.09273374,0.11662394,0.23852918,0.14496198,0.123736724,0.13987423,0.16159293,0.26153362,meQ330BnSZA
0.058916047,0.035207514,0.15013441,0.057226397,0.09065199,0.020348521,0.027981242,0.17196608,53vLQnuV9FY
0.12719552,0.14712557,0.307083,0.4403303,0.039598234,0.19743598,0.12454184,0.14264928,c3mkDJT64gc
0.024951588,0.019235808,0.20278026,0.047609687,0.018048171,0.021585928,0.01861453,0.2143974,kB-4_ku0cJM
0.11162885,0.19959092,0.43144292,0.26109734,0.0471521,0.2142042,0.13580722,0.034013182,3oz7k7Wn_vo
0.098844804,0.13458033,0.32336706,0.1201918,0.09870692,0.11042601,0.052946214,0.18800893,L6q47RPpOiA
0.040027034,0.060511503,0.28445122,0.08974461,0.15188612,0.09201076,0.061245963,0.08890274,QkttvftqA6g
0.06436811,0.06389754,0.22162364,0.08592626,0.034962907,0.05263223,0.038923714,0.116296545,_jAwkQ6AMWs
0.07109697,0.07476327,0.3482306,0.114718385,0.09602194,0.057501744,0.053207856,0.0014915542,z2f3O0C2_y0
0.029476115,0.043604538,0.29952455,0.32893363,0.039254878,0.05071191,0.06404637,0.18612333,Aj6Kc1mvsdo
0.12154025,0.11117521,0.41078913,0.14740178,0.0765103,0.13626014,0.062247857,0.20876779,Jwb5jUyr0jE
0.023951761,0.025163516,0.18315256,0.04057921,0.05493369,0.02796041,0.019895146,0.17817587,bKRUepwK5QI
0.2820948,0.2540385,0.53211105,0.6398497,0.056931525,0.26066896,0.3576501,0.07811895,CGjFAe018oA
0.10449751,0.07686824,0.25146136,0.24355689,0.055333257,0.042935763,0.03518681,0.19545381,dOH1plzCZ3M
0.06005762,0.07444441,0.3652675,0.49575192,0.046465382,0.085247606,0.23951572,0.24247319,491vRzKbkw4
0.071112074,0.10289915,0.28698802,0.13799001,0.055732824,0.12918885,0.07066164,0.2566484,lKrVPxLwBqo
0.026046587,0.01406998,0.19271898,0.04066154,0.02262963,0.016792972,0.020204224,0.26678303,1xwmqEUMWRI
0.1739368,0.20578067,0.44104505,0.23252727,0.016104523,0.0849733,0.08665582,0.014096045,k3rmy6FMt98
0.14706917,0.14606392,0.38346243,0.29830408,0.08689302,0.089532234,0.24819809,0.37504205,hFgDS3yjGIA
0.04236454,0.027040679,0.27336648,0.038637616,0.0801064,0.029661475,0.01383222,0.24277572,tgyKISW_elQ
0.10041665,0.11648333,0.3504268,0.1122506,0.104076885,0.11214142,0.06457371,0.28096408,NWkBccBtGAw
0.056630976,0.13769396,0.28272235,0.22220147,0.25219622,0.17169707,0.25304702,0.19668746,r1gbQvbimNE
0.4018912,0.43989974,0.44409153,0.703249,0.083939545,0.42506745,0.33814806,0.15474373,QxroDXR9RqI
0.064778514,0.10006211,0.4286923,0.51193595,0.09387396,0.15343148,0.22601058,0.18693784,stBW9byJQY4
0.07650942,0.047218136,0.40819186,0.08373429,0.022213135,0.054732602,0.025041793,0.04222914,gNtaaaFKssU
0.051111132,0.07452014,0.22656748,0.13006502,0.019436494,0.08464334,0.27379385,0.1766104,NdKePQRUcA8
0.038097147,0.041479137,0.1658305,0.07194255,0.015757442,0.051119965,0.056406837,0.18568355,uycEdD5mTiw
0.08191555,0.07377161,0.36708286,0.13452499,0.007531641,0.11086358,0.0897824,0.22910248,eMAw1v467uc
0.088646665,0.087344356,0.24315944,0.12014249,0.03753809,0.060505304,0.05509603,0.1433117,ZsPgmBD-DtA
0.11407317,0.13272661,0.25485218,0.12566353,0.15859914,0.104344964,0.07295278,0.17535444,fF6T7GWPygk
0.046774793,0.026470155,0.2967354,0.0698065,0.019019997,0.018172532,0.017483238,0.16458222,4y9A2eTrd_o
0.079557255,0.0736683,0.27686545,0.1757031,0.048868883,0.04299415,0.077387765,0.26662746,g25bL6qMTRQ
0.06755414,0.06316803,0.36091304,0.09102357,0.021657806,0.048283435,0.045215346,0.08238294,y8G9NODsNhM
0.025747303,0.02032996,0.2074567,0.15079652,0.14193995,0.016278962,0.017567135,0.26956278,AGvGQSazaTM
0.041581295,0.03154828,0.24654086,0.073673345,0.02124131,0.038272865,0.033654608,0.18219832,qwbIu2PzCRs
0.17992619,0.22393231,0.31753877,0.3919192,0.12888865,0.22672151,0.15153614,0.28953603,45ZW93IvFJU
0.06044339,0.073723115,0.20982957,0.0779633,0.027065687,0.043661125,0.040289387,0.2848995,ZvPNVCdWW9w
0.07643093,0.088139944,0.19964308,0.21050349,0.02809576,0.060170095,0.068795174,0.20438442,QBa40ujWt5s
0.14013726,0.13393293,0.43893394,0.36360222,0.112788886,0.14784344,0.11070187,0.13722156,D7TFzVX0lLw
0.19071811,0.14461775,0.47774595,0.12799883,0.02792408,0.06304435,0.045682747,0.4806867,4XEy2jh7Z-o
0.09997654,0.14594764,0.35449412,0.6761933,0.111500904,0.13118432,0.1187078,0.073437795,2pqj4Zn7XfQ
0.055687137,0.073356375,0.3778567,0.26041517,0.024662184,0.08596318,0.10454226,0.14345735,iOfcyYlQzZk
0.68371606,0.314732,0.6444401,0.23867643,0.020130653,0.16972591,0.07895851,0.28843787,m0-icS-XOFU
0.14975095,0.42163867,0.31402388,0.14634307,0.7382047,0.80561215,0.36713898,0.62956005,1au0ubk05ps
0.05673564,0.036979616,0.28669682,0.0766962,0.030842619,0.031597544,0.023252582,0.18488532,DDsM4w2vKLs
0.20633914,0.23524985,0.39242575,0.5268308,0.17759849,0.17744265,0.20932859,0.26969966,L5sHm04nWMg
0.07023711,0.08935945,0.3606389,0.094899885,0.03444787,0.13749194,0.08574249,0.03577437,iP8CPQmNHTg
0.10665029,0.1331367,0.33494875,0.3061077,0.0717155,0.06304302,0.2384201,0.43927854,hkzR_ZtQ2nA
0.09318868,0.28227812,0.2349442,0.17438656,0.21892473,0.5537819,0.1920612,0.55387735,DPRJzNc876A
0.12524953,0.14660749,0.2524096,0.23398046,0.1256687,0.19436038,0.25298822,0.18543375,07O3Z8cQ4Ao
0.05196795,0.049762737,0.19088964,0.073431894,0.024490505,0.036450654,0.040654507,0.24560326,i2dTXB3O3dw
0.07206066,0.15763815,0.37623954,0.25176522,0.118584804,0.22604026,0.26646397,0.012554495,dKLh43pOEuo
0.16517551,0.1327198,0.29430243,0.20010126,0.09387396,0.083775766,0.11814999,0.14389911,3EZXH2bm-aQ
0.49122992,0.3367617,0.6493276,0.6304765,0.1423886,0.2691836,0.30242857,0.43291497,SZ_SoIJNQ88
0.1337646,0.07735049,0.39537978,0.090950735,0.020685982,0.038277302,0.045897115,0.14204215,W73Mw8ZY7Jk
0.065083124,0.078037776,0.34136862,0.25211027,0.22422299,0.10246811,0.18563285,0.27334973,aPBVGXdsR0I
0.1676569,0.18438558,0.2989701,0.6650778,0.18647896,0.11259436,0.14642474,0.08877354,TekdtfCJJ6Y
0.04543057,0.043158703,0.24900758,0.07351963,0.031185975,0.04821373,0.044009242,0.4398354,CcRd38ztM8M
0.14846897,0.11246269,0.41584542,0.2667991,0.050242316,0.18158895,0.13353035,0.16236591,hLcKO5Nc4tU
0.12943697,0.15841042,0.37613046,0.15372427,0.09763293,0.124833256,0.14412554,0.011113392,1nZZtKuWY5E
0.23588565,0.25755835,0.32514444,0.2224958,0.035306264,0.23619601,0.19890267,0.18384188,UE14zS8zsMU
0.08194405,0.072592534,0.25389528,0.11595727,0.085282035,0.055453163,0.06196658,0.13912496,dsUgsNRUq6o
0.18526979,0.16221179,0.3215669,0.23650628,0.07850813,0.19319613,0.17459077,0.26705697,e9w1o-GL_50
0.056361333,0.20877276,0.2484409,0.16071662,0.36805952,0.32824093,0.6173528,0.06414007,ooGVDjXFbJk
0.074994296,0.09353365,0.3371864,0.5491021,0.06851897,0.13361594,0.177879,0.10641406,6TPKzdZzJvo
0.09370187,0.10862101,0.40297574,0.32071656,0.3437808,0.12465753,0.17255868,0.20581558,lWmTOFiTEoo
0.107530706,0.07977799,0.36890057,0.24997501,0.06652113,0.056939468,0.05000133,0.18079506,v2ymACIiAA4
0.05952281,0.16378158,0.18128586,0.63237816,0.064523295,0.1532436,0.15971497,0.29637367,hF-zW80v7Ro
0.24142087,0.7483632,0.2844387,0.47834435,0.8393344,0.80613285,0.59549975,0.7275657,rT33pk-3N_w
0.09077967,0.11148384,0.46193662,0.28246042,0.30487993,0.16936876,0.15550752,0.15552033,9L1M61KO2R4
0.083247416,0.061222076,0.25823584,0.15727991,0.119872786,0.049087677,0.07179551,0.2938761,YCy-kEWRzN8
0.1484503,0.09289086,0.2661813,0.15577653,0.030155903,0.045433063,0.10715844,0.14938818,iFdPLyGvvok
0.1407774,0.14641294,0.3314583,0.4280019,0.10461388,0.19995394,0.20557356,0.631304,bL7TORXTiAA
0.044662938,0.030866832,0.32633534,0.14162505,0.09118898,0.03037596,0.05083076,0.17312014,NKQI18jr8Oc
0.090526715,0.05010264,0.36765036,0.2305866,0.020685982,0.023956144,0.03165773,0.15606865,gyjLeyXRmdE
0.03741665,0.1596924,0.30201656,0.10299283,0.057331093,0.15771165,0.082385466,0.26745516,701uS_hGlk4
0.16553964,0.18852751,0.4026063,0.30448177,0.15859914,0.30920705,0.26965883,0.26715323,f2xMqIpXxS8
0.12577772,0.08581388,0.3355496,0.11173112,0.010342991,0.11019772,0.098215386,0.14589745,Mc8Bhejp0eE
0.05608014,0.035679407,0.25511417,0.086044066,0.03994159,0.04440783,0.036962315,0.22999263,RbnV_EX9jqY
0.21101156,0.20252612,0.36721173,0.2700083,0.016729267,0.15188676,0.16289619,0.2538264,550q8rkh7ns
0.24565819,0.3982582,0.608737,0.4595071,0.1019289,0.429818,0.3542286,0.1419165,1k3Fnb2wR0c
0.071661524,0.10517733,0.26082096,0.114947565,0.005275619,0.046469446,0.07076317,0.091209814,b0nki8vrAv8
0.14469801,0.081460826,0.3326227,0.13430426,0.05653196,0.05058182,0.06848097,0.047181007,YaPa4esJJx4
0.09470952,0.12473469,0.29402357,0.12807085,0.045091953,0.1514608,0.11548849,0.08297835,RcBxvIF-f_0
0.052163906,0.08821104,0.29107812,0.52653736,0.07211506,0.079146616,0.06305969,0.16904515,tP--Tygo_eg
0.17823914,0.19337645,0.43557167,0.28539476,0.067320265,0.14449623,0.10991509,0.169725,ntYJHGOqfSw
0.16157019,0.14208929,0.4135592,0.2775052,0.025520578,0.09033652,0.14257702,0.16500668,de1XS8jDX64
0.090870805,0.11631565,0.3973728,0.44369772,0.023460433,0.1189454,0.16148336,0.03198803,BHmKmd58Jk8
0.04245759,0.024807816,0.23871802,0.060717344,0.030842619,0.03249253,0.027978048,0.14394407,BHSlc28u02o
0.14633067,0.14133494,0.4528956,0.28449127,0.09709594,0.07917091,0.13928655,0.04537745,6hRijcdDqTo
0.076488815,0.07769469,0.29972687,0.13000977,0.029640866,0.04751409,0.03811836,0.0017446358,iKLeItasBlc
0.10236308,0.07457109,0.43655992,0.2809778,0.047495455,0.11606908,0.10743749,0.27882722,Lw4JMl1sErY
0.07750901,0.10083326,0.18129101,0.11841714,0.0358213,0.059076894,0.059685517,0.18486728,yJFq4HV-MGQ
0.10831326,0.093796,0.28110614,0.15335616,0.013813793,0.048337243,0.045437403,0.10528145,8BFeRrIrwAU
0.14925998,0.093828514,0.43602288,0.17884739,0.020269485,0.07675401,0.062438454,0.10677477,vpljiOgd9RQ
0.28805718,0.44460005,0.5492986,0.44380036,0.7464593,0.7100532,0.29283664,0.47693175,Fo_ldcTXSqw
0.03983076,0.033021625,0.19898862,0.07197744,0.076110736,0.023843713,0.039978135,0.29759312,phHbBLV-K1A
0.18794337,0.16639411,0.3781255,0.26751658,0.037881445,0.13443528,0.12316653,0.2878529,hkQozII_7uI
0.04625799,0.034218233,0.3287694,0.08097299,0.084745035,0.05175259,0.04944692,0.1751398,b9q5LteKZoE
0.051111184,0.07452024,0.2265676,0.13006508,0.019436494,0.08464339,0.27379376,0.17661044,lyfAlfqHxIA
0.08074544,0.13161536,0.37481192,0.10664713,0.028782474,0.11562043,0.07746305,0.0010293233,nIWSvSCMLY0
0.12140877,0.11434732,0.26201883,0.16638681,0.040971663,0.1028591,0.12293929,0.19441569,o_W280R_Jt8
0.025950858,0.025613736,0.15978922,0.0680773,0.019019997,0.03252713,0.021674061,0.2513519,57w7B2cvz1Q
0.06870286,0.07720335,0.23751284,0.09235291,0.09387396,0.10024483,0.05940721,0.17946602,M5WmFPXsZx8
0.05783155,0.062709644,0.26906088,0.123774864,0.036336336,0.056484345,0.05973691,0.1992481,bPntD6x3omQ
0.07271879,0.08209664,0.22732073,0.090429604,0.019297661,0.057129733,0.04196807,0.19725206,NYAcT3pgyA0
0.10753594,0.11272229,0.37381363,0.24884309,0.18154536,0.18752792,0.13031402,0.24922277,wu0z0gu7fww
0.06597582,0.14194068,0.28290263,0.5500346,0.13610743,0.1269184,0.21593124,0.65436643,9smY-qdDgE4
0.076909035,0.11600171,0.22615318,0.073755406,0.017423427,0.089371264,0.070917934,0.2679169,vamIr3gLb4A
0.07229325,0.08628584,0.28572914,0.08381345,0.03839648,0.089225195,0.06012425,0.291142,tek8-LtMgss
0.062402118,0.122928105,0.26925886,0.08044225,0.04543531,0.09560384,0.064262785,0.0008417705,YYlY5xnYfBM
0.018921236,0.01049424,0.2031821,0.034736942,0.031185975,0.017950954,0.012793909,0.26711655,JYUcj-kxNYE
0.14631699,0.15007885,0.2903062,0.20946006,0.15188612,0.13174471,0.14936157,0.15646136,W_RRslHBNEI
0.058417723,0.09272582,0.27667183,0.1335741,0.06851897,0.0927859,0.07742584,0.14690119,WFy7M2E6YMM
0.075614735,0.19149184,0.28153294,0.2524445,0.0729142,0.12385349,0.37251303,0.62396425,azVX2uJ4G54
0.04277115,0.036524013,0.2976551,0.120237716,0.011523063,0.05863889,0.1685106,0.55774176,ZbSUkQYKCUk
0.17136718,0.17190038,0.3612676,0.15976578,0.06652113,0.23692161,0.18777284,0.19383754,sKzeWOtrXPs
0.069997884,0.038119197,0.3049196,0.06738811,0.04234509,0.03647639,0.026047572,0.2943136,PDmQnspIVv8
0.053985316,0.05888423,0.38720965,0.36432794,0.023117077,0.05814542,0.038199183,0.25242388,4Jqo-jqBs74
0.07634785,0.041359752,0.32143092,0.121707454,0.033246122,0.03261564,0.06294867,0.16689941,EBG4boXDBSM
0.13429497,0.2675328,0.24888805,0.16322555,0.09602194,0.2185948,0.2673592,0.1360653,ZLeuUrhPKY4
0.024178151,0.018997192,0.20059565,0.05161405,0.04406188,0.03222501,0.022569055,0.15679397,mxhxL1LzKww
0.08321675,0.09153745,0.20562649,0.060910955,0.06372416,0.12167564,0.34924185,0.40687165,uhaZX4ZMcLw
0.07069029,0.08028159,0.27178147,0.12184193,0.004928539,0.057100806,0.14229424,0.12691724,trjQNFLeH1I
0.21546136,0.27204186,0.37359834,0.81151557,0.09655894,0.2166634,0.31161755,0.081751525,OqB2EZO99z4
0.17154494,0.14429705,0.3852988,0.36870375,0.062925026,0.11029367,0.1390662,0.18348913,-XuOxYXjioY
0.051936682,0.061905064,0.27778545,0.115146905,0.037194733,0.1323027,0.11069456,0.27341914,4iYuqQ3YaE4
0.097407,0.062319644,0.3578357,0.1242421,0.077709,0.035177287,0.07250042,0.38825074,M7vt5paORIc
0.05778072,0.04711093,0.40848115,0.17260692,0.019852988,0.059848692,0.05561894,0.4372438,LyrcStqp6Wk
0.06889364,0.07812827,0.2982219,0.1345484,0.119872786,0.22553739,0.18774964,0.26706597,L0zVJmsz5ww
0.04292261,0.03798513,0.27932099,0.05292453,0.018464668,0.04581041,0.051004212,0.09708333,pMw6Bj7Idis
0.06597229,0.65435433,0.26090986,0.088120624,0.57816684,0.78708166,0.07460693,0.048737224,f8DQSM-b2cc
0.06501723,0.054586884,0.36597702,0.08383345,0.014369122,0.101327,0.05274571,0.16600773,sHftLhI5Bgo
0.07102561,0.12724999,0.27172926,0.15209302,0.26132804,0.11886198,0.08349035,0.018936338,MtT--uz392I
0.16501059,0.15251513,0.319124,0.15751159,0.046465382,0.13716413,0.123855226,0.14405198,Ul1YJLfWSgY
0.3008361,0.4196497,0.25195888,0.37653083,0.07730943,0.35834897,0.39578027,0.3659837,wN4kg93rPMs
0.20805961,0.77642715,0.25835592,0.6065166,0.8393344,0.8633357,0.731881,0.5815136,XiWOA2VTq04
0.0737866,0.091186866,0.35392588,0.3186751,0.06851897,0.103577405,0.24856006,0.012779886,F-8T7nMy0O0
0.085301444,0.13552597,0.37340167,0.2080456,0.105704986,0.106189445,0.061447527,0.22048032,Mk3wfBmbyQM
0.10430903,0.086158365,0.45413744,0.14570157,0.034791227,0.1138212,0.09289149,0.055163253,ewsoSSzBul8
0.0758087,0.07064382,0.2080428,0.12384339,0.22987647,0.053017467,0.065832905,0.31229597,CzwDS_fc-lQ
0.107900664,0.1359298,0.44603497,0.7243557,0.10892494,0.18243597,0.17103484,0.09029677,FN_0KuJuBZM
0.27154496,0.19022119,0.49614245,0.16842271,0.23716165,0.15272409,0.17038396,0.59245664,mSJJL27lsyE
0.165764,0.19972774,0.46461308,0.38133994,0.15334547,0.14025363,0.11538082,0.27971235,pJ9iEjByYiQ
0.026152372,0.16442479,0.1803759,0.089532524,0.21804169,0.5861705,0.23963244,0.44719252,sR_rPd_ufK4
0.051049653,0.11242271,0.21246172,0.11254407,0.13790205,0.11026294,0.087085366,0.0105003035,TlcNNZlj7-Q
0.04917499,0.03664053,0.18798156,0.05046004,0.029125832,0.036570825,0.034054548,0.15918325,Fjor2Htvwho
0.03717275,0.045037646,0.23419811,0.08782525,0.0100653265,0.03569211,0.049626745,0.15933672,gRwyRr7TluY
0.024500826,0.053775005,0.14319743,0.052829307,0.021380141,0.03844258,0.047539227,0.22334762,mNoaTUaRwEI
0.038136452,0.024792856,0.21890305,0.17738874,0.035477944,0.023294736,0.03007733,0.2671705,ne3HV9tIITw
0.0927203,0.09191934,0.4137642,0.13741851,0.022351967,0.09936735,0.07918282,0.33470353,kn2hwnbOgbs
0.053993825,0.048126917,0.1930652,0.14363559,0.021796638,0.029205954,0.03139639,0.19470024,ecfqbWCiZSA
0.13831946,0.22607662,0.3027417,0.35756725,0.1550967,0.29878846,0.14814496,0.45613763,UyjILqvqml8
0.045367595,0.11797716,0.20692515,0.1004593,0.14552918,0.10935461,0.067648776,0.0105003035,-6t3K1BnCRE
0.19865265,0.21013707,0.35918868,0.3478362,0.2298686,0.15811352,0.11329707,0.15133126,bbtXMrDJm94
0.13364957,0.18351021,0.2433689,0.11698178,0.27690583,0.19999446,0.34224412,0.22011912,s7Vo5YcWd-w
0.08017375,0.093464345,0.2842603,0.10971547,0.16551583,0.073181406,0.06363364,0.34923983,R-8En-wylXs
0.13578747,0.14660928,0.40533268,0.2389855,0.123736724,0.22919363,0.18018568,0.11830662,cQ74vf9N56A
0.10207361,0.12159681,0.41654894,0.32623693,0.022351967,0.055518858,0.08463899,0.11441703,439kXpzAdpg
0.06259809,0.060845315,0.20420077,0.099226296,0.04268845,0.04063352,0.04793749,0.21203966,bqBygIepz7s
0.3286438,0.26171947,0.3722828,0.32481462,0.17173064,0.254282,0.27798393,0.14184035,kySCYT2-tsc
0.108174786,0.13019277,0.22422889,0.1442135,0.023460433,0.08733,0.07161319,0.17024948,9G8b2En7bv8
0.18346885,0.15215638,0.5184535,0.3244909,0.1256687,0.09289518,0.16108729,0.14843205,Mu5p7s5jyOc
0.06465034,0.09442424,0.20234375,0.088863656,0.055732824,0.18717608,0.11885231,0.5925259,SnkgbNXoS9E
0.048369825,0.030418998,0.3661573,0.082016096,0.067320265,0.039828356,0.03830926,0.2639082,fCP7llPKc4g
0.062259737,0.037794575,0.30309546,0.111989036,0.020269485,0.06253763,0.05381498,0.2308464,o1EVF0MYcW0
0.2574243,0.17156176,0.4040709,0.22068185,0.017701091,0.16012442,0.39551646,0.27578226,iaXAWuclvik
0.20528904,0.19371118,0.28300008,0.3313808,0.018325835,0.15004307,0.27862486,0.15493996,UN9PDRkxyso
0.07023004,0.13419197,0.32223898,0.28430614,0.07011723,0.08184064,0.11003857,0.08140017,EYHvq_Pqn3o
0.12852705,0.14281927,0.30024636,0.15006934,0.022945397,0.1403599,0.15862289,0.14249466,95YLslorEHw
0.09056051,0.1165726,0.23485985,0.31395966,0.032731086,0.19157808,0.09247281,0.23519851,mtDlxHW01fo
0.08139413,0.15968539,0.34298116,0.2379845,0.112144895,0.108141676,0.044922415,0.2414966,ja5808dPeKg
0.13212356,0.10533557,0.3651683,0.09967583,0.13610743,0.056169413,0.077340454,0.4434691,lbB7AhwaZy8
0.13691346,0.16896091,0.35703322,0.48150566,0.061726328,0.208225,0.16296309,0.16050981,H7RzixtWLlg
0.13805299,0.14226082,0.29612166,0.11345945,0.12051678,0.1100724,0.11757592,0.26718375,-Ab6S6AFtYg
0.031946395,0.020651475,0.20348983,0.058809817,0.031014297,0.01977982,0.024896104,0.31124222,K0-GxoJ_Pcg
0.08959286,0.15267095,0.35663262,0.3820112,0.061726328,0.122520745,0.119080186,0.034715734,nyBsrJ5RSTw
0.100279845,0.10220303,0.43763652,0.07206906,0.055333257,0.11376492,0.10303177,0.073355034,kd0cmzTYZgs
0.1662588,0.12748827,0.26601437,0.10883082,0.16151784,0.07386012,0.05296465,0.2446752,o5QMMUZNH04
0.07292817,0.048556127,0.21153256,0.093283735,0.17759849,0.038472477,0.042197295,0.37646833,fFwH0VwinJ8
0.056283385,0.07092563,0.18234056,0.09428095,0.14283726,0.09844217,0.08888959,0.12324852,0PTkzV8w1ic
0.12193682,0.11028235,0.32760227,0.20766091,0.065721996,0.14185631,0.18155688,0.26259542,vjfh0ura1dY
0.12897554,0.104846604,0.46713603,0.23491657,0.16482529,0.18258189,0.18719535,0.37983593,emoOysHIq6U
0.07122289,0.05729563,0.27644452,0.2329351,0.045091953,0.046303455,0.031164326,0.34322977,VALheP_DMps
0.0971394,0.11340864,0.385645,0.56148165,0.101391904,0.097349875,0.18351322,0.121863395,n9bYHwp_xnU
0.11614557,0.100544974,0.3311165,0.14147611,0.017631676,0.069540404,0.07422474,0.15860727,jGEqsSOrluU
0.07849512,0.07260801,0.30253026,0.3110742,0.17661177,0.16934781,0.193587,0.27035728,VdDAGtYz04o
0.15538135,0.08768383,0.55018646,0.19615215,0.02397547,0.08104399,0.06610021,0.16640219,xoS3XXR9mLE
0.06486324,0.09788761,0.37453154,0.31336826,0.017562259,0.073298566,0.06988761,0.094648555,DfQ-Y7ltSPA
0.08979329,0.07767165,0.30782837,0.12288359,0.082104236,0.16424417,0.13703059,0.1491819,8YVpBFUTTHY
0.07936182,0.122749075,0.19339684,0.23525912,0.07371333,0.08890523,0.0966052,0.23889181,OhvCJGRBX1A
0.14395939,0.117773585,0.38611948,0.28755072,0.07850813,0.07432599,0.20065469,0.104633234,Hsf0iGXgzjk
0.054014888,0.086668395,0.24523473,0.10354166,0.051737156,0.19952148,0.19165657,0.27207625,RbK5ovQp7ec
0.052235056,0.06685165,0.29112563,0.22026624,0.045778666,0.070785,0.13128936,0.17838314,bDeJY1O2FIo
0.06791663,0.07634897,0.34480372,0.5878137,0.05413456,0.15084763,0.14322206,0.17194523,dyERZlpUhWA
0.24508935,0.26274362,0.5573752,0.41017163,0.18055865,0.32847703,0.23676269,0.004932922,zQP_0U_ogmQ
0.14387763,0.19024031,0.30344036,0.27782908,0.11729682,0.19031887,0.12068872,0.23950991,dM5zB6GopZE
0.22849593,0.30840743,0.38263386,0.5458896,0.09924392,0.3551518,0.22340861,0.14694877,Q_4r06qlc0k
0.1340255,0.21486723,0.31467506,0.82345974,0.14418322,0.200268,0.35597214,0.45672622,gzbrLX12ZgA
0.038371444,0.048599876,0.24217635,0.09579551,0.22422299,0.067650035,0.23705211,0.54513997,5D4ChAnqkxU
0.13139802,0.08841142,0.30229768,0.18512252,0.04818217,0.09002512,0.1299967,0.5680319,I2vKd6FbXd8
0.1480271,0.15164363,0.40388462,0.2594395,0.11085691,0.13762906,0.19493462,0.031871893,RzpoKTbH4x0
0.12886007,0.109481335,0.40584224,0.23763517,0.1835188,0.1334659,0.23135431,0.20219699,vCzPpEEtJ5E
0.039073147,0.03477569,0.3360962,0.0894543,0.12631269,0.0877426,0.08554394,0.26829603,on0CJqxdGCk
0.049474385,0.15315072,0.16796763,0.100005426,0.34388447,0.25045183,0.10542524,0.47903183,OovIIiQJXTg
0.17203462,0.15801017,0.44458804,0.5049229,0.19862764,0.15233627,0.13891503,0.19877918,XeO2mQRPS8s
0.20938866,0.16829605,0.37175247,0.23668055,0.09548495,0.12799588,0.122043006,0.29346985,Fm6VtLLF0ms
0.1474373,0.110844165,0.2388837,0.084986426,0.015340946,0.095189504,0.10030632,0.12899195,kDADlF-Jc_I
0.04345494,0.07731196,0.16031201,0.05489812,0.15042676,0.044946443,0.057714645,0.3093315,f4jkpT2ozyI
0.1567972,0.12453171,0.2508536,0.16190077,0.019575324,0.06398656,0.071583524,0.14615503,hMgrmyiTdcM
0.24279092,0.29144296,0.43020162,0.25634396,0.12824467,0.3148755,0.24113432,0.14086595,YFxCQEWUFQ4
0.24002238,0.75282,0.348345,0.40293965,0.057331093,0.87724257,0.40303934,0.1280025,RPjUzdgXF8k
0.031373255,0.07263,0.13330778,0.070416495,0.02637897,0.06544633,0.078311816,0.24304812,WArnYMp-a7s
0.046040215,0.032673,0.21190692,0.06512013,0.011175984,0.031239059,0.043866668,0.026127372,BGEFF0jOOe0
0.060201623,0.07702017,0.2279548,0.16672163,0.03049926,0.06451129,0.062865175,0.1394063,zyRiqcFUIDE
0.0438962,0.055159185,0.2518554,0.15175563,0.14822112,0.049797826,0.051491376,0.3616638,-OloC7mqjmE
0.11625893,0.058399845,0.3601571,0.25698456,0.10956893,0.034198523,0.08481219,0.085556865,-J7ppMyiLLA
0.055700008,0.061547577,0.21535128,0.094778955,0.038911518,0.083630145,0.06326589,0.19996093,hVWiJgh5nzI
0.33383092,0.16050267,0.6578424,0.12622501,0.0055532837,0.16168663,0.13155466,0.12463672,6nOx6QlnrI4
0.047096558,0.02944166,0.27892604,0.07507452,0.023803791,0.035710257,0.025785232,0.1491819,289cGJ7hOkM
0.06591688,0.055573046,0.34893554,0.26825106,0.013605545,0.052492842,0.10026055,0.01323289,wTnqWuP1PNM
0.12537673,0.11056483,0.34402657,0.40036327,0.083939545,0.13401622,0.16441642,0.07699372,1ag0jCOcAMk
0.14751703,0.16499661,0.28754848,0.23676288,0.1894391,0.22762583,0.24869159,0.32828265,JK5MCX372kU
0.070616506,0.04432263,0.22085142,0.31370613,0.015549194,0.018154271,0.023356846,0.2615557,68YuU2tStoU
0.09399721,0.045867108,0.4237018,0.27972826,0.077709,0.035326026,0.039338615,0.35255432,M16zJ0AZVI4
0.065507695,0.07323042,0.31503594,0.31318808,0.021657806,0.07992772,0.11629614,0.011604414,-DancJaPMTk
0.14268146,0.13474454,0.35355684,0.114058144,0.22333995,0.16160703,0.1382308,0.30227944,JVBlQ31FzJU
0.07371207,0.090342954,0.41383806,0.5363683,0.03599298,0.08201315,0.18938133,0.04572868,EEzy6jqLoFk
0.2444149,0.31283197,0.363208,0.3549787,0.15217799,0.24071229,0.41870347,0.23494323,TSiG71hOj9A
0.07508677,0.06705097,0.25911984,0.14582874,0.15451296,0.047447063,0.09242319,0.10733759,cLK-lEUfwj0
0.037167534,0.10593226,0.236825,0.15620685,0.2889918,0.30410418,0.12900862,0.43857792,tCHcMQ532rs
0.3150086,0.116690695,0.6725985,0.1290486,0.06931809,0.11875803,0.097254045,0.12891956,OVT8RmZL49Q
0.06460706,0.05299217,0.3219858,0.21518892,0.05093802,0.065070145,0.17135635,0.027228978,7RVRKzFVDq4
0.22192809,0.21414955,0.37295935,0.25619087,0.12116077,0.14804597,0.2287523,0.14442578,BYLlf7zbIlk
0.22618373,0.17425452,0.44116572,0.5089647,0.12888865,0.1275545,0.23309846,0.33194217,NufDWWAQcqs
0.20631422,0.21018015,0.5873566,0.6129165,0.09172598,0.15882106,0.2649578,0.010175481,I6HanZWOFmw
0.029612053,0.054080464,0.18493041,0.078126796,0.0825038,0.05433556,0.120501876,0.3376352,7OaWs29HKEU
0.098492935,0.10229421,0.3680901,0.4589342,0.03599298,0.13160889,0.24028371,0.0055706953,oF0AIAddE48
0.017097836,0.021310076,0.191407,0.033881683,0.019297661,0.014946492,0.021276368,0.26827678,w0_EVgndl0I
0.058650367,0.15282698,0.1528316,0.15775646,0.06851897,0.18072148,0.16784263,0.21499527,fi-nGKEZ8kE
0.051206656,0.06372099,0.3211934,0.28714657,0.11600884,0.06934834,0.13080591,0.2794677,8qoVahR6YOo
0.061485067,0.061241694,0.39209372,0.13488874,0.01999182,0.046986952,0.05860737,0.31691468,ruPYiLnkFqs
0.025539018,0.06872452,0.18947686,0.062394567,0.037023053,0.06726889,0.053343263,0.20086484,rZwEUZvX-eg
0.07720651,0.07254415,0.15392601,0.078317046,0.020408317,0.04423188,0.037655145,0.114938706,fTUqvYYEeR8
0.080461875,0.059456825,0.3662486,0.11187739,0.089577995,0.07441108,0.042210422,0.28033936,JLKIUnApa5o
0.10278571,0.14456254,0.259303,0.2596738,0.26817688,0.16038753,0.25026494,0.86173284,s2jX_21ivOU
0.1349048,0.043849234,0.45010063,0.06852221,0.07251463,0.03635124,0.03187263,0.1741353,ZDCjUohxW0Y
0.08559137,0.08169049,0.2752047,0.16643274,0.08330294,0.059971232,0.044319596,0.38817102,eRcnBnCTIUA
0.09108623,0.08545258,0.39212215,0.50269365,0.15071863,0.075609714,0.07000288,0.21408361,dmMNau6WAWM
0.04682078,0.030699058,0.23847428,0.056758672,0.04680874,0.0329133,0.031065164,0.1878613,SlI-9Gpd9bg
0.12585628,0.3130465,0.28397384,0.22719109,0.2712817,0.46500123,0.3930134,0.26837525,GgLglJne93g
0.029210415,0.013224315,0.19722278,0.012339476,0.089041,0.031858526,0.07873268,0.7376253,rarR_QNCml8
0.05601685,0.07145627,0.3907715,0.24499092,0.15217799,0.0614387,0.13779005,0.18223305,oi_oFyXZvCE
0.051668253,0.04912783,0.25918913,0.09607446,0.04234509,0.050891455,0.060843706,0.32715282,JYY3bIKJFg8
0.05408697,0.032675277,0.32594344,0.074277684,0.05093802,0.025426716,0.025401622,0.37829897,2rV9e0WLZCk
0.06538138,0.04806947,0.34355018,0.103806496,0.089041,0.06367977,0.06003994,0.19671334,bNUQorsHObg
0.14186418,0.3072414,0.23815346,0.16284487,0.17034957,0.21025729,0.48174855,0.72722346,R6FhgjNZnnc
0.047246117,0.09769911,0.22879809,0.07635657,0.0136749605,0.08424814,0.09435038,0.24948166,5o3N1-iIoi0
0.07720651,0.07254415,0.15392601,0.078317046,0.020408317,0.04423188,0.037655145,0.114938706,9GpFKrK7-c0
0.18116525,0.30872074,0.37936923,0.2607107,0.22333995,0.40853125,0.29841763,0.0636561,1XgUS__FqPk
0.17580996,0.22879502,0.4400558,0.4305929,0.18549223,0.23576395,0.32346517,0.2010616,HVcU_nj_jPE
0.08843762,0.06957348,0.36634502,0.11884492,0.037023053,0.09555673,0.063559815,0.17644985,SPS6vaVgK6k
0.07503898,0.07167256,0.16754398,0.10333243,0.086087525,0.043412834,0.041673426,0.17823833,weSkbBnGyxs
0.038183954,0.056776084,0.15883902,0.05877081,0.05093802,0.050463043,0.09043605,0.11587161,Y1FN0Dl05nw
0.15118006,0.15893483,0.31359518,0.44724008,0.027065687,0.13034843,0.11573047,0.45515203,bdB0peWcXE8
0.13688412,0.08876928,0.3430346,0.1938214,0.06252546,0.07763059,0.08156839,0.18081449,SIrlAQear_E
0.13341846,0.11928085,0.3539948,0.13656786,0.087430015,0.23307344,0.14628194,0.13947791,pYcnLj8suLw
0.06755177,0.0585272,0.21686901,0.05855615,0.0495556,0.050221402,0.19823268,0.46859258,grVwNYaKCRc
0.092130795,0.08841107,0.23912072,0.29568923,0.019297661,0.067907624,0.093049966,0.1549241,JC-PV48ofPk
0.18116525,0.30872074,0.37936923,0.2607107,0.22333995,0.40853125,0.29841763,0.0636561,_5w_hUfihmA
0.07720651,0.07254415,0.15392601,0.078317046,0.020408317,0.04423188,0.037655145,0.114938706,U3K8RcVtfj0
0.18850471,0.18710613,0.36506313,0.21407801,0.08635602,0.22744648,0.1885797,0.24518065,b7vRfItdIFk
0.11957436,0.15115458,0.2507334,0.14785388,0.089577995,0.1278272,0.10580433,0.17940363,DJZgwuFmn6E
0.04452157,0.027667606,0.27546164,0.07948491,0.038053125,0.03285469,0.027336875,0.2744228,RK93TfSYeQU
0.03159645,0.032561842,0.15134773,0.047786694,0.01492445,0.0145347575,0.026246175,0.1088106,QeSkozlcWAM
0.068926655,0.08123097,0.41035894,0.31373787,0.0753116,0.08849375,0.122276254,0.1424439,4eI9FJVH5Kc
0.044949498,0.07072701,0.15622596,0.1090459,0.038224805,0.067467295,0.09598604,0.265603,2ABJx62sVik
0.11128851,0.022659361,0.35945037,0.0264137,0.0042343787,0.016350683,0.009827509,0.015557206,ZcOQZPsQDAw
0.13264208,0.31191206,0.34994924,0.32090953,0.3897107,0.52475053,0.32779574,0.20991854,jmCkHSvB0GU
0.18979895,0.19570798,0.38911125,0.32743707,0.15684792,0.1379281,0.18959995,0.08241376,W0UcdY62Sw4
0.14378722,0.14458115,0.44595796,0.29380175,0.1008549,0.06979062,0.14157878,0.010546197,JM6W2fVxKEY
0.057907097,0.07730433,0.2621223,0.12577741,0.04165838,0.1748913,0.12500556,0.13611303,idRxHhkxG50
0.07144732,0.04049649,0.34527436,0.088587895,0.040284947,0.046060756,0.02884234,0.17917347,NRIXXtEsLJY
0.09626015,0.06433662,0.55598634,0.13749924,0.0186035,0.046328735,0.033456136,0.027795814,LkqpEjUZxow
0.08644864,0.14981173,0.3931811,0.38458493,0.050242316,0.16108236,0.29819882,0.02085287,v0HZRbHXhVo
0.22822502,0.24936052,0.42388916,0.2891328,0.09763293,0.19099604,0.16748172,0.16434868,pbaRQL1xuCM
0.060371365,0.101432435,0.2818373,0.27444792,0.04818217,0.11495312,0.16096517,0.13745163,iQF9_pzAkoY
0.16033395,0.18119353,0.35676923,0.101369515,0.051737156,0.20666456,0.17117155,0.00414068,cNIQrIXlrNw
0.108191974,0.092736796,0.42105508,0.39952302,0.05133759,0.14963694,0.099620625,0.04450986,s2roEA81Vx8
0.059008926,0.05592652,0.24905917,0.30057266,0.118584804,0.053687517,0.05828956,0.40651277,nwnyEKteh5A
0.1412536,0.13159098,0.41349435,0.4973146,0.13700475,0.067686826,0.102244005,0.12520902,DJdQphU3y94
0.2391224,0.19221637,0.29954794,0.18088284,0.15451296,0.12598597,0.080169745,0.44050965,YtTtaMXjAT8
0.11478338,0.20788251,0.3571097,0.38342273,0.0717155,0.11432703,0.11372658,0.0057412013,nyYurrwK_rA
0.07423632,0.07175294,0.21912716,0.23300155,0.07251463,0.033293784,0.029988587,0.09975742,R6wT22iMm9s
0.1369449,0.096940406,0.43055978,0.18282977,0.11600884,0.0771793,0.07525514,0.26748037,8cGu_pp7SPE
0.11667463,0.08354515,0.38633493,0.11605111,0.10461388,0.053805083,0.0650464,0.16830455,J1hrZS9BpAE
0.042805724,0.08014767,0.20175435,0.119792886,0.09709594,0.068375975,0.2544545,0.6447266,OdZAlQz6VUU
0.12947254,0.35762838,0.32130235,0.2261726,0.22687212,0.37904337,0.58523935,0.6085263,pyDf0gQ15fY
0.0784252,0.08332995,0.16447528,0.07077603,0.07011723,0.03814898,0.06394099,0.14350174,jDGaVuRcARU
0.026984159,0.021942472,0.24147512,0.06414984,0.032731086,0.0236176,0.023182454,0.103857055,zHLtRKjLqxU
0.15399319,0.13814901,0.38523358,0.6328384,0.16344422,0.14068791,0.08334222,0.19856231,CiUr7RO2ZoY
0.18252183,0.14126645,0.5042651,0.13666008,0.043718524,0.15019287,0.1236187,0.038984712,iN26SvqaRcY
0.15595688,0.15064672,0.36188793,0.1121587,0.00014967835,0.08565762,0.08016356,0.057891574,xXo1G1sxrB4
0.10748443,0.15081622,0.50137025,0.50727165,0.080905534,0.18824048,0.27417076,0.26512098,hT2a4UcrtgM
0.14280039,0.10294217,0.3910813,0.16755198,0.043031808,0.07993086,0.19801714,0.1309728,4mWgKM0myOk
0.08407136,0.143453,0.208318,0.12791187,0.28517663,0.14432444,0.24189301,0.86173284,HrhhkAd7Dsw
0.12378329,0.13250144,0.4663496,0.5132222,0.0011453647,0.10017944,0.186395,0.12895855,V7sj4vdTUa8
0.14331144,0.76340675,0.38675132,0.32646048,0.53837943,0.9091764,0.47177368,0.5046397,EyodLy9akSk
0.045538686,0.056602668,0.17992462,0.116408676,0.016243355,0.042212445,0.056109186,0.16636604,b6cuj02Zb6w
0.14656778,0.12925841,0.48086688,0.3324265,0.1256687,0.16574079,0.26248676,0.23777404,mayqd9oX7fg
0.05587595,0.08694932,0.19280769,0.32882658,0.043375164,0.07580094,0.05593634,0.2703974,jfg_SzObG3g
0.08160122,0.062612295,0.34321734,0.118199416,0.030155903,0.061293337,0.04320328,0.20422861,WWhVWmsDlfQ
0.14040366,0.1613465,0.26656163,0.12397508,0.16758743,0.16449101,0.35676125,0.4385729,lukEbqaikLE
0.17184049,0.17872758,0.41389397,0.20423342,0.15042676,0.08955905,0.09027712,0.071973816,Gkpi5q8O2SM
0.046532325,0.036359113,0.16840583,0.070745654,0.013466713,0.032472216,0.028768912,0.1088106,lEMy9otbD9A
0.12633386,0.2353879,0.3739046,0.26625457,0.111500904,0.23680681,0.24283788,0.013118066,2z3quJk_mWw
0.14297009,0.12581892,0.3884937,0.15657602,0.15859914,0.14000702,0.09773527,0.12546916,X7eoTyPKyt8
0.24312583,0.20615347,0.564255,0.31831905,0.16758743,0.15896955,0.13340393,0.0006164134,7oS4th3nTQ0
0.119802825,0.134798,0.46810666,0.26425362,0.2712817,0.27084994,0.22629657,0.3540001,84SCd4vn6k0
0.12521711,0.083520405,0.29885104,0.17493561,0.035134587,0.08922144,0.12648438,0.45779267,SWnbrHp1CEs
0.11748379,0.16138305,0.3746603,0.24964406,0.20376207,0.17205478,0.16845052,0.12631257,u-vPGK723O8
0.08165263,0.0634808,0.2638818,0.16785827,0.06012806,0.064853095,0.060351983,0.27758715,LtDjsFRyMfs
0.28441823,0.19163997,0.40329272,0.39813793,0.00014642447,0.112732306,0.19132549,0.016861519,HpUUbPFiEoY
0.0608903,0.14461695,0.2666619,0.20402494,0.1710401,0.15959796,0.50210553,0.7083686,WzqBCp6HnUo
0.12854849,0.030409086,0.3540111,0.09730592,0.05653196,0.10570836,0.022234567,0.39450905,Ulw8DGc5kPM
0.03869419,0.03510656,0.19956067,0.100089125,0.024662184,0.030542392,0.02719654,0.16191009,CdvsJjcSM7E
0.066062935,0.27367768,0.20250891,0.33529344,0.32563272,0.43943387,0.74358165,0.26647002,CwGqPXsHoYo
0.12299785,0.09364062,0.34915534,0.06955298,0.0064904,0.051886965,0.05723987,0.060575437,V7AHSeFazAw
0.10837625,0.13706014,0.28399035,0.63328826,0.10031791,0.11800349,0.17171614,0.27534008,VirdyYYUSFE
0.089109294,0.086793005,0.29630256,0.114714846,0.040284947,0.11055414,0.05018149,0.09546469,x4XMfk93q48
0.025739169,0.027753131,0.24547894,0.095259525,0.04131502,0.044553388,0.08161133,0.14917836,m3lpHvgo0Nk
0.039567947,0.045655932,0.36016518,0.08822593,0.036851373,0.094309665,0.12013226,0.14868598,FVhAuA859uU
0.14424601,0.12144878,0.3383603,0.19130415,0.2885035,0.20093197,0.26059902,0.17948084,7uHhYMH5lNo
0.109834805,0.1554404,0.32518074,0.39727497,0.021518974,0.16164717,0.15113045,0.118501045,8YIj-1Tf56U
0.04857268,0.09945199,0.46915534,0.22026062,0.03770977,0.11672884,0.15530337,0.13393731,U73G8jSv0Yk
0.08925016,0.058870625,0.27171257,0.21275766,0.024147147,0.026802186,0.042353615,0.09890864,2gFsOoKAHZg
0.13364957,0.18351021,0.2433689,0.11698178,0.27690583,0.19999446,0.34224412,0.22011912,Xei0BmDfPUk
0.030370515,0.0327699,0.20639573,0.06956932,0.11472086,0.036051914,0.0849925,0.2690943,GOLBT0APio0
0.13632448,0.10218131,0.41120535,0.09635911,0.0741129,0.11519149,0.06505882,0.08463436,X-NbIXeV2-s
0.060269956,0.05630892,0.33608848,0.13734025,0.052136723,0.05690486,0.055008594,0.066561356,3nwKZiawYsY
0.031332906,0.02874627,0.23468448,0.06599118,0.05653196,0.03983771,0.026915627,0.48138532,7dd4_kETn0w
0.18150544,0.15844448,0.37012482,0.28327116,0.14866976,0.13148956,0.1317927,0.37430382,3AoiT64Jg3U
0.06031557,0.035641573,0.27156934,0.08180697,0.035306264,0.033578992,0.03374205,0.08920203,hX04v2AFzoc
0.1487045,0.23794879,0.3132809,0.30200866,0.32044756,0.27096984,0.21749257,0.6058246,VV6M0SocXbU
0.15783699,0.15785447,0.38631484,0.50795066,0.013744377,0.13708322,0.13552256,0.02248568,uw7CuAqi26k
0.061485592,0.04743604,0.29624984,0.101503484,0.03616466,0.058395766,0.058504622,0.09772083,f_SLjqWkkUU
0.18817207,0.16898187,0.35128087,0.32624647,0.0789077,0.13457698,0.07709782,0.26953006,_6p5A7rdyEU
0.05398083,0.058931854,0.17920408,0.09146298,0.020408317,0.04223826,0.049375277,0.25703922,CnrjdD08dWg
0.040244218,0.10612381,0.20672703,0.064601734,0.14328592,0.12084859,0.096814364,0.27103683,0h5fzf9CFF4
0.21950506,0.36466077,0.5266123,0.44727197,0.17380224,0.41757306,0.6811447,0.19456838,loVaEQ4C5Yg
0.059933886,0.10428617,0.20824589,0.13068262,0.09655894,0.07261332,0.11853989,0.3358282,vsbQSb0Qhnc
0.050494194,0.055252515,0.22843336,0.09156133,0.03770977,0.06703771,0.119749606,0.10843375,SekiqvHAPY0
0.077607065,0.057377577,0.30222958,0.28294072,0.039254878,0.04661569,0.06516943,0.08675559,5FvGsX-18H4
0.03554659,0.04957174,0.36471683,0.059535164,0.089041,0.06280314,0.04601964,0.009405608,LtemQj0cbt4
0.14109349,0.1776263,0.34414425,0.31667024,0.13610743,0.19873552,0.58523935,0.71294427,T8ylxU1tuDg
0.061093785,0.055493675,0.27307025,0.09107988,0.04818217,0.05148011,0.04397467,0.19628534,OF6YrtNv_9M
0.04035075,0.06604227,0.2156915,0.1494538,0.15684792,0.08313616,0.12586533,0.18846506,TKXCBlUPJqM
0.07008815,0.109006435,0.353059,0.24247918,0.016521018,0.090165265,0.095758446,0.36509654,YR02f_Ly_NA
0.35830548,0.3068143,0.3991283,0.22620915,0.020408317,0.1605722,0.103138335,0.15797037,JTfhYyTuT44
0.037611365,0.12058517,0.3331144,0.658604,0.20816301,0.23969735,0.13969289,0.5325599,cAYVyXZHC2w
0.07728098,0.09799799,0.2105653,0.19864689,0.019714156,0.038421135,0.041413266,0.29206634,Eo2FR8Zo8jc
0.074324235,0.045167778,0.26485,0.10317537,0.038911518,0.048757654,0.047785446,0.1480304,s5MgqwGtDMg
0.08252202,0.105326734,0.3651944,0.19481942,0.07371333,0.20070088,0.15002662,0.3733653,001IXnp0ogc
0.10303196,0.09141424,0.36646956,0.32782692,0.08689302,0.07746023,0.08414798,0.0128070135,VGxEtsJ_ZEs
0.115526885,0.14230902,0.5128505,0.2569195,0.1423886,0.17554756,0.17467694,0.06853896,XNmESYQw5x0
0.027559767,0.024279797,0.16918117,0.04157227,0.02193547,0.020933252,0.023519326,0.17055082,SUBkLbrrCZA
0.13376306,0.42079055,0.35554674,0.16924,0.46457416,0.77466327,0.221182,0.4735088,bBBxgZ7uiqE
0.05207325,0.09086872,0.19819523,0.0889972,0.061726328,0.06476217,0.12912445,0.13923477,Qm-TV8kh7J8
0.034118395,0.05472376,0.2008073,0.101080544,0.0717155,0.08595003,0.054991484,0.21403041,NmlxH-1MClw
0.11431991,0.15022035,0.4088796,0.17869097,0.03204437,0.26045927,0.14738761,0.15816288,QRZ90syG4Zs
0.13459942,0.1505466,0.2915033,0.26217413,0.15188612,0.19897868,0.25719514,0.13981105,QjU37oJ6eEg
0.044118747,0.040121824,0.1936454,0.06612045,0.03994159,0.027075393,0.027827136,0.181345,6LFC1DmvrcA
0.043295175,0.09683617,0.18887794,0.10239975,0.08555053,0.1762699,0.29216304,0.6641111,MZAxRY7ranU
0.23391823,0.17688459,0.42179564,0.15260082,0.07251463,0.14247519,0.13376054,0.18515001,4FALCz-LDgo
0.06479739,0.06946867,0.15698704,0.08220427,0.020130653,0.050122745,0.049725533,0.14521684,4Hcdlcd_EGs
0.1112213,0.09803356,0.41259915,0.1812574,0.05852979,0.12278992,0.08000968,0.17954138,fEYsgP4CuSA
0.15013178,0.2015275,0.3677673,0.14620285,0.08581903,0.19106056,0.11955698,0.0025254234,zu1p5yl5P0Y
0.16224469,0.18714131,0.36502165,0.11890155,0.13082063,0.18399207,0.13659133,0.1572989,ZQ0POuROBDc
0.07265378,0.07168482,0.2180563,0.076967694,0.039598234,0.082667954,0.049164563,0.14527264,cLzXCxS6hCs
0.09256746,0.15136366,0.18954119,0.14089215,0.019852988,0.14085655,0.13370575,0.18724102,Gg0i-4m2L0g
0.07212248,0.023592785,0.24868329,0.04385683,0.012425472,0.009805533,0.010433405,0.23926061,aceeYE_LFb8
0.14631699,0.15007885,0.2903062,0.20946006,0.15188612,0.13174471,0.14936157,0.15646136,gqi7GIW9FlY
0.04648622,0.058249876,0.16794477,0.08768006,0.03049926,0.05305229,0.052326407,0.14385074,ID_35T00zKU
0.25317723,0.3175012,0.3638024,0.27477983,0.118584804,0.19710386,0.08310675,0.4325973,dapD5RXxg9c
0.082321465,0.14038451,0.34934318,0.719422,0.13082063,0.1964512,0.31446436,0.2342352,dEa0q5MWEvM
0.052697446,0.060865816,0.14418912,0.078795426,0.01999182,0.049581967,0.056363266,0.19640952,yOAkzIkUHXg
0.1346612,0.10642275,0.3878026,0.29311076,0.052935857,0.11668438,0.20443155,0.078638494,_afgLdZtbqc
0.047713757,0.101419926,0.2454657,0.3839665,0.059328925,0.07740688,0.07976972,0.17688273,xq58uUZQ-gs
0.08275336,0.076327816,0.35360813,0.38485196,0.089577995,0.050802447,0.05124421,0.05645991,GAo8kA5dVp4
0.09426644,0.11265869,0.40763256,0.34107655,0.30788645,0.15705214,0.20820451,0.30086678,7IQTcmwRMhE
0.07926622,0.053648338,0.3043161,0.08971571,0.21036349,0.062172715,0.03523827,0.35688937,zm-J_rgBNdE
0.04894805,0.031480145,0.21761872,0.060271222,0.033932835,0.03888854,0.024970332,0.1491819,2fQBVq7EvKc
0.24596353,0.17538027,0.5215764,0.3934944,0.04234509,0.12245238,0.09455417,0.12531467,IzSWrfAMZX0
0.038764883,0.030391932,0.21777482,0.060858972,0.020269485,0.023196243,0.024380932,0.16092798,D_3hl9rzjBQ
0.10860528,0.116910756,0.2117367,0.13831481,0.058929358,0.11511088,0.11321346,0.57516164,nsmlKWuEIXc
0.049723268,0.116548814,0.24659254,0.111247584,0.15976663,0.14536081,0.0991324,0.0010637647,tjsRSh9Uhso
0.14984424,0.11523394,0.39188093,0.16796282,0.05613239,0.11052334,0.13312885,0.19885139,VaMJCix5l3c
0.06479739,0.06946867,0.15698704,0.08220427,0.020130653,0.050122745,0.049725533,0.14521684,t76LLk_5T0I
0.042125832,0.03237231,0.20035371,0.079165064,0.017006932,0.019423937,0.027047118,0.18013364,Ncldjz0OCNY
0.09596897,0.18810919,0.2578444,0.1325805,0.35336453,0.33677492,0.11631138,0.26470596,9HCKdN4ll-s
0.07259348,0.08596698,0.17799664,0.12479838,0.06012806,0.044720486,0.07596888,0.17670438,wff2S3R3aqc
0.15500702,0.1737622,0.50390476,0.40026724,0.20449556,0.20407523,0.2796402,0.18407953,fFgbNv-d4Yg
0.044978604,0.06640802,0.2714407,0.22419931,0.03616466,0.061894976,0.112123676,0.029490465,p9HXkVYO65A
0.053725697,0.0498663,0.3723068,0.096354,0.05852979,0.11591369,0.0963966,0.26333123,YYoZftgqH30
0.093067646,0.123636715,0.4368413,0.5533456,0.27045983,0.18124735,0.31062576,0.05777558,Cuyv9N8Pok4
0.07770313,0.16720004,0.3082465,0.28031442,0.1580154,0.13971975,0.4301121,0.13032353,ZKiqQthwfJ0
0.07057398,0.06448109,0.30580676,0.12837267,0.019436494,0.064480454,0.06026239,0.15573537,MMCWxa07FkQ
0.029402988,0.031740203,0.23610659,0.069921255,0.059728492,0.03224296,0.029415553,0.1960231,mlHzOEgNeys
0.11124291,0.13548198,0.2139615,0.12134083,0.016173938,0.13045694,0.088291414,0.17468831,hfEnjC4EaUk
0.039670095,0.031223198,0.21347187,0.14861734,0.01999182,0.033851877,0.021188904,0.119101115,Dp5IlBo5PAg
0.10398655,0.05928288,0.3162047,0.1670961,0.03753809,0.03334339,0.04738922,0.041734822,Of6hDDwNgEI
0.5337017,0.3849645,0.7108553,0.3377429,0.10828095,0.28353226,0.25942972,0.5680319,JHmZR9MrkBc
0.11646269,0.100529365,0.34863096,0.07231261,0.04131502,0.071262375,0.07674512,0.21215343,1x4x7odKh_c
0.08297876,0.7293696,0.25134924,0.15805742,0.6556601,0.9306393,0.22509414,0.440288,EsrIusVC3hs
0.097406626,0.051061064,0.45639536,0.18211941,0.13835071,0.028449079,0.06901263,0.28022653,jwmI9kcISOY
0.0549165,0.07036467,0.4668456,0.3714357,0.34388447,0.12466998,0.15903448,0.17639443,OOn5IFV7JPI
0.1458936,0.3078401,0.34641972,0.32701778,0.060927194,0.23840278,0.17828259,0.078236364,pr9vQ6nF3_8
0.089509055,0.098280795,0.23585136,0.12647271,0.061726328,0.08047948,0.08224595,0.049031787,-1OY-mFYhtw
0.048238352,0.07098407,0.18938446,0.12042261,0.027237365,0.06472514,0.073093325,0.16418819,EaoIsyr2M_o
0.1106048,0.12271565,0.22243087,0.25377426,0.13790205,0.09354669,0.10288511,0.06541006,upN0D8VRVyc
0.052664842,0.057242107,0.21654943,0.09622103,0.05133759,0.03290672,0.053109787,0.24840026,hGgJ5qgYcD0
0.067767784,0.075453825,0.3352474,0.10617043,0.14777246,0.12751396,0.07180932,0.09002018,RJJB72v6DIc
0.060093354,0.054630052,0.15437426,0.093450986,0.017631676,0.035697423,0.040345103,0.24921744,V371OslxHPI
0.38149145,0.31029874,0.4258139,0.17039323,0.017076347,0.12553665,0.07186441,0.09457398,f6v2ycEfrME
0.12428709,0.11361649,0.30743843,0.23327547,0.027580723,0.100868136,0.18593892,0.10511168,SNa-6H2hqqQ
0.09828627,0.1183777,0.17994924,0.11650933,0.024662184,0.06671516,0.101875246,0.08654347,lhx6Px_8dyQ
0.051710572,0.21203949,0.26533598,0.12822203,0.22977416,0.35905927,0.16883129,0.26398695,k-k-CZCcelU
0.08479022,0.057301972,0.2950674,0.090656124,0.024662184,0.057903774,0.048789345,0.11612517,4zLaNuG053o
0.14976822,0.8743316,0.27478725,0.28702408,0.83020335,0.9481788,0.40561253,0.48485768,xj6E6W8b8QE
0.05369843,0.10335954,0.24183337,0.2659414,0.07970683,0.11134309,0.16911025,0.12988284,oVJKDS6sNk0
0.09046457,0.08041422,0.39172032,0.16501476,0.02792408,0.18550333,0.11645272,0.2747619,J-phNKNK6O4
0.06324103,0.108206145,0.26955485,0.105327524,0.15568043,0.29581773,0.137553,0.0029642906,E7qJPyuEgvw
0.027725885,0.024073923,0.21547812,0.21736684,0.04406188,0.0173274,0.02364422,0.22004092,4OjLpngQeJE
0.1619357,0.24634662,0.38862473,0.3782328,0.29045674,0.30361485,0.6350989,0.5825897,R7uAf8-GlTE
0.15287977,0.11268446,0.40946177,0.24062787,0.057331093,0.12304051,0.12170356,0.4563412,JmGc8J30Kso
0.046215214,0.046570864,0.20851989,0.07399696,0.08330294,0.05066676,0.03425938,0.20895557,x3vcSab13Sk
0.09895793,0.11332082,0.35000288,0.3904326,0.23277332,0.10043537,0.17580998,0.441017,Uql1zLkdOAk
0.14461486,0.14338979,0.57112104,0.35107705,0.12244874,0.11363738,0.21573162,0.0059406674,xeaQX9lvAMo
0.041284475,0.05739953,0.20625415,0.14652757,0.062125895,0.11552706,0.1687398,0.24018566,4ylYvNnP1rg
0.15002352,0.1085589,0.34820238,0.14167054,0.1835188,0.072736934,0.06733144,0.24959582,Rg1tEiiE6uE
0.044035297,0.023419904,0.27017298,0.05370628,0.050242316,0.02449803,0.027898617,0.22888431,YxZLtyVKhNw
0.09522011,0.10017676,0.27634588,0.33578566,0.010134743,0.047664065,0.07426313,0.1812295,sfFxIho1pxA
0.1324648,0.0877464,0.3207662,0.17915562,0.089041,0.062796056,0.08110891,0.14387411,kkMj8TV2t_8
0.09546623,0.08427244,0.1886747,0.14991719,0.023803791,0.05390509,0.0651804,0.14540368,B4Z9oLMycZk
0.107144214,0.1429247,0.31395707,0.312582,0.026722329,0.06265027,0.08048727,0.21776834,S-ku4zIJeSs
0.0719142,0.07313758,0.3488079,0.06694348,0.02655065,0.116027094,0.050029688,0.09094034,Qz6qEnia_BA
0.12460965,0.122585304,0.34919056,0.30311665,0.032559406,0.037731126,0.124704674,0.02803703,znMMGXFRDhc
0.07311554,0.08343777,0.2525634,0.10270266,0.019575324,0.089125045,0.07255338,0.15240099,GUGwP4GtGLo
0.15700434,0.10672312,0.29081896,0.1494866,0.043718524,0.08279474,0.124904424,0.3635249,N7gYkD20_mc
0.092179544,0.07770753,0.34474975,0.24197072,0.17034957,0.07452227,0.056924097,0.29789183,eWWsCv46d1c
0.1387412,0.17081791,0.3903129,0.51506203,0.050242316,0.13436855,0.13225187,0.041419975,zWNJLv96WZY
0.045587357,0.032319684,0.24573155,0.08085523,0.043031808,0.03435312,0.031597897,0.14086773,7YocY4DpaxA
0.035680603,0.021602226,0.23774737,0.115604624,0.013050216,0.04960184,0.019908793,0.19702533,PA0z3K6oArA
0.0363603,0.034677904,0.20816864,0.11836265,0.012425472,0.03728113,0.048240192,0.16729902,zJp772dNNvc
0.03690103,0.027905101,0.22665463,0.06427821,0.018881164,0.02519327,0.04072947,0.2580053,Gsz8-w8NIZQ
0.0934888,0.14355381,0.19916728,0.1408203,0.040628307,0.113566644,0.135493,0.39281574,H01vw3SPfOE
0.030910743,0.041375004,0.29167882,0.08507089,0.023803791,0.074159205,0.044234652,0.13472465,Kuge8hvJ0ys
0.041768856,0.039947625,0.4355188,0.12836568,0.025005542,0.093371876,0.083374955,0.2015694,Wlax-9O0bjA
0.16312718,0.11362347,0.32444525,0.23548765,0.026207292,0.136812,0.11476225,0.23116343,NgPFrKtJ19k
0.045911647,0.03179698,0.35783723,0.10824689,0.022945397,0.03907989,0.049024764,0.15627427,ePHfGIxYV4g
0.05748011,0.06368285,0.28296956,0.08325125,0.014160873,0.12736073,0.062850535,0.4516242,QBhi89eyZ0E
0.1651242,0.12810127,0.4252608,0.16363877,0.0066639404,0.11201404,0.106378056,0.03590802,99Xb9fwBxJU
0.08347835,0.08262137,0.4145724,0.09884648,0.03461955,0.08035323,0.050690554,0.044120397,YAAt9OtmMxU
0.112627104,0.09960802,0.23997866,0.10789865,0.014160873,0.08887429,0.062906876,0.030290853,cPcogbcwO6w
0.14871244,0.13106093,0.43807346,0.17180845,0.025005542,0.12623519,0.10430675,0.13188758,igoizIP7f-g
0.0542642,0.037411503,0.2669184,0.06373022,0.02193547,0.036337566,0.03180167,0.19478908,E0Gy6_UW_i8
0.17276761,0.13617937,0.3587517,0.18854767,0.04680874,0.04177036,0.07693186,0.28130415,hZyldnEsCVA
0.07109879,0.050701633,0.23207402,0.056055047,0.031185975,0.06288547,0.04071492,0.115697436,wGJs1qfCSWI
0.035574187,0.036622565,0.41925314,0.12292313,0.03616466,0.08881368,0.08862558,0.2015694,p69yFle-VSQ
0.061309822,0.047675297,0.18723036,0.07811138,0.016035106,0.031619526,0.036243416,0.13270916,EZT_gKAgtrw
0.04819302,0.042131606,0.44629395,0.13255604,0.027237365,0.10101823,0.0985957,0.2015694,AiflO8P7WWs
0.055170342,0.0730858,0.15966809,0.076773666,0.02517722,0.05024699,0.09213034,0.17010543,2IZ4TJBvJ-Y
0.04417401,0.04321636,0.15565218,0.08985253,0.018187003,0.03517962,0.04408197,0.16298884,WURc6JWIgTE
0.062465787,0.07561846,0.24426477,0.10630513,0.085282035,0.18950424,0.11046456,0.3111554,k8zzjKR4ZaM
0.2103176,0.1522811,0.31596306,0.08097053,0.12180476,0.19870466,0.12830195,0.23226103,LjhyjBY7ebg
0.04327919,0.043638296,0.34472364,0.081035815,0.040284947,0.23234436,0.116603106,0.22368765,1ML791vzyh0
0.044993073,0.040026054,0.12821999,0.050377414,0.022773718,0.014457136,0.030795932,0.114938706,jKyFMYa1WLc
0.17510645,0.15048362,0.35379454,0.18695442,0.046122026,0.050646316,0.08147681,0.28130415,7ywUSYdH-yo
0.05872525,0.082512625,0.26287088,0.15033178,0.040971663,0.11033762,0.18452275,0.44745693,AHKQBJou4Iw
0.07720651,0.07254415,0.15392601,0.078317046,0.020408317,0.04423188,0.037655145,0.114938706,-SHcXU00bQ8
0.33131117,0.36194468,0.4176795,0.30274847,0.18253209,0.2074672,0.16638826,0.26806337,-nwN3aViYOc
0.09064008,0.084985696,0.23184223,0.116354994,0.016451603,0.069605865,0.046978224,0.39465532,j0lAJ0F_Bb0
0.17979485,0.17164642,0.33387202,0.16476643,0.0669207,0.1839933,0.18364254,0.1666774,hBzui8nTFV4
0.2801976,0.51583385,0.4160664,0.14479612,0.33600304,0.3816247,0.1866508,0.2803623,pbu4dhkDc9A
0.045592822,0.043782283,0.4370236,0.12479407,0.033074442,0.10297625,0.09903082,0.2015694,Z873Gk-f34c
0.1177954,0.15160929,0.3668908,0.12665921,0.101391904,0.12374912,0.07645767,0.005463262,xChqzzAPeS0
0.14972731,0.12725134,0.28714702,0.29168993,0.09548495,0.052243296,0.107426904,0.25371188,s2yTortsbgM
0.12263598,0.08420973,0.22925098,0.10315994,0.09065199,0.03333051,0.063824624,0.2743545,hoXEXpg2Lcw
0.16735002,0.12824978,0.34187418,0.18124884,0.052935857,0.037830524,0.07540788,0.28130406,iZYqRUcQPlg
0.09586694,0.115560025,0.20243564,0.120462544,0.089577995,0.072686404,0.06892637,0.4690821,Nx3ti_zpRqc
0.21439108,0.19960956,0.3676365,0.26164567,0.022773718,0.10019564,0.1135273,0.13371053,3_JYg1VQhpQ
0.059125315,0.049919497,0.15595664,0.07690207,0.06332459,0.033122238,0.04230104,0.24388579,KeXUUvgADTY
0.06790909,0.073795535,0.20212969,0.09899118,0.03839648,0.04247884,0.04135229,0.21288036,_h0Tz5ABhAs
0.05691119,0.05964321,0.15945582,0.087545544,0.020269485,0.045156024,0.051281728,0.29827586,b_oNqqaDOzU
0.036619358,0.036605377,0.4124398,0.101320855,0.02517722,0.09002682,0.07246393,0.2015694,L7TcMVDGApo
0.036619358,0.036605377,0.4124398,0.101320855,0.02517722,0.09002682,0.07246393,0.2015694,0jVNCfOvIHo
0.07287454,0.07603877,0.27343717,0.08433581,0.014369122,0.040231768,0.05505374,0.08362963,52RJCa_gr4w
