PERSPECTIVE_INFLAMMATORY,PERSPECTIVE_THREAT,PERSPECTIVE_SEXUALLY_EXPLICIT,PERSPECTIVE_PROFANITY,PERSPECTIVE_FLIRTATION,PERSPECTIVE_TOXICITY,PERSPECTIVE_IDENTITY_ATTACK,PERSPECTIVE_INSULT,video_id
0.14063945,0.44523495,0.053947188,0.05032523,0.3885963,0.06532243,0.116084605,0.05794308,hmiiRnW1EaE
0.100716405,0.06402093,0.06364932,0.031388056,0.32317066,0.10461388,0.024128344,0.021033075,P5ZlzY5C_jg
0.08756079,0.20782949,0.1853955,0.13505417,0.49693564,0.029125832,0.086177036,0.09391906,sThZ4TZ_Py4
0.100716405,0.08376242,0.10766205,0.040872637,0.38872156,0.08635602,0.027350254,0.023889517,OuZDNakM7QU
0.100716405,0.049466886,0.07045682,0.027640576,0.27473652,0.08850401,0.018618466,0.014570693,0srVchY9Z4A
0.18703802,0.31609216,0.12113569,0.060538627,0.39656577,0.13251819,0.05606273,0.025925357,pGN2-MfKg9c
0.11060831,0.20705879,0.22069943,0.19581361,0.47420758,0.10828095,0.096291155,0.113339074,F6T5EAj1g_4
0.1011241,0.115681335,0.28242636,0.18000384,0.48578534,0.059328925,0.12128249,0.100554846,QlTNO3UgAs8
0.12066085,0.14752483,0.052367877,0.04535459,0.24162814,0.090114996,0.044635527,0.041585553,vjCWuESRvN8
0.100716405,0.07041974,0.10824522,0.04618898,0.36781254,0.09118898,0.032892466,0.02945816,I1QViH5oja0
0.055079628,0.041380312,0.06783366,0.022957494,0.31152847,0.04543531,0.012053243,0.013418917,uorN-D01Viw
0.10307791,0.07583879,0.06328683,0.053184967,0.22630383,0.086087525,0.038013723,0.029356252,YCw_dYSIeP4
0.041875888,0.15614827,0.13237685,0.08452451,0.42838973,0.08367105,0.070109226,0.03992335,QT0MRSJ33EA
0.100716405,0.085303895,0.07590386,0.040492475,0.36874044,0.092262976,0.032922845,0.026120251,fLhLoWICOA8
0.021490429,0.1682885,0.073036626,0.05747197,0.309909,0.14597784,0.043407153,0.040867556,kScOL1FyJ5o
0.218103,0.10904744,0.11786468,0.099062614,0.34949452,0.032387726,0.109004505,0.07180533,u902YaGyI9s
0.097425655,0.05959639,0.043504618,0.021950549,0.27569047,0.022945397,0.020506011,0.02020671,jVVzbgbb4CU
0.08237836,0.13290273,0.11345034,0.045596574,0.42098185,0.043718524,0.04855676,0.026638638,pg5QXdjTpX4
0.2311232,0.09537559,0.043722402,0.05316399,0.19921786,0.06012806,0.11204711,0.05171251,kpIGHuky6xA
0.17144936,0.38996693,0.2616876,0.19024643,0.48032025,0.101391904,0.21630433,0.15082286,PnMcVOAzYz8
0.08696613,0.04626301,0.03768455,0.016885972,0.26426655,0.01228664,0.021385252,0.014988479,7L0Jl0voe8U
0.10553358,0.091294914,0.09514184,0.068545476,0.40264294,0.087430015,0.078581296,0.043948527,kajUcGIvywU
0.045354106,0.18884629,0.039840285,0.0287512,0.39691034,0.16413476,0.088673376,0.036653988,pwrVvzaZWOE
0.020454837,0.13258867,0.11539932,0.07623813,0.4156427,0.055732824,0.13328584,0.058641333,lWemP4LM0Cg
0.023927215,0.11573624,0.13271779,0.054160774,0.53505415,0.027409043,0.064267784,0.030294046,S-NNXrU8nNo
0.24356556,0.1168604,0.026293755,0.020006048,0.23585963,0.040971663,0.038276635,0.026323713,ZGy6nM7L1dw
0.10601101,0.29779986,0.048389617,0.047879275,0.31272614,0.13790205,0.05615461,0.043586347,2qrK27PM5RQ
0.1364181,0.10254921,0.11643761,0.055762094,0.37862766,0.09870692,0.028510937,0.036048956,NMI4sDjP2HA
0.0073098023,0.041018736,0.049555253,0.019006621,0.35966185,0.026894007,0.013006807,0.014886968,AfOgIfWOWO4
0.010607151,0.045945395,0.059521995,0.028505206,0.3241756,0.011731312,0.019355876,0.012749069,Ag01CpYYaZ0
0.040735107,0.15780938,0.13316424,0.09284994,0.37427944,0.02517722,0.06408576,0.029716335,4NclFGav65E
0.09277223,0.08993442,0.07509685,0.07188683,0.2562391,0.1609341,0.049046483,0.051732175,iVZwKnBadLM
0.13736764,0.33536297,0.4730991,0.25115684,0.4952623,0.10828095,0.23861636,0.21240541,jzihWSvZPWU
0.0023622087,0.14571056,0.06828894,0.03621073,0.4434198,0.026894007,0.06336461,0.023093682,anE2U-q8mxM
0.27104458,0.4646617,0.12974547,0.10580719,0.41161165,0.07690986,0.15873365,0.07881779,hSKCUPremj4
0.17449185,0.17456442,0.1234175,0.1076086,0.30994296,0.13386416,0.094674386,0.0431544,aLijtnMLRg0
0.028276516,0.15814525,0.12548864,0.09496002,0.36964375,0.09279997,0.0919472,0.0810408,kwoEUPMwZ8I
0.18360461,0.23471949,0.07662206,0.045422684,0.5061765,0.10300289,0.12983751,0.052793525,4hzL1ETjrOk
0.08558065,0.2342727,0.2477468,0.106588915,0.59971243,0.029984225,0.11785639,0.0539453,x-e-Erg5irA
0.10780136,0.07573191,0.010672198,0.00956349,0.20721346,0.03994159,0.011577442,0.008510082,N0hrTDMWIuI
0.091188975,0.17703988,0.050446656,0.035649728,0.37331426,0.05093802,0.080448925,0.038884047,QDbaqB7tfUY
0.19241104,0.17669947,0.046726983,0.04069131,0.25424916,0.033932835,0.044600226,0.046405803,S57C1nAGOHQ
0.09813973,0.15304229,0.04667608,0.033831265,0.3865085,0.06492286,0.07430115,0.03554008,avvNRswHDks
0.18430193,0.21470714,0.038421795,0.026054628,0.28213674,0.05852979,0.028366301,0.018669754,xy6luRXTfDk
0.012454486,0.23229301,0.034051035,0.024624718,0.39170673,0.020269485,0.04108892,0.023924923,l4gKnAM-PA0
0.2110087,0.2340263,0.08570596,0.06993756,0.34851754,0.06132676,0.16687103,0.07263362,PCnFykaEtxY
0.27026442,0.2539273,0.09052406,0.071928255,0.41638604,0.05133759,0.051217694,0.02889809,dutjKK2KzB8
0.15087946,0.13822934,0.0415926,0.02273761,0.22861427,0.08330294,0.05448283,0.030876322,R1jBzAlDpMs
0.1320589,0.16244377,0.0605817,0.045643877,0.36179692,0.058130227,0.028322395,0.013548975,TV_WNwqMVfA
0.29664785,0.4769487,0.16859591,0.16540799,0.50830996,0.11021292,0.12942344,0.1072793,2QGHaWxPZCY
0.022168377,0.20906894,0.033878814,0.025654517,0.37821448,0.019575324,0.042668268,0.024657534,KBt8AHU_mAQ
0.0707431,0.08079592,0.092244335,0.05001707,0.30895263,0.10300289,0.04314076,0.034889303,xJEYPdNwNCE
0.17484169,0.13774048,0.024838459,0.016624365,0.26715347,0.09494796,0.03128535,0.016096298,bJq-QpDwKqo
0.11746773,0.24814719,0.08699353,0.056377,0.38276866,0.06931809,0.03856384,0.016493319,lIQJZRxG40Y
0.031949513,0.10685266,0.027900752,0.018654829,0.2944145,0.027409043,0.056009278,0.035437413,g6Md-6AyJvI
0.21467033,0.28918123,0.0379589,0.04166457,0.34341443,0.037194733,0.058817312,0.032444768,xE56G-6UuM8
0.008059004,0.20064633,0.20048334,0.15242693,0.37965965,0.02929751,0.10092833,0.05263387,mKAIzzeJsTo
0.12843806,0.1955787,0.03116622,0.035590444,0.37753505,0.06652113,0.11799576,0.08296452,MRu3faIkRcI
0.022067927,0.4472002,0.18907669,0.13945074,0.5059119,0.027409043,0.10259869,0.050170656,IJSVN55kZBY
0.046471547,0.1361202,0.13385913,0.10133001,0.32360247,0.03770977,0.113655195,0.086748384,0orWMWRnH88
0.012622074,0.052069288,0.042890936,0.017226811,0.32773873,0.031014297,0.019708972,0.013652811,gkMv3JUCfvg
0.14024553,0.06760667,0.04588105,0.025241267,0.3280503,0.03358948,0.029247228,0.023214273,Fy2Pzqq-nr4
0.12873523,0.08797365,0.0552702,0.05817164,0.19686563,0.1250247,0.051969953,0.05192793,BGg62hYrymI
0.049432322,0.24456824,0.1899466,0.129365,0.52735454,0.030155903,0.14031202,0.09251335,cJ5sDMdzVRs
0.19198385,0.061285157,0.03358704,0.024193969,0.2930398,0.036508016,0.033460144,0.020222547,IP5qt9pHB_c
0.17381422,0.11596815,0.025117228,0.020550126,0.17431387,0.061726328,0.019983992,0.017068984,0MD7Jjl3iKk
0.101592384,0.25276825,0.082207,0.06151342,0.4233919,0.06532243,0.04221963,0.019586802,DOM0jRQQNmE
0.10439688,0.21724829,0.07199955,0.067830145,0.3772104,0.058130227,0.17401479,0.07681949,6jk9S67MHaQ
0.08237836,0.09401171,0.09707684,0.036586583,0.4081286,0.044405237,0.03360655,0.022419224,amS6S_QLHzo
0.2671746,0.095588475,0.073197134,0.072019026,0.31144077,0.045778666,0.054447427,0.082127444,o_DAh-cO6L0
0.26229665,0.0696537,0.052930668,0.037889563,0.202779,0.04818217,0.051842928,0.020054214,Ilo1bgZUcdY
0.14723423,0.36254746,0.14245406,0.09762141,0.53901196,0.10031791,0.21698953,0.11685389,DQW6ds-M0qI
0.054744903,0.23241737,0.16741431,0.14403819,0.48219544,0.07571117,0.16561201,0.121096596,fhYPc6smawU
0.11496897,0.09243519,0.19861072,0.15511326,0.42674047,0.01561861,0.11885851,0.094426095,6nAYv2CWJOE
0.03960088,0.16468179,0.10296306,0.056126952,0.46049422,0.0789077,0.112692565,0.04925349,3Gl3gjL2600
0.3002689,0.19499165,0.06723384,0.07384101,0.29921964,0.13745339,0.08106751,0.032095075,89M3fJt53mQ
0.10553358,0.15156616,0.11443212,0.08275306,0.40693015,0.08689302,0.08001744,0.046882212,TGqIu5FJpV0
0.10716942,0.19551915,0.033131715,0.030915178,0.2730306,0.08850401,0.034019988,0.031681534,4E9h-XbClds
0.11163027,0.09574489,0.24395554,0.13604897,0.4399151,0.014438537,0.07718979,0.08130999,FfnXPXVPKJk
0.42561245,0.5029875,0.18210034,0.18944494,0.51932317,0.08796701,0.13875288,0.12893783,iwWNAiy1ekA
0.14045037,0.06852867,0.053094823,0.020290874,0.38732168,0.052935857,0.02620077,0.020309096,daGfYN5kgcE
0.3658077,0.24923328,0.037498657,0.029444056,0.3419615,0.11407687,0.035928193,0.02547477,nMMQvZil7wE
0.3658077,0.24923328,0.037498657,0.029444056,0.3419615,0.11407687,0.035928193,0.02547477,HdH4Wek5EwI
0.26467374,0.08304574,0.045087487,0.045488633,0.18676765,0.08555053,0.042845927,0.048971225,cmzVUOKnfr8
0.028930344,0.21381257,0.17886457,0.081512295,0.5103892,0.05493369,0.061922148,0.04910067,jDMRPWPxtaY
0.074386574,0.045639925,0.043207217,0.007817783,0.2833939,0.04131502,0.0030211706,0.003828926,xoXEFdzLNOw
0.10485557,0.40478894,0.16957147,0.10404219,0.6049953,0.07970683,0.18918264,0.10373819,YoSs-9o82oI
0.13293372,0.17736684,0.034010664,0.030442372,0.26448372,0.09870692,0.05122936,0.019927952,cUbzWjNqtmo
0.09971081,0.23618434,0.06477037,0.07612663,0.30589703,0.08501353,0.14507113,0.100702524,LmEnFVEZwyY
0.17133068,0.37906736,0.082127534,0.08281505,0.432946,0.04680874,0.14736459,0.07804857,do1mY71LBBI
0.018754432,0.4191581,0.26602682,0.31439835,0.53023666,0.3598433,0.37495747,0.4223614,G5OtF_H4d1s
0.2691307,0.36478332,0.07106477,0.05984453,0.27609533,0.09118898,0.110472694,0.0378961,ol2Qg6mwW_A
0.3658077,0.24923328,0.037498657,0.029444056,0.3419615,0.11407687,0.035928193,0.02547477,7tM2ZszyUqg
0.24534911,0.0499894,0.026578043,0.01195411,0.23864533,0.031357653,0.018916497,0.016644618,7ywDnOx7FdI
0.24323507,0.14177737,0.2846282,0.20838861,0.42149308,0.0072539765,0.14641269,0.13998146,wUtjCcZa4Bs
0.030062845,0.24709968,0.04603766,0.048764035,0.37646946,0.09924392,0.15599208,0.06227905,8tCl1d5sTdU
0.04749774,0.17520572,0.050378166,0.033982407,0.42674387,0.0729142,0.10814991,0.036279824,SVHkiHZMEEc
0.08529021,0.054807052,0.038576726,0.025480488,0.22447103,0.078108564,0.01912573,0.019240275,s8R3EXXlKxg
0.3658077,0.24923328,0.037498657,0.029444056,0.3419615,0.11407687,0.035928193,0.02547477,VIY7ZJ85Yv0
0.06961829,0.6121958,0.15743989,0.3306352,0.49081114,0.38567963,0.4413145,0.3747016,Mnn4vjwzr-M
0.19870558,0.25805116,0.09798214,0.08942823,0.33142522,0.12244874,0.1783744,0.08643106,8ENUkzRMf6M
0.059815887,0.026463866,0.053228542,0.01377035,0.2816976,0.03856816,0.006332835,0.006713057,JJ6YlOhNuAo
0.07926206,0.25312614,0.13888095,0.10613021,0.44873345,0.055333257,0.12999095,0.064104475,XWqkNxom8vc
0.09914042,0.11895576,0.04860331,0.033243198,0.35369986,0.089041,0.07891678,0.033845652,SFKxRlCzZU4
0.1506486,0.30914265,0.37212703,0.12630002,0.54236776,0.0801064,0.1889334,0.103016146,TpA2wkSjcW0
0.16290002,0.28661433,0.055581413,0.059526518,0.29890147,0.089577995,0.04883219,0.033198316,BY74zCQObr4
0.1245301,0.2521916,0.0873232,0.0600593,0.36601835,0.083939545,0.05376976,0.020427193,_vthMuZzoXg
0.2869683,0.25325847,0.047607303,0.06726456,0.2881772,0.16620636,0.14775927,0.13639894,5HtD-2Aevlk
0.02687881,0.54466105,0.13076273,0.14933035,0.5251183,0.1539292,0.21937631,0.1825986,AmfetXakOsc
0.19744898,0.6914163,0.7407407,0.39520237,0.6224217,0.27045983,0.29813904,0.27708387,PVZIttwymLY
0.19777934,0.07643205,0.034036495,0.016994348,0.29502985,0.025863936,0.030199025,0.021683203,N4ITMVZU34E
0.39120805,0.4089044,0.27065372,0.20206033,0.36798632,0.0741129,0.11436906,0.19588548,GYU07DwuWgI
0.16513595,0.29593346,0.042081606,0.042227805,0.36323914,0.067320265,0.11277036,0.048799638,YRNXEcUIsaU
0.07794989,0.07231838,0.05826539,0.02941053,0.213802,0.040971663,0.031671487,0.022277774,4H66pDhczzw
0.005944232,0.041566886,0.08040287,0.026934829,0.3344349,0.023632111,0.01156741,0.012593885,PbzxFdWGL4o
0.008940255,0.05318565,0.07598444,0.034615193,0.344462,0.02792408,0.019442203,0.023150347,vtZBoZ2XF7A
0.13212681,0.13561928,0.11739825,0.07866991,0.2881317,0.07451247,0.043708693,0.052764054,eqLlDERd3HA
0.106319144,0.29359105,0.10253365,0.09112209,0.39170054,0.1256687,0.18821044,0.08341117,V4Ub2D65Bww
0.019364364,0.23268475,0.040287193,0.02801689,0.22091743,0.060527626,0.036833666,0.019883009,1bLXu-_Xgm4
0.08641538,0.500009,0.0638132,0.08795459,0.3694083,0.0789077,0.18070298,0.058293056,ZGYkH6aAbc0
0.050665516,0.08601211,0.084992915,0.035512086,0.39679295,0.0729142,0.016700218,0.028342888,HzovYySfgs8
0.08612605,0.51628435,0.16335031,0.19033243,0.3972643,0.2286382,0.2970421,0.20678753,ViXDcuU9iP0
0.07790048,0.06428979,0.03628618,0.026623817,0.26316229,0.031529333,0.03372376,0.027341537,RLdAjusTjvA
0.16237108,0.072667316,0.04353554,0.039625254,0.21103357,0.057331093,0.06619441,0.028960735,bgZAv-CtZWU
0.050733145,0.29611814,0.10069374,0.07275121,0.5521707,0.15334547,0.1903252,0.06814757,JMNFWiEONfI
0.20022064,0.07315047,0.06272787,0.05896188,0.27732825,0.20596254,0.045473844,0.048312936,NTKBEUdI59M
0.19272289,0.44806406,0.24201359,0.13347854,0.6687384,0.19042583,0.17693837,0.103786975,LLQFCAR4log
0.008857464,0.4077446,0.13634245,0.10673361,0.3467708,0.15130237,0.11493939,0.07022426,WqWbp5Igd1k
0.117873736,0.31622672,0.11017943,0.11643004,0.37023732,0.086087525,0.19385831,0.105780646,lfOR9f2v1Yc
0.45101434,0.14204647,0.069570795,0.043067936,0.37139922,0.14328592,0.059729453,0.06048676,FIDN2vYRJUE
0.23691764,0.2618212,0.13247074,0.05967294,0.5267204,0.038911518,0.090603866,0.077340305,q7N6ehxfrKs
0.043163095,0.44490817,0.059576154,0.06413077,0.37382135,0.11600884,0.12816827,0.056192223,aJSXVYLeJEc
0.3918962,0.2519024,0.030385373,0.027543234,0.33293095,0.12824467,0.038805906,0.024408503,YolPqgiV7bU
0.11928758,0.34781212,0.14324915,0.15222472,0.39539468,0.024318827,0.10830499,0.12695308,4rcMdF5ncoU
0.25112695,0.37077448,0.07953881,0.11139255,0.373351,0.25219622,0.23909862,0.22416945,1YVj2NioEI8
0.29046804,0.13419966,0.034320395,0.019379843,0.3583689,0.03221605,0.022268694,0.010824122,RZgQIRrmQxs
0.15196139,0.26136258,0.05902778,0.04899962,0.26699847,0.022351967,0.064117506,0.026012931,cpX1Cbl7Dtw
0.023227721,0.09922992,0.08485649,0.056057043,0.30538982,0.12824467,0.03721213,0.04821383,NA_913whZ98
0.046785727,0.2537813,0.05076801,0.045866065,0.36791483,0.14508054,0.1195141,0.086310126,kr7NwROUZrs
0.32376635,0.27309686,0.047321446,0.036470067,0.31194565,0.1008549,0.05557437,0.02965686,HHRp_T0-0wc
0.06801647,0.11313348,0.025976513,0.023185093,0.25986683,0.038911518,0.059337415,0.030334385,Rh7d2D7JVLI
0.061997347,0.09925333,0.050148852,0.026160436,0.2697561,0.027580723,0.048606407,0.030118786,Ns7X7nq58mw
0.06898406,0.3493793,0.09738814,0.08843716,0.42833003,0.15188612,0.14039141,0.10956642,wzun_dfBACw
0.008932284,0.34641156,0.13914934,0.10487128,0.4276672,0.089041,0.15507941,0.06570422,w77fMtZPv-4
0.011851759,0.028155517,0.053520117,0.016881747,0.29458445,0.033761155,0.0076091066,0.01014581,xBHnSFi6rMo
0.08237837,0.11976726,0.14774622,0.043539792,0.5013411,0.046122026,0.047470935,0.021917226,Az_KJBowdX4
0.43657848,0.39204106,0.07538477,0.09244079,0.38737917,0.36805952,0.1495704,0.1391186,Jr9sEPP2i_A
0.14383492,0.3661378,0.08431015,0.15828486,0.34743157,0.087430015,0.26074943,0.23965892,Vo-p66DULFk
0.2682805,0.121145226,0.05182634,0.07889563,0.3355889,0.33081788,0.21125013,0.4613888,ypwZ8iQlpbk
0.26232362,0.25825015,0.037553485,0.02891124,0.3239637,0.092262976,0.04891415,0.030757776,h81uUFEhsJw
0.36580762,0.24923334,0.037498657,0.029444056,0.3419615,0.11407687,0.03592823,0.02547475,1XUsx15EpaY
0.22491574,0.34088212,0.06450751,0.14771572,0.3507909,0.13924801,0.25183302,0.2999287,-39cy8XaNIU
0.15292904,0.4012262,0.061897203,0.09383845,0.41565722,0.061726328,0.22361161,0.07003136,KHOcTG2yCio
0.1836335,0.10505854,0.0701743,0.059142664,0.2330107,0.04268845,0.0779352,0.037417185,swt2LvvxE54
0.39445642,0.22497612,0.031355634,0.022798548,0.28503618,0.14418322,0.04260719,0.022631913,jnwqJaqVudw
0.3800278,0.47929612,0.38261414,0.5589659,0.56918544,0.54375964,0.391837,0.70199466,3KWkcB-6FM0
0.10059455,0.07905675,0.06373104,0.030232312,0.28762528,0.068918526,0.032253068,0.02188555,kbAGUfiZV2A
0.048815105,0.2546604,0.052586213,0.063939296,0.24458188,0.023117077,0.04844296,0.06978472,bwzbQPfqqY4
0.05209476,0.61859024,0.116304055,0.14053257,0.5351318,0.2022951,0.25396585,0.1354511,0Gj-bDlEJl8
0.4402534,0.27642846,0.020981641,0.033377334,0.23219371,0.073313765,0.03987573,0.0865305,jNvDkt9u3IA
0.49523276,0.24607347,0.032731317,0.024030836,0.2906831,0.092262976,0.027701192,0.016710967,yUbLw7HXQnQ
0.07941604,0.24385756,0.045082193,0.054405186,0.25326955,0.020824814,0.044035435,0.07125818,7435lrxNgNs
0.14163224,0.099004954,0.052977696,0.051696863,0.31442472,0.18253209,0.07367858,0.0698865,YETc8DbH6vg
0.12770262,0.34426793,0.09143424,0.09271954,0.27457163,0.15976663,0.15970802,0.07362153,sRxR8u4bSHE
0.26643506,0.071903095,0.043705497,0.029777393,0.2138291,0.14059398,0.054255113,0.030529404,8GKgoCoMKhE
0.1943044,0.3409381,0.03849751,0.04533515,0.30158246,0.22982138,0.1329192,0.04752535,_17IYAQzMJY
0.0138917435,0.28292432,0.04999128,0.03370357,0.37966704,0.16620636,0.10827371,0.04801767,V_9RuNWt_hw
0.5680319,0.24536839,0.15758435,0.24508476,0.30471775,0.37360558,0.18932736,0.3244117,bp_ryUx2_GY
0.3740046,0.30380714,0.1432294,0.1435266,0.43027914,0.22775516,0.15541254,0.1342466,AWZE-4EBxEQ
0.098612934,0.1283334,0.043807626,0.03333289,0.39924,0.05133759,0.091387935,0.044808827,CRYPWHNGSH4
0.30188912,0.4313425,0.042978868,0.054034173,0.40047055,0.09602194,0.1383415,0.07116067,oSwZ_BckDvc
0.14939508,0.082192466,0.05282778,0.033357278,0.37103897,0.028954152,0.0350533,0.032721035,73Vc0PD4yPg
0.037821278,0.28889707,0.07922795,0.081420325,0.39362246,0.23628397,0.18026944,0.094076745,9MTibohq_cY
0.157939,0.38197356,0.12189482,0.116010115,0.36199284,0.18746567,0.17801541,0.10096803,5G68RRogrEI
0.099614814,0.23603378,0.1703131,0.15719049,0.3873857,0.17518331,0.058720347,0.06302846,aJAijGQ5mWQ
0.2328359,0.4797861,0.15498048,0.16290171,0.38140562,0.34388447,0.42525044,0.46557197,hyaZtgW18I8
0.03420493,0.2027301,0.023631684,0.019361015,0.26922756,0.040971663,0.038521443,0.017075112,4T2ZALwNXOw
0.3734445,0.2806269,0.042927135,0.043223467,0.29600102,0.13924801,0.08202953,0.0572397,KbtSpB0quMw
0.037178535,0.12193166,0.052111384,0.043302175,0.29630506,0.045778666,0.09512951,0.06574625,Dy7fElXqRAk
0.31941634,0.24898566,0.1013885,0.051317222,0.33542952,0.16620636,0.071366034,0.07451686,s49P_Wv35BA
0.14937505,0.27779633,0.026911141,0.031652607,0.2987332,0.101391904,0.11177467,0.048420075,Qr02Z6I_a4Y
0.09733372,0.6869882,0.17429425,0.14123002,0.5459046,0.09494796,0.15996811,0.097886525,HGo9Yagch08
0.053269677,0.06151538,0.09139286,0.06067475,0.3082011,0.05133759,0.033374824,0.07060217,vHfz1Qn-50s
0.13218017,0.16380459,0.070166744,0.08625843,0.25299218,0.08420804,0.12216856,0.0550315,ihbZkGxjS6Q
0.10830834,0.3372752,0.06661383,0.07570688,0.33812216,0.04406188,0.062487204,0.072435126,FUFZ6DPG5LU
0.03102031,0.20535678,0.059498545,0.034894582,0.3741653,0.1008549,0.062073667,0.024889147,_izq564uD14
0.052784037,0.30573177,0.11129279,0.066457376,0.4973211,0.09333697,0.13868365,0.0748118,HN7VwKhA_x8
0.014131976,0.34527373,0.058927607,0.09924377,0.36213684,0.09978092,0.1709033,0.18720281,1aHOdjsC3jk
0.19533418,0.17856884,0.0548083,0.04919416,0.33372065,0.057331093,0.054562256,0.034304928,UDQTwLQmmus
0.1887417,0.13534784,0.025856096,0.019053107,0.22277239,0.03839648,0.037430655,0.023060618,6cnIwHI2H4c
0.08842448,0.03538066,0.02094266,0.021048157,0.15321673,0.038911518,0.056064002,0.023615377,wjH8fCKLnos
0.16435991,0.15638028,0.032587048,0.03419998,0.23650706,0.051737156,0.0656155,0.054108243,5nqIetZd4Mg
0.33269316,0.12691198,0.11077753,0.09730391,0.25224906,0.1250247,0.088690095,0.102924705,Nd36zD6uMsk
0.2712049,0.062673725,0.027378613,0.024899818,0.20202872,0.026035614,0.074068174,0.03714377,W_k21oxExKA
0.00986485,0.08102765,0.0852856,0.04374111,0.32498085,0.008711713,0.032659434,0.030530058,JHRIXCZrjbI
0.08600028,0.268447,0.094121315,0.086331055,0.35345873,0.18647896,0.2453037,0.07759359,c6MPh6wE3Ks
0.0011686482,0.59602225,0.05180079,0.105222434,0.3815994,0.16482529,0.14342365,0.117806606,QBsAHrCkPxU
0.11887456,0.013311206,0.025695145,0.010070333,0.19653638,0.06771983,0.044691067,0.029760653,1bIEtED9q9g
0.08918453,0.26370355,0.09370111,0.108808264,0.3134238,0.059328925,0.1530979,0.106447145,JTsxPhgGqbs
0.07406394,0.25449538,0.14992668,0.08001789,0.46598214,0.124380715,0.094892144,0.06355128,9GIIasejkN4
0.06477451,0.0982598,0.15879107,0.116729975,0.43996722,0.03994159,0.04294929,0.07120129,Zxj00OT-Jbs
0.23038375,0.06880089,0.04965873,0.04016517,0.26574746,0.092262976,0.05973949,0.043135643,Rq9eHx7QS-s
0.07498558,0.079537205,0.038541745,0.027300207,0.26570064,0.044405237,0.02669956,0.04582233,gReL5Ja3Ip4
0.10813081,0.12361797,0.07139085,0.052090462,0.27724454,0.1580154,0.047800757,0.035255596,lgBrsvCIU_c
0.21700037,0.05454009,0.04291577,0.026428975,0.1954682,0.11472086,0.036650058,0.018139558,zxspeyIMgpo
0.38827604,0.25354412,0.14214721,0.064305045,0.6236753,0.28874767,0.059063137,0.07389776,xmvdlfFP4VM
0.009389724,0.5557268,0.11838322,0.15046346,0.42814946,0.12244874,0.3294515,0.15749402,_mpXOor13Sw
0.0547487,0.2725083,0.08154397,0.06426276,0.28475142,0.048525527,0.07066509,0.047799062,wwRRGOMqdH4
0.07025399,0.10242274,0.06468391,0.06675616,0.21124947,0.040971663,0.07218898,0.06036232,yun1tYksmg4
0.21445145,0.3159672,0.07580896,0.07063368,0.28094086,0.08170467,0.11998652,0.084997,4Nf_izbrzpw
0.118846945,0.07080773,0.050738666,0.039574187,0.23280226,0.11665283,0.074897446,0.027531516,9R8KGwBTNYI
0.28882125,0.14813028,0.12427706,0.083991475,0.44669366,0.22157386,0.07547493,0.07030531,7iiFxOmsuz0
0.08408753,0.18627135,0.064187475,0.06054731,0.39507356,0.050242316,0.19511403,0.12852482,e1rmoufSbdI
0.15571228,0.2887307,0.054163065,0.083430454,0.2715913,0.103539884,0.1767309,0.12718453,jWkH6K4_xEg
0.06216597,0.051848777,0.034844052,0.017319774,0.27171284,0.07211506,0.012870678,0.012734707,RCNZNgH5yB0
0.2004205,0.07570791,0.06494591,0.046267394,0.21291104,0.027237365,0.03681913,0.032185998,pahGE3NDe5o
0.07025399,0.10242274,0.06468391,0.06675616,0.21124947,0.040971663,0.07218898,0.06036232,drjzchjW9n8
0.32552025,0.22631393,0.10269022,0.08910115,0.3843267,0.21539254,0.15352912,0.07190026,BFl1dBKCoAA
0.12789738,0.10419648,0.05051243,0.049043734,0.24226129,0.037023053,0.05791605,0.046540033,71P8OIc0e4w
0.2902004,0.42602903,0.13600132,0.10699209,0.42166072,0.0015097989,0.10969437,0.06911906,vbi_J4_n-rE
0.1318728,0.20608418,0.03927892,0.025123812,0.39484295,0.029640866,0.030413123,0.021750571,adN80bca8iQ
0.25435135,0.15653732,0.08916305,0.14314218,0.4356145,0.18253209,0.1655103,0.18739372,280LuPoAzek
0.20674242,0.08727928,0.06296325,0.0690607,0.24499534,0.050242316,0.069496095,0.053312786,BQphd_fnK1w
0.19877766,0.27221218,0.07059791,0.07120022,0.32533062,0.061726328,0.11642197,0.059929915,hRcwlmTY9cY
0.2677732,0.12159759,0.09584221,0.10035888,0.2365713,0.042001735,0.07515398,0.06603061,jTJ-yQkS_Cg
0.15144584,0.33944497,0.16345854,0.13033527,0.38957593,0.030670939,0.13095237,0.077176236,jW7j77D9ewk
0.062815756,0.23389186,0.031401426,0.026460493,0.26972488,0.052136723,0.07699463,0.02224877,wcxA369qJhc
0.13321434,0.09947753,0.04157616,0.020677676,0.3325493,0.019019997,0.023665182,0.034682773,IbHliAngX0w
0.43880698,0.17128941,0.15610209,0.13465227,0.43122128,0.3170379,0.08116824,0.11104122,5M8pdUsDD14
0.0777219,0.22823235,0.05002009,0.035064038,0.26884866,0.0471521,0.0815342,0.029763535,0kInguZ5OK0
0.07025399,0.10242274,0.06468391,0.06675616,0.21124947,0.040971663,0.07218898,0.06036232,TClHxKIpq1A
0.061268177,0.20941421,0.05280161,0.044990238,0.3117609,0.006282152,0.096394055,0.052821435,l7VYbR80DAE
0.10272836,0.30222318,0.038801517,0.037070442,0.337935,0.016729267,0.090713605,0.033412732,_gKnlnLF5RE
0.17282987,0.112776905,0.028710356,0.045936767,0.3622056,0.2712817,0.116116896,0.1261159,dM5QhqnLvu8
0.019208984,0.27537006,0.16431603,0.30755457,0.37265506,0.09118898,0.04386629,0.11986797,TyadOYENM64
0.18467933,0.26803884,0.05249261,0.08159189,0.28118354,0.08447654,0.18068011,0.13818766,A1JxYY6NklY
0.049090248,0.15910694,0.02406945,0.021847961,0.24873352,0.020130653,0.04535722,0.019723145,Q3hwqeY3n0Q
0.1026216,0.33517823,0.07052803,0.061351452,0.43767512,0.029125832,0.1284054,0.04659814,2d13z-gbnMM
0.080834255,0.07960187,0.05281739,0.03914635,0.17698945,0.10461388,0.0426505,0.032732844,TFA7olTnqas
0.008405344,0.1504601,0.026426272,0.0227493,0.2887612,0.009926494,0.037736323,0.012521337,ONphgh87mlI
0.11058607,0.18836199,0.0898097,0.11924743,0.65028334,0.09602194,0.090091065,0.16055827,zMeSoLaU71E
0.03412018,0.26251748,0.0746263,0.0538275,0.3733413,0.03204437,0.09320502,0.0387562,OzZ1gU7hUNo
0.14580214,0.2619353,0.057049133,0.055185888,0.45030853,0.21627559,0.08780592,0.06089182,_p7WrHAz-8Q
0.19128479,0.33048883,0.11525706,0.09441526,0.5513418,0.16151784,0.107507214,0.104026265,H8-DPzKaTPM
0.13912724,0.37430462,0.13966338,0.15871537,0.4708816,0.085282035,0.26698792,0.1954275,QDxs7l6xE-Y
0.13864876,0.28958994,0.04748843,0.04548902,0.32220152,0.050585672,0.11043309,0.041359235,pt3cPQ_wn5A
0.10927407,0.06629142,0.08391838,0.041056328,0.31479093,0.03427619,0.034547947,0.03467944,J8v69Vs0RTU
0.03593141,0.23408799,0.16133332,0.15264641,0.39472538,0.1580154,0.11841042,0.12485564,utxt__SPWXo
0.07790538,0.0647238,0.07259499,0.05546323,0.29486674,0.074912034,0.04664291,0.04252663,q2VEqvfz1y8
0.061362207,0.17756218,0.041905038,0.038337953,0.32360592,0.17034957,0.12191516,0.063238,lErPk6nbNeM
0.13312712,0.37320346,0.15244035,0.22905248,0.34602758,0.37360558,0.530453,0.56706554,r2Beybui0V4
0.630088,0.1379006,0.11500774,0.08472461,0.2724902,0.2965773,0.058115613,0.059316177,IKHypLLL79c
0.11493078,0.061808098,0.03903872,0.05403049,0.29677668,0.022074303,0.04759046,0.037039865,7c6jmjkI6_U
0.13028254,0.10265392,0.097593956,0.062537216,0.27189252,0.101391904,0.041827895,0.04012187,RgnHcx6VvPM
0.11477609,0.18648583,0.05208057,0.048098523,0.3729948,0.015757442,0.06618465,0.07542452,SdG_aDMxO2g
0.25571188,0.24839349,0.03863553,0.042463325,0.35163763,0.089041,0.19336244,0.21052898,Cpw7iAoGBzI
0.3347528,0.4647395,0.21910249,0.2561163,0.4577048,0.40636617,0.4363659,0.5142508,EMYu0qsBGAE
0.12446343,0.6226264,0.13657689,0.21772744,0.48550949,0.1943727,0.63100976,0.52068913,DjpoHhf_AQw
0.06908626,0.18895343,0.13290145,0.08043289,0.34205773,0.036336336,0.057747636,0.02580414,lJqKoQnTp2M
0.073227465,0.2644118,0.0369213,0.032522235,0.30653134,0.035306264,0.08059331,0.026669236,yU-JwmBYZes
0.15096782,0.0682935,0.040669266,0.03051221,0.19229268,0.032902762,0.0296393,0.022510858,627wBREa76A
0.11303088,0.23629726,0.079525165,0.10922639,0.47577175,0.355017,0.21623458,0.3612732,IZ1Lkt_j60g
0.07819551,0.29416326,0.14373624,0.09362043,0.4089987,0.023460433,0.13680568,0.07728314,ErkzKi9diPE
0.046207238,0.24864794,0.047996417,0.035549816,0.28533038,0.019852988,0.07877022,0.030364813,L1iukWJyCM0
0.017718635,0.03612916,0.03606017,0.016144756,0.24094892,0.0334178,0.008286811,0.009351611,rOSagKik7ik
0.033343054,0.37628204,0.3237733,0.5374676,0.4111331,0.54959583,0.2548148,0.4356593,vyPDbzgGAYw
0.138061,0.5341035,0.16581401,0.15693663,0.502397,0.24418297,0.14224426,0.20530774,Ok4CJjiHU80
0.0049106125,0.051000986,0.16378395,0.106887236,0.27024093,0.12888865,0.06256145,0.09516843,cvLOki8JvU4
0.07572399,0.07084828,0.04893191,0.02557381,0.28840852,0.052935857,0.017616387,0.01864095,zLaQXGGYAIg
0.11210127,0.032033555,0.027463127,0.014574461,0.17446342,0.03187269,0.014821363,0.009001214,DKt7iYS2Sgw
0.3007029,0.4119394,0.14363465,0.46448883,0.41642568,0.2299237,0.26270688,0.2953905,nfUEnPIEJPk
0.19248243,0.27616864,0.06734819,0.057895873,0.28580943,0.037194733,0.095794074,0.03601828,NErQbGcd6fo
0.20322548,0.01814912,0.018194452,0.0037017413,0.24679251,0.0090240855,0.0016143748,0.0052820323,xmeWKoPDstQ
0.07258238,0.07067648,0.07263276,0.051299307,0.24499454,0.035306264,0.04094798,0.03986837,zEqMZs6p6EI
0.1737402,0.07154624,0.038865402,0.02560339,0.38089693,0.1539292,0.037137035,0.035630472,f5g8jUFz-YM
0.08041268,0.17679532,0.07014954,0.056938626,0.41361198,0.0009154241,0.05177551,0.051546548,1OwAN_38K3g
0.12991858,0.20575958,0.09680391,0.08539136,0.4223998,0.033246122,0.116620965,0.10987179,6K035a49aJk
0.19821659,0.5259548,0.094271526,0.25906262,0.39863104,0.2590451,0.33337727,0.46761796,tY_8ONojntM
0.3321598,0.29468998,0.15695983,0.38448197,0.40160754,0.4945446,0.5553276,0.734651,cQ_rInNP00M
0.12145567,0.080190316,0.045399863,0.030994536,0.26667124,0.0729142,0.0338667,0.03536079,iYYYe42BGBg
0.04140814,0.16260916,0.15500072,0.09500139,0.44749615,0.11794081,0.085929096,0.08760771,ASgpDXR1nZs
0.21523541,0.33597967,0.07213989,0.064274415,0.423142,0.08796701,0.06916189,0.045585237,8vi53uDoV9o
0.096023776,0.10694921,0.084586464,0.07871342,0.46582937,0.09655894,0.0867316,0.08092908,DW3oMJDs0Wc
0.092066236,0.36760628,0.123083524,0.17047727,0.29013884,0.15743166,0.30034426,0.19326863,l3b-1x9xvMg
0.09018362,0.12875775,0.067270145,0.05202353,0.4038813,0.010273575,0.05817686,0.083724976,I0qgYPEfQxg
0.32341036,0.3093389,0.12349009,0.0656172,0.39392933,0.15976663,0.034260172,0.04026585,U88uOLBwjHc
0.124567084,0.25462615,0.3202019,0.35757172,0.3160712,0.065721996,0.24856344,0.2982779,1ZZ5DgbwA7Y
0.045539245,0.23919052,0.13364619,0.15655307,0.4318424,0.29070088,0.15996368,0.2243126,ZLpxFbir31U
0.44002694,0.5542916,0.15613456,0.16755123,0.3620012,0.31540272,0.1289971,0.2996213,gdZORGKRqdo
0.09810701,0.057831064,0.046625543,0.030154074,0.23378308,0.09709594,0.051291607,0.017289191,lSp132r1who
0.24384116,0.25929233,0.1089834,0.08882201,0.35902637,0.039598234,0.13596529,0.049273517,GK11cgg8m8Y
0.26922768,0.76240164,0.09744103,0.22798786,0.54785323,0.24991328,0.58523935,0.45193508,FMYtDBn0zvw
0.43784922,0.11521802,0.040622413,0.027848076,0.38749793,0.23803931,0.06964102,0.038557418,yF9C6CSf-e8
0.14852534,0.069146715,0.06133691,0.03876877,0.31476533,0.059728492,0.035276424,0.042051062,N4T9bkIRqac
0.013794202,0.06776967,0.076597646,0.048466966,0.23484525,0.061726328,0.033871625,0.02967363,DYEvLi0L-Tw
0.074063934,0.25449526,0.14992665,0.08001789,0.46598214,0.124380715,0.09489211,0.06355128,0AC3diB49hE
0.0020932294,0.14381064,0.04999579,0.055993218,0.36127886,0.119228795,0.07955966,0.050474994,ckVZRpDInlE
0.064837866,0.2306916,0.3006782,0.4168609,0.3939901,0.048525527,0.18943995,0.26540482,zDKu01g4Q3s
0.19872195,0.17749034,0.16438869,0.15214854,0.45464313,0.28825936,0.1312842,0.156541,gnvvUAaRYlg
0.33679995,0.07339383,0.04798627,0.044114392,0.50003624,0.10892494,0.028408436,0.057422474,x5GTRNZHhIE
0.2049485,0.2592098,0.47524586,0.25834292,0.6706897,0.19862764,0.2000685,0.29673502,nA8oIcZwcTA
0.48288235,0.17602777,0.048686076,0.07651763,0.3278902,0.15743166,0.11469877,0.09151682,WXxJHpS0BOc
0.44550914,0.24130982,0.102982596,0.14752488,0.2995997,0.15334547,0.16362979,0.13328709,8dQjkaR7ixo
0.09770185,0.22057053,0.12090703,0.09533998,0.29555622,0.046465382,0.062486872,0.035134006,uXjxY1VyDVA
0.4864294,0.39467764,0.19112428,0.30711418,0.46161973,0.28825936,0.20264472,0.29300472,vjkFu-GONnY
0.2212366,0.11810294,0.09299973,0.14054659,0.4954281,0.17587385,0.11927933,0.4487205,zSiKZNyqCWw
0.07025399,0.10242274,0.06468391,0.06675616,0.21124947,0.040971663,0.07218898,0.06036232,dhY5XEOw8xI
0.17713884,0.11222403,0.11633434,0.06674839,0.2934004,0.0765103,0.068333425,0.040985983,yj7vPG6NijI
0.04654069,0.09901548,0.04413028,0.04479417,0.23219718,0.051737156,0.073413156,0.044598997,M45tcLwGqaQ
0.039620973,0.1732676,0.039761532,0.021256473,0.3755103,0.0017787862,0.017912382,0.015669063,gsr4uFRYrXw
0.17334007,0.07444313,0.025465518,0.016630791,0.21403891,0.06332459,0.019473672,0.013056898,OyWUVl1RUTI
0.11395241,0.57251436,0.14442761,0.1648712,0.52961475,0.17518331,0.19758858,0.18834117,7bxq8SPP6uA
0.3168704,0.49543434,0.08400838,0.28763396,0.48565534,0.39230084,0.41658184,0.6306248,x0QxIpzEQ7Q
0.046564512,0.13217692,0.23283559,0.123278394,0.34318376,0.08330294,0.12431111,0.08366095,CbGXbeDgOqU
0.051939305,0.082336076,0.17421581,0.08609924,0.48875108,0.0669207,0.060110845,0.059151668,Afc9offPVoY
0.08836203,0.268755,0.09918239,0.09815022,0.48393708,0.355017,0.21220437,0.28371078,hxhpM5Y5hL4
0.10849487,0.09804993,0.081518814,0.15628043,0.24047944,0.24991328,0.14719507,0.29525074,AF-_vSXJhkE
0.2614137,0.05838536,0.035753608,0.024844922,0.35942608,0.09494796,0.0374707,0.06065223,vL28XnJPHNg
0.16271153,0.11706033,0.06957293,0.04725441,0.4846621,0.09333697,0.06559417,0.120177165,eA-2An__JaA
0.18843378,0.13174583,0.036565036,0.031741884,0.28433755,0.09602194,0.071417905,0.028788695,ceDO2gbsKwE
0.047027405,0.10000675,0.036222205,0.034728516,0.61343807,0.3897107,0.13869528,0.09418613,Otjyrh4E8Ow
0.1004519,0.22871555,0.08232155,0.06593744,0.49664617,0.19239926,0.12212135,0.105807066,0_0RFzWbbpY
0.014428973,0.12741761,0.118071936,0.10163557,0.3053191,0.089577995,0.07664258,0.07335816,e-bk_omBY7o
0.1230225,0.24308994,0.049836617,0.09764262,0.3862517,0.09333697,0.17809053,0.121317275,JY-gPujlC3M
0.10977041,0.24608639,0.13046013,0.08690174,0.3588731,0.22977416,0.0943916,0.058442015,9HUGmnrZJ4o
0.025111323,0.52942413,0.051836036,0.055537187,0.39298075,0.06132676,0.1499459,0.07716327,w3ZsS6u6aTQ
0.30860445,0.4127018,0.18978481,0.1308689,0.42349976,0.29855597,0.14402413,0.08556621,EQy8aN3ZpzI
0.47997755,0.2603353,0.10488321,0.1563375,0.3186175,0.20522906,0.14359644,0.2112176,_9oNxsyEz3c
0.49935338,0.51364833,0.15642923,0.2001297,0.33311415,0.14328592,0.21109174,0.19689833,F5CV_rLwv8Y
0.016207917,0.25162697,0.09274309,0.056832314,0.3895954,0.14687516,0.13680336,0.06904038,c9Ej4QSvOag
0.074299626,0.07927872,0.09750816,0.02630394,0.49473512,0.03616466,0.03718613,0.02708867,lNoOLuatUMo
0.12829381,0.057052664,0.036997613,0.044454925,0.18096761,0.09065199,0.122948445,0.054595392,XK9JNMurdMY
0.1656386,0.16801514,0.17840621,0.6193203,0.37280825,0.263611,0.1134113,0.2685594,cmig-mtVM-g
0.04039465,0.16362877,0.14436969,0.043223206,0.58805865,0.10956893,0.087593295,0.039943866,Nbbei9vedq4
0.09514105,0.25678405,0.2600922,0.14951015,0.41487262,0.012078391,0.09527098,0.08439566,zjfTSH1KNxY
0.08846158,0.070361786,0.047647852,0.032836027,0.20779368,0.076110736,0.026945546,0.02302148,JG36XwEc2s4
0.09458397,0.4459143,0.06638024,0.07936465,0.2612455,0.023803791,0.060148,0.042670738,PSIUVvuxlOQ
0.034025628,0.0573991,0.053687364,0.033240058,0.23140348,0.015896274,0.034934815,0.01809695,VIItMPqsZqc
0.047735434,0.052258004,0.038515367,0.023371385,0.25238013,0.023632111,0.027061272,0.01436096,_YltC_g_0B0
0.21944825,0.10348838,0.063568,0.04637111,0.25377032,0.0741129,0.037784856,0.040322658,kRCq5oF3res
0.041594323,0.20933318,0.070448935,0.084337085,0.39747554,0.13879937,0.14292434,0.12486505,0OiewLztl28
0.060394406,0.1406059,0.047404233,0.023179077,0.330942,0.03187269,0.026796546,0.023744613,6m--GkJ0ozI
0.12343954,0.15789372,0.11411971,0.09387718,0.40738073,0.10956893,0.03905539,0.06355286,J7cRRR3ny-s
0.07875588,0.029394286,0.017756665,0.037584595,0.18423605,0.0717155,0.033713613,0.042267974,0ypSwAtzLeI
0.43854266,0.34579888,0.14274468,0.13217385,0.34621698,0.2145095,0.12657434,0.11529006,p_wGg4CzCJk
0.22506775,0.16957512,0.07909459,0.18992327,0.44286025,0.5124461,0.117317356,0.7909149,kULUNFLMha8
0.114542186,0.032662496,0.027775995,0.04102649,0.16903666,0.06252546,0.028713737,0.037356958,RgIJxq--MS4
0.04453617,0.097927,0.075626925,0.090149105,0.21609318,0.037881445,0.08985549,0.07648083,x0FNBuSBXMc
0.06274715,0.12025454,0.2580257,0.1141511,0.66017324,0.09494796,0.09052653,0.07939003,polnQsdHcA4
0.1475172,0.0712766,0.05770854,0.041367784,0.19922249,0.04268845,0.028682824,0.024377592,F11BFfvxX8Y
0.27987474,0.1645503,0.058589704,0.06873619,0.2648896,0.03444787,0.12583004,0.049879298,wKH2z3sUBQs
0.094330005,0.07609963,0.057776466,0.026445862,0.37276548,0.04165838,0.01570941,0.016847016,rTgkDOcP4pY
0.34735903,0.25150985,0.12712592,0.17830607,0.42218852,0.22983712,0.40724123,0.48778152,KEnYEPf5S7w
0.0556878,0.07865918,0.21273835,0.07364552,0.6684355,0.16413476,0.05055467,0.043655258,krIQoud-Xcc
0.088974215,0.26112968,0.058256906,0.07888412,0.3526073,0.36667302,0.07055475,0.06732392,6DFIyoP-QhA
0.45500576,0.2231079,0.1673599,0.22664416,0.43397444,0.35010305,0.1369705,0.7036902,D0VAYdks1bw
0.057563994,0.14846125,0.113547735,0.08733932,0.44211712,0.0741129,0.06067581,0.0331305,0QRECOoU3tw
0.13750054,0.15263364,0.13778259,0.100538775,0.3508274,0.00153583,0.055193637,0.061343923,zR5scXB8-KA
0.097729124,0.21453963,0.066715285,0.048962664,0.24316022,0.11021292,0.04928936,0.043379817,z9QqhtwsOTM
0.061276637,0.0515676,0.15298055,0.07219449,0.4964023,0.0741129,0.051484194,0.04906995,n1tZFAaD7B4
0.07737244,0.31684807,0.10283882,0.12721668,0.2763367,0.07730943,0.26640278,0.119593434,OkpOCgsdRSY
0.09489578,0.064132184,0.052940145,0.032436065,0.17732356,0.025692256,0.038174056,0.022268264,DEhBX0gjdYg
0.10930817,0.068717495,0.047507774,0.031670954,0.22643408,0.13206954,0.05362739,0.0718822,AnO2W0JNdDU
