PERSPECTIVE_SEXUALLY_EXPLICIT,PERSPECTIVE_FLIRTATION,PERSPECTIVE_INSULT,PERSPECTIVE_TOXICITY,PERSPECTIVE_IDENTITY_ATTACK,PERSPECTIVE_INFLAMMATORY,PERSPECTIVE_THREAT,PERSPECTIVE_PROFANITY,video_id
0.04390275,0.314971,0.021924432,0.019714156,0.027680725,0.13105801,0.1534366,0.027657285,2-lpCwVWYh0
0.08087228,0.34603676,0.039968133,0.04543531,0.050553706,0.13094513,0.1996311,0.046297718,gwtIWzlC9S8
0.059239376,0.27742484,0.06900303,0.11794081,0.045159575,0.16238678,0.10425604,0.058915205,yaR-hnlnkzs
0.14692591,0.40811184,0.38710105,0.11407687,0.14623332,0.33758545,0.25054225,0.1688513,8xLV733MjPo
0.21700981,0.4263262,0.13325441,0.074912034,0.13362014,0.04790928,0.2611581,0.17689745,8vgIHzGQfUQ
0.17441274,0.25580353,0.07505626,0.18055865,0.044027288,0.07293064,0.10310385,0.12845065,dtC7v9FJHp8
0.15965486,0.4603082,0.2465898,0.094410956,0.31984943,0.019430438,0.50480753,0.20376673,l712xEcltXA
0.11304331,0.283274,0.086620234,0.079307266,0.16136703,0.053343695,0.16575308,0.115900345,ezzOH_tljEA
0.08482996,0.23394746,0.21265605,0.0765103,0.17543302,0.11768299,0.25046962,0.15480341,nmbwQqH6JnI
0.055515233,0.19051483,0.0735647,0.1256687,0.12735462,0.3664751,0.08161838,0.074105635,dUdp_MSKMwA
0.059521228,0.20967914,0.08637988,0.050242316,0.08719636,0.1083879,0.114244916,0.061736815,XmnMLB7RxcQ
0.030121323,0.24368683,0.02409943,0.064523295,0.03537167,0.27775338,0.20360182,0.024402456,kR8p5YuiCps
0.4981624,0.613603,0.2299431,0.031701013,0.35602304,0.2937101,0.49534506,0.2739861,wsyr0SwLexI
0.19168618,0.507364,0.116261974,0.06532243,0.101352364,0.1146661,0.18611431,0.12196369,zDv2B606lvg
0.13065405,0.5411346,0.10772143,0.13431281,0.15343182,0.17769982,0.2710087,0.09076899,kXUnt4onpXc
0.057596754,0.32668135,0.13354921,0.15684792,0.10732182,0.53216046,0.34843966,0.07309053,o55vrpTwXB8
0.079205416,0.23031282,0.020299373,0.11021292,0.036134608,0.15735182,0.116534,0.04266758,4dESmtswQ58
0.09652,0.36796817,0.04854663,0.1250247,0.06070314,0.017219193,0.15072593,0.08690487,aIp1i3TdbzU
0.107252665,0.23266627,0.08122597,0.19634613,0.09431203,0.30185717,0.13323541,0.09859538,sNRcVXkZjWM
0.063384034,0.19455716,0.049679756,0.118584804,0.11858177,0.14676777,0.5976723,0.08694275,6Yn4SX3H6hU
0.13974904,0.44966266,0.038367774,0.14911842,0.057780374,0.07567887,0.21599938,0.08480632,UfXRrCQbgKE
0.25287697,0.4419249,0.13179342,0.021657806,0.11615256,0.004804418,0.13309303,0.21496955,1PyZXJukPsg
0.18012021,0.5634393,0.2659092,0.37083253,0.26966012,0.009556955,0.43768957,0.17410713,JbeFiCMlsiM
0.1579103,0.39417705,0.13582698,0.12180476,0.123358175,0.1993926,0.32089078,0.152936,_l-urjDAXgU
0.21084242,0.45311,0.26242825,0.11021292,0.16822025,0.11230055,0.24844275,0.1789007,BrtnK7vXUuY
0.14418805,0.56361866,0.2914678,0.15568043,0.11356231,0.038047753,0.4899269,0.17186597,Omj10ulxn28
0.07783611,0.25114822,0.09333899,0.05613239,0.11099623,0.09074408,0.15129979,0.07954876,Mn3ogxx0rVg
0.07422812,0.22748938,0.40333828,0.31725118,0.26487204,0.43696004,0.15179308,0.25090593,mwsPXlNtlRc
0.057979085,0.50100833,0.06773642,0.16275369,0.03042637,0.13811286,0.13503967,0.03317717,aGXCHTq4jig
0.08894347,0.22553678,0.068560414,0.07451247,0.09720811,0.29351696,0.14995697,0.074568145,QpWd7J9oT40
0.12012498,0.35115975,0.30819017,0.16620636,0.17314783,0.594645,0.28810033,0.14529435,dKx85DsVxWI
0.13270663,0.32785553,0.09079952,0.21804169,0.11722078,0.29216415,0.21776038,0.109679736,Q6EgH8VZFt0
0.10457644,0.36696756,0.09755276,0.015688026,0.09758572,0.005837154,0.17808565,0.103007406,C1YxrkEwcn0
0.21662122,0.4659075,0.41078547,0.15684792,0.68741447,0.29089612,0.7476746,0.3742771,4FWTDWFnDhc
0.13332,0.5125463,0.06407398,0.16827796,0.10081916,0.30249408,0.25884727,0.07852644,-pwcrfB0ALM
0.09747788,0.2346289,0.077760585,0.0014143519,0.083686024,0.035497785,0.12357419,0.10387061,QaKXa-8usbM
0.14031538,0.31360602,0.660731,0.28683078,0.40547505,0.13433298,0.48245588,0.33818364,YLQGucRN89Y
0.18993528,0.36542928,0.13862506,0.03839648,0.12736972,0.07154495,0.36162,0.1966726,3M1HCcjsQhQ
0.06513793,0.193785,0.026840195,0.019575324,0.035317913,0.17506436,0.10134007,0.048198137,YV-576jC1BU
0.037947513,0.3830007,0.13252977,0.21539254,0.043117005,0.12447052,0.08106243,0.031050086,dBBNp2kk6V4
0.22466905,0.3351678,0.13928261,0.04131502,0.11916276,0.17105114,0.19291185,0.1773723,FsuvimkuckQ
0.0319259,0.15496372,0.038839236,0.02397547,0.08922322,0.12855442,0.07352938,0.04726131,usJSDPZL5ho
0.049547296,0.24136266,0.11138814,0.07970683,0.110867724,0.4894734,0.25994384,0.060362227,SOfXjK7NgII
0.15764873,0.49891585,0.29978022,0.26817688,0.30344898,0.18676987,0.6058115,0.2383023,dSf-tM_HtPI
0.08875636,0.3220116,0.04118563,0.052935857,0.05699799,0.12987968,0.15549693,0.067249745,MR9q4IQhyyE
0.14062381,0.3674001,0.09700109,0.05653196,0.13283214,0.17879972,0.16982013,0.103816316,OXhcfUptAtw
0.10037765,0.39192814,0.0626703,0.083939545,0.084080234,0.061742835,0.13762549,0.07215424,-XsOZFecEH4
0.1216824,0.42062786,0.105836146,0.079307266,0.090935454,0.09608082,0.2710634,0.1095394,GJO7WZSBgGs
0.22863989,0.50780284,0.29997477,0.048868883,0.58715826,0.023158807,0.8251437,0.33622003,nNIU1jFD6M4
0.08715567,0.19683154,0.0349391,0.3905958,0.061750844,0.112954,0.14626798,0.06550561,wnRGuyDcNyc
0.100884706,0.3451271,0.033215597,0.036679696,0.028010802,0.075303495,0.08598367,0.05119456,PudNeMfDrHQ
0.14363728,0.46608594,0.15889698,0.034791227,0.20387055,0.04880348,0.30740637,0.13333027,ym_JxcFMIlE
0.17224978,0.5554442,0.3270732,0.44805592,0.3743166,0.108296566,0.28576735,0.16857636,dZ_QAWmoeGw
0.12112643,0.26120847,0.4484215,0.35227737,0.31351718,0.17024943,0.21779013,0.30991885,eqZ_E9nKdoM
0.10488524,0.29723784,0.26382372,0.40946755,0.13545212,0.29718363,0.77983224,0.22531883,Fij6CTrMAFc
0.073873594,0.24793848,0.025168063,0.07730943,0.031002216,0.18073031,0.06798337,0.036717672,PuM2mVuztFY
0.13385826,0.292827,0.06384546,0.0085381735,0.1079014,0.13345279,0.22183977,0.085551314,MSmI7JaGX0E
0.10993801,0.37310323,0.056590844,0.079307266,0.09298287,0.20209223,0.19350336,0.056158934,86DqjR5iP5k
0.13069879,0.36754984,0.055931427,0.0025336856,0.0680809,0.011502895,0.2833424,0.09207693,vRDMZ_xw7e0
0.077039756,0.4055983,0.06081011,0.020130653,0.048027325,0.0817973,0.0920765,0.053914867,pC-fqGOSSUQ
0.08996611,0.3455921,0.08703202,0.24769363,0.09951163,0.15543465,0.13182192,0.085950494,QB9cMklPgnM
0.06402249,0.2576476,0.032534793,0.004754999,0.024876475,0.14233524,0.085638,0.03936215,cIY95KCnnNk
0.2839984,0.48298883,0.33501676,0.09387396,0.29035866,0.12024445,0.51908094,0.31141067,Phc7yOd1SsM
0.07373333,0.34057975,0.06964146,0.12888865,0.08433637,0.27911884,0.1649362,0.07617108,lHop2uWMaQ4
0.08450451,0.39248335,0.044115838,0.03221605,0.086353764,0.29486057,0.3205014,0.066447824,-HTYHimC3BQ
0.037249558,0.18306156,0.05516073,0.09065199,0.044906307,0.1847457,0.07191854,0.047849648,2u7hOy3JLVE
0.13404784,0.47510436,0.16274293,0.07571117,0.20414391,0.2427158,0.35661465,0.13672659,7JoCgGJGJ7Q
0.05754023,0.3141354,0.045408987,0.014993866,0.033752993,0.19827986,0.074020535,0.04105276,YPckkXgc7oc
0.23669171,0.91981745,0.04523053,0.04234509,0.0820024,0.036365885,0.15052427,0.09427496,NjjlGmDI0xM
0.21052548,0.3836969,0.21159661,0.18055865,0.39875406,0.55346936,0.6286663,0.1580309,zfMJ3jX52o8
0.08672024,0.25137195,0.031462785,0.0471521,0.02710052,0.1866996,0.09888867,0.059184752,VY-Ewukt8tU
0.2558106,0.40139768,0.09717302,0.17759849,0.12405085,0.089931965,0.2907428,0.1715387,CvPnthTC1WQ
0.064278714,0.2192688,0.26135305,0.27690583,0.17104094,0.15941443,0.10667914,0.14751372,uMMJbbjR4b8
0.12588632,0.25696164,0.20753872,0.355017,0.3115745,0.52992636,0.9099926,0.28132883,-GKZis4ihzo
0.05135058,0.35420015,0.046572328,0.03221605,0.049761306,0.10607351,0.073309936,0.036689572,5TlneyfVz-M
0.073369734,0.29739827,0.03346118,0.067320265,0.100902386,0.3209604,0.1482507,0.059613183,Wq44Oe7T30E
0.047860272,0.18735637,0.15723485,0.4151741,0.10807859,0.18015218,0.1427195,0.1314575,LKCXvocFzcQ
0.18807748,0.3407136,0.11835943,0.089577995,0.23394607,0.34347123,0.6922138,0.1468261,dNTUVVXUlSY
0.07225414,0.20815179,0.0808136,0.084745035,0.08931749,0.16485494,0.2101491,0.09838808,POQfESbt5U8
0.073146224,0.40767863,0.35080823,0.38959074,0.1405379,0.1945793,0.17385438,0.11457209,ncbo-9h1xLQ
0.11562367,0.2860662,0.044090524,0.23365098,0.053636115,0.24931054,0.16639525,0.07575441,oSiIHal1WY0
0.048319068,0.4516038,0.03664225,0.09548495,0.028507954,0.108341865,0.058635022,0.027207395,F9SV-BHXq6o
0.052496947,0.2442987,0.0774521,0.18154536,0.10963005,0.2640097,0.18096554,0.05665103,1ccHS6Ws-Xk
0.13741216,0.25667593,0.056553565,0.119872786,0.08836246,0.20408906,0.14611101,0.09689003,0Bt-JZSVWmk
0.08468748,0.621869,0.11776444,0.012564304,0.1541501,0.039450638,0.22012915,0.07252564,b3d8wgZ9C-Q
0.083561175,0.3534708,0.046310205,0.09494796,0.04520377,0.10229044,0.13348112,0.060433883,2gitsm-xnVw
0.07369299,0.3170084,0.11044312,0.1609341,0.073469535,0.45070875,0.13256033,0.069574855,69rAYdEJbsg
0.20876633,0.36634162,0.27892828,0.08290337,0.26210803,0.029778784,0.615402,0.2900514,GDauqjE95hM
0.102863684,0.31813645,0.087084405,0.034962907,0.08937677,0.3849252,0.18116352,0.08276039,Dp4BrNvfdHU
0.07976438,0.2208011,0.0491409,0.023117077,0.03134952,0.3874999,0.08708272,0.0710082,1JSjZqV-YK8
0.13774239,0.32891893,0.1752536,0.019019997,0.16208231,0.04202336,0.4581179,0.18760839,jzZrvX1xnh8
0.06946477,0.33613145,0.24241239,0.12953265,0.14059699,0.0044919234,0.4239214,0.21342447,TDA3lOXr4uY
0.053143285,0.59636354,0.033840034,0.1731117,0.021708794,0.1147049,0.104369186,0.022501444,ptdGvoY0syI
0.16639058,0.43956798,0.10837354,0.31389946,0.10941897,0.17682168,0.42589748,0.114480995,x7h_gT6d9Sg
0.17155743,0.55994743,0.16853845,0.059728492,0.22031474,0.043290816,0.41344178,0.14734618,jKb8UZDycAI
0.031377,0.2729728,0.035070017,0.07251463,0.04897862,0.381124,0.08102219,0.021476258,g28JsG2SrZc
0.14491248,0.2803239,0.5670594,0.035306264,0.27389225,0.27325147,0.22532639,0.34046835,jZW9Y5-MIAY
0.085314296,0.3832869,0.061514225,0.09816993,0.06547537,0.057263523,0.092665985,0.06274826,5H8d0Iayix8
0.2846228,0.46118733,0.088488154,0.052935857,0.12124027,0.1387559,0.24298611,0.14009732,qzIkmPx9NTs
0.11925841,0.39629394,0.4397046,0.34388447,0.29627502,0.36442286,0.27544096,0.30133277,dThA6_CFRq4
0.11589606,0.3815182,0.095110185,0.28825936,0.09492596,0.252927,0.23855583,0.09781913,qP9tvl0-lzM
0.06092531,0.23711683,0.6888193,0.15159425,0.18702695,0.18015686,0.1533056,0.2691776,Q3K3Prr9hdM
0.055493224,0.31784737,0.031472303,0.14956708,0.043809608,0.19475245,0.085674964,0.036314268,FYQkPHLum34
0.041103736,0.26621404,0.031577606,0.04818217,0.040200256,0.09052079,0.096640706,0.037048344,zk0Qbmk5C5M
0.09989057,0.36912718,0.056825824,0.43100753,0.057799537,0.44623557,0.16772205,0.06360634,Nvrt2KlVv9Y
0.0759981,0.22786753,0.41429567,0.30053464,0.26501343,0.46784478,0.15764019,0.2583209,tbDTotvxpL4
0.4347453,0.61451125,0.6488997,0.12953265,0.28829286,0.439239,0.46072996,0.40406367,mHnNsGJdh7Q
0.08463492,0.21952893,0.030062243,0.08447654,0.05297737,0.1070452,0.13796574,0.058623116,LIaGA-77Cl0
0.09599172,0.23034112,0.042721305,0.055732824,0.048131034,0.06422552,0.1295021,0.07038753,peinGXjSO4I
0.05048964,0.3416112,0.030649431,0.062125895,0.029576829,0.079790406,0.083283104,0.031586435,he4YGWH3E10
0.061478656,0.21019885,0.036158618,0.090114996,0.03527572,0.12447542,0.06343741,0.05424071,bgUh1yTUeZw
0.4096076,0.5851425,0.09917037,0.16551583,0.094835155,0.16180567,0.2512941,0.16721046,kQCXo6rGI8o
0.020607334,0.13596635,0.03538877,0.0765103,0.025711007,0.31853837,0.0356354,0.026820784,uAekYuDHkms
0.04860964,0.3874159,0.0337256,0.1024659,0.025849624,0.12687926,0.067451805,0.025964322,bPEH4y1xC5A
0.043461055,0.29595223,0.028152797,0.2965773,0.030443521,0.18936223,0.099418744,0.031531908,hxPmISV7ACQ
0.06686349,0.4178454,0.07499992,0.12760067,0.035885412,0.09221314,0.095210776,0.045213845,xA-kc8rf2gE
0.044061463,0.20376779,0.028483115,0.10300289,0.02040822,0.1988664,0.043103386,0.033586644,HYhAOK_PJ0s
0.18499857,0.5561052,0.10533599,0.036851373,0.101355195,0.1623624,0.29354614,0.14068319,9Mg_wW8LE5Q
0.051946968,0.18625532,0.24186574,0.2712817,0.25844204,0.21174748,0.11073386,0.17283551,wODRsuNvpys
0.07855646,0.46364325,0.05947651,0.012494888,0.09582268,0.003885761,0.17380075,0.06861713,lgw3lsOYVxA
0.2450226,0.49973205,0.30451724,0.22422299,0.33449504,0.022575378,0.55571663,0.31226122,XzomlQPin5Y
0.05717935,0.35884127,0.061732233,0.0045120427,0.060470823,0.14897572,0.15024392,0.05779359,jP1wquJfYlc
0.09368575,0.3587533,0.08035232,0.119872786,0.060355358,0.08436593,0.12200166,0.0703549,jrJ3pff8D04
0.10339323,0.27565217,0.13422862,0.040628307,0.11133665,0.15477632,0.17582919,0.103548594,LCQCQrnPUc0
0.11710809,0.40215465,0.07701811,0.17661177,0.06631957,0.14216888,0.14917608,0.07864937,AhPlgAuQEfI
0.022600347,0.14640984,0.017276077,0.04818217,0.03833013,0.08411388,0.035705704,0.018082049,jaB1Jv5fiFQ
0.11159095,0.41988593,0.025474325,0.09118898,0.03729966,0.12486151,0.1151237,0.04227755,_6pdUxUxRt4
0.07467911,0.22816801,0.39414072,0.31661135,0.2631544,0.5680319,0.15523295,0.25107503,Kz5v5QH9CN0
0.045911603,0.35170949,0.045468707,0.012008976,0.045690186,0.1954496,0.10110794,0.037933987,WCIgqi4DQzI
0.47176942,0.6786043,0.17581667,0.040971663,0.15664123,0.069245085,0.26698545,0.25893417,1m0qQ2X3Mo4
0.05044088,0.2358674,0.06150886,0.038053125,0.06409992,0.4228289,0.17797427,0.04235774,9qhoVcNKNy0
0.1266689,0.44104606,0.37049702,0.3282253,0.17406501,0.7098238,0.23288772,0.1829926,d9vQVK0qq6M
0.30433473,0.55448616,0.35521886,0.20596254,0.3694529,0.47915858,0.45409188,0.27255392,XR2cUevXu88
0.2450274,0.5198029,0.07987867,0.09709594,0.110346794,0.0069575906,0.25640753,0.1353801,TDl5086xtpk
0.057370886,0.34298193,0.020380614,0.07730943,0.0342256,0.09556849,0.10828122,0.03343374,8ITEQ5aLkrE
0.12198913,0.3615673,0.06554725,0.085282035,0.097379856,0.14901702,0.2063475,0.06476594,N54CB1Rdkeo
0.097061396,0.27964115,0.030490078,0.0495556,0.055493936,0.1382752,0.15089862,0.050064877,5fYjCnzRLH4
0.05308978,0.29415545,0.029459558,0.0253489,0.021595586,0.17955838,0.08492515,0.026527422,pALkutZ82JE
0.12509468,0.3667916,0.08146551,0.020130653,0.106525816,0.053686563,0.15559387,0.06551026,T273uazr-AA
0.17764285,0.43213806,0.1028238,0.09655894,0.08427507,0.44772533,0.4784283,0.1405709,lCwKdYbPvho
0.12556453,0.3444329,0.049749274,0.13565879,0.06737456,0.11424151,0.123893745,0.063972674,dLJ0EmNKeUM
0.17408717,0.35800728,0.29637402,0.20522906,0.16361344,0.049270824,0.2970537,0.2429514,xHtZ5-8GPaQ
0.16141164,0.44043007,0.09381159,0.070516795,0.11817529,0.20592327,0.29597202,0.09004319,DvhgOiC5ntE
0.06371333,0.33128622,0.0870288,0.085282035,0.0693255,0.23244052,0.17677565,0.054191,1xBEKlbJ7Qs
0.14832443,0.37842265,0.10741515,0.13251819,0.20848359,0.43706772,0.60940605,0.11459807,WR_s52zF6Fk
0.16065216,0.2200214,0.23173417,0.34388447,0.17208616,0.22175501,0.23725116,0.25676107,pFpLKwslvFU
0.2213671,0.49950108,0.11398431,0.112144895,0.085943006,0.340168,0.28044993,0.12459017,2M_s5jms1f0
0.22815914,0.5868514,0.15683801,0.058130227,0.25085506,0.070178956,0.40247732,0.19282097,4vMNUT7To9k
0.07700057,0.29669225,0.05073599,0.26132804,0.1582901,0.061968498,0.26970452,0.061999634,CjG90KNab2s
0.38040906,0.54381907,0.43269932,0.27856,0.3539875,0.18404086,0.54967076,0.38691163,8P_GzTcsVh0
0.06411588,0.3320827,0.28645793,0.38261065,0.12091762,0.45278284,0.12152678,0.08747227,cNxBHBXCCFM
0.085670225,0.26175562,0.036355063,0.08796701,0.032361716,0.17424761,0.10099865,0.06286177,mWBPaPDft18
0.07052618,0.19569789,0.29937422,0.24418297,0.27455312,0.20841458,0.13083996,0.25626862,rOWcW3AbF50
0.032028392,0.2687912,0.020779867,0.087430015,0.025289007,0.076363556,0.078342475,0.022059722,1v6s1JqzDDk
0.042954236,0.2757075,0.032020632,0.11536485,0.040717687,0.20928477,0.11824851,0.03167448,MjO7WEdl4Tk
0.17261492,0.41502336,0.059799746,0.027752401,0.09584446,0.185337,0.2270725,0.10378134,eo-hfihoaRw
0.04022831,0.20156002,0.016919157,0.038911518,0.017367827,0.29448846,0.06363337,0.029059725,Tf7HlmfQJdQ
0.045497715,0.33290267,0.052916054,0.040628307,0.0504538,0.19351967,0.116688356,0.03453287,2K859tW8jxY
0.035030264,0.42239952,0.052078187,0.038224805,0.099507816,0.1269794,0.16871965,0.03474791,h6epv1BfL-c
0.08264647,0.2504004,0.08942319,0.020269485,0.07584431,0.08263694,0.14065455,0.10185002,Fpnyx-HLHn8
0.055751003,0.2643111,0.10632516,0.13565879,0.06092673,0.2688588,0.10151289,0.077517815,M10F2or1zaA
0.11556947,0.34566316,0.1690236,0.22990009,0.22260278,0.49278077,0.28742284,0.11209886,2OfGdnNBzhA
0.07795183,0.36910784,0.12938865,0.10461388,0.09981726,0.07778996,0.20253031,0.10069351,F5QBgwmMPHM
0.1372724,0.39123285,0.3010942,0.31682462,0.15542622,0.06769389,0.8051086,0.2994365,FmYXsAp8Tu0
0.024303868,0.14964566,0.024398018,0.022213135,0.029268695,0.08844043,0.036484774,0.031665448,NYjkFeD5HWA
0.15947707,0.32733312,0.07246687,0.19789414,0.08071329,0.2052081,0.49527302,0.11098373,s93P3hktEG8
0.104308635,0.33752775,0.15006195,0.078108564,0.20360103,0.1939291,0.34807494,0.10572007,-WVLuMP9qv0
0.03336921,0.2798633,0.046711896,0.1539292,0.045151427,0.03802828,0.09147701,0.02960145,IXSFjCfhVfs
0.19291313,0.32321182,0.17121568,0.3093897,0.26058638,0.48077792,0.66556424,0.20354004,ApDpfqVINbc
0.2112553,0.41688612,0.25697032,0.023803791,0.4869689,0.04002812,0.7249426,0.3394325,Gd94h0gLSr4
0.1261283,0.33860078,0.08836362,0.00860759,0.09257073,0.067074746,0.2010472,0.10431273,HesUKwyP7Dc
0.38972372,0.38530198,0.18301152,0.112788886,0.25149518,0.17232046,0.38162088,0.29897276,P5vn5EsAuOs
0.15271068,0.3949896,0.31873354,0.38959074,0.15895884,0.5680319,0.20514023,0.2021862,YGxP7CShMaw
0.05058816,0.3547056,0.06875225,0.054534122,0.11087289,0.08912995,0.26135388,0.04338051,2MSROxKXIUo
0.047604498,0.1981739,0.050782118,0.031357653,0.06165095,0.17548138,0.11953228,0.055532,-LcdpQ2LLK0
0.13261886,0.24075638,0.071783036,0.076110736,0.13565955,0.44070286,0.5054658,0.13978198,0hVP-CJ1Spk
0.05050921,0.34263784,0.062296513,0.032902762,0.054932218,0.2191177,0.12915964,0.039736662,KtrC_hAg_xs
0.080088764,0.3904966,0.11085353,0.11665283,0.053771798,0.0071836603,0.15306108,0.0642308,lTLN9raIwfQ
0.09607964,0.2743079,0.08646608,1.3015509e-05,0.09412419,0.004990123,0.3891059,0.120818555,zKdOJg2iLbQ
0.03833439,0.30050403,0.05314513,0.11729682,0.05005955,0.33711237,0.3673063,0.04652042,UQOKTsuY2sc
0.028329678,0.2664679,0.04090787,0.04234509,0.02841468,0.32533622,0.0895914,0.026118742,DvsyigqsXr4
0.2804895,0.50283694,0.18880677,0.16413476,0.21421611,0.0923577,0.34865788,0.22462343,KTJoDkowoOw
0.21705572,0.36132413,0.4476129,0.11021292,0.15298666,0.4998216,0.21448532,0.29014274,ox57kej5lxg
0.33310837,0.94505495,0.08461013,0.045091953,0.1147303,0.050698496,0.2090061,0.14796293,lxK5nja7-vA
0.18789455,0.5232178,0.10845138,0.078108564,0.06748329,0.09554166,0.20742561,0.12743132,nwC_BbTrOqA
0.09602004,0.28306326,0.07839899,2.1421358e-05,0.09204637,0.028119892,0.3878575,0.117492944,-WXfmdh9whw
0.19336654,0.49934423,0.1738947,0.059728492,0.13321422,0.08906114,0.26525244,0.18381801,iDve1sNO72U
0.046044923,0.24210835,0.052800685,0.13386416,0.059021812,0.13651568,0.09203143,0.043603234,igLObL23EBU
0.25464606,0.43711397,0.24098581,0.15276173,0.32606047,0.26458648,0.23420778,0.19207133,lW7VOqIo33Y
0.04652328,0.33551386,0.022800185,0.2286382,0.029703593,0.19133079,0.105078585,0.028207563,Q2uKMU6Qaf8
0.14099751,0.34762293,0.2116871,0.007427517,0.1375085,0.09421615,0.1330471,0.14248884,N48j6aW384c
0.061548308,0.33301345,0.05327533,0.053335425,0.063117586,0.1287576,0.07231473,0.03634298,7rsoxZs_J74
0.19294581,0.35898328,0.660731,0.39206567,0.3883994,0.0020270895,0.5250166,0.50899017,eMgjTA11VVk
0.099830925,0.48430803,0.16079345,0.13296685,0.23208824,0.008279461,0.39334813,0.11592889,7cO55R-WPOw
0.050349288,0.21872517,0.061632648,0.14597784,0.05525398,0.19908632,0.14053753,0.048106372,XHT86A6IEjk
0.17224918,0.4008876,0.10926921,0.038911518,0.15695821,0.0738656,0.33846214,0.1731558,OvH33bgLGkA
0.04917093,0.27634624,0.0456636,0.1019289,0.050261263,0.11043585,0.14750415,0.040410064,X09yxFuKLAs
0.26287478,0.48727086,0.06412675,0.34466723,0.1370081,0.07668638,0.5060223,0.14343998,IibsgJJSt6E
0.191006,0.43531504,0.10827635,0.11343288,0.0867723,0.31019017,0.15102808,0.11904716,w26aQSbGR40
0.33223805,0.63453543,0.053501256,0.12051678,0.05418373,0.13668023,0.10601522,0.10030574,7IRBOR7rXiY
0.14127378,0.33061662,0.13104403,0.06652113,0.13864218,0.12777258,0.22005191,0.13037547,Rx-UYXyZDHs
0.07055754,0.20370786,0.13498662,0.15568043,0.21682994,0.100003116,0.1289731,0.14385927,cymOpgaRPWk
0.15497501,0.40888205,0.10501359,0.051737156,0.10446524,0.008221089,0.23907997,0.15447424,GaR4bV13wnY
0.041286908,0.27165264,0.032898992,0.035306264,0.039627206,0.11729642,0.11010837,0.02746262,iaouUJ_iNEs
0.12721853,0.4620876,0.06100749,0.07091636,0.09695323,0.061260697,0.19307686,0.068981275,2C_hk_xSIjs
0.1517405,0.3978213,0.11793089,0.1464265,0.16335268,0.00032740686,0.40431583,0.13307866,_ppW6u8zSC8
0.054438435,0.4467854,0.10073655,0.22990009,0.049284056,0.7184869,0.15373372,0.056762375,LrOtLPIvv9Y
0.06591434,0.20388016,0.2990431,0.3170379,0.1950122,0.22283867,0.12329766,0.18715422,8d0CwSk2yrg
0.23457608,0.45464987,0.29704052,0.09870692,0.26645333,0.26232588,0.36379504,0.21523589,etJkLp6GYdE
0.13854344,0.26526946,0.13856576,0.01999182,0.14893924,0.0071887095,0.19332784,0.18645732,MsUAlt-kzCI
0.07429767,0.2948174,0.367629,0.5026305,0.4084184,0.026482284,0.6403272,0.21693051,9GlgujafCqU
0.22023422,0.5004607,0.114033304,0.13017663,0.087660395,0.40657243,0.2778582,0.12416417,3wiSmTTv44I
0.08791287,0.20592885,0.03534076,0.051737156,0.053368255,0.12036382,0.105056934,0.071316436,BoDjJbpw0Qk
0.07241369,0.4310091,0.035750378,0.02655065,0.043216776,0.11306672,0.10566685,0.055148214,3mmZDyK8zmM
0.143095,0.31803024,0.15011652,0.07970683,0.28836033,0.13510738,0.26244313,0.14303926,TYR7b7dgp60
0.0582548,0.19737291,0.29187953,0.2712817,0.2575101,0.16810389,0.12113225,0.22157817,jL4LxHk-xwQ
0.10153367,0.39323568,0.13530393,0.005900364,0.120354086,0.095251575,0.14758469,0.0962507,kZgvu1-bp9E
0.05062633,0.1716299,0.26769468,0.27690583,0.27687496,0.2055959,0.113098115,0.17795385,K4DqghipTMM
0.02544031,0.22308564,0.008180952,0.03616466,0.0077766185,0.4700751,0.07050332,0.010133022,VV_-FWdcchI
0.105831414,0.3592654,0.11589507,0.15684792,0.10099939,0.30378208,0.24872237,0.09815934,P_ss6c0i2Us
0.18531951,0.38694856,0.35010707,0.08555053,0.23094231,0.012554584,0.31328407,0.22354291,mSmNMV-LzbA
0.2717163,0.48055705,0.37262115,1.3557822e-07,0.27936685,0.021021351,0.3974237,0.44791275,t2aMH6eRlig
0.146722,0.42296228,0.024668142,0.031701013,0.094758056,0.026589086,0.28784958,0.082333915,EuVmMCwIa-k
0.1489637,0.37302303,0.14859383,0.11729682,0.26630676,0.17537135,0.3465799,0.15143223,RjNI-tEU4y4
0.19003986,0.5222499,0.10997092,0.09924392,0.12361682,0.31344363,0.31326818,0.18722922,8t01Ts_MvRI
0.2247071,0.5235646,0.30624756,0.1464265,0.23890169,0.2196889,0.36530322,0.23751698,03a9GxslJ7w
0.06919873,0.29975253,0.058110848,0.07730943,0.058841247,0.27616096,0.08245326,0.055404875,q2pOeP8qRAw
0.24955364,0.41381857,0.07486989,0.04680874,0.06774331,0.087748565,0.1407405,0.098825775,rZ46kEk6aGg
0.12024872,0.25851575,0.14311273,0.09172598,0.104606114,0.63263804,0.18882255,0.121340916,H0YLOz6kvX4
0.1538015,0.52562475,0.09509335,0.06492286,0.05964548,0.2509839,0.20151715,0.10127143,GXr5glhGkzE
0.20954692,0.48503616,0.12571347,0.12760067,0.098456934,0.2997435,0.2876634,0.12563542,RlLDwm7dCJg
0.06079959,0.2738876,0.32025173,0.2885035,0.25759774,0.18852675,0.1524241,0.25805017,8JYYs2WIebo
0.05637378,0.3561228,0.035082404,0.0471521,0.04231905,0.20747983,0.10024926,0.040491108,dYrrIYSJDL8
0.054454476,0.18916884,0.3569229,0.28021416,0.26072082,0.2879215,0.097883806,0.22609657,lmSJB6BQkMQ
0.5079575,0.6348985,0.1206927,0.1334155,0.15567026,0.09857637,0.3249221,0.2090032,14fTQQgt0cM
0.10446173,0.31277686,0.0759818,0.105704986,0.05813962,0.2384274,0.23410009,0.09300014,SqzHdWtH2G4
0.057154574,0.24729699,0.08698851,0.104076885,0.11240879,0.049553733,0.39593843,0.0905558,FChmoEjicmo
0.069753125,0.3517229,0.10021947,0.080905534,0.13824886,0.013817375,0.3128803,0.10736605,urDSUQgaVWE
0.16631891,0.61704683,0.063023716,0.013883209,0.121749245,0.046337333,0.34980306,0.08147283,ZvzzMFgy6mw
0.15515608,0.5076259,0.08549544,0.054534122,0.10031777,0.0650139,0.35831553,0.12424923,i0zb8HVuevo
0.08289501,0.25728902,0.36998066,0.3598433,0.22647011,0.15535638,0.23422508,0.21902563,mQsfUqIK_eo
0.039387193,0.3735531,0.05761749,0.18450552,0.089611895,0.094749734,0.15856977,0.0369364,54giFcLDsNU
0.06763835,0.22500561,0.035027523,0.04268845,0.06110065,0.27757895,0.11565767,0.06271571,eUa7UeMiFWM
0.049812496,0.3033939,0.015462031,0.09172598,0.020734893,0.12486151,0.052289344,0.019385086,GOgmbriwjP0
0.04318145,0.36717027,0.030280473,0.067320265,0.027922802,0.08337578,0.074289724,0.02413312,KksOzC9sfGg
0.05227221,0.33246294,0.07106316,0.029812546,0.088384785,0.032635223,0.14884065,0.064326845,p5ATpVW_lQg
0.063071586,0.3016577,0.06686625,0.12180476,0.04546976,0.16579035,0.17243102,0.057123877,zYrjq1LnpZM
0.18699785,0.38424155,0.41574734,0.34388447,0.3116289,0.58794093,0.5313771,0.30728683,w1lk7ykbnkw
0.07530719,0.4677623,0.12395325,0.076110736,0.049725305,0.18614773,0.100383334,0.053861704,ooF5-00kIyA
0.2570989,0.32223994,0.07460303,0.034962907,0.14526458,0.13602367,0.23661935,0.15175697,se8pJ2y9Grk
0.12315611,0.38207296,0.050875396,0.040971663,0.0723814,0.119690135,0.24263483,0.08200384,qNMfF9TYETM
0.09009479,0.28747523,0.12561315,0.05613239,0.09254693,0.16220328,0.18423969,0.10137674,wlrHHBxI3-k
0.15317105,0.44158316,0.044960756,0.06971766,0.09241246,0.20204523,0.043102875,0.08542511,rq89lRnGI2E
0.16581549,0.33057675,0.072561815,0.05653196,0.23114643,0.10803031,0.5130272,0.14808458,poMdte8P0kM
0.2963205,0.5977692,0.16348782,0.04268845,0.3464576,0.07845987,0.5581226,0.30895618,wW2Zn9zhcv8
0.089753315,0.42829198,0.11141164,0.05613239,0.11119308,0.11064344,0.1050021,0.07011146,j4nlyCw-zBo
0.1058254,0.28991157,0.15608278,0.11665283,0.1153733,0.00019991348,0.185742,0.12922978,MuvbEM4UeUg
0.053823818,0.35038966,0.041941114,0.030327583,0.038782094,0.43891415,0.11567827,0.037778918,xrmOC7kMYzM
0.20249274,0.4749965,0.29725263,0.011800728,0.36680922,0.028835438,0.655981,0.23996264,XFWhnzXke24
0.10874801,0.3236559,0.03990415,0.10515087,0.039030343,0.04729787,0.15978228,0.08981335,HdWSGeanjnM
0.3611671,0.6466755,0.11303854,0.079307266,0.16643731,0.22923493,0.4913267,0.185087,FoTB0b8_P5k
0.0637406,0.3601321,0.02807814,0.105704986,0.023542907,0.26118752,0.06396853,0.028064031,chuRE9nxLT4
0.12652087,0.2502187,0.082134046,0.03753809,0.24041566,0.114746734,0.1830243,0.11801372,zxhjgDihPlM
0.108188204,0.32105651,0.30778432,0.3544517,0.11270122,0.50471544,0.23322217,0.31000438,jzQoqEo2BC0
0.04925802,0.27605072,0.04314797,0.044748597,0.072389446,0.15167344,0.066729605,0.03803753,o5RhbG3tOT8
0.076424874,0.32276323,0.05893586,0.15743166,0.059743762,0.2307029,0.20866354,0.06027391,mHAGoyfa2DQ
0.06001935,0.5089366,0.15539926,0.004303795,0.08115657,0.028534342,0.23082788,0.078520626,uen4zXGXmzQ
0.1886897,0.32924685,0.23660222,0.1334155,0.24469116,0.16234268,0.59970087,0.31018823,bgWxURqPUiY
0.15009768,0.35577416,0.05033613,0.08420804,0.18416111,0.15450686,0.37254384,0.09525035,cDJmsEPyHxI
0.110049516,0.43524134,0.1255964,0.052136723,0.21151178,0.035883185,0.3426482,0.13280037,4COHuye3Vc0
0.025335686,0.19133943,0.09553915,0.06332459,0.051809177,0.10892707,0.051630534,0.037680164,SNuJrSP3JDA
0.040263854,0.21624167,0.08231937,0.1024659,0.11065311,0.24514219,0.068587326,0.06270161,QIiclQeea3A
0.038224205,0.29157788,0.046804152,0.11021292,0.026678056,0.27702498,0.110386446,0.033366542,2zbEdMRlPYA
0.055239704,0.18651105,0.23936465,0.2590451,0.25431308,0.17628285,0.10767028,0.1737627,Hwih2UgA6Bw
0.35995564,0.3941989,0.13350411,0.0471521,0.23512568,0.11991899,0.5422679,0.19693358,6fU9Hj0dKn8
0.08511216,0.2846615,0.017216388,0.021380141,0.017997103,0.079700276,0.06323928,0.036704466,u_SM7jTzCiE
0.107158,0.27979815,0.04708488,0.030842619,0.06629503,0.079753384,0.10338993,0.08380092,1UL1MaWatIg
0.12615623,0.26172367,0.0690139,0.052136723,0.097470775,0.26862103,0.13522305,0.10453504,VOgx5dH8XtQ
0.031221008,0.18998158,0.03219111,0.056931525,0.05047363,0.013735474,0.16540454,0.035929717,hOinBwNDMY4
0.08739045,0.32742727,0.21714567,0.30187345,0.098274186,0.383105,0.15483911,0.09470884,jCIz4Xi2kzc
0.16956049,0.54299307,0.04257089,0.074912034,0.038553562,0.17275517,0.098038286,0.055739366,PV3WVcrRPPw
0.03713302,0.2609073,0.08591113,0.1539292,0.050171223,0.1864652,0.14834312,0.048072204,R_xPWNEXAWw
0.1576682,0.2691708,0.124474235,0.3282253,0.122430414,0.05799689,0.19626126,0.17799616,4PCpkYZj67Y
0.08966232,0.43221545,0.074418746,0.048525527,0.05035407,0.09061271,0.10241797,0.069915086,7mX_sfFbb4o
0.1591106,0.40425825,0.12452717,0.22977416,0.1656896,0.19636382,0.20671979,0.14211997,nBpm3XuagH4
0.0879919,0.3058874,0.05945355,0.055333257,0.08570793,0.0593306,0.3798222,0.07878143,Lp3lIPOYPbg
0.13190463,0.28894848,0.09256834,0.046122026,0.11573197,0.0800857,0.15429285,0.11610088,B5u5Iglewds
0.09644491,0.3077176,0.11092727,0.1668969,0.13793702,0.43830243,0.31180114,0.10178324,gMxyR7drGrk
0.05810218,0.2998237,0.067923054,0.12824467,0.04730756,0.24461667,0.17809407,0.054459658,a6xKCmdKnGU
0.17732477,0.39228562,0.18211757,0.2088965,0.39411545,0.38004416,0.3373612,0.19758716,dEzFlTlbHgY
0.065720856,0.34748018,0.13762957,0.042001735,0.20280603,0.007654287,0.26867366,0.1097788,SEWzIzwLwqU
0.17417935,0.39855695,0.2358767,0.082104236,0.15418065,0.15543689,0.49937138,0.30917856,DfLRiHsw4lw
0.23853154,0.50620306,0.11367963,0.13745339,0.16224058,0.62850964,0.31298113,0.14070942,hdWxBnvmMfQ
0.19468412,0.33326098,0.19142558,0.036679696,0.16873755,0.010657022,0.38352033,0.18591665,pk2QPfauqxs
0.13101138,0.32195473,0.32366395,0.05773066,0.30180967,0.10690726,0.23967105,0.2331102,ZNpWa6vJoKY
0.08842232,0.4196195,0.116458885,0.019575324,0.15055564,0.030033857,0.4113341,0.15088311,m4Xsd05kW-Y
0.16028534,0.5357731,0.06328609,0.09548495,0.066416815,0.19238423,0.16627145,0.0819249,CCEjXudHuQA
0.5329138,0.669158,0.43173942,0.011037151,0.48420796,0.017080706,0.5241022,0.4308661,0HIbxHoaa18
0.04471368,0.19108689,0.032132905,0.04165838,0.034846414,0.15302703,0.06944778,0.058382794,mU9c1Lqju0I
0.4343828,0.487862,0.24309473,0.31714454,0.29082403,0.44042993,0.7292629,0.43306592,MrDZ86j7g8s
0.05816289,0.18904583,0.0608441,0.045091953,0.12325212,0.15968098,0.17845976,0.07362992,UisWjXNUWPY
0.1006271,0.23325804,0.12872607,0.2885035,0.29119703,0.3612313,0.16056493,0.13075961,gkp6OG1P7xc
0.37562206,0.46309748,0.37989992,0.076110736,0.44724482,0.09802402,0.7651977,0.43741426,74pmZ6_R5F4
0.072748795,0.33424038,0.072409734,0.10956893,0.05991898,0.12175177,0.2005276,0.055423558,OAGWNjOGrqM
0.028968802,0.4012082,0.0088636475,0.037023053,0.011705561,0.010409126,0.11945915,0.021698376,k2KEAooEaGY
0.06962235,0.20617662,0.33032307,0.3063832,0.2993379,0.09720427,0.124620825,0.27314156,_VIsUqt_bfs
0.06652615,0.21332416,0.26519173,0.28683078,0.17486452,0.20552777,0.10126769,0.15151496,yEl07UtYpf0
0.025820533,0.20013249,0.09102589,0.119228795,0.08912945,0.13462113,0.7024123,0.10410677,69Lpzrz2fNM
0.31377882,0.56144965,0.41572505,0.17587385,0.2714214,0.0037121861,0.36855388,0.4058031,GmzPBbl7248
0.15388288,0.3680846,0.059561923,0.12116077,0.089459725,0.058302213,0.1919026,0.08209626,n_rUKClGTHw
0.03536605,0.22104684,0.03670879,0.10828095,0.052843954,0.09604774,0.350057,0.02804209,V-nLMdZY4-8
0.095975325,0.35075325,0.10046241,0.07690986,0.09656996,0.1799233,0.15455793,0.07367101,_QIdWcUoOpc
0.08086934,0.22019988,0.057823192,0.053335425,0.09473978,0.44894487,0.15254237,0.08767023,37SGOGHCrVI
0.04725727,0.23949814,0.03949181,0.1550967,0.052114986,0.18355188,0.11885924,0.03493594,N10rm6Efg1w
0.11842183,0.34521633,0.091539636,0.12695669,0.067026034,0.18617675,0.25668475,0.104129024,igKHu8iY6xI
0.13334861,0.41029844,0.115560964,0.04543531,0.108663924,0.05538996,0.11838411,0.1116845,x0_RMONXxQ8
0.09423797,0.3757837,0.053636502,0.105704986,0.04301173,0.5461517,0.19514064,0.04691966,wNVkd2vFE0U
0.18298247,0.4771162,0.040795796,0.027752401,0.050953243,0.12800638,0.19656351,0.09147339,ZU7Cph1qLck
0.55736166,0.6786463,0.19261336,0.123736724,0.4148953,0.26388088,0.46354818,0.30971798,dLEq5V0WnGY
0.33476526,0.45974746,0.3725088,0.20742953,0.20589621,0.34483948,0.5238004,0.32728666,FatQeec_M_w
0.05094152,0.21391077,0.024155196,0.04543531,0.04549602,0.1775829,0.07885686,0.03936055,PVwbuBOggWo
0.043750927,0.31935248,0.027926417,0.033761155,0.024194442,0.07579702,0.08950492,0.029470002,LsgHD7x_My4
0.14908293,0.36041373,0.07312466,0.1334155,0.13040021,0.03108064,0.23052098,0.107185625,thg_iltuoTY
0.1384618,0.31330115,0.43612248,0.14418322,0.3500539,0.032201283,0.25424182,0.2943886,Vp8hUPS05oY
0.06228911,0.21216536,0.28886443,0.32044756,0.1844586,0.16858533,0.18065412,0.17719807,FyDw9wBaAF4
0.13768804,0.25454924,0.034762807,0.028954152,0.048214737,0.04936381,0.15231381,0.0816436,GQg6oRJPAVI
0.19549166,0.6089955,0.04392668,0.09763293,0.11602674,0.0064640627,0.23776825,0.08692979,x7cow_ZIRUM
0.09687295,0.28409424,0.068704665,0.01561861,0.07284009,0.054497186,0.11928722,0.086583845,Fh5WHRKkq0k
0.046938367,0.21448483,0.044808976,0.055732824,0.041409865,0.09245153,0.07904581,0.040053207,FG3Oa9ondAc
0.19290169,0.50754386,0.25323674,0.1609341,0.31152374,0.008320994,0.50697017,0.23464394,PPIb8Jegvws
0.19302888,0.50829667,0.08368841,0.30053464,0.2002307,0.13613378,0.43973595,0.11029389,rdr08epJmEw
0.07054359,0.2640954,0.028780218,0.11343288,0.04901523,0.08683966,0.067236565,0.047033705,loIJBVYbPQ0
0.14962365,0.3823239,0.104152225,0.23891698,0.10829561,0.2650832,0.16294344,0.11645926,a-hrITYS6oI
0.032184355,0.2494733,0.03746778,0.3552902,0.048260946,0.18233736,0.099979125,0.027327439,D2aJvo7qmeo
0.061302718,0.3104322,0.025719991,0.16620636,0.043649405,0.27212054,0.07683346,0.04036462,M_XN-z720es
0.1015035,0.27881542,0.08809794,1.6947276e-06,0.095218614,0.0021207943,0.39528978,0.12512653,Olgdm6g7pOs
0.07492508,0.19906087,0.08928298,0.07211506,0.14261647,0.1184794,0.1998958,0.1002524,_dtpIlgdEi4
0.1252845,0.4144974,0.12163682,0.06332459,0.07362115,0.10057512,0.18009035,0.110905774,dDetWZeHyXQ
0.064815156,0.38323042,0.14854547,0.1530536,0.20445725,0.27105227,0.17102885,0.1291606,5i6ZxWRNUog
0.041572697,0.16096397,0.025062516,0.0168681,0.035452515,0.07070976,0.09618293,0.0432221,rN5AO_LNMH4
0.23066853,0.34989265,0.36460334,0.026894007,0.28458905,0.018724207,0.3824446,0.2964449,yre9Anruroc
0.18945685,0.5201255,0.1753659,0.2406723,0.24005656,0.23252837,0.22367562,0.1337446,GG-UjZ_NYtM
0.1388097,0.43778387,0.10601439,0.008086969,0.076042615,0.024987949,0.17463343,0.10046471,io-rKv02yTg
0.20898207,0.35956225,0.18805507,0.056931525,0.13402277,0.17728147,0.15573418,0.2187894,jBWuGsln_g4
0.16303436,0.33799154,0.19806302,0.2712817,0.22102006,0.15404117,0.63838696,0.22024526,WBKmwQ5m9Ag
0.092748225,0.5347058,0.15607436,0.27856,0.25464815,0.0058119795,0.31209126,0.09035831,4kfNAIeAqS8
0.5059683,0.6099925,0.26822835,0.0334178,0.27336025,0.34737045,0.66333765,0.38227838,0aszoPioI7E
0.21487762,0.5220914,0.15410568,0.0066986484,0.17887998,0.03569791,0.24442308,0.17146745,roIUzO83e7s
0.06565877,0.36575806,0.06262667,0.031701013,0.079350635,0.31609365,0.19150746,0.04039774,T36_4HUW4q0
0.11528114,0.4154897,0.122030534,0.0789077,0.19898792,0.72742087,0.27566022,0.09080056,2qoyAqmb0lo
0.20397584,0.4452761,0.29837453,0.20742953,0.18312867,0.31905815,0.18768406,0.19557452,SuAVeLJKGbs
0.08457316,0.3130242,0.035896476,0.046465382,0.05217422,0.04368773,0.14332736,0.054357618,WfLOBeeLtuE
0.07515327,0.28178424,0.030257171,0.047495455,0.06730152,0.062657915,0.2680773,0.0531924,B0CNc6eRriE
0.025826693,0.29430127,0.41557822,0.42631236,0.21572796,0.1828805,0.097840786,0.06086282,FuBZRXdATCw
0.112564296,0.36358228,0.16704345,0.032387726,0.13038668,0.020356536,0.2377146,0.270028,Mk-JSxz_HeM
0.09612136,0.4027222,0.060600348,0.31714454,0.06879903,0.17467245,0.108465835,0.052678373,cDSqUrRV9Bk
0.026124895,0.28187734,0.021553196,0.119228795,0.02307578,0.27189478,0.058217485,0.015813231,N6s3jXi23a0
0.09691913,0.3257857,0.0555569,0.08170467,0.108105525,0.12854701,0.28362402,0.08657909,jh7IP-3ST24
0.040903404,0.40769127,0.10074577,0.0358213,0.06807864,0.08994256,0.14441676,0.050264318,9MWD0WnPRGU
0.07625626,0.3431117,0.044802237,0.13969667,0.06297201,0.1782779,0.25174865,0.04954757,ALfD7RUxKvg
0.063230075,0.20799123,0.021722006,0.0224908,0.04092671,0.098791875,0.08801223,0.03845413,2pOpcR7uf5U
0.040660124,0.2152133,0.07992713,0.15684792,0.042460606,0.17764707,0.12767315,0.04546282,CnjPVu0JaZg
0.077728115,0.3044869,0.20959468,0.124380715,0.116508946,0.37575102,0.49470118,0.08604248,5tgh7WZIAbE
0.06875456,0.28734154,0.0766499,0.09279997,0.085096925,0.1768209,0.22508591,0.053578053,9dBxeGMeDX0
0.08271107,0.30421448,0.061892107,0.05493369,0.069798835,0.08337232,0.13053818,0.064558566,X8Z3DA1wmNA
0.1747105,0.34277704,0.16066608,0.060927194,0.1358807,0.17064166,0.20198132,0.18828578,u_cmLpSk33Q
0.10308122,0.4908412,0.033989716,0.032731086,0.073655255,0.13174178,0.17535935,0.06666149,uoQm3539dcs
0.08182488,0.28650042,0.05451648,0.06652113,0.07086374,0.24497905,0.13200906,0.069242336,sHWPulGIHq8
0.0431756,0.23674895,0.039270166,0.059728492,0.046504665,0.19904244,0.14087966,0.03921062,IoFutBiL0Ec
0.13289376,0.37128216,0.16609888,0.18055865,0.12772122,0.19831951,0.2181636,0.21567845,p02Ww4YrsiM
0.12276895,0.42187867,0.13843998,0.05773066,0.15233894,0.013681983,0.21870941,0.11361614,_JDbOT6Hv2E
0.075358406,0.21232203,0.0983532,0.001483768,0.08973869,0.022581564,0.11691625,0.16187772,I6zEl5mdyuE
0.11923655,0.37445995,0.05181587,0.04680874,0.05125435,0.02013149,0.21454541,0.08095147,GCFeTTAJa0E
0.040912602,0.30429524,0.02163704,0.089577995,0.030830039,0.0339372,0.058295533,0.02081474,qlZsCdQdE-c
0.05822176,0.3735011,0.067800924,0.083939545,0.05050261,0.09723837,0.08984092,0.055784576,t696e3_Z3_k
0.05808789,0.24052382,0.022439996,0.023632111,0.03318374,0.07793897,0.12305175,0.04220592,fF66Ycs0cPQ
0.08818943,0.40103194,0.2710476,0.051737156,0.3184309,0.12747297,0.6316675,0.22794525,h1Im4L0FbXI
0.0687497,0.23339538,0.26392755,0.17173064,0.13574605,0.16428547,0.11478896,0.15573873,Cd7LuCwPya0
0.25210318,0.49970692,0.25079376,0.20009461,0.22455029,0.05145795,0.4832048,0.33333334,T0wFXNfEbek
0.09409526,0.35005236,0.034065668,0.06412373,0.03822891,0.14663272,0.11471375,0.052290678,m7OqQkkm2P0
0.18753588,0.42693713,0.38078016,0.16413476,0.12961276,0.36063167,0.2809326,0.21455728,o-tooH0neYk
0.21274136,0.35345283,0.4491995,0.016729267,0.38150975,0.06797568,0.24063978,0.2713251,OAQ5ZjDvKRQ
0.56673944,0.49005386,0.4706211,0.007496933,0.3496087,0.023576647,0.38130897,0.5584769,Q5-lgEFvGxU
0.032997612,0.3056174,0.029424017,0.04406188,0.056363292,0.18001996,0.101675436,0.027757019,gI4azsiNXRI
0.11181633,0.4490162,0.13116527,0.06252546,0.12342423,0.09053845,0.30636835,0.10160713,BOw_M_4ww-k
0.11588926,0.33884352,0.31135088,0.10699297,0.066264935,0.050370205,0.068845846,0.13868928,GIIkiHdoMfg
0.20788716,0.55228716,0.08640484,0.06132676,0.12376581,0.09053845,0.33919019,0.13041529,lXTxm0-oKLo
0.13013512,0.37041172,0.22409618,0.04406188,0.1349986,0.0006937023,0.17680669,0.17253138,kQK4854vvYM
0.3319586,0.51874363,0.23338184,0.33341047,0.22282343,0.114293665,0.29067996,0.26304495,7m_bYDEHaa4
0.09995602,0.35722288,0.12204994,0.05253629,0.09566119,0.21278062,0.14443511,0.088470265,Nnc7UlNmapY
0.12893365,0.2680391,0.10600972,0.0044773347,0.1262572,0.06277867,0.15092172,0.13735484,M7z3o1PaTo0
0.21435261,0.50267,0.36406422,0.22687212,0.25239077,0.30292952,0.44557384,0.34281877,WUtf1eMnoa0
0.27193138,0.35993868,0.30477953,0.2712817,0.21741763,0.048048418,0.2918673,0.2573179,5ZjRzsQmXsA
0.2377352,0.62229985,0.103801444,0.15071863,0.11024662,0.042158946,0.20870288,0.121109225,jKST3q2erq4
0.39666188,0.51017755,0.30810672,0.015826859,0.23415388,0.16926518,0.5879024,0.320759,WxPzfEzF9vU
0.09421913,0.4478912,0.034336433,0.10956893,0.06030855,0.14184767,0.14877431,0.046813905,ERK0j4RU9f4
0.0726129,0.40147427,0.059485693,0.055732824,0.05855111,0.08371741,0.1255794,0.05788428,CeMfCCagMYU
0.084936,0.36054245,0.10258203,0.1609341,0.101976916,0.32718673,0.43250173,0.112999246,ZB1GrQc-xUM
0.17937993,0.66915095,0.13306348,0.0042690868,0.12229549,0.12667473,0.18640964,0.1366224,AF4X92XzA0c
0.06339749,0.3635321,0.13767068,0.06612156,0.056598973,0.17577055,0.16310193,0.10607687,-bs0i5LFShc
0.2090636,0.5545548,0.13944148,0.11472086,0.15110433,0.15183914,0.4154064,0.22726418,lGwG28KiSiE
0.06963537,0.2613133,0.12817283,0.08420804,0.06992046,0.27475998,0.10268883,0.096106716,m2I5NJLwGTY
0.08802976,0.37890983,0.18316495,0.09494796,0.16289566,0.11586647,0.38621843,0.12673858,mIa1_HjS0rU
0.09521254,0.3334933,0.02815436,0.08420804,0.07144251,0.09493777,0.09470476,0.059376426,un-AJ0e8G4o
0.39323002,0.5977019,0.0680394,0.22978203,0.069505155,0.32752714,0.17306821,0.11231183,nukBlF2LfHE
0.055107657,0.27824742,0.26502165,0.38965073,0.29537648,0.1762173,0.2812625,0.15576553,EO-D6fd_U30
0.17471056,0.34277716,0.16066608,0.060927194,0.13588065,0.17064148,0.20198141,0.18828578,LiphVMxj45Q
0.27279413,0.44491524,0.17607234,0.018187003,0.17373432,0.09903221,0.24476047,0.25746632,nYujD5s_ynE
0.10267532,0.2508008,0.052633252,0.10892494,0.080154,0.12337094,0.11503339,0.096088074,u3GUklhJvC0
0.053437777,0.28065336,0.11330807,0.08796701,0.05259613,0.17710821,0.18665838,0.073693514,wlSDmXnk0jg
0.039928358,0.23178092,0.02703747,0.031529333,0.050405215,0.33034164,0.22724657,0.041141823,AfDCAHnzp7g
0.17240335,0.3363433,0.096934006,0.0036269883,0.10674003,0.09062916,0.19497675,0.13908473,1GLMYgNM_uE
