PERSPECTIVE_THREAT,PERSPECTIVE_FLIRTATION,PERSPECTIVE_SEXUALLY_EXPLICIT,PERSPECTIVE_IDENTITY_ATTACK,PERSPECTIVE_INSULT,PERSPECTIVE_INFLAMMATORY,PERSPECTIVE_TOXICITY,PERSPECTIVE_PROFANITY,video_id
0.10392725,0.25465223,0.040996585,0.06594623,0.036344934,0.4400665,0.119228795,0.03981781,tfXWXNItF_Y
0.17913707,0.25248832,0.10806548,0.19177456,0.21459232,0.5680319,0.17242117,0.16092084,yc8EZ3kZ1zQ
0.77409196,0.4135351,0.08002753,0.110759,0.116843395,0.07531628,0.2224569,0.096831575,XlxROGN_Nos
0.18573241,0.300982,0.0587989,0.08794577,0.1724251,0.44315717,0.1835188,0.10566607,YXApkzwKIh8
0.35360637,0.2551264,0.014039773,0.029731829,0.055081885,0.22876139,0.14508054,0.022365926,IbTwormvAc0
0.1416198,0.28785476,0.057528924,0.08247678,0.03095638,0.27490208,0.36553472,0.03654168,8ceZU4X66yg
0.32292506,0.30473664,0.12433408,0.0847929,0.052975487,0.32950464,0.06252546,0.07678486,-7o3bVInA2A
0.15226538,0.45220268,0.075939,0.04793123,0.03468675,0.0010490135,0.09655894,0.058626,ZCJJbDAWUeg
0.24429624,0.39208147,0.069785185,0.1629241,0.071108386,0.017778039,0.14822112,0.049576204,vhRo_jFKf9M
0.30778664,0.50391525,0.49198994,0.5757265,0.7611835,0.08155044,0.20742953,0.7289069,G1y38N4LQiU
0.4880603,0.29108152,0.033131305,0.21227135,0.11201774,0.11078589,0.24991328,0.07004756,L-VslYnrVWM
0.26225454,0.26077646,0.04157989,0.306164,0.34419367,0.057340086,0.1884524,0.13891318,B9SzGTjE9ec
0.5704996,0.29130888,0.07505823,0.28304255,0.10627957,0.26784745,0.13610743,0.1001689,tM1YC7fR4LM
0.5581639,0.36704677,0.08606514,0.17945774,0.106733024,0.1495191,0.1256687,0.10974525,V4v47Pm5U0Q
0.31010875,0.30641204,0.09133951,0.09417536,0.1106275,0.04096048,0.030327583,0.14778407,pBqRwvbT6bA
0.4970497,0.44483042,0.1323387,0.25462088,0.2415628,0.2522908,0.03616466,0.19582897,eG9i7d8yfKQ
0.36209717,0.33393902,0.079601295,0.29560181,0.17754717,0.0175593,0.09387396,0.15602197,L_fCecVm_rU
0.08759783,0.2550656,0.058794513,0.06677561,0.069409475,0.055026475,0.07730943,0.050000653,Nsa0ar443SI
0.1039416,0.23294538,0.02576759,0.13014111,0.06680466,0.074886926,0.15159425,0.0428281,BN97OE-g4ME
0.6220996,0.4255523,0.12603319,0.14533238,0.1585046,0.22438893,0.1580154,0.13515028,uCGQC8sMpP4
0.45144236,0.26026395,0.030896366,0.069089115,0.09556215,0.43824542,0.101391904,0.05721466,IMNhc9YhBaQ
0.1860532,0.19412981,0.04027063,0.4227713,0.4537956,0.027078021,0.3897707,0.19322939,csOzHR86zHc
0.18161184,0.22519132,0.027978683,0.04792923,0.14654513,0.161136,0.12953265,0.036574513,N1plntUzGuA
0.14649543,0.3059454,0.13257961,0.10225111,0.13031286,0.26822284,0.13431281,0.15013126,fIT5FIHxVFc
0.22799262,0.36143926,0.11004984,0.09626968,0.07852165,0.17381763,0.03204437,0.089443974,Xq-knHXSKYY
0.21016598,0.34390202,0.05375441,0.12899785,0.080940686,0.1808639,0.09065199,0.062518515,fXqQ4YUXdwU
0.36019444,0.27993885,0.24838893,0.22590686,0.24738148,0.41186318,0.1621016,0.33326784,PvfmzI1KiHs
0.60456014,0.4340123,0.06985288,0.36337766,0.2380287,0.18915907,0.19338597,0.13339601,FWD65DJ3fug
0.043234903,0.19666052,0.042331874,0.08969079,0.14566806,0.3543013,0.19936113,0.07801759,7fyN9DdyuPk
0.1315298,0.39661092,0.27090713,0.15339768,0.29826316,0.26953295,0.1710401,0.17582278,7ilPv8R1TSo
0.17296126,0.37300196,0.110554606,0.09372139,0.11229383,0.26643056,0.06971766,0.103292614,zFUB_hcz_VU
0.44775176,0.2754724,0.108159035,0.112673104,0.0663,0.20032136,0.16275369,0.09897127,5MJAvCqVIXw
0.25876686,0.43347755,0.18185253,0.11305112,0.12876987,0.08786968,0.018464668,0.18313,q5xIoeG4uVI
0.17319529,0.336191,0.062619954,0.12121856,0.07940866,0.26739094,0.094410956,0.08795476,XNRJOI4aOTc
0.31751236,0.3093783,0.05392111,0.18265018,0.23226617,0.43768257,0.08501353,0.105717145,GBXA72S5ADw
0.15242533,0.25640333,0.07117615,0.17852935,0.08954189,0.26929265,0.034791227,0.07355114,Fp5kbjap9l0
0.14178543,0.3653909,0.13612035,0.1390626,0.11815313,0.15295929,0.0087811295,0.14725685,DqLGrcWRMWg
0.17918749,0.38886482,0.10433508,0.16785699,0.094365984,0.16463503,0.024147147,0.09121688,QJB-tMCEBxc
0.06929191,0.1870235,0.035898093,0.030753132,0.031749006,0.17667809,0.018742332,0.037404776,MdP8R7YMiqE
0.5945379,0.6741767,0.23950243,0.21312004,0.22899744,0.01942586,0.09118898,0.27774218,JvJylGxq57A
0.15981452,0.42577735,0.25927675,0.054663595,0.06161622,0.04428537,0.09924392,0.13893974,tW-QtAgV3vY
0.22367139,0.27911925,0.14928162,0.14508455,0.13871972,0.0050794254,0.013119632,0.15884627,HTQt8_hNTF8
0.10127614,0.4580433,0.05903725,0.057003237,0.07589589,0.17603113,0.17661177,0.03837438,z8y_l7IWprI
0.5287357,0.34494883,0.113353156,0.13801683,0.1608979,0.05946639,0.0066639404,0.15721616,NQ459KdYw0M
0.047647223,0.1421045,0.031030277,0.01711357,0.012068262,0.17739935,0.030670939,0.021903075,-6uhQ-D_0Uk
0.20232981,0.5766982,0.13727508,0.13646048,0.18052095,0.08396401,0.006282152,0.1747364,aV98-tUShjQ
0.2209952,0.52393425,0.18515389,0.10682825,0.075682126,0.09102836,0.0015965691,0.1593475,N4yN3uYlglY
0.19594458,0.34274045,0.14535601,0.26845303,0.34099796,0.108909555,0.2022951,0.22967926,7JiYJR-S9tY
0.52024335,0.52430344,0.07161749,0.14867604,0.17168278,0.072169416,0.08850401,0.097605705,Qm16U5QBXys
0.18959405,0.20307653,0.098046705,0.1561406,0.29130933,0.70833045,0.355017,0.17609271,z2BWQyiRXsg
0.21838927,0.49556756,0.21871403,0.2918409,0.5138309,0.015394447,0.08635602,0.310944,pQW0xRgpanw
0.13268036,0.245222,0.097092375,0.12721689,0.095589176,0.1616235,0.039254878,0.10337767,KqCbMs5HzDo
0.23576841,0.3572264,0.11935183,0.12865795,0.09652134,0.6027846,0.10956893,0.120564595,nh2lbwQMsqo
0.07573487,0.3372641,0.1507476,0.13604629,0.4727057,0.10613176,0.08501353,0.15167128,XuAnoy1n7cI
0.108869195,0.43239337,0.03668613,0.12922823,0.07499174,0.013048067,0.2406723,0.035937842,ckwQ0WKq71w
0.7152136,0.34992486,0.09686932,0.16639596,0.15174253,0.37134242,0.16035037,0.15470421,ATu3p5cmDOg
0.06469334,0.34516135,0.061517786,0.05738759,0.059996124,0.03591951,0.004963247,0.044344474,BgZy-8q1aUs
0.07019987,0.20250352,0.08181096,0.0421088,0.026448375,0.08282488,0.020130653,0.06810621,yTAo1yYHRC4
0.1934118,0.36452538,0.10452894,0.2685793,0.6099004,0.08826671,0.16035037,0.31168422,20XeaOPzSMo
0.86708975,0.37040037,0.1255589,0.20190375,0.300758,0.1394337,0.39206567,0.25938702,Jmu5t4tn9Wc
0.258519,0.2577731,0.1434561,0.06399129,0.046038985,0.15851474,0.009162918,0.08468617,x7Tspg0lH9U
0.14333123,0.5002553,0.18934806,0.13362174,0.17140347,0.047886007,0.01999182,0.14454716,WbEzUrTZVcQ
0.11710361,0.2102729,0.081800416,0.09674367,0.20560168,0.15356413,0.17449278,0.17127949,aWcWre8suyg
0.58591557,0.26944736,0.0680205,0.25082454,0.10965194,0.3702227,0.13431281,0.09994482,hfLNGhmfuIs
0.47259933,0.55622387,0.19018576,0.20871939,0.14819275,0.029747274,0.036508016,0.1482769,T2HNDfuW0mU
0.051685266,0.14918625,0.041362677,0.023801526,0.018689241,0.116334036,0.02262963,0.035522334,CHtLVHUmfhI
0.58573073,0.2864791,0.06665597,0.29563177,0.11846326,0.34748498,0.13296685,0.10781661,zVRyLSt1TUU
0.3175409,0.3887837,0.10537863,0.36140597,0.80613285,0.022191223,0.40636617,0.50264937,88mBfhkx-Kg
0.10110262,0.3551108,0.103592895,0.047807477,0.046423316,0.027396275,0.0041129007,0.07948495,n7zZ7xpy2wg
0.56016225,0.56459177,0.28394967,0.18347186,0.20294869,0.037884012,0.24991328,0.31105933,wtADniautYg
0.5493127,0.40946317,0.082098395,0.13923343,0.6555702,0.45230716,0.42631236,0.17613873,RecKjvC7BSM
0.06056187,0.1745555,0.04779514,0.03084523,0.021081718,0.1468943,0.07211506,0.028158067,sENjTuOWdaU
0.09802228,0.29918024,0.08704263,0.07153356,0.06443698,0.2620905,0.013050216,0.061433252,OkZOBVnEmaA
0.29735976,0.34325248,0.15543294,0.17272104,0.19907863,0.07195032,0.043031808,0.22490099,9EYdUkaJvd0
0.49759072,0.40607268,0.10993338,0.48854327,0.3012719,0.43991834,0.37083253,0.23796247,mTGyWctiPfw
0.07981068,0.24472663,0.04052187,0.046914704,0.01921123,0.1942456,0.26817688,0.025079414,KevSqUHvaGA
0.5104041,0.3759203,0.12134076,0.58523935,0.46480218,0.4611415,0.2088965,0.18190107,K_314o8Tab0
0.082617685,0.39798665,0.1361649,0.025533617,0.02486707,0.11800456,0.040628307,0.0649807,kdScehaW7dU
0.047647223,0.1421045,0.031030277,0.01711357,0.012068262,0.17739935,0.030670939,0.021903075,hb2fCgQWcXU
0.085971944,0.28374907,0.07743952,0.07898056,0.054028127,0.056820247,0.007739889,0.06163022,fZd9Y9z-OZQ
0.48976904,0.5602642,0.23473856,0.17285496,0.24998707,0.26312682,0.13565879,0.23767368,aPVNp76vDEE
0.22718327,0.23983704,0.17644723,0.13504548,0.22921884,0.58966017,0.020408317,0.35943997,EI5ZreAWcts
0.14709996,0.33583033,0.11051013,0.06792137,0.12332695,0.12494102,0.0054838676,0.16311741,cWLKyXYv22I
0.103951074,0.27948692,0.07106871,0.06656299,0.06768806,0.024973456,0.1710401,0.086906806,-GZFHLAcG8A
0.6914825,0.2953172,0.07723938,0.19888788,0.3915549,0.40124568,0.22775516,0.21492524,VTsmsJQ0ouU
0.11306314,0.23669997,0.08577614,0.101720616,0.10758139,0.14195491,0.038911518,0.102433555,jHGFf7xxcF8
0.06670258,0.16805066,0.039598998,0.030932574,0.022136778,0.17739935,0.016798683,0.035636835,cvPmKQvcQiA
0.047647223,0.1421045,0.031030277,0.01711357,0.012068262,0.17739935,0.030670939,0.021903075,hv1tCielj2w
0.1488999,0.23618855,0.08452901,0.110315755,0.06292105,0.16832525,0.057331093,0.08337762,fqldnRb0lbw
0.70541334,0.6024954,0.2806474,0.3944709,0.5604227,0.24890211,0.30788645,0.4025417,t2u8pBsLlX8
0.11568579,0.21675245,0.07283685,0.0672645,0.058248967,0.13052888,0.07730943,0.07985135,Gb5IVJV1d_w
0.29619765,0.52006614,0.15734711,0.06623603,0.043327183,0.12955654,0.21186037,0.111709066,Z72QS0fhwcU
0.34237206,0.3554649,0.24337667,0.17033313,0.2706446,0.16591267,0.06492286,0.36624435,9qUa5Mgz7Bs
0.31676206,0.41935408,0.3407166,0.13272013,0.15663603,0.49475983,0.17449278,0.21356378,JzWwgmUQ_tc
0.05100028,0.15079243,0.040325,0.028241934,0.015760658,0.15304896,0.021657806,0.024566384,MkRCM6KGG6g
0.1541093,0.36342412,0.067962274,0.090411454,0.1518745,0.20202254,0.02397547,0.07998555,_omngI0Idzc
0.7609282,0.21883902,0.075212166,0.41417897,0.16280288,0.505467,0.2406723,0.15713015,LFXwFsupCl4
0.17843917,0.57148683,0.18742839,0.50417566,0.57385695,0.20819971,0.46621865,0.8663376,DZm_aPiVP8M
0.2372516,0.31298885,0.033897735,0.030940043,0.05783285,0.0013033489,0.044405237,0.043723937,pl7qqOMQHhw
0.5821493,0.35379264,0.081162095,0.19619562,0.13929194,0.30249387,0.3123962,0.1422876,SDT4-an18lA
0.056829344,0.1705997,0.040344864,0.03491926,0.025356945,0.35701004,0.07011723,0.030648436,RJscAAjBaqM
0.3802469,0.50705755,0.091567256,0.21507537,0.19361351,0.007543252,0.22333995,0.17166086,Ye7hIQID3Oc
0.09403854,0.28445077,0.21887773,0.12885618,0.24776019,0.18137677,0.030842619,0.28811696,FyMtpH9nAPg
0.10251941,0.23004347,0.0960988,0.16260365,0.32239297,0.28339094,0.28996843,0.15335941,dE2N6sJmr1Y
0.03964232,0.22717421,0.033843562,0.018281175,0.017346898,0.13344312,0.08367105,0.03203652,tfuRSJgi0NQ
0.48473266,0.3710344,0.06460449,0.39507163,0.31531107,0.0112214815,0.28948012,0.15908499,H-8ZpxgE8cQ
0.27198255,0.25842395,0.04789339,0.02616358,0.030562053,0.38029754,0.07690986,0.03914167,_uPWJGUVu2U
0.63819754,0.3883198,0.08206222,0.23035656,0.1478545,0.19266205,0.1621016,0.09469226,Gpm9bK4sEwk
0.13997002,0.67392623,0.22274218,0.13249266,0.18063341,0.09688157,0.07251463,0.27094704,YQpN88u1MeI
0.11921611,0.50235265,0.13903543,0.07831723,0.09658116,0.24136902,0.04234509,0.08286293,De7RDzTMlQk
0.077497244,0.1698622,0.076678775,0.048867945,0.034602318,0.41472626,0.1668969,0.051929463,pS3JlTpFbaE
0.068358995,0.39801094,0.16594565,0.034209684,0.032444153,0.09793706,0.013813793,0.05555373,wLSW-WWgipA
0.2460716,0.50125957,0.7407407,0.116630375,0.13445869,0.13236621,0.17759849,0.41024134,aU4xKI_byd4
0.06728649,0.25575384,0.036986493,0.02551817,0.018534051,0.29585543,0.09763293,0.020994632,neTMTZfpU5c
0.031727746,0.1914236,0.035958458,0.021784069,0.036591414,0.062217284,0.0054838676,0.034011967,4F9IggQI0l4
0.05489812,0.16031201,0.04345494,0.057714645,0.044946443,0.3093315,0.15042676,0.07731196,f4jkpT2ozyI
0.081928656,0.20369937,0.11233222,0.109434426,0.10619691,0.024661785,0.006178028,0.12857698,r4_um9HY1jc
0.13275976,0.29934412,0.08940695,0.07646741,0.051803563,0.45524612,0.22952124,0.05912139,mc9AgfGp_Pk
0.21306369,0.43380964,0.12540467,0.10607363,0.12154824,0.4614868,0.2945986,0.115666956,LoSjdYS-FLQ
0.207481,0.48291782,0.079486765,0.077071145,0.057836134,0.0129914675,0.0040434846,0.057715178,sPSquZmmxHM
0.1036103,0.4535506,0.058222376,0.056723222,0.045007307,0.18590549,0.067320265,0.033759374,8ODd4vZJAHc
0.069310285,0.25461838,0.05947144,0.047266405,0.041077204,0.18582271,0.0050326632,0.053106576,ywbuDTpCPxU
0.09194253,0.32693326,0.10721716,0.1761437,0.17323516,0.08448387,0.043718524,0.15936854,yll-_ghipIY
0.06670258,0.16805066,0.039598998,0.030932574,0.022136778,0.17739935,0.016798683,0.035636835,GZ2Fl_P1JK8
0.11692267,0.29655775,0.07685878,0.0869423,0.061350275,0.1307967,0.22985287,0.059402786,OZVx4N1n6zw
0.23781712,0.3161031,0.187551,0.13179076,0.20036682,0.17727397,0.031529333,0.3135519,6s1bphThQLM
0.06670258,0.16805066,0.039598998,0.030932574,0.022136778,0.17739935,0.016798683,0.035636835,cXkR17XRrzE
0.07482754,0.28984007,0.07207185,0.14560843,0.08036113,0.029287789,0.0007028375,0.10277468,zf7kDRrLekc
0.061435066,0.29866123,0.028357662,0.10303629,0.4988096,0.80792975,0.21980777,0.048279945,I-NLbyaD11A
0.15092872,0.24840695,0.07973751,0.07606,0.07891762,0.17179391,0.010551238,0.09677474,2KxbIfvGxkA
0.07839347,0.30262944,0.06850899,0.0786085,0.075902194,0.33597302,0.036679696,0.06526514,kVBVD6QnOSQ
0.03689607,0.34595636,0.023829361,0.040607065,0.041283976,0.3312129,0.10699297,0.017565751,oTPaX7qdWmI
0.2153487,0.2403957,0.19808026,0.2690764,0.2043305,0.12508832,0.08367105,0.19813396,a6v-tOTv-pA
0.2399715,0.30694363,0.07618446,0.26078004,0.10008683,0.17962071,0.1250247,0.12272873,kKy8AaDW7bs
0.14133207,0.26237553,0.17508842,0.1378056,0.32521483,0.1618369,0.17957193,0.4146128,CUIODOnUwtQ
0.1432672,0.4143029,0.09551229,0.116006285,0.091954716,0.0067925844,0.065721996,0.097452916,f6SHWl2dJcc
0.151168,0.43497628,0.07592956,0.11437213,0.24428572,0.4369812,0.355017,0.09997627,2iiU1Bfyvts
0.07794422,0.16286628,0.049691744,0.052406993,0.029265812,0.22844966,0.027065687,0.03725218,3SP3BqaW7SQ
0.107814744,0.28459042,0.087065175,0.029138928,0.060273547,0.019411223,0.022074303,0.11753763,mnWudJ1YSFc
0.16336751,0.1782862,0.06498854,0.48610032,0.17877124,0.49645194,0.30053464,0.141622,gGBpk7K9i-I
0.22087832,0.33024052,0.035648514,0.04412268,0.06165817,0.122928925,0.08689302,0.012655005,ygAoxtswRfE
0.17256139,0.24991219,0.14460295,0.31765905,0.805949,0.406564,0.4254099,0.4378866,CgJlMSjPYdU
0.047647223,0.1421045,0.031030277,0.01711357,0.012068262,0.17739935,0.030670939,0.021903075,XX3FyHzRkTk
0.24346983,0.3921311,0.0706373,0.1203522,0.07859435,0.3837031,0.052935857,0.06506497,FcHtXMDfrQI
0.38891706,0.39361238,0.2876237,0.28692952,0.7885105,0.4058237,0.4945446,0.40393046,ii6reCbVTJI
0.074097276,0.19791104,0.07403013,0.049308132,0.033159506,0.124322176,0.052136723,0.051963944,46KpoOht5cc
0.105056636,0.29081377,0.07228893,0.036961738,0.025276488,0.14676307,0.05613239,0.03820921,0sCN_W8Mbpk
0.45672533,0.3877465,0.07957041,0.19924793,0.12959638,0.26383093,0.1884524,0.120982826,eIJak1bmaT4
0.06794327,0.27626607,0.046362843,0.048319034,0.022848785,0.014276135,0.0069763125,0.032080542,F8i2L8VZHzw
0.07874538,0.37280396,0.06694401,0.052971262,0.201334,0.26908374,0.1539292,0.08118116,eu7Nigp7gHA
0.039670877,0.18040174,0.0294414,0.039871164,0.026448335,0.29551467,0.06532243,0.02229701,ho3Lh24gT6U
0.19327216,0.4242834,0.30656302,0.109860584,0.13839695,0.093769215,0.0495556,0.21679299,jsWwRBFQNHk
0.09382553,0.22617936,0.042936668,0.08424689,0.10852551,0.0012043178,0.28948012,0.090697326,6Cdob36DHQ8
0.23341712,0.30992806,0.33272943,0.26170552,0.43970758,0.09861805,0.038911518,0.6222302,fy88IyovOQI
0.047647223,0.1421045,0.031030277,0.01711357,0.012068262,0.17739935,0.030670939,0.021903075,_a1QERFMtdU
0.07673602,0.3062534,0.046754837,0.1593787,0.16091584,0.09780039,0.08170467,0.09276359,huYeNQnvOk0
0.18876818,0.5933903,0.4127407,0.15453969,0.19690363,0.46961865,0.019575324,0.24606432,4XJgAHg8Cis
0.46601352,0.3870188,0.15925352,0.27257934,0.13694869,0.2424376,0.15859914,0.15369642,Wz0ijT_ohFo
0.6746867,0.23880848,0.083959304,0.26671332,0.12550855,0.2930173,0.25676212,0.1373974,VxKaNdeJ710
0.56852055,0.21437809,0.0453721,0.23721431,0.112929285,0.4565456,0.2406723,0.0975811,utCDdubcjtY
0.75556356,0.24222645,0.062953085,0.4144204,0.15541595,0.441105,0.1539292,0.11818351,9TMyM7BcRmg
0.06346034,0.18470846,0.054962438,0.030450353,0.025744809,0.12790476,0.02792408,0.03765421,uFy2JzE4Iqo
0.41723537,0.26965111,0.1888701,0.6350989,0.22799109,0.13231957,0.02929751,0.2433746,t-It2bGjB_w
0.7760142,0.60759133,0.8777541,0.3251454,0.43954203,0.75058323,0.37954164,0.5241553,QWyBtjqxE2Y
0.5516915,0.716962,0.8777541,0.24487767,0.3654775,0.650376,0.5835036,0.32395864,uVQlMUjOy-s
0.17855589,0.30061787,0.1352621,0.051516425,0.036553625,0.073551156,0.024833864,0.10711737,Np3_6GAQ3rA
0.16610323,0.2862856,0.13161351,0.08606721,0.14229652,0.17685615,0.11794081,0.13761352,2_ftk4ZrfrU
0.0961306,0.41841277,0.068007,0.056105725,0.063662946,0.09023804,0.035477944,0.048001282,c5zNebpR2rc
0.12548837,0.27229214,0.033692587,0.043919425,0.029217428,0.19646373,0.025520578,0.031216614,Hw3eewgInKc
0.049095847,0.29104072,0.032302253,0.027322708,0.023517992,0.26497215,0.1008549,0.01728364,WUVpXW34QzM
0.21311091,0.41949087,0.20433487,0.060104806,0.04930718,0.050515793,0.059728492,0.11636863,0N5YRczTho4
0.13768141,0.3509242,0.070470616,0.18299219,0.14191134,0.16885595,0.03049926,0.16416459,AZ9rhY_S7H8
0.047647223,0.1421045,0.031030277,0.01711357,0.012068262,0.17739935,0.030670939,0.021903075,6szo1VGbhqk
0.76667595,0.21367489,0.12687624,0.22485034,0.19711545,0.5421299,0.2712817,0.17572571,k7epncZp9Ws
0.78789103,0.52001274,0.09109559,0.47946787,0.24484555,0.08453477,0.18154536,0.13678707,1jevBEIrl5c
0.3486694,0.5048502,0.13336179,0.1584195,0.11886285,0.29056364,0.119228795,0.14352536,ojW7sBT2Rv4
0.07112594,0.2883537,0.049245857,0.03910903,0.03962318,0.36021924,0.1609341,0.033169486,uYDsv4rOQjk
0.27847716,0.36775714,0.34221765,0.3834503,0.6106989,0.5606989,0.44805592,0.69309914,wP6gOD4XSr4
0.06489034,0.45291412,0.5727108,0.04212752,0.054363254,0.12839921,0.01596569,0.1947853,ghOMzehgliA
0.047647197,0.1421045,0.031030277,0.01711357,0.012068262,0.17739935,0.030670939,0.021903085,e9wSoUauoHI
0.35131612,0.3378725,0.028452834,0.06587673,0.13365288,0.55187273,0.17034957,0.037336666,klE0nunoFA8
0.07194661,0.39916003,0.05034771,0.038829587,0.042122386,0.1829101,0.030842619,0.037503414,_JnPHugL7kE
0.18660761,0.43460897,0.13896507,0.10416883,0.11963263,0.18373281,0.04165838,0.11377077,hw3atsa-ogQ
0.11869178,0.22292668,0.1399433,0.13119704,0.24931628,0.17556903,0.020963646,0.24317779,0N2zWgXwWcs
0.16974452,0.26729083,0.10263737,0.11154162,0.108968,0.21236356,0.17173064,0.101012275,iHm6d8B_PSM
0.14427735,0.42532313,0.119933166,0.346412,0.31166434,0.0940664,0.048525527,0.25910643,CuQJ0ziC4ow
0.056036197,0.20321326,0.040613126,0.038283367,0.04010174,0.05581992,0.0063515683,0.0466697,wb-EfMAfj5s
0.07365224,0.34559956,0.037813384,0.037307262,0.041371293,0.28381616,0.051737156,0.027376011,oAmmfwc77zU
0.1904481,0.46984306,0.19429976,0.4469491,0.29614675,0.40414625,0.37083253,0.28665224,Qt1eio7YFvM
0.06670258,0.16805066,0.039598998,0.030932574,0.022136778,0.17739935,0.016798683,0.035636835,egWoa-y0uOA
0.11621039,0.3426471,0.069371596,0.12393161,0.17044741,0.44054726,0.2885035,0.091405064,b5Hd21JCkM8
0.11560348,0.34260213,0.06362969,0.026509484,0.03256331,0.26337266,0.02262963,0.0323681,y6Q5adoqWD8
0.05571416,0.13524336,0.045477074,0.036443766,0.023565521,0.15304893,0.03994159,0.032610014,iohW5pcpOGQ
0.2711991,0.6784152,0.30315226,0.08477299,0.06243759,0.1048423,0.09279997,0.11646224,ElXCMT7OyNQ
0.14975263,0.33868113,0.119525425,0.072291695,0.119001724,0.03152023,0.025692256,0.106863715,cp0WeWgyoKg
0.084667355,0.30295324,0.10103123,0.059828755,0.14178343,0.277395,0.07371333,0.092835665,urkBFDxPoZw
0.09739764,0.26096147,0.05634552,0.12366101,0.053546224,0.49632642,0.08796701,0.07661074,Qxk0PNmG9Cw
0.11260229,0.37208486,0.064014226,0.03975382,0.04079809,0.18177243,0.008364634,0.045119636,kZPXFO4CE5g
0.21284619,0.33700714,0.14901742,0.05073667,0.039873466,0.009074131,0.009926494,0.11722029,gblyKwiOlRc
0.081049986,0.21934156,0.07182154,0.09409847,0.13083945,0.4732004,0.19936113,0.08699583,4Tiddap8H14
0.074147515,0.22311164,0.047927853,0.035458162,0.023415554,0.12769194,0.094410956,0.03280157,85cWIuiAZyQ
0.15056713,0.3295507,0.16234052,0.2380642,0.5827687,0.30883044,0.44820568,0.876051,BWWoSum7r8c
0.05271969,0.19053544,0.037572023,0.020182714,0.019419277,0.07882122,0.0112454,0.021405859,BjW917Dba5s
0.09124637,0.1689358,0.048137456,0.04896451,0.06086751,0.20437104,0.034791227,0.10647037,disC3agcvLk
0.5743521,0.56743455,0.5527904,0.23983295,0.31801054,0.31413683,0.11407687,0.4367855,UsNWCZIqAW8
0.08387779,0.28710037,0.09442858,0.09676359,0.20014903,0.19708002,0.031185975,0.1026754,yDHuv-6y2lw
0.06627639,0.40189552,0.08495545,0.0844051,0.30441764,0.5379438,0.13082063,0.09866196,mtl47W0CR20
0.098795146,0.21428366,0.07817656,0.05320659,0.07260364,0.06055438,0.013744377,0.072822064,f7TuV_3amhs
0.08159488,0.1991194,0.0509514,0.056666233,0.04151093,0.079407945,0.018881164,0.056325108,GNkUbSkKVBI
0.06912535,0.35367066,0.18556264,0.07183426,0.057500936,0.04500886,0.021657806,0.06452758,b5IbgLOT2Sw
0.1502397,0.34744725,0.08808586,0.053127453,0.16478312,0.20164144,0.030842619,0.117091134,1OnPg9KMduQ
0.28107426,0.3788406,0.09605032,0.17797719,0.13657877,0.20302801,0.036508016,0.11235931,WJxcOp0tjJ4
0.48874122,0.5333904,0.26757905,0.289298,0.2605677,0.06478982,0.08420804,0.25448543,iSAmBxc_9-0
0.2968488,0.44639307,0.16695552,0.1962246,0.11456015,0.06116994,0.09870692,0.1492627,NnNRzrtqmMw
0.07231961,0.49558535,0.1619103,0.10731016,0.07435828,0.07407536,0.04131502,0.085754074,aDIDtbpBPio
0.67453605,0.40177152,0.07578995,0.21222652,0.3626261,0.6701351,0.39694545,0.17874476,V_ZuYsT9sGk
0.047647223,0.1421045,0.031030277,0.01711357,0.012068262,0.17739935,0.030670939,0.021903075,nzupJDxvDC4
0.21895441,0.34495404,0.12166338,0.13124698,0.2291745,0.0022392669,0.04165838,0.19859985,iUcOotasKTE
0.047647223,0.1421045,0.031030277,0.01711357,0.012068262,0.17739935,0.030670939,0.021903075,LjTS3J06r4U
0.06387849,0.19319871,0.04713195,0.04151858,0.05311354,0.18915516,0.02193547,0.03785802,zGE2l3-411g
0.25570947,0.28719464,0.16238476,0.58523935,0.35957015,0.8141555,0.4151741,0.17763649,EZWbeT2eqEk
0.28928918,0.273063,0.1325112,0.20745361,0.52772605,0.027716557,0.2459383,0.37107322,tWrcllQ8l-E
0.047647223,0.1421045,0.031030277,0.01711357,0.012068262,0.17739935,0.030670939,0.021903075,pl9KjJsa2Fo
0.11313774,0.41499195,0.11917818,0.06578317,0.07318201,0.4347993,0.29261994,0.16772509,0Clu6Vixl1A
0.073919624,0.2923045,0.06416294,0.057561394,0.06142349,0.040146098,0.1884524,0.05784735,ngKxQzirYQo
0.14866474,0.29092288,0.19752797,0.19818531,0.18121457,0.13861309,0.03049926,0.23019491,q3TRRU3kHkY
0.06334826,0.720805,0.05897566,0.07508593,0.08855447,0.2726291,0.08635602,0.06918507,0XW7agjaXXs
0.39845717,0.24281186,0.061879903,0.073000155,0.06787061,0.3771062,0.022945397,0.08736324,BDW0AA3hazk
0.57637924,0.28686956,0.14329708,0.23395811,0.14252436,0.13242841,0.013397297,0.18310563,W4_Lwm4UuOA
0.05866772,0.23993869,0.024536254,0.030851085,0.054945678,0.15272953,0.032731086,0.027591377,oez7BoIEemA
0.13982671,0.22262304,0.14914706,0.12405579,0.16267285,0.7929147,0.41665444,0.29103103,pxCjTyIbFIU
0.047647223,0.1421045,0.031030277,0.01711357,0.012068262,0.17739935,0.030670939,0.021903075,FWcG-eKmrV4
0.50986904,0.50389516,0.36949837,0.58523935,0.42123985,0.71853054,0.5174561,0.35796303,ku81RzY5lRk
0.07037917,0.29582,0.10939845,0.11145247,0.15722023,0.10623681,0.017492844,0.15135944,lc4AXNkFviA
0.5521339,0.23482227,0.03821859,0.12654062,0.11571322,0.3506141,0.1473238,0.09297732,7DxJnXKIyTA
0.26120955,0.38463795,0.12770766,0.18709415,0.36806503,0.44618002,0.4945446,0.13951217,_dIa7zisdCE
0.08798407,0.2187153,0.03391486,0.14514497,0.056207303,0.20008002,0.022074303,0.07122391,A-PpI8Xf6Ww
0.804369,0.35873955,0.38082263,0.48674235,0.4216079,0.096610524,0.17380224,0.5692254,i8hD9cDCwqs
0.105876826,0.24339433,0.06989473,0.04169986,0.044394232,0.1657962,0.019297661,0.0641055,CieOYln2zgM
0.29183874,0.5693503,0.25494468,0.20735106,0.11914353,0.020304862,0.04680874,0.16099451,giF9m8uwY8Q
0.32217845,0.4852377,0.15842596,0.58523935,0.3456801,0.043728154,0.5535644,0.25435257,1-k0TGfRx_g
0.06257298,0.3769661,0.039970096,0.033058897,0.029883381,0.0704091,0.064523295,0.024060823,z925NVUB2Z0
0.035985064,0.17316788,0.022834303,0.017603913,0.018942488,0.22991647,0.059328925,0.01875018,f7JRmcr4LbY
0.1774565,0.2735322,0.10167954,0.12289537,0.3195222,0.4100955,0.2712817,0.16489024,Z1zWONHrWno
0.046889164,0.16068898,0.026755705,0.075286575,0.046053022,0.13902795,0.008954669,0.05237847,GvQVWto5bPQ
0.01846232,0.16217263,0.027734132,0.013154983,0.013646475,0.09485698,0.0186035,0.014357024,WB3Tf2WaesY
0.11341746,0.49682477,0.20111723,0.13490345,0.11706883,0.087766856,0.020963646,0.12053525,yUzYHfxY_rQ
0.11104456,0.3479849,0.072521076,0.08315823,0.046710663,0.08856053,0.019019997,0.05049789,qu9hzlLEavw
0.27036837,0.41008812,0.10561558,0.25332764,0.17639506,0.40342847,0.34466723,0.14250882,nufCU26fVEk
0.2819131,0.45495474,0.14633547,0.10392253,0.16651502,0.18133946,0.2995453,0.13492304,r4dvbSmeDFQ
0.21070217,0.26375365,0.14519261,0.28095648,0.29647723,0.36855087,0.14552918,0.23545595,TWcTVFKcYXU
0.05940305,0.21423732,0.0536778,0.032150377,0.022692971,0.15020742,0.004997955,0.04169021,5kaurJNCprU
0.13852786,0.29017633,0.06186892,0.12776402,0.11529626,0.061597224,0.09870692,0.1104265,YJOxryXT6vE
0.072147354,0.30681863,0.08162078,0.040746093,0.04025284,0.29390037,0.118584804,0.03316854,M5OVemfdU8M
0.31188634,0.321171,0.16710433,0.17788827,0.107241966,0.13092263,0.016035106,0.14193772,MPOmfEvYiqw
0.04493394,0.14027746,0.04190615,0.022768453,0.015632888,0.17807266,0.011314815,0.02571343,FWhFlQXSnXY
0.7585453,0.30947316,0.04399831,0.1686083,0.1346682,0.49104375,0.24991328,0.13546869,_ffvUd0qoxU
0.18542866,0.44451985,0.09145655,0.11041957,0.089208126,0.13335943,0.1668969,0.08053572,SEfx0Qqfh68
0.6366,0.36300576,0.2006106,0.12527604,0.12660936,0.27684373,0.14283726,0.18275118,BTyAg_2zS3s
0.04011471,0.21167578,0.02346881,0.082548425,0.32336748,0.3378108,0.22775516,0.06235722,zDBhGs2EC7g
0.17639127,0.3159769,0.06519319,0.1383943,0.089152806,0.163162,0.1250247,0.03993432,6l2Ubq4qqF8
0.31211433,0.39737636,0.84424734,0.44512302,0.88075686,0.4380234,0.6357597,0.82742685,R6h-YA5r2JE
0.2319466,0.25185305,0.07157376,0.10859982,0.097613536,0.19256897,0.29261994,0.09923097,da2bn9t7NBE
0.050703015,0.17709725,0.025993675,0.043322302,0.048606858,0.110843204,0.053335425,0.028410297,5swDgN2RUCU
0.29791364,0.28390098,0.12591474,0.18640724,0.2228088,0.631843,0.34388447,0.20110251,gF0UMYUzJO0
0.14897448,0.4259526,0.1847826,0.14550911,0.18201272,0.13623318,0.023460433,0.18818997,X6dHjvrUYT8
0.27004033,0.29944107,0.13490579,0.17592523,0.1561836,0.37584594,0.111500904,0.15352277,exWlxlcnyQQ
0.5447267,0.34865996,0.086760715,0.22880694,0.163944,0.37950796,0.21036349,0.15279733,rUVFHUdCdfc
0.34136066,0.44555002,0.04873395,0.06661089,0.10367166,0.27428514,0.03753809,0.059603058,dyJFKZ9sv58
0.099914685,0.2643364,0.02265883,0.031828098,0.037044577,0.20677224,0.09118898,0.01897939,R1EL0S1j5AE
0.25042102,0.35559496,0.20384078,0.18617018,0.21789299,0.033882417,0.018881164,0.24585421,U7DcaAm4deM
0.4408127,0.41950595,0.2627865,0.5152014,0.477372,0.66688377,0.49309984,0.2829911,z92lmhujEbQ
0.11961872,0.2898398,0.06320095,0.05750665,0.09418941,0.0015542799,0.23014031,0.08668479,-ud83ZwzDnA
0.051062796,0.2230632,0.041633986,0.020068374,0.023734456,0.13015454,0.06532243,0.029710993,XcuV6qTpyBw
0.086998984,0.171736,0.05839923,0.06788848,0.04359295,0.091696076,0.052935857,0.05129112,8lNaPIYi_Yk
0.08368833,0.3599326,0.12786208,0.0713543,0.07693388,0.09510492,0.044748597,0.096626684,rfwj_SLsG5Q
0.28275338,0.28984448,0.15291306,0.12094153,0.110418126,0.56127,0.09333697,0.11727751,RmalvUtKv80
0.11441146,0.28729963,0.14187765,0.14119908,0.14783585,0.16822478,0.24418297,0.14361304,J7ZA62ekO04
0.07759661,0.17603977,0.04690051,0.034215014,0.020971963,0.113308474,0.036679696,0.035447303,SnDyJVSGV18
0.060332358,0.22080189,0.026236342,0.068530664,0.055478897,0.40317985,0.1580154,0.032315537,v5bgksjNApE
0.22892354,0.19105816,0.031147972,0.0935984,0.057924207,0.43704852,0.029812546,0.046805013,dki4V8TUaNk
0.20275089,0.39892903,0.20002313,0.1820133,0.30136558,0.30617192,0.27359754,0.25751704,J1oMAcbzohM
0.11030932,0.21947217,0.052658238,0.13369164,0.1485306,0.12036605,0.15334547,0.13663574,1j09_oJsTVI
0.06847707,0.19600287,0.054338437,0.067944154,0.057708263,0.041405905,0.034104515,0.08191897,ao-y9kK1Kn0
0.20327926,0.34533417,0.066160984,0.18181066,0.2157112,0.27445346,0.12180476,0.12531185,46VTR2Pnf7s
0.12807328,0.27077314,0.1395722,0.11708636,0.11501126,0.08023985,0.06332459,0.1339634,M2IHvB2GGEs
0.059867952,0.1789299,0.049370002,0.032402374,0.021767026,0.06655437,0.020963646,0.034903213,m3qms6mOhQE
0.75921226,0.376662,0.17786174,0.47821626,0.6906997,0.7279288,0.7007861,0.48371103,mt3V_jB2lNQ
0.24112248,0.57424027,0.107202716,0.19471799,0.3035994,0.00019538576,0.07011723,0.2586923,w6x6ymyjCi4
0.20016827,0.3720706,0.21047626,0.1018104,0.11961851,0.109487005,0.068918526,0.19031678,C0IoMCnVgHM
0.105528064,0.16060813,0.047239512,0.22672965,0.17006488,0.3716315,0.103539884,0.14313729,QQGWY_t7UMM
0.118045926,0.38439977,0.11528064,0.07233174,0.05081865,0.0727854,0.09279997,0.06969556,-CshWez8kbc
0.04827936,0.13577867,0.035278715,0.017836686,0.012720056,0.19424537,0.04543531,0.021354001,ZmBuIIyvqio
0.12842041,0.31164572,0.12549119,0.10321232,0.24265613,0.25774544,0.046465382,0.19976714,w6BFBLPgL2A
0.053781558,0.20333596,0.05006897,0.026284918,0.022270916,0.15718347,0.016173938,0.02950079,thvItYo6qEQ
0.13234396,0.47844467,0.10984269,0.06517764,0.05595221,0.32695153,0.047495455,0.082621194,k6hi_ljYY64
0.21390706,0.4399308,0.52534086,0.35934162,0.4839259,0.06415219,0.31661135,0.35690895,2sgBk2zQgHk
0.16347887,0.18868293,0.057142433,0.06089924,0.044369422,0.26441717,0.059328925,0.05403847,GK9CzbM9cFY
0.04211325,0.19227327,0.035874918,0.019121436,0.023600724,0.14626737,0.09065199,0.025892245,zWhfYxlh_Hc
0.1957656,0.35669315,0.1327519,0.12347301,0.14317933,0.026050627,0.038053125,0.19201113,Mmf1u1zWszc
0.8908898,0.35756406,0.21313082,0.4265827,0.47773784,0.44494176,0.52368855,0.51231617,o2SaN2fv6Gc
0.8521246,0.33415115,0.09562779,0.31179497,0.6475351,0.5680319,0.5810591,0.24773647,eY6N2emu8bQ
0.10711249,0.19963208,0.08018732,0.09515726,0.05822788,0.07347559,0.023803791,0.07912972,PUBtVWVta2U
0.37842557,0.4849949,0.7279946,0.6280458,0.63194853,0.8147743,0.5124461,0.69309914,YwjopTw6nlg
0.3382915,0.67954487,0.92006356,0.29235998,0.31569013,0.5680319,0.42750368,0.48465672,CxrRSZag8QY
0.13194142,0.18266293,0.057486605,0.1440551,0.21023376,0.23725253,0.092262976,0.16534421,g9OZyQCX8M0
0.061769456,0.27653688,0.024289574,0.019476779,0.018322796,0.4807001,0.1621016,0.009734683,D7ZFMWfGRv4
0.1328153,0.44055188,0.13609287,0.09639164,0.07338778,0.1720813,0.0034708022,0.076424524,-R0dd3q1no8
0.3243549,0.44621202,0.12875602,0.09854871,0.1176145,0.37925828,0.14283726,0.13701062,WE8Fdnb--r8
0.17365101,0.6053535,0.889941,0.12609674,0.1428703,0.215926,0.36325815,0.31446397,3thNf0JpfzI
0.075396396,0.3054991,0.050501004,0.13555439,0.45583558,0.27151778,0.1621016,0.16416882,jtsUzrGLbVc
0.16120957,0.3009065,0.07087089,0.17766644,0.13461377,0.1627396,0.111500904,0.08204321,TRXAshafcZ8
0.3965447,0.35514274,0.2298115,0.35845017,0.2840311,0.03710805,0.0053797434,0.37425593,DsrZClEsDGc
0.25714573,0.45758268,0.62785625,0.27207848,0.24190898,0.053683028,0.25447917,0.3270238,WPziKdW6uqo
0.050958894,0.23204023,0.054133132,0.03798213,0.09128108,0.2881884,0.045778666,0.08836008,68euzuCQc0E
0.2650032,0.44538516,0.07103333,0.16642322,0.4376183,0.7047994,0.46457416,0.13244419,k6i1T78SCxI
0.49857175,0.4588899,0.47033742,0.17931186,0.3386594,0.16958754,0.8393344,0.6529673,aXx0ANc4aTU
0.21253543,0.31653267,0.21513103,0.096591644,0.11666234,0.008266906,0.0063515683,0.2304451,Sno7PsXrXbU
0.19022377,0.34486583,0.2970135,0.15257446,0.25852326,0.14303173,0.11665283,0.41998398,JXqsEMIE9V4
0.21008445,0.4689853,0.10293739,0.15661672,0.34541503,0.04650974,0.13146462,0.2856487,8N8CxltWmgk
0.29072678,0.3550713,0.09760134,0.15627573,0.12889746,3.0870335e-05,0.27856,0.13669136,JcUKNFR9BQk
0.23719522,0.326356,0.06794892,0.11819748,0.09110477,0.62295103,0.34388447,0.051273357,7WuYvclTkHQ
0.17883089,0.6723555,0.33973137,0.111366704,0.099843435,0.040335175,0.0068374802,0.14869443,5z-to-bRolk
0.25955623,0.29539227,0.2341326,0.17392278,0.24562874,0.11749942,0.011592479,0.31079516,X49IUKt9CFk
0.31915215,0.34697995,0.23562269,0.23291266,0.11494141,0.054794118,0.065721996,0.14923613,LFLhJwJEMFE
0.29445034,0.37710756,0.19254006,0.14321384,0.15531917,0.010354915,0.015549194,0.26569936,XYUdS_3sdN0
0.30421752,0.4251544,0.23098898,0.18015996,0.28353295,0.05911245,0.31661135,0.2807108,sD7XDi1gO10
0.053970512,0.32882425,0.021550896,0.04927956,0.1125966,0.18018004,0.048525527,0.02884082,RLWVHCZ3j3M
0.35896084,0.44177452,0.23427005,0.6315565,0.567437,0.46156704,0.3490159,0.56107223,W8tZxuygoh4
0.40241897,0.4404175,0.778477,0.33061907,0.29102734,0.8602323,0.36553472,0.3510555,rTn8YuqW--w
0.82075685,0.44315872,0.37820387,0.2885176,0.3037544,0.30115393,0.38261065,0.43105888,JHniTFSIMWA
0.23047623,0.6727752,0.38091612,0.054575726,0.12729797,0.25452545,0.15918289,0.13224609,WdbVMCAUQaw
0.120565616,0.3235932,0.080296695,0.25516647,0.37344244,0.330249,0.21715863,0.17529443,1voy8XRmiOw
0.39083242,0.56661814,0.18258423,0.7413685,0.5786955,0.90887594,0.39206567,0.3589387,LlbpLYalX7g
0.23432153,0.33919686,0.12836033,0.74358875,0.56922513,0.7079002,0.34388447,0.26763806,vafgS0kvBMc
0.51153857,0.66993,0.84853876,0.56665087,0.5765713,0.15311971,0.23277332,0.69309914,lTTesY6nlP8
0.17845362,0.37672293,0.08685143,0.117231645,0.06178594,0.122915216,0.22989221,0.06048906,inJOsi9i_pQ
0.06574059,0.1620916,0.06294821,0.041827593,0.02186103,0.2026366,0.12309273,0.041908376,yNo_mz1iydw
0.26853383,0.2386174,0.08034504,0.08395213,0.08422034,0.18060489,0.015340946,0.11342267,1fMGFrCcd-Q
0.1593687,0.46820095,0.09128498,0.27823067,0.10092629,0.12370003,0.059328925,0.073672764,4GDIeEmTmRk
0.11260817,0.19679694,0.087913126,0.181144,0.07022462,0.2862496,0.3123962,0.10234637,QIrmoZs6Qzc
0.10451297,0.20783763,0.14375365,0.25764596,0.11302995,0.08874973,0.03461955,0.15084395,HFDOLTFySq8
0.4305496,0.6523866,0.34936047,0.26651573,0.12352939,0.16805476,0.0037658205,0.25706372,a9SZRzSDi1c
0.14427447,0.30820408,0.13126738,0.115057915,0.12541912,0.087000154,0.0471521,0.15205073,SrJC-9P-qnc
0.08120476,0.400939,0.049964096,0.05610609,0.052319366,0.28039345,0.044405237,0.037750296,XrVdmvxPe-8
0.28676593,0.26332578,0.110588595,0.07956561,0.07489432,0.43864152,0.2752517,0.07725347,Vrm3jxXAvsA
0.14648479,0.32897267,0.12604402,0.077731065,0.11075272,0.10918842,0.06612156,0.123457916,3awBcm4ii9k
0.0682414,0.27628553,0.040159438,0.042200077,0.03969177,0.038557462,0.036679696,0.034103833,iJLHSPVX6pU
0.26087418,0.31455767,0.13217191,0.1905044,0.21510272,0.69975466,0.036851373,0.16907296,tCcyPgvGA-w
0.15941028,0.33833063,0.14806487,0.0698884,0.0582202,0.09900425,0.005275619,0.098794825,XGAea6anKws
0.69800824,0.26425606,0.102185525,0.24528089,0.15943965,0.5680319,0.18450552,0.15728067,Ca9dKxCvyns
0.7606998,0.33048138,0.093119875,0.4208186,0.4277231,0.1780015,0.3897107,0.5090631,LguN19LoraA
0.19636613,0.52980876,0.12761578,0.0902402,0.06936373,0.00938047,0.013813793,0.0980044,NZiBE_9-4gc
0.2178261,0.283812,0.10987195,0.093198106,0.08157799,0.15028809,0.094410956,0.13649721,bEt-3KK5dzo
0.7656924,0.4958283,0.35786402,0.48571467,0.8453147,0.44798988,0.5818954,0.6595072,c0WD5vAe_D0
0.15594448,0.34122825,0.14369658,0.20643038,0.14581914,0.20023975,0.0035749264,0.14418441,53e2-yAt51U
0.13054034,0.30583805,0.14076053,0.09575026,0.058820028,0.45242083,0.000733207,0.10128449,b47cCTjLLSM
0.31865844,0.4158623,0.10752028,0.084617525,0.08548387,0.025314484,0.04165838,0.120836124,9IHVh4lplC0
0.05835482,0.27207714,0.05120002,0.029534537,0.027697828,0.38769865,0.34388447,0.03306385,WwndWEu040k
0.22935164,0.28441134,0.15167715,0.19983017,0.14291993,0.02426719,0.03616466,0.16848175,PIAzS1udO10
0.07210332,0.20562433,0.038859434,0.030857787,0.023182634,0.39701784,0.048868883,0.021444567,surPXPQRfew
0.23939483,0.5058682,0.090795144,0.07667288,0.10517169,0.42422593,0.44750816,0.056069892,5s4FBthVDNc
0.34797335,0.26979715,0.063710116,0.09526935,0.1029839,0.1519254,0.09333697,0.13206716,Vtj5L8-Cslg
0.10635025,0.2360781,0.08706089,0.0745386,0.056254443,0.15660985,0.21274342,0.07473099,_xWsH6XDFxQ
0.17659205,0.3956917,0.11893937,0.16984087,0.1702787,0.1401991,0.045778666,0.1621374,N4JiaTwHIDo
0.12838595,0.22852956,0.07045966,0.16698536,0.18542805,0.17815559,0.119228795,0.11971889,IShC-PUVrPo
0.56683034,0.28450993,0.05820032,0.20215265,0.093066275,0.25472984,0.1731117,0.09553167,PcStC3EJ24I
0.28983027,0.5059031,0.8478105,0.41002762,0.44623193,0.43875375,0.37083253,0.3920464,M0bAnFxe1Xw
0.29706573,0.36484125,0.14790289,0.2689907,0.2696129,0.10157289,0.03049926,0.25624827,8FyuhNCLuPg
0.15871228,0.22886395,0.04766708,0.1619024,0.14826535,0.07664917,0.20816301,0.104063615,mSNvR9Ct5Ac
0.05522701,0.20787652,0.05533246,0.15618879,0.089626245,0.02444919,0.11021292,0.08240821,1vtWJjr_hPM
0.14460507,0.32814935,0.16114464,0.09047574,0.10250109,0.1273018,0.012217224,0.13308443,5hJSAR9CVDs
0.1904209,0.24642175,0.050455276,0.14865215,0.03305552,0.0831125,0.049212243,0.08337701,W7w4n8j20_w
0.10611803,0.20004757,0.057076033,0.039001595,0.028385729,0.18006687,0.019297661,0.04924599,iSpJVS86KGA
0.07571371,0.2806554,0.07860116,0.12008368,0.5506014,0.3033121,0.50272423,0.2314432,Ld1Edn0xFyI
0.09883882,0.22993575,0.0949796,0.18452236,0.6281214,0.04901406,0.35642847,0.35826087,rsQPOkRXGJM
0.29315022,0.33489645,0.121333994,0.230644,0.30165043,0.20282732,0.1024659,0.15162909,AsKPbeXJ4ms
0.11935622,0.4651364,0.7407407,0.07498879,0.09998604,0.2781297,0.22687212,0.3488994,F4LUw2WmR_w
0.044465687,0.15716533,0.040515862,0.023794038,0.01837368,0.23083375,0.029125832,0.027075399,aGEpFYSALL4
0.13666382,0.2551515,0.04127127,0.019458467,0.022368472,0.082215324,0.014716201,0.032250088,GRaAgBcvyKw
0.058126446,0.25606272,0.048290335,0.06739953,0.06450525,0.4399349,0.029469188,0.055450592,gQwxhOG06ik
0.8072746,0.51910865,0.21923783,0.22964302,0.4482084,0.45339203,0.31629145,0.2971308,rqfjf9wuRwU
0.052844875,0.14566885,0.041785315,0.029463585,0.02185662,0.098237194,0.01527153,0.036248688,e9-SVvcmGoQ
0.13566384,0.19372922,0.05871517,0.06365606,0.07346759,0.372914,0.058130227,0.07056408,vQlK_JpLRnE
0.92843693,0.3785378,0.07368114,0.17148526,0.18832849,0.5720012,0.2889918,0.2527981,p74tjBgHBgw
0.04967218,0.20293687,0.070814855,0.0318012,0.035277773,0.16461913,0.02929751,0.049827084,R1LykYZc-pg
0.35398674,0.5103351,0.6102348,0.30611825,0.26389414,0.15143941,0.39230084,0.35243627,yLkFqA14KeI
0.39056432,0.6712539,0.8998427,0.25795233,0.35784578,0.078605324,0.03204437,0.80577105,uKyImIeBVPg
0.46012515,0.7818779,0.9000954,0.38636032,0.56516016,0.64822423,0.5835036,0.5138476,g2hXPaKgYCg
0.17970102,0.37673646,0.13873257,0.34504533,0.89455545,0.7080608,0.56268007,0.5823826,fuLZGS5mKMA
0.1914155,0.27304465,0.02953772,0.1910774,0.51226175,0.15732545,0.20522906,0.10643824,qJoxZY7vlqg
0.33151454,0.32256678,0.1332654,0.05045388,0.05831978,0.09093567,0.012772553,0.14706047,tb3QKd4q7Zw
0.104832426,0.2479446,0.081735894,0.048878286,0.03535736,0.10676056,0.0168681,0.075702295,70hruQka2gY
0.53090775,0.31647673,0.106669664,0.3025911,0.14049357,0.35258624,0.16413476,0.2265357,jB-gPwz5ULc
0.09010628,0.15874858,0.05057858,0.17865568,0.09804018,0.17690977,0.031185975,0.07120924,5IlsPDaepI8
0.7507451,0.49730188,0.2899982,0.2986526,0.4275019,0.85079104,0.44298556,0.3268394,iOCW7upXyTc
0.20884053,0.5339361,0.10408681,0.22343734,0.2984408,0.4297345,0.27359754,0.13395831,5mXdaRxnGkg
0.5602071,0.57357603,0.1596097,0.3364372,0.31701332,0.4652612,0.20009461,0.3206906,NfBCJylvo1s
0.41437832,0.51489264,0.32053337,0.20870842,0.2943255,0.04502504,0.015688026,0.31209266,rjop-va4V_M
0.0836883,0.18235862,0.054519333,0.04808418,0.038044587,0.08702804,0.020824814,0.049254816,9OrzGryYxGA
0.041641958,0.17583992,0.03144355,0.020884229,0.024979303,0.13214335,0.042001735,0.034092337,ktBbszmtGOo
0.06674579,0.18280311,0.052140873,0.035492457,0.024235489,0.27208182,0.05773066,0.03856006,2OrX0U4qwTM
0.76313615,0.5991713,0.8717239,0.6332842,0.60342085,0.8147743,0.44820568,0.69222456,gelWOrbrx_Q
0.10996294,0.28768852,0.08059821,0.11868818,0.14763059,0.07360818,0.030155903,0.12105632,xYasBZaEZOM
0.92843693,0.3032142,0.17450672,0.57260513,0.42420152,0.66881067,0.46621865,0.42960635,6f_n_BKKpq8
0.06446153,0.1629288,0.03303684,0.039346445,0.019200744,0.13342544,0.02792408,0.026467199,tHF2xE8OdRA
0.63539803,0.28768373,0.0751236,0.12834665,0.07928202,0.53648263,0.13476147,0.096936524,73uRSEPdFyA
0.13543391,0.27762875,0.09715659,0.09066438,0.09489356,0.18864077,0.019297661,0.10832911,oSXcwSNxc8w
0.069835514,0.23183729,0.049316112,0.11892277,0.2693145,0.34911555,0.1250247,0.09166568,F90mc_a58rY
0.35766906,0.55509675,0.24297501,0.24900517,0.14179395,0.02745638,0.019714156,0.22575368,llkwtOYXU9k
0.07965113,0.21747807,0.036338452,0.07116525,0.052318323,0.26239353,0.11536485,0.032834362,epbu3RgOx4Q
0.25660434,0.506343,0.18701221,0.17759922,0.11714543,0.15734519,0.06412373,0.096104614,7-2AEIL3aIE
0.20160502,0.21780083,0.09004049,0.110232756,0.08033396,0.56874883,0.3490159,0.08750349,PdKImTOezvs
0.24520604,0.525,0.10200423,0.16715007,0.12417333,0.08695702,0.16620636,0.09548278,yTKTOvg6nc4
0.048798952,0.16087012,0.034191508,0.022639357,0.014767859,0.17739935,0.028439116,0.024619063,Ww1yA4a6Sgk
0.07366756,0.19294919,0.048477314,0.063182995,0.04889349,0.24936138,0.1580154,0.057599116,CJBCKMBQ6ps
0.111512445,0.25536957,0.07367427,0.08095311,0.03964211,0.3225775,0.15859914,0.057444874,rract7SRTFA
0.23342629,0.29528975,0.12214403,0.104795724,0.059661716,0.10653178,0.085282035,0.07832895,GU93pdXY_HA
0.2817537,0.5167522,0.11125785,0.21564056,0.10969038,0.07773797,0.0789077,0.08376245,FZpmS5ox0bw
0.1117133,0.35695234,0.073336266,0.05084888,0.07442724,0.002538404,0.07690986,0.095516086,7DKqP1F5cVk
0.10368663,0.32184106,0.12487018,0.05938702,0.14288415,0.21727356,0.29855597,0.14040183,ZnXt-JiDwYg
0.13827398,0.30630824,0.0706089,0.05642707,0.039959095,0.17516989,0.046122026,0.059528142,Sinfo0j1VY8
0.4111482,0.37145215,0.16111858,0.17146964,0.1601203,0.32603586,0.094410956,0.1535282,29FQt7h22yI
0.77172047,0.35004497,0.15834777,0.34463352,0.28297096,0.5680319,0.19535941,0.22805905,6PLfyvhbXwE
0.07679954,0.44544882,0.089421645,0.039223395,0.033197075,0.17333429,0.047495455,0.02236161,0xggGnp2i9g
0.04747246,0.14812224,0.015254958,0.072127186,0.1944292,0.32159764,0.17661177,0.059528403,QqWFDAfCJIM
0.41833174,0.5580801,0.778477,0.40460694,0.46837443,0.43984836,0.43791756,0.62853587,tL8S1erKLjI
0.18771248,0.25295836,0.11440604,0.26827577,0.1635184,0.12977536,0.036336336,0.11966916,C49EF3WfUzY
0.15041073,0.2700843,0.040227216,0.12739727,0.10998428,0.29372075,0.06132676,0.06278904,qCD2-B4li6A
0.08997292,0.29145798,0.042050693,0.0402644,0.104104005,0.36422524,0.015132698,0.04176947,JUV5DCFs_sU
0.12692717,0.32633066,0.05287788,0.03768554,0.027194215,0.44292682,0.023460433,0.022181414,2EHcFx0AlZo
0.050702095,0.227945,0.044065647,0.028531851,0.026849044,0.12763226,0.013952625,0.034281895,CdBe5fL_GSE
0.21425776,0.40224218,0.15662038,0.15797566,0.19436486,0.038758032,0.1580154,0.14183079,QevQ5GzJysE
0.048798952,0.16087012,0.034191508,0.022639357,0.014767859,0.17739935,0.028439116,0.024619063,VSa3UJNG9no
0.4723065,0.43143517,0.32554182,0.3869426,0.2731799,0.033648692,0.5535644,0.24860258,eaCdYOjAyAo
0.12319459,0.2974944,0.08233328,0.20402274,0.1486059,0.21149686,0.15568043,0.07980164,gA33ZmYanIo
0.1833645,0.37621987,0.036147203,0.13874802,0.14281663,0.16484153,0.15626417,0.064498045,TSNR2v8BMbE
0.57917213,0.30562425,0.059143677,0.121244915,0.13502923,0.051813982,0.042001735,0.1374691,qWOGo3_LvwU
0.09121834,0.44466007,0.12363731,0.04312825,0.122095406,0.22897,0.0186035,0.06334498,0Tj7p8CKfbc
0.30737638,0.50547016,0.16188903,0.12822342,0.14260423,0.32849383,0.10956893,0.14301966,pThsrUAEQlY
0.10722612,0.33602986,0.13664304,0.103430815,0.21333435,0.31407174,0.0669207,0.17846382,5cnT5amf6Ys
0.062684774,0.16755727,0.043265183,0.035839397,0.030078355,0.21667878,0.07131593,0.03674218,N98VWRrFteo
0.122851655,0.23075163,0.14048347,0.105654575,0.14093293,0.17739935,0.03049926,0.20737527,BKaRU4DxaIY
0.14287454,0.21076846,0.035223506,0.10338716,0.026219158,0.11596046,0.05613239,0.031477474,DhuMo2M_AnA
0.1780024,0.50450367,0.18719158,0.07486503,0.050919715,0.15440233,0.055732824,0.14265181,N_yIeBGto4s
0.18560173,0.2693112,0.1308587,0.11998166,0.11124287,0.18217301,0.29855597,0.13936317,tQe2_DPHRIs
0.18155533,0.31567794,0.19989759,0.18888228,0.11759131,0.24038683,0.1609341,0.15483582,RLHDv6J5XPk
0.14287454,0.21076846,0.035223506,0.10338716,0.026219158,0.11596046,0.05613239,0.031477474,h38em8g48K0
0.34001774,0.30439538,0.05438059,0.07566443,0.09108177,0.4385045,0.20009461,0.057933517,KO4Wq8VoQkQ
0.23763794,0.33752432,0.12126873,0.6756011,0.5681502,0.7079002,0.3897107,0.3020041,NFa6LYi1fOI
0.20769064,0.38229334,0.12924032,0.11776511,0.16425703,0.068252504,0.002932828,0.2206754,ly51MTXGboM
0.102944925,0.3889106,0.09284585,0.07533621,0.02770143,0.09157388,0.019019997,0.049235698,CarPoHcLEp8
0.1371225,0.256119,0.07951337,0.29397103,0.8211055,0.26382086,0.31671798,0.33131456,8vjFPGkl47M
0.12993255,0.35829696,0.19097127,0.12030169,0.13061148,0.1266752,0.014993866,0.2221419,C20t1O1i-lQ
0.05572293,0.14453046,0.036633395,0.026075168,0.014823308,0.21762815,0.018187003,0.025026858,84A8Ns6qjz0
0.06494134,0.15971616,0.039322864,0.033005707,0.025661591,0.27920207,0.06492286,0.033559624,I9Y1L38GdpA
0.12288744,0.2956429,0.08774106,0.20616974,0.17509691,0.22360522,0.0224908,0.11373368,ILBKfvLSbPU
0.35976955,0.5159469,0.19938946,0.1368262,0.12847696,0.02799405,0.009093502,0.21141182,l8Ve5NUCcgk
0.57122827,0.3848559,0.32686776,0.44534782,0.45499274,0.7731081,0.5810591,0.4259033,FiZwrdg_WUw
0.264672,0.4147295,0.06330054,0.041784856,0.06779634,0.19672346,0.0043211486,0.07315881,_Nn5m5Zj7kM
0.21795231,0.37405163,0.039742555,0.17623366,0.10129386,0.025319034,0.15684792,0.05318595,kpb1ZaBPURc
0.45624936,0.40444678,0.12442636,0.311316,0.27377564,0.44511613,0.13610743,0.19373587,L0HPIXLeMu0
0.76328737,0.598661,0.8525804,0.8008965,0.7957286,0.72789943,0.59863794,0.7952311,Hm_LTFsZQoE
0.28019056,0.4408828,0.68371606,0.4541293,0.6413902,0.7079002,0.29070088,0.56524754,RT9StEi6lnQ
0.15445966,0.41200843,0.20637378,0.10891226,0.076183714,0.16405205,0.044405237,0.10980373,Qf84m8CkFVQ
0.3236395,0.3763425,0.3408402,0.06256925,0.05530805,0.15399088,0.0052062036,0.14903483,29HNB7sSDjw
0.124573186,0.30088574,0.0345186,0.061590973,0.06331177,0.2025469,0.09118898,0.033856284,Rd8KE-BHBRI
0.1501546,0.24312583,0.0678146,0.076206066,0.122269295,0.3390028,0.39694545,0.08165233,Ow7m5TCZWmQ
0.23985787,0.53440773,0.5093729,0.11743962,0.13856108,0.3726338,0.44129625,0.17832853,kGGQn2bIWzA
0.04275247,0.36516243,0.041268602,0.03343844,0.065698,0.4390724,0.07970683,0.025115669,0PO5MEBQ3WQ
0.14789234,0.3828777,0.046905395,0.14604941,0.20154227,0.2640982,0.1019289,0.061423924,7ZZNGfMuXYo
0.09998771,0.19498609,0.09621387,0.08487681,0.15225613,0.16230398,0.057331093,0.20168392,F_6WEyFa_Lg
0.077950485,0.23676722,0.07585735,0.045006365,0.035990033,0.1475088,0.021518974,0.051975343,nLSeHPW8Dz8
0.4479415,0.7011323,0.93873084,0.44552988,0.70199466,0.6250182,0.8129004,0.69980025,Vk3tfBobQWQ
0.34090576,0.3796077,0.2745907,0.46551895,0.42701024,0.070822574,0.024490505,0.35946304,kjp0r88gsKU
0.049637258,0.52025586,0.14544985,0.08941431,0.036082774,0.37339824,0.06012806,0.067857355,Py8bIwrqlek
0.04691096,0.18416072,0.028761381,0.054495387,0.15972044,0.33306876,0.19862764,0.047789197,mfUyIQwZ3oU
0.09141138,0.2993132,0.10622689,0.058358803,0.097455606,0.16780324,0.03049926,0.121831775,4DYjZ-n6xNE
0.27443177,0.3370938,0.12612107,0.09012204,0.086207174,0.47580507,0.067320265,0.08803996,NnWF2wadLQg
0.32122463,0.46286952,0.6901869,0.6693522,0.68785954,0.85079104,0.5042868,0.69252884,s1PDIedt0Cg
0.027255177,0.18905744,0.01151653,0.011234049,0.017085303,0.12555449,0.009648831,0.008988731,cw6OrH2mDu0
0.5668362,0.41149673,0.17003849,0.18524732,0.11136114,0.03619196,0.01561861,0.17793235,KVoLeTLp7q4
0.8596631,0.42049158,0.15283401,0.40583205,0.57073563,0.72427535,0.42315382,0.31401145,q3wf4VD5t_0
0.34465358,0.53185904,0.42000946,0.27027437,0.4743403,0.17502813,0.09333697,0.43956652,WZDNF9qK_zc
0.13048837,0.33460683,0.16375,0.08733446,0.15467182,0.29833865,0.045778666,0.27240002,CAYTiwRl2f8
0.03412789,0.21245797,0.024939336,0.00983193,0.0073518534,0.082958415,0.022074303,0.011086764,5V-TCxErneQ
0.05420038,0.18848468,0.067819275,0.09010649,0.19640055,0.09609797,0.1785852,0.14868061,3enCDbErtuM
0.38296598,0.3798888,0.23222663,0.15810314,0.23234098,0.2999402,0.16035037,0.17908454,trRDnd-JVF0
0.22463483,0.3135242,0.17053014,0.18190226,0.20742187,0.17092529,0.0050326632,0.20513111,mVhe40xSs5c
0.17206861,0.25722972,0.11092229,0.049359012,0.025957504,0.17211175,0.032559406,0.08160217,D0byAKsqthI
0.05108608,0.14758936,0.034802705,0.040919576,0.015038016,0.17570525,0.004720291,0.022812385,Xxd3BTS2IgE
0.7573343,0.29090497,0.08825487,0.16538836,0.13699241,0.22887562,0.26817688,0.18166858,tn0kJNhurS8
0.084159456,0.19601734,0.041919813,0.06938552,0.052541662,0.14714843,0.05413456,0.030254852,DjM9uXwiZdg
0.2476625,0.29869235,0.20359579,0.28934163,0.68785954,0.17386591,0.42092466,0.92395467,9V-bYaJ6c_E
0.16919011,0.3506013,0.11243291,0.28757772,0.18357873,0.43846384,0.16344422,0.09644476,cthEa-PzgzU
0.16629633,0.23841289,0.059411444,0.12493226,0.083285265,0.39068022,0.3123962,0.07696625,YRN1FuQWfyk
0.24422744,0.47255483,0.12544306,0.106751814,0.10701846,0.39904755,0.11665283,0.09891157,bQWLJsnQGFI
0.6160916,0.35195857,0.07108122,0.1868769,0.25917333,0.7079002,0.24242763,0.10368833,RtVwsofODoY
0.0977227,0.33220476,0.05356553,0.035418786,0.06615151,0.28856668,0.03599298,0.04179353,osdJOo6YU_k
0.17412859,0.67811483,0.92006356,0.17218107,0.16985135,0.16566084,0.38959074,0.43712157,DeEq27Qhw8s
0.41356972,0.5432105,0.3275913,0.18668672,0.28330863,0.2941986,0.34388447,0.25389087,oqmPajVijtQ
0.25455078,0.4176149,0.31711683,0.22077493,0.21487358,0.037551794,0.13610743,0.3485289,b5h-SntATz0
0.09457351,0.58178073,0.20731734,0.108973965,0.07203322,0.058626194,0.038911518,0.0995516,NXqPOsE6Xq8
0.5067957,0.39659518,0.5781327,0.37808374,0.6488299,0.7279288,0.7344555,0.7422003,GkGNj3BhMFs
0.2553272,0.5420636,0.15204342,0.08843709,0.16522457,0.25776607,0.09870692,0.116634846,o2CMIKPBEiA
0.08154868,0.27491117,0.08422223,0.19960254,0.48489207,0.014044285,0.29756662,0.21399659,fxfIVUEEU5M
0.09966396,0.23268758,0.06843597,0.11193329,0.07617836,0.019145379,0.062925026,0.093530804,UZhw3-F_x70
0.24559793,0.5120269,0.45506266,0.1710811,0.30789128,0.09740025,0.08796701,0.3780455,qKCd0c0cItI
0.051308576,0.21280003,0.040970128,0.11190905,0.06171355,0.021382095,0.049898956,0.041901283,i7X9H_Mf9AY
0.072720125,0.22374642,0.047548417,0.03899333,0.032815915,0.18344323,0.1731117,0.03651245,1vQbUKq176Y
0.123997554,0.27172706,0.04112281,0.17206323,0.5000181,0.26958743,0.18253209,0.104338676,u99o6ME8B5c
0.15912372,0.33784893,0.12361925,0.06276018,0.0745836,0.00020306771,0.06612156,0.09944415,mAGT1IUkuvw
0.054718666,0.16870023,0.054362416,0.02641797,0.018816236,0.18343972,0.022945397,0.03208359,H3hsLydyQz0
0.32231352,0.50277245,0.3292044,0.23042044,0.2998741,0.30327484,0.19716066,0.3521942,qA4YK75LaME
0.18287171,0.25781402,0.1250993,0.14795828,0.1339184,0.23477711,0.1785852,0.15589997,iFEh-6alY4I
0.34418246,0.42115438,0.19488935,0.20466079,0.34177932,0.062967315,0.22986074,0.35553005,l-yRaO-xsdw
0.07564892,0.1866992,0.040911537,0.031645883,0.025173604,0.42429757,0.2299237,0.030932778,t-VYtaT0Zw0
0.7255215,0.33787742,0.0505768,0.22220851,0.30018514,0.7279288,0.28923595,0.26445335,Kmb60kGXWEw
0.06844667,0.17287968,0.059887845,0.03706391,0.027425641,0.14718962,0.16620636,0.043861236,fzC-97yFcNo
0.2860678,0.4778562,0.08479101,0.4041774,0.22574751,0.40666407,0.23628397,0.1273506,9LQS2GShWlM
0.07383341,0.21209925,0.04758827,0.033423837,0.022791337,0.08404517,0.029984225,0.027442569,cTqeIN834UU
0.054653987,0.2379803,0.03962005,0.021554066,0.029301023,0.1615862,0.014646785,0.01965769,uF_sZtCAwIc
0.07375516,0.24215692,0.06189658,0.04668405,0.04475835,0.19101502,0.007878721,0.0524236,dTArBooU6Y4
0.10161998,0.32396382,0.12937152,0.15259781,0.6356477,0.4757476,0.1943727,0.2667723,KZD1Lm1fOIU
0.41325504,0.5722727,0.31922624,0.47834134,0.24726053,0.45067284,0.25676212,0.22722639,odBeH6kiVhw
0.16137365,0.25735128,0.07286912,0.064553574,0.09033321,0.07827903,0.03994159,0.08846352,S6ctDUqM4B0
0.41876897,0.5509135,0.72883,0.58523935,0.43153238,0.045322254,0.5535644,0.5323967,L-eLlqs7eKc
0.04456783,0.2763981,0.03685153,0.027177464,0.04792242,0.09229609,0.040284947,0.02362146,MSQs_btg9CQ
0.9128398,0.43901628,0.2927397,0.30074152,0.24602573,0.6286091,0.5933793,0.35409275,-gahiKpoDUA
0.22605824,0.40404186,0.5684277,0.32195392,0.5526783,0.5680319,0.5149511,0.2957874,d2b6bWZ2ltA
0.16477384,0.22164907,0.08204756,0.08067979,0.06940341,0.26680782,0.006004488,0.08693408,dU-vsCQ-3kk
0.13544953,0.37937766,0.09891955,0.21086532,0.16034389,0.1688028,0.0471521,0.122662924,cOyict-S9mc
0.08139297,0.20706742,0.14018671,0.06580942,0.051021475,0.09569316,0.012841969,0.09177151,bTnl3SfvBo8
0.23396675,0.55015343,0.9057883,0.18489304,0.21454416,0.4372441,0.3511902,0.4591725,NStDozn-4wI
0.06664099,0.1754277,0.04572299,0.032586433,0.030001337,0.064365484,0.01721518,0.043730535,EcJ2sgpMapw
0.11617501,0.2785722,0.07117004,0.06896491,0.05385153,0.12492898,0.17380224,0.06259369,JO4BCweqZx8
0.18252492,0.337721,0.1419966,0.44955492,0.36772308,0.6492581,0.18746567,0.17058815,4zzXbLOhiL8
0.06815694,0.32506794,0.061849542,0.037548464,0.038104,0.13617915,0.012008976,0.048333544,DVUg1-LY4DY
0.16227701,0.3353685,0.060241126,0.14601247,0.2262363,0.00076913176,0.1414913,0.10368313,20Z4VzwGaHs
0.3485039,0.31614757,0.41339546,0.39427975,0.7204484,0.23998256,0.5550837,0.8868394,kiyo2XrAxyY
0.3686547,0.3923693,0.22196743,0.21822141,0.17061226,0.088074744,0.11021292,0.30154142,fojvlo_iqwk
0.06190836,0.27910286,0.07639735,0.11973145,0.096960545,0.62989223,0.11600884,0.06363993,5Pq2ECifWD8
0.037779957,0.15993176,0.023965847,0.07846982,0.023073366,0.045312367,0.02124131,0.027948994,df9gEFmMvBE
0.33300173,0.39469653,0.17270489,0.18300632,0.13782103,0.0978074,0.11472086,0.16036338,r00hbsHmUcw
0.51824385,0.5941647,0.7407407,0.58523935,0.6444023,0.82172567,0.650189,0.6222302,6JfF0_Lc6sE
0.122371785,0.34508312,0.38620356,0.1129004,0.06058604,0.16239376,0.023288755,0.15708743,FPRqkd3evRQ
0.34438267,0.331765,0.081194565,0.1541122,0.10633456,0.19279383,0.1710401,0.11300449,2DhIJF6x_A0
0.16930956,0.5189261,0.22427699,0.17863245,0.08978591,0.016293775,0.08447654,0.15423901,ItiXE5EwsmI
0.9183838,0.29860654,0.09110701,0.23362218,0.19916935,0.41837084,0.44805592,0.37312898,8Z8j8YMMw-Q
0.08417153,0.4107929,0.088116065,0.08258722,0.04727422,0.09416589,0.13082063,0.048271365,O3W9Lv-KldA
0.41692045,0.2724021,0.032823224,0.23246416,0.2957815,0.50371695,0.2712817,0.10859156,vDjuEaejCIw
0.36007333,0.5566184,0.30881473,0.27447334,0.15520221,0.046683833,0.049898956,0.30755755,2FGHen1TrdQ
