PERSPECTIVE_INFLAMMATORY,PERSPECTIVE_IDENTITY_ATTACK,PERSPECTIVE_INSULT,PERSPECTIVE_SEXUALLY_EXPLICIT,PERSPECTIVE_TOXICITY,PERSPECTIVE_FLIRTATION,PERSPECTIVE_THREAT,PERSPECTIVE_PROFANITY,video_id
0.26840475,0.038161106,0.10516736,0.1038395,0.024662184,0.35863948,0.21470733,0.16092844,NsL25DB5fKk
0.1361977,0.022267347,0.019877447,0.058330324,0.03770977,0.25115553,0.07445301,0.029610608,8k9WEavbluw
0.41880056,0.3193563,0.4147987,0.06849837,0.34466723,0.46537787,0.30045083,0.16908573,SdfFeqOZfiY
0.15455133,0.09462074,0.049247466,0.13556664,0.10300289,0.35445398,0.19187924,0.06862706,S64ZJIBaTgQ
0.2076317,0.015395097,0.01562787,0.0203307,0.02124131,0.21514703,0.04450081,0.013238777,INPDe049R4Q
0.08465271,0.040393144,0.026383938,0.07712025,0.089041,0.31180993,0.17787836,0.039612055,JHfyDHwbSpo
0.18108687,0.021698795,0.030814677,0.07261138,0.021657806,0.35526478,0.17568721,0.09466075,7q85DbACGx8
0.07802154,0.24279001,0.29154107,0.37744698,0.0056921155,0.5298535,0.24727757,0.3137176,-H4LoEIGVpQ
0.3025611,0.19879863,0.25048706,0.15490198,0.1414913,0.39840308,0.54509753,0.3143592,Cl-FhjoKGqQ
0.050096698,0.06993189,0.052261043,0.06248735,0.00069416047,0.43376786,0.23902988,0.057381842,sfo6YI1yiuw
0.63008344,0.24114428,0.19281192,0.2316038,0.18055865,0.34377268,0.51565903,0.2439342,teKmZkXHOiE
0.14804222,0.09566635,0.10314917,0.1488047,0.006004488,0.52163535,0.2644909,0.08892935,Z_t0eO-62vc
0.1878899,0.05943852,0.074778154,0.042363815,0.013327881,0.32919878,0.11715352,0.041725364,mfnZDPw6w8Y
0.19515963,0.036121644,0.058421943,0.035435796,0.23277332,0.2676208,0.088817745,0.03274078,QSnqWB7A800
0.13441937,0.1282765,0.10879834,0.160117,0.010828903,0.600201,0.2427532,0.12175458,7S6Q-fpJoeU
0.17700247,0.102497704,0.09361224,0.17556301,0.031357653,0.579947,0.27817163,0.087494895,GzaaMfZBSv4
0.061947126,0.024875397,0.033399228,0.026165629,0.028267438,0.3400874,0.049589645,0.01839617,P1LJLWOGcZk
0.4401112,0.04311856,0.07108804,0.10641865,0.023117077,0.414106,0.051394526,0.08542759,7yKlbhpmDTQ
0.10555135,0.109597705,0.07420635,0.16588464,0.022773718,0.36593428,0.4336512,0.1657148,UWHXyKP-Viw
0.14262746,0.08945418,0.09842754,0.1899545,0.0057268236,0.4812478,0.22775836,0.14781825,MWB2JIdANDI
0.32657418,0.12440124,0.83040005,0.06277731,0.41950125,0.24895017,0.103981435,0.28351316,y_LrnuwN5rk
0.107526876,0.12990117,0.105753735,0.1699979,0.01721518,0.46079865,0.28603023,0.10679011,9jcWGA5QCAk
0.20824075,0.11560156,0.11471702,0.11659602,0.22991583,0.4954999,0.2004917,0.11055257,BF-SoY6X590
0.1911223,0.120868824,0.23958865,0.18773948,0.14193995,0.43099454,0.13127485,0.43093905,sKVSMpwjUT0
0.20981634,0.074530065,0.048119962,0.14975353,0.13790205,0.58875495,0.12293181,0.054415572,DY555kfrtUI
0.3482584,0.082749665,0.0478206,0.07182902,0.15451296,0.37735087,0.22107267,0.04697626,BuinSSMFxeA
0.18835017,0.21742955,0.11058153,0.099950716,0.1884524,0.34797192,0.25102878,0.14586069,SSRBnFqeh-s
0.62909275,0.043182496,0.05503407,0.054268062,0.05653196,0.48709866,0.09098968,0.026091337,nKFgoIdIpy0
0.19102764,0.12673904,0.058331206,0.06131371,0.026894007,0.22437815,0.1407802,0.069927216,YZstGVca-Ng
0.043046933,0.12004615,0.10213281,0.094708,0.0012234577,0.3313968,0.18392548,0.09783207,iZvDZADf-jc
0.19645746,0.12429116,0.12030191,0.20862882,0.111500904,0.5387886,0.21500131,0.14109182,YrU9-06r80w
0.19759199,0.08059305,0.056359433,0.089127995,0.046122026,0.42224988,0.24273466,0.074318476,LNJg1JZpnPk
0.44402617,0.100174904,0.17515887,0.07726065,0.06252546,0.34114996,0.14019124,0.06733444,l_j2K1rZmhw
0.2984555,0.16607456,0.26995254,0.3643493,0.015132698,0.6138114,0.37470412,0.26807463,Olaw_n7FzVY
0.07550094,0.26817843,0.24151947,0.07269124,0.22157386,0.4175547,0.4146161,0.1443949,z3jgYX5Jtbg
0.00087552454,0.3204992,0.5759045,0.08846874,0.09548495,0.3686261,0.26995572,0.1872,w9WbO03UZ8o
0.42866695,0.10399646,0.62455314,0.05792151,0.4945446,0.2546256,0.110379755,0.1743218,oc_myJbZTHQ
0.033240896,0.31912854,0.56994694,0.4661118,0.006282152,0.5344244,0.33614627,0.63096184,MUNvZCrTqA4
0.25532436,0.16547728,0.15448005,0.14475965,0.11472086,0.46861973,0.71223503,0.18280306,S9KdOYeGTZw
0.009839342,0.061518207,0.07562607,0.16603498,0.010551238,0.43335992,0.1611582,0.11575904,zTSc83wx5wA
0.4375236,0.19664693,0.714872,0.12765555,0.41665444,0.6035089,0.33633682,0.28265113,SJmri_r7IJ8
0.3767119,0.044189703,0.07399761,0.034666207,0.19789414,0.32232627,0.09863723,0.027676389,8MMBntaIizg
0.2856825,0.13742723,0.1577054,0.13359544,0.0825038,0.34357822,0.14678122,0.18503389,S2c3AtRnORk
0.14959781,0.097179435,0.12529102,0.18852042,0.016104523,0.3430629,0.2847879,0.16396044,TRi6D8eR5xg
0.13277718,0.14839268,0.118794985,0.08673624,0.021796638,0.41713148,0.24708088,0.122516446,NmTtNhp1oJY
0.14878477,0.2091366,0.17607129,0.24609011,0.22687212,0.5859691,0.5691415,0.17720057,VH__hJsLXho
0.055606686,0.27927503,0.2457637,0.36304104,0.0053450353,0.502335,0.42333055,0.26314682,Gq_pzaq9z_I
0.12605248,0.035455145,0.050213404,0.05491047,0.02792408,0.39848012,0.07957108,0.028939262,RzdrKNJiqFk
0.35998106,0.107406825,0.121720485,0.32147488,0.13879937,0.6462794,0.15096098,0.14041737,L7Ew0cc61ts
0.17633753,0.09502494,0.10075763,0.09750446,0.14418322,0.34342736,0.2369353,0.06882512,TcJx9PVEThE
0.15408257,0.03066322,0.022126747,0.030006468,0.029640866,0.19346422,0.04392568,0.025440434,_JotwkYHDhU
0.21918826,0.063140996,0.030801311,0.03342255,0.06372416,0.36139026,0.24412401,0.039709955,zBvdF6osgxs
0.15628542,0.04931861,0.11131086,0.08275717,0.2008281,0.35495266,0.13551189,0.079379715,n8QTBbodu9k
0.27854472,0.00926625,0.009560364,0.012235833,0.0021085124,0.1752401,0.023184637,0.007979808,twLdo1Tf4Bg
0.22106862,0.08797051,0.11042898,0.1541966,0.1785852,0.34922227,0.26998204,0.11886935,1lt4nEiAx4c
0.15647428,0.1897822,0.118199684,0.0741732,0.11472086,0.37979966,0.26776278,0.0833282,Z43J2cG4gNA
0.22248869,0.16266468,0.16367193,0.1266667,0.0765103,0.3956475,0.33733317,0.15453975,9qIp36RRk60
0.13632725,0.16170424,0.2974592,0.34823126,0.030842619,0.44082686,0.12105504,0.3847268,dWLK9GcvCtc
0.119274884,0.13527822,0.1410091,0.09109692,0.014299706,0.29355532,0.12310709,0.16805494,d1ZkbsKH9L0
0.09521318,0.029163728,0.055944383,0.046656415,0.046465382,0.38553995,0.07469957,0.039249927,a0DCQQozrT8
0.27732792,0.065929644,0.06091494,0.06592636,0.033246122,0.2385615,0.30412236,0.06039603,pTSZH9pDyaw
0.092415944,0.058998864,0.041137855,0.08207168,0.02124131,0.29165787,0.081653334,0.08854686,m3Unvv2KwHk
0.3946727,0.123161554,0.1639826,0.21451455,0.15334547,0.36993912,0.35960662,0.29392317,mI6EFCW97fQ
0.211594,0.12569314,0.15714599,0.17491823,0.010412407,0.5321986,0.21938594,0.14404447,U7Y5jJoF4c4
0.057979725,0.12988308,0.09065628,0.15808608,0.011800728,0.36523125,0.4884791,0.1756521,MHGGlYq6iWk
0.056178078,0.22475575,0.25609013,0.12380592,0.06931809,0.5759564,0.32510626,0.15265645,UAJEDVLk1U8
0.1809654,0.03613962,0.073129565,0.0365197,0.2712817,0.2773294,0.062218472,0.03496508,BtGLy-UOZAA
0.370198,0.11964505,0.16960596,0.3808786,0.05253629,0.5315238,0.25884777,0.3090456,_OPRrrB64_0
0.041801266,0.09452634,0.1897646,0.1985323,0.074912034,0.5259912,0.27431515,0.19944887,ajTAb7PhBvo
0.17309201,0.07862289,0.08601888,0.08693762,0.10892494,0.34211364,0.1033652,0.11969397,O8YmuvHn8Xo
0.27886936,0.26936346,0.12763028,0.12546714,0.062125895,0.45378676,0.4538574,0.111366965,WZXwU3WphHE
0.088723965,0.13720502,0.092696555,0.05640636,0.09333697,0.35301054,0.46990985,0.09468203,zWvai45DCIg
0.15554701,0.015931925,0.0078086667,0.028390305,0.0063862763,0.18425223,0.032842908,0.012322297,0YuDuU_5ubk
0.019181397,0.050392367,0.053660877,0.08147135,0.0073233927,0.35550952,0.30436218,0.08167954,TMqL9hTydfU
0.1871802,0.123939335,0.05606904,0.14647321,0.0069068964,0.40787047,0.40763572,0.118795864,2ji9lmb66ps
0.37287915,0.04668533,0.03147126,0.041524094,0.15042676,0.27867797,0.095957145,0.03285303,AD77FRdxQTk
0.13598497,0.10470421,0.09759303,0.097941615,0.10956893,0.43571874,0.25632983,0.106757745,hOhw1ywSBP0
0.09002062,0.09296541,0.061293337,0.14301951,0.2752517,0.3056272,0.19472271,0.09946987,lxCntM0J7SA
0.17380537,0.15403984,0.11419941,0.22273478,0.032387726,0.365688,0.31674156,0.19376169,UbqZa09xYGU
0.11638413,0.04258865,0.03817294,0.059559416,0.032387726,0.3507832,0.283097,0.05799649,rrBtiXQsXXQ
0.099464625,0.03499459,0.03291673,0.03190765,0.011523063,0.37694144,0.105533384,0.025452599,U6S-7vTvesA
0.4511488,0.11696831,0.041565403,0.042650163,0.022945397,0.25285855,0.12619178,0.052777804,Rz9ZGm_yfAI
0.119703434,0.12521148,0.0942519,0.16992643,0.022351967,0.3731525,0.48966467,0.18223187,Fnx1j9F7-KA
0.18359372,0.052375022,0.07737933,0.09205715,0.14014533,0.34578457,0.1561757,0.06395106,3jNaApDurEU
0.49538493,0.10368723,0.11856559,0.14958045,0.087430015,0.37705407,0.556601,0.17290814,k4m9oj-QeOU
0.36268017,0.10967677,0.21806625,0.25310847,0.2299237,0.5083669,0.36170188,0.20150946,aBCSp0o3SSs
0.04232358,0.15512292,0.10657341,0.13399224,0.09118898,0.356651,0.6543643,0.15073505,M6R6uvQMPzw
0.3825922,0.3077731,0.26496,0.15049343,0.30187345,0.43274435,0.3320598,0.27891418,UjxeYi5U4V8
0.14950469,0.042506956,0.03453618,0.05646684,0.14418322,0.21273799,0.09860492,0.053636424,ieHEx9Hjo-Y
0.19267534,0.051897686,0.07810878,0.10553542,0.09924392,0.35389784,0.15440808,0.06882854,v7UIhCsx_yM
0.34024253,0.01440937,0.016637605,0.025794571,0.025863936,0.2289631,0.034006894,0.017963987,dKojutdHuG0
0.31809855,0.073721424,0.12816513,0.09269997,0.17242117,0.38128692,0.15198995,0.11115811,dssK0RyJ6Qw
0.70798457,0.18935852,0.4494484,0.13719685,0.52368855,0.48541197,0.21955886,0.16328211,U7C-XJpgFLw
0.1514462,0.042100143,0.046797473,0.066028096,0.018464668,0.29927602,0.096011385,0.0548957,yLgnkCvuFWQ
0.2638682,0.008959748,0.010413321,0.015181742,0.040284947,0.2301528,0.027463565,0.007673489,m7oZ38Qg8Tw
0.15647428,0.1897822,0.118199684,0.0741732,0.11472086,0.37979966,0.26776278,0.0833282,ZeGva3KUkXQ
0.65021473,0.12129435,0.1570613,0.12234686,0.025692256,0.46934384,0.22014982,0.11527055,qHB3WzgEQ7A
0.07338475,0.057146873,0.06435695,0.054269843,0.040971663,0.45196858,0.5431423,0.06517892,In0NfhC7b5E
0.3058341,0.052894857,0.055212744,0.07975077,0.02262963,0.3164541,0.28851604,0.10248195,tJLKcLPiqLE
0.19031969,0.05777199,0.034608204,0.06279858,0.02193547,0.359051,0.11485079,0.03807418,PRIi7OdklJc
0.07045352,0.5193765,0.17553727,0.09500111,0.018742332,0.3613214,0.36772308,0.10960899,zNUh3kOBwYI
0.08839992,0.12481778,0.08801121,0.1214199,0.112788886,0.49932042,0.24311173,0.06756116,qxvQ-3ZoqgU
0.16889942,0.06607139,0.03777023,0.16754772,0.035306264,0.3015943,0.13581216,0.083753124,oayAEsJpPaQ
0.4370477,0.056239616,0.048439804,0.08482607,0.09387396,0.28440803,0.16706532,0.08199665,lWq27vLyJ0c
0.21067989,0.06491725,0.058426343,0.15411974,0.15626417,0.6687751,0.15789865,0.064201795,GrTXSV3PUTc
0.28796238,0.031619098,0.01677272,0.052662842,0.008815838,0.23952653,0.04849313,0.032063648,wwiFeqpeRRI
0.20079042,0.081398696,0.03849758,0.09872704,0.11021292,0.2892162,0.12900306,0.06011142,G311WhrIkZs
0.361875,0.13554876,0.25191498,0.56738317,0.10956893,0.66572607,0.33202413,0.4257763,9EBPG2nuiCI
0.6302001,0.1695209,0.26134267,0.20929319,0.123736724,0.5483828,0.26674265,0.21040304,jSrCoLu5OY0
0.19579211,0.019104596,0.01776949,0.026783768,0.033932835,0.29111758,0.057675354,0.013176562,QIeChyDSq8E
0.40858552,0.016275432,0.021079285,0.029888667,0.017006932,0.3290193,0.061283637,0.015217865,My-wf-Ipo8o
0.34298787,0.13242835,0.14295417,0.15898277,0.062925026,0.5153521,0.22183006,0.12585458,1HgZxUCTSnI
0.09158687,0.029605309,0.02057038,0.02999114,0.014299706,0.1850829,0.04272405,0.022664424,_488MzW_cm8
0.3002736,0.034538474,0.03888024,0.06954077,0.22983712,0.25903034,0.071585536,0.030972416,-72PoHd426s
0.082514524,0.095354445,0.20209493,0.099218115,0.03049926,0.45426604,0.33339247,0.14371216,kZsDXwGtFhU
0.2913231,0.06973841,0.061160885,0.15960267,0.09279997,0.3777509,0.17212296,0.22235718,us0WI7Y6In4
0.16420521,0.080391906,0.11229376,0.061096508,0.024833864,0.35619387,0.1829239,0.07399896,vfc42Pb5RA8
0.37650582,0.10243236,0.14386514,0.116268374,0.09602194,0.3793581,0.23308824,0.10584766,e_z0F3c1NZ0
0.14046824,0.026712073,0.020523606,0.08265027,0.043031808,0.2600132,0.08280547,0.03892481,-qskIg9UF7U
0.22029553,0.12262391,0.06631852,0.13881335,0.17661177,0.40238488,0.42445385,0.08384325,oJcPQiqosX0
0.3828979,0.028621601,0.02554078,0.040914584,0.004720291,0.21530202,0.057041813,0.029918384,yQCREgz4tQY
0.17569366,0.11559642,0.110692225,0.13297075,0.39108577,0.33414763,0.13952179,0.09682468,Ucx_WyhzOcg
0.17630869,0.028361095,0.025015496,0.03546869,0.029125832,0.31243065,0.066562675,0.01965768,F9u81_vytOI
0.05312392,0.18662404,0.23656778,0.13183123,0.01193956,0.47106227,0.25924814,0.17755911,kYyPMEw4Bxg
0.48500025,0.060110874,0.07164474,0.07346777,0.089577995,0.3256385,0.1213078,0.038219407,52FOe38VNJA
0.5943148,0.20125617,0.07594065,0.03725712,0.11407687,0.34125218,0.11504118,0.056708943,A1I-UDd8x04
0.012258048,0.27070862,0.2467966,0.1799038,0.080905534,0.5341195,0.39042753,0.2139506,ktWdyNiw350
0.07533386,0.118455455,0.07256323,0.15063137,0.011800728,0.35396218,0.4543147,0.15688367,1XzLXLDsIs0
0.22401361,0.07216485,0.07052965,0.08135537,0.033074442,0.24362002,0.1181332,0.08501611,xqTP-k_2_U4
0.085369304,0.17482474,0.13896723,0.055323392,0.08290337,0.27309972,0.1848425,0.09075968,KqAQO4s-DU4
0.2832363,0.044115018,0.12544091,0.031080553,0.14597784,0.22034864,0.117181845,0.0528771,G2PjCL1BBGQ
0.17906111,0.11162794,0.061756246,0.09675228,0.1019289,0.52353096,0.29333282,0.059938446,CSfVPAWjMtQ
0.1762768,0.042801715,0.030888563,0.03757074,0.00596978,0.18446776,0.07191034,0.038238835,05i-fDXPw2U
0.16109793,0.14885958,0.10454408,0.115318626,0.11729682,0.4337837,0.52073365,0.10574036,aOpY-BYZSQc
0.29019877,0.050300684,0.06769358,0.04144441,0.112144895,0.3339025,0.1858574,0.047323298,dAute4t_sP0
0.18194783,0.09820462,0.095336296,0.16615114,0.14014533,0.38912255,0.28745124,0.119709924,A30gkBe_eXM
0.46317223,0.19239436,0.726546,0.06443348,0.5023275,0.20770228,0.1565528,0.37380007,MfbLyWxxdLE
0.23458599,0.2068166,0.22858146,0.057637483,0.13565879,0.41523954,0.31855127,0.08945907,GUX1zKAmDkw
0.26199698,0.08080551,0.18454403,0.07257182,0.29261994,0.44732693,0.16560185,0.06260335,URsyaAhFw10
0.38617298,0.07769557,0.06683989,0.10608959,0.033074442,0.29425308,0.17726573,0.08977127,-R43vUYxNHQ
0.18466265,0.12674786,0.103896655,0.11125359,0.037194733,0.4801615,0.39475572,0.11971421,Cb6v1hJiSW8
0.3937818,0.034485277,0.03619675,0.06617851,0.03049926,0.24535972,0.10785636,0.047599744,PDeHt-xJmUY
0.24473907,0.09573817,0.11801155,0.109752715,0.05613239,0.2655722,0.115303226,0.11908471,_yPvbUXVh4s
0.18667792,0.033843685,0.018927895,0.029038725,0.038053125,0.18123847,0.062273268,0.023387546,NLErwA0-Zf4
0.19122447,0.061744582,0.04173169,0.07332375,0.05493369,0.27656788,0.2679772,0.067993976,qSG0kjMxVE8
0.15492156,0.06221381,0.037664562,0.12281169,0.03616466,0.46279296,0.1223372,0.049949117,aQ-9IXLWH9g
0.09988025,0.090291634,0.11322776,0.1533186,0.020408317,0.35044324,0.32044408,0.16740048,jCMmkO6eW9Y
0.26194054,0.1421821,0.09044101,0.075569145,0.21804169,0.5014575,0.33096534,0.070996724,5N9EEH_iDXU
0.27824333,0.030819077,0.054242607,0.11294277,0.059328925,0.34199005,0.06343577,0.13292632,3Mv3Mzq5Wm0
0.18073662,0.014993687,0.01329188,0.01930019,0.02792408,0.18708779,0.037423197,0.011295669,T_rb3iBp1n8
0.18191858,0.13547975,0.10536678,0.109030925,0.118584804,0.41959608,0.16255434,0.08353221,NL-TvECwXcg
0.06998927,0.12821469,0.06349053,0.06700674,0.019019997,0.39715862,0.228001,0.067837656,IJqotxOkgfQ
0.25373644,0.029414685,0.026694002,0.03859443,0.043375164,0.22620122,0.080194436,0.031904694,6bQXWtl-JNU
0.2801114,0.023408992,0.02419707,0.042298745,0.0055532837,0.18845966,0.052714024,0.030585712,NPsMdM1MsyY
0.13665402,0.1762244,0.16362609,0.053765513,0.012425472,0.3596519,0.4194776,0.09814872,d0qRgvyk7bU
0.085283585,0.021265222,0.020085415,0.05408548,0.15976663,0.2808511,0.055443443,0.031601474,IAcbCC8VgJ8
0.1378135,0.1551607,0.15824412,0.15448575,0.029640866,0.46518248,0.36431876,0.20243664,A6e-ulFx7_I
0.018133007,0.0442482,0.04190798,0.13876577,0.018325835,0.369887,0.19373447,0.10471939,2uQjMeL-ZAA
0.1941842,0.1981729,0.13746752,0.09399619,0.08290337,0.2893749,0.39589188,0.15139478,FMPpZTTd0DI
0.18549386,0.028252158,0.021695761,0.058072995,0.04234509,0.24184659,0.19945017,0.0620261,fwUr162XYFw
0.18138498,0.011968929,0.020227343,0.029808946,0.025005542,0.34166473,0.049857087,0.0147295715,7mNH5PC8Adw
0.13025133,0.017957233,0.017546557,0.056338772,0.024147147,0.35091573,0.050678413,0.021830982,BK7ojj5H72A
0.028928822,0.26594973,0.2753122,0.15681739,0.16620636,0.2918169,0.25914237,0.2081852,W0GAUIyupdU
0.37590608,0.029040888,0.024024876,0.045687046,0.045778666,0.2347238,0.061250247,0.030279055,W0W00MaCDBY
0.18734083,0.055591874,0.049684964,0.16030972,0.13700475,0.49080124,0.3098689,0.062074717,f9xM1-CaNdI
0.14440872,0.10731493,0.087531306,0.13651103,0.0112454,0.5110705,0.49427772,0.13943543,cKPKkGFdyCg
0.08471357,0.0637104,0.037955914,0.04983465,0.08501353,0.31846163,0.06266079,0.036331903,h_JKMVCEPDU
0.13639508,0.057601593,0.09749965,0.08414095,0.3282253,0.4557226,0.22159453,0.0646868,ZjeYmFErqfs
0.2448523,0.03331133,0.033093866,0.035852134,0.021796638,0.31272644,0.079711035,0.019808998,Yc4XJ81f4bQ
0.27032703,0.10544979,0.14176536,0.109534234,0.008677006,0.5050233,0.43444094,0.11444276,vWBjYAYlZ4g
0.18422635,0.18088755,0.24222797,0.3833894,0.074912034,0.51559573,0.38613635,0.34321764,iwnZsk751FU
0.049896687,0.05742652,0.045337558,0.02805678,0.06132676,0.29595527,0.14420353,0.02551822,QvxAa7tlTMc
0.20025834,0.029907957,0.025700238,0.02884336,0.052935857,0.30859876,0.06415469,0.01920518,yCzWwcioiho
0.4446108,0.021396784,0.020253055,0.038288526,0.12309273,0.2294767,0.07682316,0.021155903,oG1pY7EVK7s
0.52119184,0.17012763,0.104741074,0.06512714,0.09172598,0.3184035,0.16432671,0.09225691,sFAhrsKYnhQ
0.18088356,0.04483152,0.13252988,0.060427617,0.22157386,0.434568,0.29153565,0.06954467,5MfJiJAnG-c
0.31084356,0.06992483,0.060110755,0.041124612,0.124380715,0.3487583,0.08693986,0.03120013,JlHmZBB8_go
0.181438,0.14862645,0.34036106,0.13143742,0.08050597,0.38577145,0.13831416,0.13396984,JcaSR52T2I4
0.26646486,0.0107626915,0.013479342,0.017004266,0.0186035,0.27830634,0.0319431,0.009307626,2sj2iQyBTQs
0.060083702,0.047677495,0.048282616,0.061544042,0.027237365,0.32131553,0.08933961,0.062015325,zFmE-bzBURs
0.2098006,0.119997226,0.13853572,0.22986291,0.0136749605,0.4051041,0.26262483,0.3576388,vjLnUSfBe1I
0.30195493,0.10260706,0.174398,0.10391771,0.13610743,0.4168623,0.1499074,0.09956216,-fspr9IxgPQ
0.2753901,0.14608179,0.17386977,0.31781915,0.28923595,0.47366512,0.22918741,0.24422826,q3-iyOVz2pU
0.23387294,0.10068861,0.09447,0.17632116,0.020130653,0.43127388,0.23204648,0.1959779,9JJWyGlkdqE
0.087399185,0.077524535,0.04356802,0.06884734,0.039598234,0.22111888,0.12188106,0.050892208,kTRmRPAjSdM
0.21015932,0.14358076,0.53138584,0.13420352,0.15246986,0.28840953,0.26093522,0.26057324,t_X78LKgcS8
0.28903338,0.060485687,0.06321615,0.08622679,0.08050597,0.37297374,0.09312052,0.04893821,k4_WMh9oraI
0.037688967,0.021100732,0.02091593,0.054191988,0.033761155,0.34975252,0.049368426,0.019895911,6gmf-VtBVcc
0.12655932,0.10786533,0.2639667,0.15778206,0.4151741,0.48112845,0.2428561,0.13414988,MJls3rluF3c
0.11553634,0.17402007,0.06714582,0.14542791,0.1256687,0.43828434,0.30012295,0.10168281,qBFXpL14EMQ
0.22704424,0.04893122,0.036392145,0.050701488,0.017770508,0.23724186,0.08447285,0.04667054,JSA2Y13S85M
0.37377617,0.0843926,0.08257274,0.05914626,0.15743166,0.24614194,0.08574846,0.064931564,3EV2iE6ESTM
0.14556037,0.05937874,0.037255596,0.04367854,0.033246122,0.21800952,0.0989569,0.032206263,nRjSDKGQw14
0.0084274635,0.11682801,0.12672053,0.19521882,0.003262554,0.4199332,0.18244326,0.17731906,cT3LHnSflR8
0.24864554,0.05435193,0.045385063,0.038719792,0.16344422,0.2541515,0.18975283,0.035828907,koMIE-rrSGc
0.56094974,0.14172134,0.23395611,0.26626822,0.05253629,0.5776207,0.38792697,0.25650534,DugTlTwhv2Q
0.091961786,0.21981841,0.27833053,0.23546514,0.020963646,0.5223158,0.33752632,0.29845533,DDhWlqaA6Js
0.26286894,0.066384345,0.18113284,0.08374362,0.1019289,0.45781296,0.13798614,0.08499821,pWuV6TKazE4
0.5680319,0.14130734,0.17700899,0.22763103,0.24242763,0.50474966,0.25953916,0.15933931,k0qLXNZkGd4
0.20846765,0.14225163,0.20325437,0.15209404,0.11665283,0.38767302,0.441199,0.272662,5bj5rdAjHTE
0.2665093,0.05777035,0.031994287,0.02641914,0.032559406,0.2571472,0.09033366,0.024980709,sOENpuNDpIM
0.0013141287,0.082080744,0.07823153,0.056417804,0.008225801,0.44182467,0.1415087,0.053051844,28ljV8ancwk
0.13129188,0.15931489,0.079795465,0.09926921,0.06771983,0.36208415,0.17162752,0.09794322,ht_2485cpNU
0.19964279,0.14927348,0.0804428,0.053648546,0.08555053,0.21842232,0.15144564,0.078806944,s1YviI9F6Yw
0.10920448,0.12834847,0.051118612,0.08744564,0.068918526,0.42657056,0.29826924,0.070860244,FEz4QMeVjGk
0.15028122,0.41518262,0.6048513,0.23389545,0.31671798,0.4645886,0.5616193,0.61655587,E3qLL7Rjb08
0.27845183,0.05457901,0.13939089,0.045310866,0.14418322,0.3886954,0.106925495,0.05528269,6Vk53G0bBJc
0.18887374,0.048975598,0.030734792,0.031555872,0.03221605,0.3362569,0.08442876,0.0247389,IXO6-1lp_-k
0.19566506,0.11138306,0.27087623,0.44055352,0.0495556,0.63124573,0.20300494,0.24195915,Yyj7B1-Zk30
0.43826827,0.3008987,0.36456716,0.19793893,0.21362646,0.5456304,0.43801713,0.26883695,k8-LItlesJ4
0.15371558,0.06662014,0.082866125,0.14893071,0.062125895,0.45951554,0.25178698,0.11506523,GJmEgGiCK0c
0.12463601,0.06482942,0.047041602,0.13105172,0.011384231,0.5109195,0.16703826,0.06358438,ktDpr1L5v2k
0.124641605,0.12509604,0.07594911,0.12529232,0.15918289,0.3113615,0.2738889,0.10141331,RoDCaQDvZIo
0.026850423,0.054825086,0.03588099,0.11594125,0.021657806,0.3045405,0.09456688,0.06257753,MVdlZ3qlzm0
0.18476821,0.08084016,0.1266886,0.05734228,0.2590451,0.38627177,0.126184,0.063254304,D5NmJQunL4E
0.30237165,0.11904913,0.15552925,0.20298691,0.10515087,0.39551482,0.2389523,0.26832446,tOj8QhBcUn8
0.1339043,0.06045061,0.067560546,0.14796531,0.025520578,0.37927988,0.23403384,0.10642722,GeIV21R_qkk
0.013875367,0.10592453,0.05417654,0.068737574,0.09709594,0.3888974,0.28320372,0.078377336,5Q6lqCbt4co
0.1536243,0.054532215,0.03604143,0.10251881,0.0027592878,0.4144838,0.15666021,0.055846523,lnxveWck6OA
0.25616753,0.04609189,0.030623076,0.11775355,0.033932835,0.3552259,0.10961091,0.050721213,kRcvJy2Jsc8
0.08835865,0.03961988,0.058364294,0.26079604,0.11536485,0.43718377,0.1641536,0.12709676,noaAva1VHBQ
0.22959335,0.050440684,0.0409285,0.06354532,0.13835071,0.3010964,0.14711286,0.042424712,PBYQ1j6CMwA
0.08826501,0.20916179,0.13380028,0.14026569,0.08850401,0.42949548,0.42085972,0.16515249,m1KWhHg8NgQ
0.4082076,0.11020703,0.18628725,0.10739438,0.04680874,0.41885057,0.4136868,0.2107133,awqGTNDixM0
0.13689837,0.045633707,0.07059327,0.06215048,0.22775516,0.36235476,0.09331236,0.034157813,9-yOlhSRNC8
0.13034728,0.082575426,0.06520746,0.14704727,0.09602194,0.6194002,0.18249282,0.10395606,cg9FTUG-OyA
0.27425504,0.12204078,0.11094247,0.15425684,0.12824467,0.49567324,0.18472458,0.2341709,kNlq-64r2vI
0.7079002,0.0403292,0.12703729,0.06341464,0.21980777,0.40283364,0.2522071,0.051293865,Tl8kF7Ipzak
0.00059894717,0.036931608,0.04490509,0.07696361,0.033761155,0.29670888,0.080400676,0.057270378,kTNfyr0IL_0
0.18732992,0.043248013,0.03548024,0.0824308,0.15130237,0.32210368,0.08657769,0.04411849,iJro31g0YOE
0.0967427,0.050690822,0.036573444,0.06614495,0.06372416,0.38326246,0.14550975,0.040943824,HtYwtd0IKLU
0.17142642,0.110843994,0.07038225,0.18104827,0.040971663,0.3116765,0.11399934,0.11227692,ZXYTNss8vg4
0.082456596,0.10474946,0.06939035,0.20320757,0.15042676,0.511742,0.17157356,0.16294126,ta8B4hgNT2s
0.17444317,0.019605128,0.010822463,0.025048774,0.060927194,0.24496557,0.045862116,0.013946025,LmxVsjCdT3o
0.23624273,0.15205836,0.07893961,0.17485529,0.030327583,0.3811556,0.13034405,0.09763526,GPd1J0kxP9Q
0.08194319,0.039090004,0.027254157,0.052241094,0.0017180471,0.2511657,0.26120684,0.049837783,rZLepZWRN1k
0.24949753,0.05701771,0.07308581,0.06322536,0.028610796,0.38017878,0.14513719,0.058082655,0M_Ju_mE3W4
0.43837813,0.054844696,0.16027638,0.05866373,0.23628397,0.22461757,0.07903181,0.10463068,KpqYNM2SnF8
0.28929937,0.060792264,0.060220942,0.10033581,0.06412373,0.24109985,0.10458077,0.088169076,mU0fj87uwwc
0.23355682,0.073420696,0.08254603,0.13794868,0.34388447,0.4572211,0.13122965,0.08383182,BBwvwYTLU2c
0.02266714,0.04437642,0.04002583,0.090897836,0.009509998,0.29362395,0.14347512,0.0548227,a6celRFLicA
0.07673878,0.07332458,0.055241346,0.13568851,0.0224908,0.321447,0.09060641,0.10296986,1QXxCEIk51A
0.36621407,0.07961081,0.12753253,0.14268725,0.05133759,0.3418157,0.31026053,0.257871,1TaPppu5cAk
0.082115695,0.07430692,0.050950617,0.055950075,0.02792408,0.43722567,0.29503545,0.03838399,FaljV3K9fuo
0.16772208,0.02361293,0.020558286,0.05239512,0.19141254,0.31645265,0.06165573,0.022615872,kWVfHE5gMpY
0.20160677,0.039159734,0.030965628,0.034143567,0.044405237,0.30270755,0.072234064,0.01858133,-ZqyCuxiEOs
0.07918805,0.2111402,0.24426532,0.30157912,0.022074303,0.50114703,0.36608043,0.35175005,PqUCkS8h290
0.117320314,0.036246896,0.03341696,0.0999475,0.15684792,0.28572753,0.113158345,0.052907288,jcYvNtP6pbs
0.1956868,0.03193406,0.035765816,0.15989298,0.020408317,0.32123536,0.07241108,0.060978137,MVeWUCtxqH0
0.36012068,0.12464389,0.21504839,0.20694797,0.21036349,0.49359563,0.42366242,0.37489736,zUbwZEiNd7E
0.3020572,0.15170993,0.14750038,0.15438212,0.07850813,0.46927455,0.40554893,0.23665518,eOct_kXKCFY
0.5501754,0.12090884,0.18553069,0.04366385,0.23101798,0.26731277,0.112900645,0.08017318,5BOI8_C9G0c
0.07659078,0.11687196,0.057984598,0.10460804,0.061726328,0.31768417,0.4827559,0.13849013,kkTUrA5CR98
0.13654138,0.10725384,0.111035004,0.10683098,0.22069082,0.33060145,0.15389475,0.15817426,knkP8E4KiSo
0.09416057,0.15745793,0.13705179,0.04732664,0.018325835,0.4608227,0.28039527,0.05274356,h8VngcF6_r8
0.021757228,0.22950503,0.20107087,0.18400122,0.0052409116,0.45827714,0.26961106,0.20820753,2nbC07WFLKM
0.25404534,0.1844864,0.12720072,0.1930294,0.03770977,0.38860542,0.27975225,0.14264363,uEnjcVPqLng
0.43595517,0.051557545,0.07147244,0.04203984,0.1731117,0.22497147,0.09606771,0.04793259,0eIiIFbBzV0
0.16351096,0.04086138,0.036793537,0.079869136,0.06771983,0.32765904,0.12963113,0.046394747,8xfhII0ytlw
0.10543841,0.13340299,0.13149123,0.18287352,0.12180476,0.5154549,0.5695728,0.14885491,Bmn-QiNrJM8
0.28765258,0.1293946,0.21822175,0.09786816,0.23628397,0.43661147,0.23978466,0.14324626,9nfDg2iTnL0
0.08092989,0.11841591,0.11529451,0.1334001,0.00315843,0.5145843,0.24940364,0.11392183,IgUrZuEg2jo
0.12439007,0.13611208,0.13197967,0.39052796,0.27690583,0.52642936,0.19630459,0.15048859,iuvfptmt62I
0.1147313,0.16989072,0.11062364,0.0437158,0.03204437,0.34488633,0.19390072,0.052634716,bMf9KC37Aig
0.3036661,0.027553981,0.013207439,0.027825775,0.0253489,0.25661182,0.19244796,0.01854807,4_jrETsWhVg
0.16431102,0.064663514,0.0739805,0.026279453,0.04543531,0.25808105,0.07010248,0.020347333,7bzm3k0unRU
0.23097587,0.03623813,0.027561318,0.050520416,0.012772553,0.2559398,0.1016387,0.03378583,Fo8ItCY2-o8
0.17236279,0.038501758,0.05396973,0.05697332,0.055732824,0.2578142,0.10965374,0.07312391,YomUQxHuis4
0.09426674,0.049716897,0.05564079,0.11269544,0.024490505,0.3405845,0.14723845,0.084492154,xmQyj8Y2S0s
0.18767698,0.119948,0.060240496,0.16215578,0.037194733,0.42199078,0.4212352,0.1320893,F4tqdAhahlo
0.12861374,0.036368366,0.026429841,0.06404375,0.007392809,0.17256242,0.05850304,0.069458164,PJTtRgS1Pzo
0.30897886,0.03542936,0.035836782,0.060435794,0.060527626,0.34465602,0.10884668,0.034752607,5UesfZqtnkg
0.18263863,0.06967804,0.072520465,0.08238289,0.07690986,0.440431,0.117409356,0.055288397,I78y6m5AO1s
0.27557775,0.028185766,0.016061427,0.07842527,0.10515087,0.26109087,0.10405228,0.029533312,MqvsunRQU_w
0.085948855,0.11184188,0.08196075,0.0900441,0.02397547,0.35044864,0.24450018,0.15866154,q8tF5CRLDs4
0.25654262,0.11607327,0.054293033,0.042246506,0.021657806,0.2827878,0.40256605,0.054919835,4vIh0iFSP_E
0.44413254,0.04020493,0.044412028,0.06644789,0.032387726,0.41126233,0.1480386,0.07297853,M6Yc6BSBRgg
0.29968318,0.2961638,0.3069384,0.20303138,0.042001735,0.45944515,0.46582478,0.26394928,HD6q5t-KwCs
0.40730354,0.12407951,0.17574501,0.11893189,0.07251463,0.43528166,0.24349903,0.12187557,5BkQyBUlTRE
0.25170305,0.09291222,0.0801469,0.20315836,0.08635602,0.44534627,0.18258047,0.17880818,QUeym9J2yBE
0.08379004,0.1383187,0.10727756,0.18105385,0.016382186,0.3847422,0.51615906,0.20412263,k-aWoSaV_rs
0.107682236,0.017894324,0.018286724,0.037109718,0.02397547,0.32826418,0.112521745,0.021879008,Rc9Q231ljb4
0.2234088,0.04463408,0.020886222,0.036197923,0.042001735,0.2770556,0.062840976,0.02543602,830FCyUrWMQ
0.29315284,0.035209324,0.02455453,0.039954904,0.031357653,0.2169219,0.07748973,0.03446722,26Ed7miLYFQ
0.32971385,0.13677585,0.08751548,0.068034336,0.11536485,0.22920756,0.20322181,0.08408799,no6omi7K3QY
0.14556818,0.073562205,0.028127993,0.033571687,0.052136723,0.2601197,0.11247925,0.03339644,SxNOqILP_Sg
0.15513194,0.34402496,0.17670368,0.18183413,0.10892494,0.4878326,0.46566224,0.2111887,Eb0BvnoxTwA
0.14186029,0.021069976,0.019219212,0.025594175,0.016382186,0.23458013,0.07516471,0.015902681,0GhD0j3klm8
0.18248662,0.10526195,0.05406181,0.08083883,0.03616466,0.25152394,0.12126878,0.09023548,7VZPPkT8cVk
0.06764925,0.08860935,0.1167373,0.13714208,0.0044773347,0.4091074,0.12751831,0.13120516,IjTuDafx9k8
0.1030553,0.1340709,0.06323969,0.045075428,0.053335425,0.33074555,0.23517375,0.05428005,5O1gAphMK-Q
0.036335547,0.12295719,0.1498212,0.16740935,0.004373211,0.5613379,0.21018724,0.13303736,TKDGxJ699a8
0.15166916,0.14825402,0.08224836,0.05348398,0.038911518,0.28411523,0.14055458,0.055788666,iWbiR_1v3ac
0.110322796,0.10278828,0.13212754,0.16528529,0.06132676,0.47428757,0.26116377,0.14497048,hL5W7xWdFGQ
0.29585668,0.03240273,0.031625807,0.029596137,0.031357653,0.32316387,0.07632613,0.021983068,Yt85bMUdgbw
0.26180708,0.050013836,0.0800771,0.09332296,0.032387726,0.33736238,0.09215443,0.12904677,oWDBgcx-3C8
0.28518862,0.05352208,0.03968465,0.05571371,0.043031808,0.17670695,0.09149595,0.046320554,ePe75Zyw1CU
0.16200663,0.028450942,0.037224468,0.05688847,0.024662184,0.49194747,0.093624204,0.026295552,_np46zSqA3I
0.024032202,0.03597098,0.044284746,0.05452283,0.11021292,0.25031275,0.25808185,0.07339982,N8MFXnyLK5o
0.32991707,0.061366737,0.034843918,0.07418885,0.02262963,0.269641,0.115152866,0.0604764,_tQXRhCJF3Q
0.2938044,0.053207647,0.07170397,0.045505673,0.08581903,0.36379915,0.15443419,0.03368818,6L4HKRnd16E
0.4427788,0.10111758,0.045348972,0.060436822,0.0037311125,0.3312552,0.09860646,0.04038356,f2W47Fae4zc
0.13160221,0.07220522,0.047823228,0.083627075,0.018881164,0.32601258,0.19265294,0.06121504,PzXJOnnuURM
0.04232358,0.15512297,0.10657335,0.13399224,0.09118898,0.356651,0.65436447,0.15073505,KDMjjMpNWTc
0.17954503,0.025427697,0.03230308,0.035588246,0.036508016,0.2714291,0.24635208,0.052819524,4aH2gJq1Iys
0.10147856,0.032783445,0.027421752,0.049563516,0.049898956,0.23349667,0.09302655,0.03806816,shoIp5la67Y
0.12129021,0.14230612,0.12968266,0.14131641,0.14283726,0.46564206,0.22327171,0.1384274,PZO56oj887k
0.10917753,0.046327285,0.04943554,0.068568066,0.0072539765,0.2554358,0.12800077,0.065719046,scJMnySTWUI
0.031893976,0.05385146,0.037358675,0.08289505,0.07131593,0.36793768,0.16539694,0.0578556,HMAl0x14SI4
0.1787661,0.0837022,0.11620622,0.17840064,0.09387396,0.44095314,0.14405148,0.12365614,imsbwDeFLNk
0.2804273,0.050976165,0.03382155,0.06702012,0.074912034,0.28192604,0.11039928,0.041156635,S07xZ63mgqQ
0.043175068,0.068744674,0.082907066,0.06087857,0.05373499,0.38453415,0.21120517,0.08489547,cEQGB27QgqQ
0.25814268,0.05642134,0.055682126,0.09522741,0.077709,0.3098914,0.12191847,0.07674973,WctXNrpxFIE
0.26398823,0.22942083,0.40774795,0.37157974,0.30788645,0.509498,0.32461926,0.31388518,01zC-SV2Iq4
0.07519517,0.1309963,0.10054979,0.119963035,0.010620655,0.45128125,0.22146834,0.096574515,5Xl8K_nDzqM
0.37442446,0.07362212,0.124461554,0.13394253,0.026207292,0.4831659,0.29104292,0.19884464,kaVy_O-YNjI
0.2959821,0.20972322,0.292587,0.48846176,0.22598907,0.57406604,0.41726547,0.4979848,Vp1_JfJzaMM
0.08111557,0.08411546,0.06909821,0.08842559,0.06332459,0.3547046,0.12947686,0.06839307,-NDmukt4HvU
0.26153472,0.057562955,0.051072456,0.05275241,0.057331093,0.35459208,0.080038875,0.031764504,LqJyavKfF0s
0.1080801,0.05139477,0.042812396,0.04744335,0.02637897,0.2327651,0.0848528,0.06634063,RdEmWVCJQs8
0.7418105,0.03425964,0.034435444,0.071368985,0.0358213,0.32546383,0.08262425,0.047842637,lGlWmT_OENU
0.020659283,0.06592714,0.094629705,0.051980734,0.0334178,0.24253769,0.2822967,0.05874795,8wpdAEBLT0o
0.32625955,0.098475404,0.051614948,0.19060731,0.04818217,0.36424118,0.33124942,0.09237356,9cTLx9H2fHk
0.11090513,0.17450118,0.062588364,0.047087893,0.047495455,0.31084448,0.1133257,0.044081222,Zt1ZhuveamI
0.07588715,0.065889254,0.02594659,0.098893054,0.035477944,0.42540032,0.16614987,0.08105878,HJJZJR1qG6g
0.3879991,0.053039473,0.05585035,0.04001324,0.34684154,0.22231255,0.09488916,0.042889938,A16UNfxkmLU
0.4465494,0.20024201,0.21378146,0.16768587,0.024490505,0.35137448,0.36739504,0.30864662,QWXyZThOXPI
0.5424375,0.10155096,0.22848707,0.07232415,0.3544517,0.5073979,0.15629734,0.087236345,NS540i_RlGA
0.1630002,0.053818356,0.04092387,0.030051785,0.09172598,0.3064576,0.14444803,0.024790864,HQdGdN6cXVw
0.21867034,0.05172318,0.040343966,0.060162827,0.02929751,0.34159097,0.14648473,0.044642597,xK8bLMf-K2o
0.24106331,0.08126944,0.08137609,0.093170986,0.0087811295,0.24511276,0.13354664,0.108713284,ajN9qAPap1Q
0.36719406,0.04024113,0.02859771,0.09628088,0.019297661,0.36330405,0.29778424,0.04905601,OzVwEo1bEbY
0.36552182,0.055788603,0.03549473,0.07619327,0.040284947,0.27072856,0.11140342,0.05115962,UMpINH7UrYo
0.09377865,0.16933548,0.13686852,0.16200297,0.023288755,0.43726274,0.23338494,0.16087054,wgdi7ji2C60
0.1598198,0.03577689,0.020447213,0.03386609,0.019019997,0.30373806,0.24353099,0.025480745,2N_AY3E51eA
0.42009202,0.08072479,0.052211568,0.0869107,0.051737156,0.37360474,0.39289352,0.08233911,kBMohasoehI
0.40654767,0.12036659,0.13512495,0.17404816,0.36211988,0.3614509,0.16993505,0.12372788,CtN_WAB2egk
0.10056146,0.024136806,0.025584752,0.070629664,0.055333257,0.33879906,0.104388915,0.035027284,UoBar15rwPI
0.063872,0.08891222,0.059030205,0.08510437,0.048868883,0.3575228,0.19086325,0.10532669,m3dUV-V_yyo
0.14167032,0.02309982,0.041437358,0.0535938,0.00999591,0.35504684,0.16132382,0.07826713,Jj1MVI0nPUg
0.18723655,0.10960659,0.073136635,0.13386911,0.38874862,0.25351846,0.29556558,0.11485243,Wq7KrPaU8Lk
0.18633711,0.022795154,0.015511275,0.031319898,0.062925026,0.34487885,0.07478018,0.0153810475,zKA1CCmImu4
0.36331725,0.09206217,0.0919723,0.11770297,0.06012806,0.29410294,0.14226583,0.11627084,Jhmok_dL43w
0.36650622,0.14293677,0.23833391,0.27360365,0.2885035,0.39808196,0.17401902,0.20641367,W_fSLYOf4Lg
0.14496952,0.11140263,0.113006376,0.0821834,0.09655894,0.39530152,0.1591232,0.066539384,QVDPzXCaV3s
0.03453892,0.048848577,0.038260087,0.043917272,0.015826859,0.31004885,0.100932635,0.033430375,9Gvmzn9ZCo0
0.19790716,0.06662364,0.030642804,0.026793852,0.01263372,0.23738757,0.20241144,0.025848344,AprHsKAuHU4
0.010277659,0.09143832,0.061071374,0.12359473,0.027409043,0.34726015,0.31716394,0.0819965,HgatZRekc_8
0.05010008,0.027118739,0.023137953,0.044495128,0.0072539765,0.2963747,0.073631994,0.02448993,jnBHRIHoB90
0.27183425,0.051716108,0.049456973,0.115396276,0.053335425,0.46040347,0.08186199,0.10190998,rphrOcgft90
0.021362608,0.13498747,0.06327252,0.07141419,0.09333697,0.3536225,0.28263283,0.08991127,i_c41nMnLRc
0.40200496,0.09092436,0.055146728,0.05740479,0.080905534,0.35085788,0.143629,0.04894364,DybLJNAQLjw
0.19095665,0.14926231,0.13447408,0.09285527,0.1019289,0.41857064,0.1425751,0.12860648,l9hbZJk9Avg
0.18996759,0.13480932,0.110200815,0.043934956,0.111500904,0.3978983,0.32769567,0.04543888,-dFc1ndRl0w
0.11002742,0.15435179,0.10823729,0.048822016,0.045091953,0.29108086,0.22498827,0.084113576,ETqcGOcbGm4
0.22485505,0.05070015,0.069377705,0.06037323,0.18253209,0.543648,0.099182196,0.040108908,DAHP1GUmF2M
0.11980517,0.17499052,0.13423069,0.2991164,0.02809576,0.62211955,0.28790674,0.16888152,yjh7x4dZ7Ww
0.11315013,0.034386236,0.02044456,0.04158679,0.13386416,0.24066134,0.066056885,0.026916848,dGxhYWqd_Nc
0.14126511,0.045254,0.035652038,0.051823456,0.043031808,0.29381993,0.104480386,0.034605023,nrFFgUXNoZQ
0.47165072,0.11305954,0.212599,0.12484017,0.026722329,0.43904397,0.2032422,0.14560023,--3r5wDvPKc
0.17924798,0.30931497,0.24406394,0.36981773,0.009440582,0.6705264,0.42018938,0.32707134,eLyrhz7zEAs
0.10965279,0.026202269,0.020762343,0.06526406,0.018048171,0.17417145,0.045795947,0.06247038,ynHcDUiY95E
0.23373543,0.06721394,0.1159075,0.07357724,0.058929358,0.40664515,0.06355247,0.06067808,WfXU4bcsRUs
0.28133377,0.053382844,0.0456648,0.09092612,0.14866976,0.2238495,0.1255472,0.07930124,0UMVZzkl3tI
0.04352152,0.113452934,0.122114055,0.13987127,0.0070804367,0.38598776,0.15106478,0.12770706,_dv3ByPU390
0.6638168,0.04842794,0.032064155,0.02476935,0.15042676,0.347439,0.06318321,0.016897902,PD_OXjqCRwU
0.30884603,0.045523055,0.047640894,0.039853673,0.04783881,0.26698604,0.07424274,0.036245607,yDsSTlMHBw4
0.10966089,0.061778173,0.083118156,0.03692016,0.22422299,0.2973888,0.14334637,0.052430052,F4UAjbpCe80
0.38423696,0.049158383,0.048731733,0.042996094,0.02929751,0.39393175,0.09860538,0.033744898,9bIiOvTpo-s
0.47747046,0.1047314,0.13298859,0.41547918,0.37083253,0.5396761,0.54384017,0.25937432,yYkRX7HtyfU
0.06581315,0.025105499,0.014171451,0.019280847,0.04268845,0.18194593,0.050332755,0.015193804,OVWIkAVV50A
0.16163589,0.061380293,0.06398505,0.07391669,0.013119632,0.36476287,0.11936142,0.062265415,oHUBu_AacLw
0.290971,0.13081542,0.11009956,0.044271532,0.18450552,0.32005766,0.15300472,0.07560703,pIZipAV4Gjs
0.26439282,0.026207328,0.018021166,0.054987554,0.036679696,0.41284034,0.060866736,0.024213804,Uq_qQwrP8w4
0.13157073,0.27244312,0.29454166,0.2841104,0.08290337,0.497158,0.4485627,0.39674518,PGMgX3P-30g
0.0052501042,0.22773346,0.22315897,0.17851225,0.008642297,0.5527545,0.3726628,0.20171273,-Zj9V9FBuMs
0.4234454,0.23486383,0.27542475,0.27270103,0.03599298,0.55332625,0.31471857,0.3097606,t16tsAzz6QA
0.12825376,0.11302407,0.059952963,0.0705928,0.048525527,0.27435085,0.10073333,0.077513285,-FqUUoEQYfw
0.07156566,0.11475245,0.123626806,0.038305387,0.008885254,0.25365296,0.6691253,0.14433253,TY48r6LlWTs
0.021398941,0.09225418,0.10983018,0.109782256,0.07451247,0.35493535,0.3677526,0.14652334,vCEu2CMaHcQ
0.27463204,0.04171369,0.11983303,0.110681765,0.011800728,0.35870966,0.23645082,0.18773311,7x1Cksy6o4o
0.02048498,0.09354608,0.08544051,0.13530557,0.001639954,0.31126633,0.41232356,0.12712015,yZKcTsKvH3w
0.17885394,0.02465128,0.022114543,0.038033705,0.018187003,0.18951064,0.06824095,0.027551008,ZFCMoOAlNZw
0.18193781,0.03921676,0.03086348,0.058069028,0.052136723,0.21571927,0.17778589,0.04238057,F3zBWPEPGvg
0.080400795,0.19929275,0.14401875,0.09184693,0.029640866,0.39467165,0.3709385,0.106286585,5_G-e6FmJc8
0.1310215,0.11966371,0.13246368,0.15988553,0.007531641,0.44170108,0.19730565,0.15607265,pETvSza9qQs
0.20961624,0.041549478,0.023837794,0.061858963,0.017631676,0.45052552,0.17391708,0.033164587,6BGrP-kI50U
0.084041,0.19938362,0.17698988,0.19342367,0.028782474,0.37924686,0.5753814,0.24903007,sM62v1pDk6k
0.012768523,0.0911424,0.0477017,0.082451664,0.094410956,0.24515449,0.54524326,0.08384486,hAI_dZdnYEc
0.16641456,0.114686415,0.062263142,0.07430989,0.04543531,0.27768275,0.10449174,0.080447435,ZKmwU4jyZCw
0.053437717,0.10884305,0.03823031,0.047357477,0.090114996,0.40898424,0.23574857,0.039214917,OBmNCoXbl7M
0.30928987,0.046493735,0.03968096,0.030490471,0.09279997,0.29049966,0.08426596,0.018938841,dItyv0ImNyQ
0.18751232,0.2481357,0.35403976,0.1783542,0.4458971,0.45512146,0.8467085,0.30799896,Yiul6QQpDJQ
0.041669406,0.2827809,0.15682092,0.18470106,0.0012841969,0.413965,0.61037034,0.14673337,7qFgUbx7En0
0.027497325,0.2367616,0.22635533,0.3413292,0.0070457286,0.49826384,0.3783964,0.24715737,QaikjYrqsVs
0.09802661,0.09456293,0.067030534,0.10453661,0.0813051,0.32198352,0.107042,0.065211765,vwUxbmL-FAY
0.1629964,0.054192726,0.04634841,0.05905788,0.017423427,0.37738338,0.11618498,0.043952703,srwGZthFem4
0.18074624,0.111163795,0.059039183,0.07939482,0.04268845,0.34923556,0.17620295,0.077309884,Q7aG0NzaVp8
0.16612342,0.07016923,0.11198126,0.119221784,0.015757442,0.46681938,0.2453712,0.13605843,1GrsVmwwPAg
0.020491596,0.17012481,0.1532746,0.4210246,0.0016659851,0.52515364,0.36530876,0.23458867,IdbD8YdIiHA
0.3650275,0.060750082,0.08142533,0.0931294,0.18549223,0.35567576,0.45023474,0.11800307,Mhce4AkmJ_o
0.38961485,0.042105265,0.034668706,0.043007188,0.030327583,0.21654138,0.036584005,0.024042297,KrQsxdWg0yI
0.18050463,0.07423834,0.070491664,0.1787569,0.18450552,0.4801775,0.22854327,0.10388573,ciBQNgqUgL4
0.026055006,0.19745564,0.060571514,0.09574494,0.040628307,0.449053,0.43611836,0.083151214,LN00505FIdI
0.01840238,0.12706722,0.1961065,0.312485,0.008399341,0.54615605,0.3267542,0.25390232,LN1B7R2uTmU
0.20361397,0.2018886,0.11531546,0.101644725,0.067320265,0.36193216,0.20200042,0.11689592,RYpISbP2HBs
0.14743263,0.18168075,0.23743173,0.19651216,0.23803931,0.4151194,0.22658622,0.1991546,CS5zKed17eQ
0.129731,0.019481858,0.03457752,0.017245585,0.02655065,0.138987,0.034183376,0.019011548,FCUBeQGrWhg
0.47089854,0.043428533,0.03083959,0.031315487,0.074912034,0.22587602,0.09392797,0.027041435,CuUvduZ9cuk
0.15112358,0.025597015,0.040295236,0.054949675,0.0017267241,0.3712662,0.2100219,0.033423297,PvzJjNLhp28
0.013139281,0.035224706,0.045180846,0.025285106,0.05773066,0.16074778,0.10843761,0.040324993,b-_FjLue0xE
0.0313327,0.033518154,0.03002498,0.051282603,0.004581459,0.2834098,0.08937845,0.032800976,Yuk9hzTOgw4
0.15111798,0.010532174,0.011171665,0.030801976,0.023460433,0.31659287,0.10152354,0.011594727,hOWTOE5Igew
0.14558867,0.11626966,0.121531434,0.1363274,0.0072539765,0.49016953,0.18539806,0.09867456,Ovu60TVyW_k
0.181178,0.03766975,0.030142847,0.07607305,0.028439116,0.34225538,0.11462224,0.039275434,acUMOBT-UuY
0.13887654,0.026397334,0.019262843,0.04063259,0.03856816,0.21014328,0.09023661,0.02909965,mU9XnZtJFFI
0.19537413,0.102662325,0.14020559,0.3790907,0.09494796,0.47855964,0.24286781,0.2811717,D3CWY61Fjgg
0.010210183,0.05453377,0.026311537,0.06815483,0.010759487,0.2594627,0.075583905,0.06668028,j-Np-E4Bcws
0.28736228,0.04408042,0.03658555,0.06384516,0.034791227,0.22141258,0.10800947,0.05708254,OPwvcLAvTME
0.06683813,0.17207302,0.10414521,0.050628815,0.1835188,0.28076926,0.15511556,0.07452422,jggCQOqB7dE
0.1668819,0.13298897,0.22023386,0.3358615,0.16482529,0.43436313,0.30549738,0.42812884,hOqLC8g61HU
0.12451855,0.06407975,0.0663345,0.1500048,0.03187269,0.3459913,0.32938063,0.13517298,CaQlB1WO6oI
0.047032345,0.0515606,0.061338793,0.04467126,0.060927194,0.25445497,0.10825147,0.046973944,X89JWdJXGiQ
0.041719314,0.15473482,0.13307016,0.063860916,0.19535941,0.23666777,0.40497208,0.10187108,A9HjLUFhY1E
0.17251746,0.16423686,0.339755,0.091168165,0.13879937,0.35969514,0.20526023,0.15723027,xVa3DAQcVTM
0.18297371,0.12939824,0.18175028,0.2776667,0.001570538,0.42468053,0.23169816,0.25670233,SAe75QJubAc
0.1112714,0.02921441,0.031997733,0.05691851,0.036508016,0.30279356,0.08249969,0.06651284,Dck4cLm0NDg
0.0069260253,0.2421512,0.5645149,0.15332823,0.20522906,0.39932534,0.29524997,0.37558794,r2UiZRbhYYE
0.014052699,0.07200861,0.0766373,0.08745662,0.004754999,0.3008182,0.10315348,0.07908629,Mx9jbLVFKjk
0.09312658,0.10416701,0.122711375,0.15889649,0.0053103273,0.35689822,0.1636997,0.15869196,KlfmqJolTxA
0.18627085,0.14060724,0.14578731,0.18821278,0.00843405,0.53188735,0.25032935,0.14087956,N9GBw1tFdzU
0.15717107,0.024689624,0.019827414,0.040608726,0.08050597,0.22616403,0.08092022,0.03048635,_yfTi4Uy7HE
0.281524,0.33985844,0.29180065,0.1293174,0.14597784,0.40208817,0.49589193,0.15622132,5hpjdb5QPFM
0.5680319,0.20143892,0.29261878,0.30995935,0.13969667,0.50511026,0.25784606,0.32312813,cHk7QvNE8vo
0.06683813,0.17207302,0.10414521,0.050628815,0.1835188,0.28076926,0.15511556,0.07452422,70aIAoKbI5U
0.03802586,0.055452283,0.073937416,0.05287464,0.05413456,0.30474642,0.23962943,0.089286804,KXIK-So0H78
0.014706431,0.037257995,0.025113415,0.04233485,0.016243355,0.37074876,0.14448172,0.03529219,5euXdbop-ZU
0.25990635,0.14961264,0.09692229,0.07699064,0.09172598,0.37671986,0.26548338,0.067469634,wcKnJzj759A
0.023809886,0.08597952,0.090574145,0.23933306,0.0020824813,0.58999395,0.26953578,0.12474934,Bto-kkpjfoM
0.18034759,0.06556607,0.059654135,0.115278795,0.08170467,0.4315687,0.14181063,0.062173303,0PnrHtF0_XQ
0.25279212,0.06727792,0.04525319,0.049840614,0.0801064,0.22100052,0.119820066,0.04632591,YUv0dBjsfD0
0.12780441,0.064466156,0.048605707,0.048013568,0.14687516,0.32510608,0.16456053,0.045062803,BSoyD1XCwAY
0.18779494,0.05597077,0.07009618,0.08074586,0.06612156,0.4534373,0.13341676,0.05416093,miV3sJsptk0
0.28587604,0.09770074,0.07141356,0.13237906,0.031014297,0.44173625,0.11687592,0.08413069,RhlWBVMsV_Y
0.29885182,0.12497934,0.14965817,0.14092639,0.08050597,0.3150747,0.29835144,0.28454563,i5CaGIUkjxw
0.061263233,0.15054941,0.096617796,0.057586856,0.013605545,0.30297658,0.45785934,0.0850338,-3JRCJ-lh5k
0.44151038,0.05974918,0.12532626,0.06958419,0.023803791,0.49803132,0.13293494,0.06829646,7Wtfkl-g-VE
0.19647615,0.024978343,0.022012537,0.044173364,0.09118898,0.22915848,0.078507766,0.03520736,BKoaIo8Rqp4
0.032670785,0.114312746,0.11710074,0.13838719,0.030670939,0.44410577,0.15789214,0.10825531,8t3LSGME0XA
0.07638756,0.08346432,0.08535189,0.08367948,0.009232334,0.28829202,0.10243733,0.15134764,9VQM2PiPS7A
0.16364782,0.039718993,0.037607454,0.07220081,0.004060839,0.3273825,0.086607404,0.04677615,Zu9YomGAXNA
0.5953081,0.19025481,0.53171146,0.13818383,0.4945446,0.4747094,0.5463574,0.24351469,icfEN_8phzg
0.17684907,0.26656038,0.36195812,0.22845541,0.036679696,0.46072122,0.30582878,0.38481334,6IFrcfGDD1k
0.1920003,0.1234679,0.2235973,0.5645536,0.13924801,0.6702423,0.21643491,0.4030294,ehdBo2CMHxo
0.086893104,0.24774379,0.31894985,0.11717514,0.047495455,0.3986618,0.5495788,0.24010754,AaJLkMhh7Vo
0.0984264,0.034009386,0.04114296,0.05999611,0.001405675,0.23860046,0.21460035,0.063118406,llm8Csq-JI0
0.23979962,0.020218046,0.013471881,0.01161825,0.019158829,0.17163482,0.08804435,0.010714395,qxGQ27MpWZE
0.27076024,0.053283244,0.046848994,0.08759601,0.012841969,0.3369488,0.095377,0.05339997,Aq62oVo48b4
0.064590625,0.022645852,0.017777154,0.06410618,0.012911384,0.32224584,0.105343096,0.032976888,mjYStAycll8
0.37426585,0.060682513,0.041126385,0.02779059,0.00039914227,0.1712049,0.08684195,0.038443092,ERK219_EHDQ
0.07529965,0.08976346,0.08604676,0.26179802,0.062925026,0.55839175,0.25263166,0.16637953,MCObIE_gYZY
0.03217107,0.11092179,0.09718386,0.17516637,0.0028287037,0.6367803,0.21627404,0.14053684,Xr1ZhFEY3uU
0.09443504,0.2447376,0.29987547,0.199626,0.015132698,0.5005066,0.28620997,0.19501421,O5rOMgdZnIU
0.010282035,0.7586903,0.5689298,0.4209455,0.14418322,0.5520519,0.65142745,0.50901794,inh37o9K2lU
0.15583904,0.19479956,0.09453961,0.2616117,0.12180476,0.60671383,0.3199925,0.13053823,VgRLb21ZKdI
0.17593195,0.32351184,0.14679067,0.16797847,0.15626417,0.4830446,0.32175657,0.15677527,Ij8L0-fpTFc
0.0076973164,0.094608895,0.070333965,0.12587093,0.00307166,0.32014826,0.40614915,0.1098838,LT3Pk5LDT64
0.2383321,0.039351158,0.063629895,0.081217304,0.013119632,0.41085604,0.078237556,0.08595711,4-iulSygxRU
0.1193196,0.26676887,0.32913288,0.24003151,0.07850813,0.44245088,0.82345974,0.4125624,qBoGORjpTA8
0.45794553,0.061605368,0.038605284,0.11251273,0.080905534,0.4267144,0.092136435,0.050636694,M7LQVn11274
0.38517383,0.1350687,0.0700988,0.07580425,0.0036443423,0.30379286,0.24294662,0.06943538,mpFJPwBFSZQ
0.28551623,0.059991684,0.11166351,0.06927113,0.2022951,0.40681767,0.12749812,0.051551282,RmaD5t-fFE8
0.088539764,0.13174824,0.1341727,0.13685513,0.026207292,0.37711328,0.24867955,0.14831792,IbTDd2DuiI8
0.026191305,0.2577521,0.43541515,0.3272296,0.1008549,0.55897665,0.2835441,0.4069042,_6JlRYCXF3g
0.05870885,0.05872414,0.09699844,0.13338327,0.01527153,0.4198555,0.11687459,0.10263137,0Zq3AfT_4Kk
0.19968183,0.021654842,0.027931385,0.046329238,0.013744377,0.2860483,0.05063895,0.047524128,BbcOAySCv1g
0.27913162,0.12031265,0.11482169,0.054761637,0.043718524,0.4557515,0.26947078,0.08294406,9jRtpMKLsts
0.2994305,0.05662118,0.080483556,0.08523693,0.024318827,0.26807675,0.10781357,0.13091657,sdJFjebSlVQ
0.291955,0.07537446,0.10526295,0.1278881,0.044405237,0.37814564,0.08775332,0.16305748,3F3RCTew9CY
0.4506234,0.07628252,0.1423614,0.08049766,0.13745339,0.26948032,0.36816728,0.13503851,K8uml_afNJQ
0.10320491,0.12089027,0.20993014,0.5190629,0.08689302,0.675261,0.2839916,0.3331936,r7DbVlH9f9M
0.2474854,0.26247984,0.22282107,0.17599316,0.033761155,0.34593117,0.39530167,0.22571154,Zd-1yqoS7is
0.14618815,0.090934835,0.074479885,0.089322515,0.0025510397,0.21791203,0.19501491,0.09026854,SKRSM-hYgNk
0.19817433,0.06112899,0.05830584,0.18012644,0.1530536,0.5295872,0.18064508,0.07178916,5nl-nR4PaMk
0.4600645,0.1319941,0.27227092,0.09037178,0.38953075,0.38247743,0.514675,0.14796373,hvtCL7sjfa4
0.40870404,0.07200748,0.08544235,0.12137688,0.0056227,0.32745922,0.10094188,0.0963666,KQf6zN2FgpQ
0.32234377,0.04361207,0.037261285,0.04539212,0.022074303,0.2966331,0.12560423,0.03691631,sykgN9st_DY
0.381725,0.028323542,0.022717416,0.043857098,0.015063282,0.24246179,0.09609394,0.035544418,FZILDDjOoS0
0.016286293,0.17449133,0.23416355,0.16300571,0.014507953,0.4987872,0.1755028,0.2267298,tw3kDBg33pU
0.020654839,0.23409842,0.3051738,0.3788845,0.05493369,0.51517326,0.29741272,0.3928419,2e7SuoH9LVc
0.2467545,0.20062557,0.21635059,0.23952729,0.00631686,0.5105976,0.44345364,0.25135174,nZ7T0c4c7Yo
0.34582055,0.056308135,0.059270725,0.04827882,0.02517722,0.18736129,0.23764907,0.056512848,T6KhTKQa4uM
0.26528978,0.06429284,0.113578595,0.18087451,0.10828095,0.61258614,0.11294234,0.09383526,F14m7JY1MRQ
0.29441425,0.060967136,0.0556182,0.06042317,0.06372416,0.39702612,0.11807786,0.045046292,V7U5rbNeW84
0.20573562,0.04100671,0.07149721,0.08623464,0.013813793,0.36969444,0.07866093,0.10718355,UXXEKG5LMvc
0.30026746,0.06781332,0.07856178,0.15187687,0.22990796,0.47620773,0.152736,0.26562262,69CGJ7RwtpU
0.044577442,0.14075297,0.2464485,0.18375212,0.045778666,0.6262519,0.49426556,0.23158388,mrTKXOexeso
0.05790353,0.16634692,0.17853752,0.17164475,0.0076010567,0.50905967,0.2202368,0.17236595,LAP-SB-IoBM
0.09412444,0.041937046,0.03314605,0.06919896,0.032387726,0.36045507,0.07623534,0.07582858,su3wlMkp_FI
0.08505111,0.12101087,0.15108821,0.1792043,0.0717155,0.41632214,0.42551008,0.30790874,N68P0pL6vW4
0.1035284,0.12417013,0.24637297,0.17834584,0.2298686,0.47935528,0.2059497,0.23537426,RlW3XPd3vYk
0.21608423,0.09582242,0.06266773,0.09725368,0.006525108,0.3845371,0.16269143,0.0774422,F7mcDyBXJOo
0.17232986,0.05777536,0.15020953,0.048306264,0.14014533,0.24512772,0.11417231,0.094714284,HFzjkRbp_Ig
0.11965238,0.07356521,0.072779216,0.15542172,0.0023601456,0.46635818,0.24242309,0.094238676,kiRfjQxghlI
0.056392223,0.18008327,0.16148488,0.08178999,0.032387726,0.46341574,0.27292687,0.14142282,ANS9sSJA9Yc
0.040105656,0.07410462,0.082404085,0.14287587,0.06612156,0.42044362,0.26707816,0.1822749,_Bzt0wRHwmo
0.055965863,0.084227115,0.06652031,0.121852346,0.028782474,0.32082093,0.33574036,0.112638034,hCn1Lh9z7y4
0.11639499,0.17172718,0.08420564,0.11560128,0.05373499,0.3570188,0.5068785,0.114286594,C3mPooWs2UU
0.43744814,0.07575368,0.16247776,0.17236795,0.034791227,0.3631296,0.140433,0.31017682,uruFV74JA-0
0.18958044,0.06484779,0.056926873,0.0395457,0.028610796,0.17081289,0.05714357,0.042355165,_0h4wSMwjdc
0.08885261,0.12043095,0.093007125,0.18422346,0.02809576,0.35713518,0.24997294,0.16940874,QYzAGaxh6bk
0.18409199,0.29102674,0.23325041,0.14899589,0.031014297,0.54807293,0.2900524,0.15173994,dhc3ZERZALs
0.039497897,0.03773093,0.037008695,0.07978045,0.0036790504,0.30550244,0.08103127,0.04824922,hVdJNoGjUhc
0.09053537,0.14750947,0.14687304,0.26038718,0.0057615316,0.6170772,0.25512734,0.21758488,4t3BKv83_tE
0.118087836,0.048391037,0.033499744,0.042318128,0.008329925,0.20605361,0.105507426,0.049485736,6bis8-2Yi8M
0.056174774,0.24746013,0.15602958,0.14845458,0.032902762,0.33398402,0.46265304,0.14865053,HbqDY_JtvMQ
0.0076973164,0.094608895,0.070333965,0.12587093,0.00307166,0.32014817,0.40614915,0.10988376,O4jP99gb4OY
0.09126681,0.040500473,0.025773063,0.023139814,0.04680874,0.16498536,0.055011973,0.024827093,h30RUSsqPqU
0.0151156895,0.14373146,0.24057385,0.84626865,0.018742332,0.671978,0.26460946,0.5330719,3cvkiCBKnIw
0.16477983,0.0536295,0.060414344,0.07638579,0.04131502,0.27723962,0.11465744,0.113443494,Ya4Tmg1ZyjY
0.3138871,0.10976976,0.111252755,0.16016127,0.009857078,0.54234654,0.23041804,0.13562624,TEo-CrPPblE
0.048243,0.23640595,0.11631685,0.24686149,0.004182317,0.57968146,0.33586618,0.22872314,FLEsE0uNpcw
0.018091796,0.077792026,0.076264694,0.13257056,0.04131502,0.32820672,0.3286843,0.12099238,uBrsEstcKnM
0.12515081,0.049815327,0.042582348,0.13446376,0.020269485,0.5049797,0.30012944,0.12996289,-UROK9ST1fE
0.017166657,0.14640886,0.2322281,0.18081382,0.004928539,0.52969843,0.23194225,0.1638631,-l1uEOjDguA
0.042716816,0.13908263,0.2167671,0.19858573,0.0028981199,0.5676133,0.20087232,0.17176981,wXDexprK1Tk
0.058193535,0.08764907,0.06451851,0.1637461,0.019714156,0.445606,0.29811865,0.14380746,MgvAw0PxKTQ
0.08986206,0.14196339,0.24486741,0.1813987,0.014438537,0.5475578,0.18615234,0.19921795,VFgOGHPNawE
0.061820373,0.11490548,0.09749039,0.14959098,0.055333257,0.48481306,0.2340348,0.14903699,Y3Fq_hIqlGA
0.12073653,0.08207593,0.07428029,0.08056918,0.0112454,0.4688036,0.4180374,0.079208516,IVQdsp9-cBo
0.18394737,0.085955285,0.044257306,0.044809017,0.009648831,0.23326679,0.2863825,0.051161904,p1A-6xHfTww
0.16353409,0.119553536,0.086379245,0.17885022,0.004546751,0.6119526,0.25214636,0.14577495,_x3q_binGY8
0.025872974,0.10328145,0.07090532,0.14725123,0.013952625,0.39549878,0.32318,0.1429669,yzuaTaDs1yQ
0.028222064,0.21668339,0.10561187,0.22805844,0.010898319,0.5507046,0.44391432,0.22028229,paYrj5fmrXc
0.08718043,0.20112538,0.3465255,0.2055692,0.059328925,0.45944837,0.2589472,0.42334327,1Uh7HKxVpMA
0.08421437,0.07971594,0.08765323,0.13492408,0.021518974,0.3382868,0.12666054,0.10612586,v_pApXqTvnE
0.19868632,0.048143838,0.037541162,0.09870199,0.0023254375,0.35089853,0.096122146,0.06627024,11y8mRru1ig
0.23468061,0.19052283,0.22855344,0.23944841,0.09655894,0.5414773,0.25163928,0.23123357,NcJWp3rZZm4
0.031449724,0.06108266,0.07239913,0.10514973,0.031014297,0.4265318,0.24302815,0.08230461,oqBfV6l9Azk
0.2197753,0.09137725,0.04920584,0.03440402,0.082104236,0.35884807,0.2219337,0.030997744,BfAZNsOzv9A
0.008868611,0.13510545,0.12960711,0.21865276,0.004407919,0.5404621,0.3188611,0.14827263,r-UvFMVeYzI
0.0024807337,0.34575155,0.4702486,0.12692825,0.11729682,0.301824,0.5754118,0.31268758,yXuH20SzmkA
0.025799895,0.17428856,0.15359053,0.25791478,0.008399341,0.59336114,0.3545059,0.1958227,_5iKo2sE3NY
0.016828658,0.18960243,0.14597663,0.544624,0.027752401,0.67841846,0.5847665,0.32336712,sbiKNwjinbk
0.010416894,0.21136868,0.3250223,0.27040637,0.020408317,0.49507922,0.20448042,0.42980257,_McVkdB5ZAg
0.11417473,0.19879295,0.25013897,0.13485982,0.010342991,0.5464393,0.1884069,0.16358615,RZX_C96vJLQ
0.042622667,0.04641103,0.032032672,0.06926644,0.005830948,0.3121757,0.08630169,0.039512716,c_eN1mWe6Oo
0.013429199,0.18398233,0.052127782,0.1438785,0.023632111,0.38733333,0.58452624,0.09665519,eZboI-yHpD8
0.09855669,0.16137362,0.2032802,0.14417732,0.00037311125,0.43787137,0.24678884,0.14973637,wzdQhxCv4zo
0.2706394,0.089892805,0.07160182,0.138939,0.0681194,0.40003186,0.2339228,0.12656909,PGpNoOCuLqM
0.20040816,0.099917606,0.092151485,0.13521542,0.023632111,0.54451066,0.20622496,0.12052025,Eb4IOivKmlc
0.07151363,0.012332575,0.009903461,0.025370821,0.019714156,0.190309,0.044549063,0.012272921,kOf9inXy4zU
0.099775724,0.103752226,0.08784958,0.14745848,0.2224569,0.45555937,0.21379511,0.12099186,NBmHIYKLEk0
0.079415396,0.12695108,0.3303624,0.13349941,0.15976663,0.34922203,0.3411015,0.22698127,estNcxEvo8g
