PERSPECTIVE_FLIRTATION,PERSPECTIVE_TOXICITY,PERSPECTIVE_IDENTITY_ATTACK,PERSPECTIVE_PROFANITY,PERSPECTIVE_INSULT,PERSPECTIVE_THREAT,PERSPECTIVE_INFLAMMATORY,PERSPECTIVE_SEXUALLY_EXPLICIT,video_id
0.23096178,0.057331093,0.027863687,0.01974612,0.020238165,0.07416948,0.36656037,0.029690024,jzsiDRP5gXc
0.37642324,0.048868883,0.15470685,0.14907701,0.12554458,0.3123338,0.24200638,0.17333113,DA4qLxU5ZVM
0.3501295,0.12760067,0.10083236,0.06122999,0.12929523,0.1641581,0.21930516,0.050395947,u8Gd9MJsnnE
0.26512155,0.18450552,0.16874348,0.08033945,0.07362247,0.095101275,0.58027935,0.07806543,rYMIozCKxGE
0.39199492,0.011453647,0.112299226,0.23684567,0.14709099,0.25685623,0.041429725,0.30347553,bsN96zE8FuE
0.31109875,0.082104236,0.12633957,0.0361336,0.04934336,0.21427597,0.044266824,0.028864872,gufvLjAQsQs
0.2663101,0.28874767,0.13571231,0.15868476,0.23719564,0.07031858,0.44531727,0.19103482,rkniaZtlfpg
0.42483735,0.05613239,0.12433126,0.1258032,0.1569613,0.2356577,0.47170466,0.1818294,VGrfN3v5JL8
0.4910705,0.036851373,0.29566917,0.20112956,0.24013077,0.7580387,0.23605815,0.18247648,lrfeMqM603E
0.3221335,0.19936113,0.34227303,0.16409978,0.17287359,0.4922464,0.6915822,0.11212481,nbmMwMQEK9Y
0.20061369,0.1414913,0.06168396,0.03314438,0.04804362,0.25830624,0.2827979,0.028518736,GS6BHBeqdBs
0.2629563,0.015896274,0.07906297,0.07572351,0.07125678,0.1675104,0.26536494,0.07534129,YTaxl0tvbqk
0.22602308,0.031701013,0.1223545,0.08964747,0.1734166,0.09011393,0.3238773,0.05330597,rZN5vSbhsRU
0.5528002,0.040284947,0.5057425,0.26140994,0.25166696,0.7595837,0.17296986,0.22097352,iv7BvLBz8MI
0.23990113,0.020130653,0.05723061,0.06692164,0.05188672,0.086623326,0.32928383,0.068430126,q1fdIP_KyL0
0.5280067,0.38953075,0.31464556,0.23019472,0.4853491,0.29372716,0.28531134,0.14915189,qAp7n2uc5bE
0.25176734,0.0471521,0.060388356,0.030566702,0.088940315,0.0501374,0.34456155,0.029180326,gMcJGnypBuQ
0.3641542,0.08420804,0.04145074,0.04686764,0.06043459,0.08768776,0.47339,0.04869542,b74F56Unc9Q
0.30002996,0.08290337,0.23654336,0.118397824,0.19881994,0.10869768,0.417958,0.0943443,ynBQvMESMvk
0.35906437,0.0669207,0.21725544,0.10589175,0.11342651,0.42611703,0.4419087,0.112331204,tTeRofqTdlg
0.29698765,0.0753116,0.08914433,0.08176665,0.08249902,0.30953228,0.47928962,0.105398774,Vol30dTcOQQ
0.4295196,0.09279997,0.05871035,0.055153225,0.043787062,0.36952373,0.078651346,0.04317088,VTeMFnhJjWw
0.34263113,0.6556601,0.4264779,0.5090336,0.9091764,0.25345215,0.16586828,0.06346494,IrJ-UlN8sPk
0.26546055,0.20449556,0.19378099,0.114989355,0.4378779,0.12941217,0.45417985,0.034192644,xVx7B6o0Fno
0.2572242,0.048525527,0.055007104,0.032865103,0.037437215,0.22241542,0.25059956,0.0281987,-3ol1aUN_Go
0.3305814,0.024490505,0.032244988,0.013265501,0.039504718,0.049850848,0.45709762,0.027902368,aE9mTr2uI10
0.32680684,0.14373457,0.25474432,0.152431,0.12469343,0.6676243,0.44481584,0.15563373,HTK6WB8qOSs
0.32343537,0.085282035,0.08924744,0.022166442,0.07141903,0.25021443,0.10717938,0.030596532,ic2C30ElCSY
0.2586715,0.074912034,0.04638378,0.064408325,0.06560939,0.08807962,0.05267588,0.054639112,E3_euRauzwo
0.2972689,0.059328925,0.15774605,0.055153858,0.0717219,0.09678068,0.27708775,0.06748863,KBnsuTcfWeQ
0.31781283,0.017770508,0.10792789,0.05159084,0.044524796,0.2733775,0.37862402,0.06864891,flhGGq3TASo
0.27199507,0.0765103,0.09279994,0.034440406,0.031385526,0.23353979,0.18684766,0.037460484,ift5nxcSrII
0.34670323,0.26817688,0.6749959,0.22518264,0.2544875,0.24381238,0.091843896,0.08972679,DRqUQjyCXJQ
0.37264067,0.14104263,0.041657,0.03636557,0.033739075,0.06303987,0.515372,0.072678864,rGdm386TRnY
0.3693744,0.24991328,0.45086014,0.098622024,0.28996885,0.28037655,0.768397,0.052347094,prXpsfTa__0
0.38291535,0.17518331,0.1332467,0.09331192,0.1233882,0.21168163,0.27276602,0.10532047,JiUxGeYBS4U
0.22563851,0.08050597,0.029746905,0.028911406,0.030496718,0.055253923,0.22898358,0.038141802,obCgE_6g21s
0.341419,0.09279997,0.052333806,0.04796363,0.03585521,0.2994313,0.021487838,0.077788785,ceeuHC_xPKA
0.317606,0.02929751,0.09672693,0.110562466,0.082175195,0.44242096,0.2197959,0.12008427,atLs7UAzytM
0.2789147,0.15976663,0.42089823,0.07917942,0.20794529,0.17490317,0.44740802,0.0441453,LhYZfh6aqls
0.31929746,0.07690986,0.3199004,0.14474407,0.16337296,0.55856246,0.7079484,0.17205167,Z6cSu9oT6fs
0.22273381,0.021657806,0.07096109,0.07586237,0.072527505,0.111902505,0.16929625,0.060301922,pkjZl-3nA80
0.46240738,0.12309273,0.08476911,0.057230808,0.101173386,0.45619306,0.22840779,0.07023537,eh1LHbDXMQQ
0.2871392,0.31089294,0.15960124,0.22354233,0.14783406,0.8022605,0.71488196,0.15825579,IvOFVzfc-k0
0.3275308,0.047495455,0.124876834,0.040422164,0.04859365,0.2050809,0.44350412,0.053748157,zfcB2q0_hAI
0.25484297,0.12051678,0.7240727,0.24045958,0.29678357,0.26125988,0.53076506,0.11045527,hGP01scixAI
0.35511184,0.22422299,0.124912195,0.10364887,0.37718943,0.09304731,0.75058323,0.073551916,ty7jrPYhdN4
0.24261121,0.09118898,0.13517779,0.034605004,0.10470842,0.07077684,0.4977577,0.024553055,nCrZcmRoNZI
0.40743604,0.04268845,0.062197886,0.1242928,0.08797159,0.47878894,0.18677065,0.13453439,4lg6cZmfpeM
0.29228494,0.15451296,0.24086812,0.046478026,0.17622274,0.26277083,0.57002914,0.04820014,_iQsr3Z3Xx4
0.21946947,0.08367105,0.073365845,0.0642625,0.068425514,0.102758415,0.3921304,0.054078106,_aWKftVlHac
0.24642448,0.09924392,0.11826339,0.06597367,0.10096008,0.18024458,0.27288863,0.049561683,jf6V2CYhKvc
0.2861735,0.11536485,0.06435951,0.08203312,0.058666036,0.3660674,0.33170104,0.07700492,kaxFSYlqKlc
0.34864512,0.09655894,0.10848586,0.058529645,0.078579865,0.16546164,0.33376077,0.061214413,1ac9wj2ZVRM
0.4308057,0.1024659,0.20464204,0.10025101,0.16811995,0.26054657,0.16141458,0.06319029,zxBchA7mrLE
0.4185462,0.31661135,0.77257586,0.33836547,0.53297406,0.7080878,0.41316366,0.20224449,gpu4-GBgsBQ
0.25076574,0.09655894,0.12654121,0.091444716,0.16325787,0.100290954,0.33738217,0.06751245,helPavwg0-c
0.5134082,0.33341047,0.43747392,0.56550956,0.5142039,0.5765948,0.43948057,0.778477,CPj_Gk3FlH0
0.28378984,0.111500904,0.14739607,0.16860054,0.23696221,0.19965288,0.43741795,0.14726375,upXofFy8xrE
0.33373117,0.089041,0.12984417,0.12944864,0.06699902,0.25068477,0.6167052,0.13591613,E5a7CV8U6vM
0.29445383,0.06252546,0.06274959,0.05200776,0.051050697,0.10028577,0.23850062,0.091810316,2Q_FGJJWNHI
0.34663022,0.17759849,0.1062007,0.13655917,0.13904415,0.16832523,0.7079002,0.14092702,EZcSWCfbB-c
0.25509793,0.031701013,0.11820313,0.13730457,0.1060544,0.17737573,0.14642198,0.106009886,NuDmm39p4wk
0.3344076,0.0007896075,0.12982365,0.085132875,0.064560845,0.41132113,0.35857475,0.11844688,AUgQ3Mq6oeo
0.48764923,0.31540272,0.34318095,0.23947972,0.22839144,0.6156936,0.27548942,0.15746096,z6Vo5uav9as
0.19059488,0.04543531,0.059112318,0.03300938,0.042458143,0.071740985,0.3293788,0.026396234,4w62eh7WTNA
0.29961058,0.06931809,0.12723038,0.10156774,0.081177816,0.3373742,0.00021719103,0.07193239,JE2YphT9UAU
0.34841195,0.09924392,0.07508121,0.045780744,0.13355342,0.11062576,0.33974716,0.047864795,erc2WSYRQHw
0.53682715,0.13296685,0.26684085,0.10562164,0.14676753,0.480856,0.18873225,0.09786515,VypJ9ntnJps
0.27945748,0.17380224,0.052708384,0.039260924,0.025994293,0.13703607,0.166071,0.060807325,Z4I72iI5MHY
0.2562495,0.0224908,0.074483104,0.04433247,0.029840963,0.28543824,0.109236665,0.049596258,Zo913kHDoEo
0.33400846,0.15976663,0.07990272,0.08242141,0.058086794,0.111497834,0.075482614,0.10082725,NjBi93thNFo
0.4378351,0.34388447,0.25810054,0.1111303,0.21770915,0.31892312,0.23809387,0.07043944,Yqfvka7QDO4
0.34231752,0.026894007,0.14430821,0.15829203,0.15130231,0.24956456,0.42142993,0.14253329,W9FgIN-Kijo
0.3068268,0.1710401,0.14617051,0.24321482,0.1920506,0.4553983,0.15933575,0.1813287,QKwrhnh3Hj0
0.29366037,0.19042583,0.29193193,0.080391996,0.07958357,0.3022989,0.66470563,0.038930055,PHWEhGeCXaM
0.4126028,0.3282253,0.24985117,0.3543338,0.3805078,0.25408965,0.66215295,0.43840036,A1IDYHEdZpE
0.3593122,0.105704986,0.19373567,0.069582686,0.11773089,0.22276878,0.053372208,0.073806085,jOeDnvxYgIw
0.41154703,0.021796638,0.120051384,0.07707479,0.19690363,0.19110885,0.43871367,0.07580392,929viHEzCEY
0.34100243,0.078108564,0.08768349,0.060777716,0.1413382,0.2389508,0.70805407,0.05820195,hOkKkH23pi4
0.5182394,0.2889918,0.4024994,0.23274782,0.26004943,0.51160115,0.43666944,0.2657125,3hybkzCWb_w
0.36968565,0.16482529,0.19710623,0.13963598,0.1762861,0.23782326,0.21581346,0.13418902,QHOK_9hWU5U
0.26677558,0.09602194,0.11656649,0.055800557,0.14160621,0.38862994,0.2312732,0.035958607,65q8J3Q8MlU
0.26507893,0.11600884,0.18890023,0.058113046,0.23852037,0.1312212,0.6308375,0.04888874,2rpkwnVgPNU
0.2063892,0.0753116,0.096897714,0.07518007,0.07614029,0.14889285,0.30316585,0.05563813,AhYRHif-U8I
0.30019933,0.028439116,0.08537632,0.08588868,0.09840722,0.33600247,0.0019817573,0.053916525,UAWhOE1PEuY
0.23215258,0.101391904,0.020076906,0.023073604,0.012770687,0.1443434,0.41042003,0.050415773,nbNXMx_xqs4
0.30614188,0.038224805,0.133089,0.08220056,0.13154379,0.21582831,0.4516292,0.07057281,FLPLeig95M4
0.45861948,0.36805952,0.42277148,0.33124104,0.4253733,0.302977,0.86173284,0.4159049,sqtVhQY27jc
0.45031148,0.13386416,0.21698913,0.06551363,0.107221134,0.08304058,0.60202557,0.05035352,US0Rfav2qBA
0.26651525,0.112144895,0.047264684,0.04514108,0.021302694,0.14248241,0.14627126,0.051745735,Upz4oo4cDfg
0.3160273,0.1256687,0.05378147,0.045920197,0.0707136,0.18433768,0.5680319,0.054196436,4XTZbYtwZJQ
0.3368766,0.2590451,0.40806034,0.13413419,0.21142164,0.2641658,0.4161129,0.10614758,66vEd4bt9SA
0.23253195,0.08689302,0.048731506,0.060519665,0.042804576,0.28042704,0.64921135,0.06539695,dowVuV05xlo
0.25536835,0.09924392,0.108713366,0.07557503,0.09625611,0.1147419,0.18747431,0.08548921,fjnu5pj1Ku4
0.27909377,0.15918289,0.063803755,0.03565457,0.050060302,0.42378408,0.28519976,0.036244262,y7YPZxqJDYQ
0.29925674,0.09763293,0.22440837,0.1250919,0.13882144,0.53867614,0.36421993,0.10220149,_m5twZSHvZ4
0.29835942,0.060527626,0.075417414,0.1106611,0.12811908,0.10090859,0.17767903,0.15619572,evqRMVW7lvc
0.3472694,0.10892494,0.15022255,0.09250269,0.14508893,0.29391173,0.33596554,0.06878158,bntGdNFAAAw
0.22750092,0.08367105,0.07030452,0.053330965,0.034598462,0.07807279,0.20785111,0.10443192,_7FWr2Nvf9I
0.32237008,0.04165838,0.15677157,0.13418181,0.13326591,0.11742255,0.56423414,0.27626777,K_qQuZkodNQ
0.26439518,0.111500904,0.1414627,0.107349895,0.15440083,0.24323453,0.40474692,0.07601785,2qrpfHIpnqk
0.28637978,0.017701091,0.037085492,0.029317116,0.031424228,0.06381057,0.17721711,0.041266404,m6U-5Hck5z0
0.29741472,0.3544517,0.2883071,0.3400954,0.440306,0.7751896,0.5680319,0.20931357,ZiBaXCyObsg
0.42899826,0.06132676,0.22059461,0.1229676,0.08627296,0.271961,0.012593528,0.16547593,UGYO28tOB7Y
0.2510858,0.03856816,0.12247089,0.09674333,0.12960894,0.12502642,0.6172727,0.11168171,qkfDYt-9W58
0.2201045,0.456592,0.61846566,0.43068156,0.45763877,0.9664865,0.712717,0.07593468,1SZnybNvfFE
0.287055,0.074912034,0.05274013,0.050226223,0.046377987,0.12660979,0.11638736,0.05926537,bh5DklX-N2Y
0.42794204,0.2712817,0.1635289,0.10465815,0.08931415,0.27691972,0.26599598,0.1020912,35Wi3Gm2OrQ
0.22036399,0.0136749605,0.088868655,0.051804494,0.03508152,0.108890235,0.16396497,0.053369854,8_fn-a5qmxY
0.3626696,0.44750816,0.038025435,0.03568222,0.047353566,0.09116765,0.035441954,0.055171,rEFzB6Lb_DI
0.37715974,0.10892494,0.1405325,0.15805687,0.13559636,0.5068611,0.6649577,0.29813954,Msyp_dmsZRI
0.17662518,0.08796701,0.077951275,0.030034026,0.057433546,0.07961065,0.19727351,0.024479562,PYZBxH4I_GA
0.29426166,0.050242316,0.11388045,0.09803863,0.11960204,0.19416662,0.19355102,0.097707644,mTqkygZ-Zsg
0.41772804,0.12888865,0.2772492,0.086387254,0.13385804,0.6286088,0.43871543,0.14764024,IKXoJ6UqsoA
0.3421241,0.15859914,0.054104943,0.033006478,0.08443764,0.16807432,0.118452296,0.038131632,cykveQsmO1M
0.34628308,0.09655894,0.48099196,0.20542884,0.38890174,0.23440976,0.71666676,0.12182983,Vuh2AeO7ziw
0.5140016,0.2885035,0.26214427,0.31113675,0.3052276,0.35194233,0.45401356,0.19949827,dayJDrRdTEY
0.46358564,0.28517663,0.14099449,0.07211661,0.10587374,0.19263062,0.07638204,0.07499186,_Zd75jXaBdA
0.33229604,0.09602194,0.12319337,0.11856905,0.11031951,0.43983927,0.5680319,0.11706306,nVZZ1cUYAmw
0.34994274,0.30788645,0.12858392,0.072027884,0.0548976,0.17524421,0.7108024,0.1439583,O1yOqtbWrdg
0.3534532,0.14597784,0.14845252,0.060748477,0.12462843,0.40754828,0.48614466,0.03773247,FZAcHk1d000
0.19507541,0.090114996,0.096968934,0.07137604,0.07655433,0.17391536,0.37728143,0.07202732,XlJXKe4fcDE
0.17938344,0.39108577,0.39645287,0.43392837,0.4380595,0.96998256,0.64165866,0.089187495,WtgNCo4HRu4
0.2926953,0.15626417,0.2382072,0.16887069,0.19883783,0.76761067,0.5532962,0.08909731,ELntKgrMAzs
0.3135428,0.06771983,0.15590395,0.11125194,0.086086385,0.5111941,0.18147448,0.0713502,tmQEBFYrEx0
0.54428095,0.28825936,0.41897476,0.22418514,0.21354432,0.2948031,0.7079002,0.40050435,a9YRQaIUNHY
0.24309935,0.034104515,0.073046334,0.039386306,0.033018246,0.039698176,0.26466438,0.05828907,AOwWXYfcrEc
0.41657212,0.09548495,0.06265738,0.054203168,0.079932906,0.21235704,0.21082893,0.064516574,GNI553Np__k
0.4175353,0.18647896,0.12859216,0.18714933,0.24661851,0.17149644,0.3421637,0.17551434,LU3afdtRCqE
0.37573966,0.14911842,0.10342656,0.038802158,0.12212178,0.3609796,0.17488556,0.042298887,N3zujKdhH0U
0.36807835,0.07251463,0.15551658,0.10214981,0.10282981,0.3649964,0.48236305,0.11536273,ExPt6yPfN_o
0.43858218,0.42234805,0.25835672,0.40874904,0.48355338,0.7590263,0.37854612,0.24610178,QQkID_o8U3k
0.32042176,0.11021292,0.20567265,0.064287364,0.15967251,0.16626814,0.15111832,0.05260555,AFPIZrd3iF8
0.34059742,0.12051678,0.11514871,0.09145616,0.2459174,0.08014925,0.011363651,0.07169072,fbWq1FXdhtg
0.3403836,0.21186037,0.42062616,0.20799513,0.35999453,0.2905412,0.5680319,0.09941482,gyzbHFYs3pg
0.34245867,0.09548495,0.2620954,0.093666464,0.1984828,0.6059012,0.10659702,0.030782007,DC9cojCs-nk
0.36322775,0.06971766,0.10413253,0.08608598,0.1438695,0.20011556,0.26536068,0.08536042,43diWYSoERw
0.31219196,0.020685982,0.056961156,0.09355987,0.19399689,0.085126236,0.43103063,0.088983275,Emo_pQgwfkk
0.44184753,0.1539292,0.19688992,0.1647102,0.17560552,0.6114422,0.062293705,0.09365005,sO5h_M6dn6M
0.45880526,0.27359754,0.3957876,0.15629365,0.20071113,0.32708,0.85879964,0.20863438,O9hF5Yo1_Rk
0.21738972,0.08290337,0.26109394,0.08857843,0.11244353,0.16068375,0.58092993,0.063244864,3q1wOBVLJHw
0.2964344,0.23101798,0.18309076,0.1149471,0.18337855,0.33291495,0.38395086,0.07863636,WrZheAFpqLQ
0.25444233,0.1943727,0.047177248,0.05664824,0.0456829,0.141433,0.00019579334,0.039946336,qQbACnrgc2o
0.46577564,0.05133759,0.07772669,0.063048184,0.091091104,0.24972156,0.40891716,0.08977309,YfJq1K20YZg
0.2225812,0.07371333,0.17895626,0.13114256,0.23233134,0.118559934,0.33738217,0.06537086,oesJCQdkblQ
0.2935565,0.02397547,0.085265934,0.04127628,0.06385353,0.12170173,0.44181588,0.039897334,COAgIT61NjA
0.43027523,0.26132804,0.30253577,0.30713105,0.3393491,0.678577,0.1867692,0.22242695,U_Pr7lS6zU0
0.52409446,0.21362646,0.39538875,0.19560435,0.20377383,0.78585047,0.267413,0.12583876,Glwk8OskVAU
0.44407797,0.44805592,0.4379205,0.42991355,0.6406793,0.5800103,0.41099247,0.28282094,RSu_XYXSgz4
0.35093567,0.49688783,0.16830689,0.12247388,0.1774742,0.24192794,0.6340005,0.10258445,8emVCG1Jrnc
0.37537518,0.15159425,0.16929992,0.13532743,0.13843702,0.3037445,0.085024856,0.0939889,r3rVGrTknIk
0.36071756,0.103539884,0.5520259,0.19843428,0.4545171,0.50061125,0.20995454,0.107040025,WN5u1T4iXF8
0.2735521,0.09279997,0.38889256,0.104269564,0.14741978,0.15872543,0.25957426,0.08827218,AaB-XNwi1PM
0.27196628,0.054534122,0.14281629,0.09532077,0.06725707,0.3991231,0.030594952,0.07841538,HaSTzSIBgwg
0.5101161,0.04131502,0.36051393,0.1671875,0.20749807,0.41173407,0.044939615,0.17583743,LyZl8omsmn8
0.6680386,0.09279997,0.122418664,0.1368875,0.10570607,0.34943813,0.0034738418,0.23268342,awLgMJeD0Os
0.3796312,0.043031808,0.05546575,0.10135774,0.082120575,0.115552254,0.002986285,0.095028,7e2dmzJd7yQ
0.34764946,0.12953265,0.06866145,0.033243183,0.14650168,0.03752076,0.35766426,0.024162818,7qlJMEUSSWU
0.3744629,0.19338597,0.036876857,0.03487352,0.07858302,0.05113919,0.10793059,0.048047025,RLAL0rAD1TM
0.42326984,0.3598433,0.48276368,0.20611088,0.5409339,0.30625322,0.023702309,0.10822759,bF6ExHfRjqk
0.24368256,0.07730943,0.13942371,0.11456079,0.14924234,0.13241257,0.5680319,0.14928465,Yb7YTarMtzI
0.4814748,0.13879937,0.58293116,0.22987123,0.29269376,0.8587301,0.08047784,0.20755282,a_dMDE-BzNc
0.41600487,0.11665283,0.26674965,0.15277483,0.1094722,0.40976557,0.1276166,0.15099627,W-2LLrq4SdI
0.5716193,0.24242763,0.42919704,0.22217387,0.3800577,0.42996836,0.45849445,0.17101687,xHoJbgl9h_w
0.20820886,0.037023053,0.052799724,0.03526641,0.058744274,0.0270485,0.38127673,0.021616027,oi1StXx1p5M
0.2733258,0.045091953,0.08250688,0.08264672,0.114186205,0.049013093,0.14501724,0.046479773,bLOW1RvLQHo
0.4668763,0.094410956,0.19430211,0.18194066,0.23665948,0.49502626,0.29482967,0.15672038,JovkktIip0k
0.31827345,0.048868883,0.05294289,0.034995057,0.046582308,0.096568406,0.43704388,0.05708479,m9F3ayPoDIA
0.3100479,0.22990796,0.4622867,0.14790455,0.28270015,0.354279,0.8294702,0.09955027,L4DkztDjlak
0.21418904,0.05852979,0.12505804,0.08186064,0.23922545,0.06283909,0.47090057,0.043234166,enyep7yAKxY
0.5797108,0.27690583,0.44667882,0.24486034,0.22815879,0.31061858,0.6954454,0.4456558,OvPrhQ_0GfM
0.3684517,0.09333697,0.1380555,0.12756822,0.1465213,0.43120193,0.27090296,0.122979365,_VJG91FQpJ4
0.3911138,0.119228795,0.068086386,0.13107312,0.16183124,0.23869455,0.32419255,0.16017765,1Cylk43dcVs
0.33063826,0.056931525,0.17898585,0.086261705,0.10361,0.3016377,0.060329042,0.06124211,yA4NgY3T6fA
0.41318196,0.31693128,0.13899843,0.2821141,0.660731,0.15523449,0.8086994,0.12354448,qUxkONMfW6U
0.33450752,0.026035614,0.046538904,0.048880745,0.03897404,0.10651206,0.44943848,0.084362455,kgp_4ThZ7BE
0.34373438,0.14418322,0.08681417,0.048819393,0.071150996,0.12755086,0.7079002,0.10652036,trB06rINhKI
0.3310455,0.045778666,0.026285332,0.023878891,0.031254303,0.08275221,0.5578596,0.035775103,Hs7UZ5y4L_8
0.4474456,0.0741129,0.193267,0.084051475,0.11217833,0.56646085,0.27383912,0.056334898,dz9oI7ugqRQ
0.29071814,0.04268845,0.104545526,0.044986933,0.08040548,0.228605,0.3080821,0.040759794,8XsaFuEXRV4
0.35759756,0.2022951,0.16187234,0.057559077,0.082356915,0.34381968,0.16612408,0.038210724,GtSQvYlLweM
0.27426815,0.12953265,0.07365549,0.06921091,0.047725134,0.3355922,0.05953994,0.07641144,-4vb6UWhf3o
0.26000404,0.15626417,0.06240446,0.040589318,0.04549768,0.06142385,0.28040388,0.061215896,utNYSivVlJ4
0.3813662,0.08689302,0.19126838,0.091645144,0.10671373,0.36030975,0.08775945,0.07142866,agrl6P5mWT8
0.5340251,0.1019289,0.29035133,0.231498,0.20197904,0.2842742,0.42015785,0.39397395,wYDMTCqZ0XU
0.3544434,0.10763696,0.17308173,0.06326579,0.064224765,0.40476352,0.3409147,0.06974306,isucCrzOh3M
0.2997489,0.16035037,0.23922539,0.16444673,0.19029301,0.701254,0.30041716,0.07973101,IvCDqvthiCo
0.3847247,0.044748597,0.043750122,0.026690796,0.077578366,0.11878963,0.5472373,0.03419492,d-IZwugU6NE
0.28199336,0.055732824,0.083757736,0.05703961,0.070934676,0.25321525,0.3564495,0.06375546,PkvDJm_4Pjo
0.24193782,0.03444787,0.085059576,0.04792387,0.18875434,0.08171221,0.18336275,0.023927981,uhibVl0m8FM
0.499094,0.094410956,0.39288005,0.1583259,0.2933005,0.42129406,0.035190243,0.10503832,G-WCG_T9-bo
0.3419022,0.5958905,0.47387695,0.55967796,0.8453147,0.21155064,0.6283709,0.19801901,J0yqUUTiYLI
0.41796026,0.0495556,0.22609322,0.11113382,0.14815168,0.35871378,0.07547291,0.1002233,VH9ukM11INY
0.4777341,0.17661177,0.38937715,0.1143045,0.3038829,0.5052996,0.41048032,0.12686813,4txKoYKYvHY
0.30409688,0.26132804,0.20190182,0.10654928,0.30754945,0.4873727,0.23244111,0.077396765,WiM_VlEnFpw
0.31943384,0.010134743,0.095503636,0.15981996,0.13169469,0.12988864,0.17679305,0.14081772,6LFnQ56U7Jo
0.1803351,0.0495556,0.11289431,0.048935793,0.049364142,0.11047387,0.2855727,0.049267333,-J5rtcJlmz4
0.2387403,0.048868883,0.08628223,0.04650232,0.03269511,0.22750266,0.15083303,0.05395966,nsF1HczPhxE
0.37031206,0.13835071,0.302576,0.14430667,0.13595001,0.5514379,0.26259494,0.13515857,tpRVWeMsoaE
0.45330065,0.1250247,0.05416946,0.051624656,0.035799924,0.3864741,0.0053758537,0.11728973,hcKWSqDbxUM
0.31276837,0.13745339,0.13069026,0.13414389,0.12488273,0.14100952,0.5391795,0.18022853,bRp_W-VGw5s
0.42630622,0.10515087,0.060822878,0.09421506,0.080347545,0.31846717,0.16988437,0.13502702,indnwMwNF6w
0.5437945,0.1473238,0.15462503,0.12518889,0.23490962,0.09390283,0.066153236,0.11928586,lbZAJLeastk
0.38488713,0.029469188,0.090937465,0.06688475,0.043572433,0.38750154,0.08917978,0.11225088,3cNmMygIcX0
0.36058053,0.040971663,0.11221548,0.10664532,0.10570114,0.14400172,0.15806209,0.121577635,vwV-rqMmQtE
0.23958892,0.14822112,0.07088395,0.09434506,0.08390608,0.11792267,0.4464556,0.084496744,QMb6f9EeBWs
0.20677951,0.25676212,0.030883295,0.03360652,0.024451694,0.073470026,0.47097048,0.035330612,dPKkBk_xpbs
0.34447798,0.09387396,0.27285507,0.07717962,0.1250403,0.20590824,0.20093788,0.04102628,ZwfOZB9IWx0
0.38481253,0.094410956,0.19716364,0.16380262,0.18381156,0.26982793,0.5990859,0.13584352,uul5qjtDzEk
0.32864824,0.09816993,0.24987052,0.10369872,0.1366517,0.30403993,0.23659776,0.058723383,KPSu-Jolq4Y
0.28173026,0.10515087,0.49910107,0.116286315,0.118625045,0.7602723,0.14444652,0.07866183,9R5TvLCsN-E
0.31299892,0.018881164,0.2141806,0.13410896,0.2310364,0.16365118,0.04047267,0.103515625,M-0pk1MuWao
0.49288538,0.012841969,0.58523935,0.26055092,0.36999393,0.8763936,0.18980129,0.25839722,0tCYt4VteJU
0.46984407,0.015549194,0.11804866,0.14385511,0.11958224,0.12351911,0.18271092,0.22710514,7LsYUfWL1Do
0.62947893,0.07850813,0.37456182,0.4344087,0.37156412,0.4917231,0.12573755,0.35888338,Y27t-yWgjGk
0.45621568,0.077709,0.15348479,0.07320182,0.12119472,0.2880573,0.1024223,0.08769615,9YP5LBhiwL4
0.44006008,0.23891698,0.2724854,0.32965046,0.29111326,0.4275097,0.5253144,0.25275728,GArWVPo-86s
0.51513916,0.08447654,0.18319088,0.084569804,0.1160161,0.23334256,0.07545566,0.13147815,v-KrRplQZMI
0.51592016,0.00281135,0.25014025,0.24397688,0.22776231,0.56931704,0.00064054347,0.29476193,oo3g6-JXGKk
0.38274816,0.064523295,0.015499522,0.01992089,0.016145281,0.032868836,0.056180675,0.08372164,8dEmoV0g-Aw
0.4951816,0.087430015,0.29359078,0.14276941,0.2385838,0.75833416,0.08526674,0.07412504,GcL1ztrN42A
0.28131777,0.024318827,0.04527537,0.054859936,0.044350866,0.23876816,0.17907302,0.072061114,CeVqt1Umiko
0.37772903,0.033761155,0.13708282,0.12808582,0.16568503,0.13123651,0.26419508,0.13913721,k7dK3Qd4Xsg
0.5223611,0.05653196,0.14077076,0.13361464,0.12820515,0.17548661,0.014087603,0.15075332,MSs5PsapMYY
0.40540996,0.355017,0.21670315,0.1432149,0.14300865,0.40589863,0.19132294,0.09040804,TCs-nVQcn5g
0.32715544,0.11407687,0.03990114,0.013286192,0.029985761,0.08671494,0.049126416,0.01562789,eAiTFdiCeuM
0.38094762,0.12824467,0.18957025,0.15757582,0.09761716,0.44300187,0.47495988,0.15563945,bivSQ1zd9y8
0.27019852,0.03461955,0.16256459,0.059942476,0.11847946,0.55021566,0.49674338,0.03181373,itpMqWZdNC8
0.2941106,0.0471521,0.112981334,0.10821594,0.11846893,0.39259464,0.2016724,0.10040725,y-w6caES8Fs
0.26291206,0.025692256,0.029618701,0.06315003,0.0392275,0.066804975,0.09934576,0.0653623,6cHMzWTBDxU
0.45893967,0.090114996,0.10597427,0.10705196,0.20363608,0.16528241,0.27772173,0.10531022,JHfA_1bey0A
0.18344055,0.10300289,0.11531532,0.059514202,0.0591746,0.1125202,0.4568936,0.06154247,o0qW954JGJo
0.24741662,0.0013796439,0.09799029,0.15603222,0.1202703,0.16827072,0.1359172,0.12407892,gqZ361LFN-E
0.28436127,0.7257758,0.6350989,0.6122283,0.93294203,0.31214806,0.28701925,0.066741,cR00neuasbU
0.29872075,0.4945446,0.15693907,0.82142127,0.47875217,0.22177775,0.23539552,0.22805208,MBKolZ7Fb8Y
0.27881062,0.1256687,0.18651246,0.08113827,0.06856335,0.32363108,0.36124545,0.07421803,C6kisopf54M
0.43801144,0.28996843,0.2519891,0.25605196,0.49659592,0.49016663,0.57470727,0.169444,tJgwZa3IxPw
0.39824644,0.010759487,0.0749414,0.09430554,0.056617115,0.10856048,0.13508373,0.16262208,rG5WbN_0z2M
0.425016,0.054534122,0.30375966,0.09459817,0.14731877,0.24791339,0.110841155,0.14879528,XQ1cJrGXe2k
0.2397765,0.1621016,0.12566246,0.12832674,0.188688,0.1251369,0.7079002,0.07078165,pBEH8appK-Q
0.52365696,0.058929358,0.20079274,0.19154255,0.24719955,0.46258077,0.025632756,0.17882016,xqeIRi3XDo8
0.32722837,0.15976663,0.2108851,0.284544,0.3265741,0.2492131,0.33375782,0.16931659,2ut4HYHkLjQ
0.26577014,0.1621016,0.084220774,0.10408014,0.09960482,0.10711515,0.0077921078,0.10959474,MvjEB9-nxp4
0.26208407,0.2008281,0.07598877,0.09008936,0.07057058,0.18885624,0.5359952,0.070867635,TQA6Z_g8gdw
0.3329334,0.076110736,0.07471056,0.022936124,0.15483086,0.034840982,0.5790124,0.0250309,64WkVkjkTYI
0.38155374,0.035134587,0.12853527,0.15566985,0.13470164,0.24574941,0.20750214,0.18639214,TTb31HVYil0
0.409533,0.006525108,0.07454976,0.045236852,0.049694944,0.2723147,0.062149636,0.047342602,ZdKc808GJMg
0.24737301,0.22775516,0.016461657,0.019438162,0.027167993,0.31695047,0.8111435,0.033906817,sr8n7Cos4a8
0.3638006,0.05133759,0.15735394,0.10572228,0.18039608,0.12764029,0.43873522,0.090862535,KYwbmcbtibA
0.3853064,0.04131502,0.059883,0.044639274,0.051339842,0.24575341,0.31051153,0.07073368,XJgX20S0Zdg
0.29069906,0.0471521,0.25769916,0.1347894,0.18621117,0.14972837,0.00019834675,0.07584573,kBZNFhbKqsc
0.19077457,0.032731086,0.039543964,0.039121557,0.035638034,0.089689806,0.25232288,0.047177315,Ty5XsUhB7J8
0.43834698,0.029125832,0.105355665,0.08128389,0.11593294,0.38434142,0.021347804,0.09337166,I8NVVgg9v-U
0.509744,0.028439116,0.11393435,0.09272498,0.08106828,0.15862803,0.27385896,0.24830766,Zxi--4N8CBY
0.41863352,0.04680874,0.21392372,0.15879625,0.118050635,0.31313092,0.21865274,0.1655875,LjBDr_Pr2jE
0.21688233,0.043718524,0.06730321,0.070909224,0.045974664,0.10763933,0.3275225,0.07778477,0x_uz2_a11k
0.2551932,0.3511902,0.25525087,0.18734549,0.2959074,0.80569166,0.81023145,0.0523405,4eJ0mUDu7pE
0.36763066,0.012494888,0.12640183,0.071837015,0.07464804,0.18025762,0.0040171035,0.074137405,7pZMqFF6iNs
0.19170451,0.05253629,0.12438795,0.07714404,0.10811402,0.15674105,0.2676793,0.048252724,VvkeuA_a3bw
0.23078652,0.2145095,0.13157913,0.14916053,0.15663461,0.6525224,0.24511929,0.06342366,NFpCcis1GFQ
0.30557913,0.10828095,0.075589225,0.10063756,0.05408686,0.14117691,0.19971882,0.10366832,bD9U9bQUlSs
0.29497397,0.029812546,0.1889706,0.15312749,0.13093099,0.53991455,0.013279317,0.12041076,0S6XHbIokh0
0.21205442,0.014855034,0.08758505,0.08770177,0.09895019,0.11084328,0.39452067,0.064849086,JgsRzTxzC0U
0.18193889,0.119872786,0.013989253,0.019163638,0.019358637,0.03417233,0.10283972,0.024064835,WtfXRED2Jhs
0.15142684,0.1609341,0.27236047,0.059164222,0.077942304,0.04783251,0.547765,0.021668645,dAuBM_7-e9g
0.4793769,0.00315843,0.06695105,0.04509985,0.06944323,0.109812,0.20052105,0.063361876,DwVIvmhdzdc
0.2275982,0.46621865,0.25744778,0.43377843,0.7028755,0.30397454,0.5680319,0.11316158,5oWlfEidpf4
0.46064088,0.11343288,0.28604987,0.18392284,0.4339957,0.29316866,0.13076697,0.16388094,gRGe-jXs2is
0.2617312,0.8546526,0.68888074,0.7428255,0.9469351,0.16312756,0.8086899,0.16607189,5uFJ60An5k8
0.33823684,0.13476147,0.23435691,0.21677107,0.30814785,0.24845628,0.0020415534,0.11236293,JV4QnalowwE
0.32631758,0.087430015,0.20088138,0.145857,0.22127692,0.14351536,0.44190678,0.13722451,-Rd3leXFcmI
0.19545715,0.09548495,0.09328207,0.06268346,0.07150882,0.121710576,0.4743071,0.045343526,G9p4yt8XjVM
0.3116831,0.007184561,0.21053119,0.091701984,0.097402185,0.096145436,0.10775555,0.15909915,aYk0bu-npso
0.2621552,0.04234509,0.058710545,0.037607186,0.035176154,0.051944777,0.3998668,0.04561479,TU3i4hjAmVk
0.3363057,0.35642847,0.19142987,0.14483334,0.4511663,0.46967223,0.37797362,0.10384208,8m1VBksxDyU
0.66552085,0.013258465,0.12228734,0.15424143,0.1236004,0.25782895,0.0064353594,0.26344872,76yMhwUfoys
0.2501716,0.020685982,0.042358827,0.08592768,0.045125376,0.10038123,0.13721138,0.10294884,jtlAL-lKHnE
0.30352494,0.13386416,0.06258148,0.048179846,0.08169823,0.49289975,0.29332095,0.050196882,XM_Gh_vP1mg
0.3647021,0.20302857,0.768989,0.33465633,0.4894069,0.58039504,0.18848167,0.4289699,HCKFP4aFMwI
0.3757759,0.2712817,0.16131479,0.86212516,0.40681532,0.21367685,0.30705416,0.28165275,LStlxxFONAw
0.30621016,0.06851897,0.030206151,0.023907471,0.025242792,0.05259846,0.13412933,0.03906187,Wz2LISfMBo4
0.2924866,0.38953075,0.11935201,0.11798346,0.20337662,0.12920009,0.46372807,0.11927808,K4K7DVBzZ54
0.29070622,0.059728492,0.086310476,0.032569077,0.06414507,0.29464632,0.19395874,0.03463893,So2AExCMzlo
0.23934916,0.042001735,0.08097606,0.07818753,0.07349926,0.12049053,0.24284971,0.070346266,KS456ruZV1M
0.4310619,0.45964533,0.39060965,0.31132156,0.5692762,0.18227743,0.6791602,0.16902006,_wZHyq8iO3o
0.64662987,0.0100653265,0.12957565,0.34572592,0.2792733,0.23208813,0.021639926,0.26529813,XoN8rPagleA
0.24702212,0.09655894,0.06652864,0.091471426,0.069962844,0.1289874,0.33842912,0.068080045,FzuWSWK4vuc
0.22050035,0.012494888,0.04083007,0.042918585,0.036884263,0.07063832,0.14834435,0.047641408,4BrtBmhhohE
0.42663372,0.02397547,0.043729033,0.055371825,0.057097394,0.11425512,0.20872217,0.052188613,MUoe_kyrvqk
0.3497428,0.09548495,0.038124736,0.02488008,0.05351614,0.31379864,0.8139912,0.044693876,aRjYB7le0sw
0.39655456,0.23628397,0.2184679,0.33131275,0.51051795,0.2593002,0.5680319,0.21222138,lNB1qd6qnC0
0.38572517,0.18746567,0.35233495,0.27186176,0.33283415,0.25970486,0.34420806,0.18037266,8TRkocc3Dig
0.3420022,0.040628307,0.13290551,0.11105635,0.082053035,0.10212685,0.54294246,0.090143524,gHDhSWvHNm8
0.3004889,0.025863936,0.15049504,0.1050603,0.26476073,0.09062423,0.2635873,0.072499834,cGfg-WnkXto
0.3608634,0.09172598,0.4516837,0.20865208,0.23086284,0.3387173,0.023486247,0.14103903,3UPRNh_6zLk
0.3785454,0.050585672,0.24570331,0.21428704,0.18133247,0.34473383,0.00033086326,0.13260357,zPtpAGM-9us
0.26942387,0.027580723,0.11260519,0.10449132,0.12055824,0.25616205,0.066416964,0.082148366,cR5H-tlTtY0
0.3323798,0.13206954,0.25001374,0.09462542,0.2140677,0.29949746,0.26517653,0.076939926,swHsbunOGH4
0.57004416,0.31725118,0.35188875,0.18182376,0.48709098,0.3955265,0.43718216,0.1492643,kQ4AaIGxLxs
0.25218418,0.013952625,0.006545806,0.002856011,0.0036166143,0.00801827,0.38017523,0.033657786,UG9ao9fY75c
0.2901647,0.038224805,0.06287659,0.07555743,0.05562553,0.09961563,0.13067985,0.11235166,Y_YHbOwR_Rc
0.8462651,0.5933793,0.27245665,0.56746554,0.27654114,0.28653172,0.45829484,0.93873084,n-DO-tE7dsk
0.3274313,0.11472086,0.106126234,0.025534056,0.065807074,0.055907138,0.48444068,0.039311294,-2L-5UAya1U
0.30981797,0.014993866,0.03711003,0.055087447,0.039730098,0.10092325,0.19074538,0.06804647,bROze9AMwic
0.35473624,0.08796701,0.19437407,0.093971714,0.11277757,0.30552754,0.15513992,0.049801562,YPe0m28Glcs
0.30895162,0.0035402183,0.13565756,0.08950239,0.19280377,0.17842382,0.20184131,0.06478257,SCTRWU_Gnao
0.42303458,0.26817688,0.1698675,0.39482236,0.25042012,0.10277183,0.57322973,0.48333707,IgbhDwzRAgs
0.21624261,0.051737156,0.07236817,0.0854953,0.063151464,0.121406056,0.46330458,0.08858446,MnwqxJiK5S8
0.52629757,0.0495556,0.12870564,0.18062864,0.12853369,0.541306,0.1325286,0.1787967,rZWf48jSvXQ
0.43822938,0.22989221,0.1636981,0.19090207,0.19658938,0.25142288,0.7221491,0.18049331,JY79KL3Hb3U
0.24563897,0.2712817,0.28222355,0.08866615,0.13591819,0.29467106,0.38643405,0.060755227,eTNkFfkxGjM
0.30602172,0.078108564,0.11437292,0.08827355,0.10156779,0.43816528,0.4007056,0.05689836,jrkhRR7WtJQ
0.6335455,0.014577369,0.30814084,0.43375936,0.3207417,0.49286777,0.14683528,0.37113765,oCKa4OVh5-s
0.34686774,0.6237118,0.15832332,0.1717495,0.17997523,0.31100956,0.71344894,0.1436512,-jdCgct6fAk
0.31313968,0.10828095,0.27983564,0.11941121,0.17453066,0.24031326,0.14571764,0.06260507,kdLZpUfgjms
0.3395666,0.104076885,0.100925416,0.017486691,0.10412913,0.045757845,0.4694242,0.02154868,jG441JLC4Ak
0.23532595,0.052136723,0.05724967,0.034113143,0.025963863,0.08694491,0.40540764,0.04986444,kmAwfo-9IWk
0.41957685,0.3123962,0.108375095,0.088758506,0.13464953,0.090488255,0.27405816,0.067556255,7bZddpx8dtM
0.53497326,0.3093897,0.25671458,0.106202245,0.35642835,0.6658013,0.31745878,0.05173045,06AfpZf3BzU
0.2440046,0.13610743,0.12952197,0.045664463,0.105770566,0.11823173,0.81032664,0.04340573,_NGnOCVS16A
0.19256699,0.005900364,0.0406373,0.04669938,0.029981581,0.078560986,0.11927882,0.06130012,a88OIG_JOcY
0.20473017,0.038053125,0.052435104,0.058156114,0.035889983,0.09413596,0.17552125,0.084416434,pACjrL78K8A
0.4517946,0.28948012,0.15325426,0.1932539,0.15921168,0.29043534,0.10032912,0.24195482,XsMC3X62n4c
0.54199773,0.0681194,0.13268186,0.13492443,0.0670291,0.3970998,0.0120790135,0.18350278,-A8URYUNKeo
0.2013269,0.013605545,0.047560167,0.030203948,0.040301267,0.07544967,0.3485985,0.03046291,4Ao0uncWqXc
0.45126584,0.44820568,0.19426303,0.19974454,0.21613386,0.41915756,0.11572548,0.23079994,85GRWClyY10
0.49099097,0.021518974,0.11946109,0.10458349,0.090411074,0.19760545,0.0046828394,0.1225256,mxvQdjdKP78
0.24547413,0.033932835,0.0373057,0.022878941,0.05475514,0.053284064,0.1522366,0.029896447,ecgeJhg_JYI
0.28565446,0.12051678,0.07878402,0.07665037,0.07447115,0.1098732,0.43779168,0.082157046,vba3lIDdYbw
0.21954289,0.13082063,0.055671047,0.050181925,0.04115211,0.09624519,0.56471306,0.05534239,4zMV4cLz05Y
0.3341781,0.019852988,0.181571,0.09334392,0.090383664,0.17407982,0.3654153,0.1319879,H46eprnYcuY
0.32358786,0.011106567,0.031181222,0.008296959,0.011748545,0.02168588,0.322243,0.038737487,8ziJwXOVBSw
0.26036164,0.124380715,0.20359793,0.08681101,0.09655668,0.12453238,0.5659777,0.08069272,-bd6bTRppyc
0.45194092,0.1423886,0.2201293,0.14503649,0.2800262,0.26365706,0.13510208,0.098800324,Acgxebewi8s
0.2564784,0.045091953,0.12746438,0.17682333,0.20513111,0.18320884,0.11144153,0.13982408,8wwsKTew_v8
0.3568379,0.02193547,0.09155686,0.0903905,0.094998635,0.25200343,0.2714423,0.19019416,jdIBQgHM1os
0.33951664,0.03049926,0.034404367,0.04582561,0.03311546,0.064407304,0.13173409,0.085245244,9UPJByp9Zv8
0.49463156,0.10699297,0.16534574,0.12215371,0.1160058,0.1742577,0.7279288,0.21713783,R8l4jXVlPYw
0.2148254,0.019575324,0.13923727,0.038678125,0.031173654,0.06387962,0.42164978,0.0343567,CgbPg5jyg3c
0.61561996,0.022773718,0.27419558,0.3147759,0.2312779,0.5512526,0.020250391,0.3248007,s1hpnHgEEWQ
0.21071169,0.017284594,0.039868854,0.04322097,0.023003755,0.06889352,0.20314682,0.079905815,L6n9X6bKpms
0.2591008,0.01527153,0.08703143,0.061574373,0.044514798,0.22186595,0.244742,0.082705304,kbgyuK_FP-c
0.3991283,0.020408317,0.103138335,0.3068143,0.1605722,0.22620915,0.15797037,0.35830548,JTfhYyTuT44
0.40837905,0.7627802,0.57580054,0.78608334,0.942489,0.7287168,0.04776518,0.20199792,qWMW-LKgXVc
0.48358983,0.020130653,0.11115036,0.07120418,0.05721997,0.3282487,0.063107066,0.13415919,WThso-fI0sQ
0.31135732,0.456592,0.35397598,0.3566643,0.584724,0.23887064,0.81177545,0.15324236,8khVKFGHnhI
0.32048833,0.050585672,0.19194466,0.11731889,0.09529499,0.55624664,0.6302989,0.1576711,Xwdkng6ZGp8
0.27584493,0.1550967,0.14650872,0.12470084,0.23034802,0.13482636,0.26210493,0.10121354,T-OuspyohIk
0.31099105,0.015549194,0.0832972,0.07899764,0.03888309,0.1173501,0.16806829,0.045446616,wxC5by-Vvko
0.2844959,0.05613239,0.22215638,0.11669228,0.0937631,0.2679138,0.7261621,0.06954051,gUao4-Z2ML8
0.1816308,0.0040955464,0.04475102,0.051719688,0.037022095,0.07908011,0.1355087,0.05278346,Kg5-8eIX9k0
0.34952426,0.19535941,0.22566856,0.08201601,0.14093581,0.7291966,0.04563765,0.03302656,TsfBczc7bS0
0.23449765,0.014299706,0.037881825,0.02453402,0.021251371,0.08282306,0.12868395,0.054909747,edAzGFOmV3o
0.32349804,0.103539884,0.11650434,0.15489756,0.09368094,0.36894152,0.24342586,0.16502357,J0J6Yn7V-rk
0.40059978,0.029469188,0.16656312,0.16102839,0.13811056,0.20974928,0.021265728,0.17495777,pNPwQzeVd_E
0.3374358,0.0224908,0.17110895,0.09500392,0.10162221,0.14552298,0.27851248,0.10179065,ziw4bBGEFLg
0.43699118,0.007531641,0.0749221,0.060352176,0.05666495,0.13201745,0.22626507,0.121767975,0A0lIfomTP8
0.17782412,0.016243355,0.03772363,0.044605587,0.028540138,0.07399992,0.17513214,0.047178615,vwhwg0uS7xU
0.21407449,0.058130227,0.06388088,0.08449387,0.059238605,0.09133729,0.32211688,0.08373652,YDBhkvHshJY
0.45185927,0.23452865,0.28797898,0.14393581,0.12236648,0.6467982,0.19568855,0.14094052,_M0c_sbHZeo
0.28192556,0.5023275,0.6793779,0.31836843,0.65701777,0.06993016,0.8091089,0.0928572,j25NHPw8bik
0.4354969,0.2712817,0.22125405,0.26140186,0.21788895,0.16296567,0.4435104,0.7893632,89NP0NXU6l4
0.56264067,0.43275943,0.19266157,0.65442777,0.34354153,0.25432035,0.57409674,0.88371605,FVTe7dvMUso
0.3047807,0.101391904,0.11593525,0.123059176,0.12020555,0.21228471,0.6087682,0.12438881,yezsgWbVZ30
0.3868008,0.08850401,0.11486228,0.14374277,0.12959598,0.22947122,0.17580277,0.13460127,3e6jfa6jzp8
0.30841938,0.0825038,0.09483422,0.0538961,0.070107676,0.1344903,0.196536,0.06859845,Tc27HJLU5xg
0.4748602,0.13969667,0.26414204,0.21381511,0.22844648,0.43359467,0.24717042,0.16338614,9jf_HZUxauY
0.24711724,0.052935857,0.050562203,0.07865547,0.04040092,0.32005292,0.090569764,0.070687644,OiJvRykl1GI
0.36620516,0.49981686,0.2644256,0.15962432,0.42685744,0.1311963,0.7153724,0.12494548,aUHRm6EYiBU
0.29776597,0.22988434,0.45980772,0.17231978,0.19357628,0.16449438,0.6501857,0.10153233,OVJxZLIpcfc
0.21320423,0.05253629,0.05598994,0.06510806,0.05597448,0.08599896,0.44385934,0.06144836,aoJEBw-c3TE
0.32801822,0.046465382,0.032884836,0.051041394,0.034884807,0.08308766,0.02077661,0.0874488,PPQ-zSjHOeY
0.29449627,0.025005542,0.096400894,0.035545465,0.1411795,0.040831096,0.27609268,0.03374391,lrTNaOpfHa8
0.32773265,0.28948012,0.25893116,0.25678158,0.42409065,0.18132766,0.35348433,0.1600155,c85qXebXi1Q
0.35245025,0.16758743,0.22488692,0.18816584,0.28096998,0.18249409,0.3608311,0.14287679,kceNRZvsJWE
0.42257518,0.089041,0.09007339,0.14884457,0.054546665,0.34811965,0.037888072,0.15827635,w2x4LLrjTpY
0.27680984,0.048525527,0.22426254,0.18761395,0.13829699,0.5463818,0.10244764,0.17062932,B3YpQGrRioI
0.48667932,0.22982138,0.3012221,0.30638847,0.5010314,0.38896528,0.04259927,0.11075181,rXVCUpuvn0w
0.4171098,0.4945446,0.62379164,0.42404056,0.3558343,0.88170576,0.47678068,0.17830029,2Sim0oAZL98
0.30228052,0.092262976,0.25039217,0.1157874,0.122421354,0.2493686,0.27285376,0.09076101,FWhXEG4OS64
0.43671334,0.2995453,0.41569397,0.2688475,0.3708787,0.75133234,0.11058305,0.14206678,3wgEvNw-YQA
0.27820706,0.023460433,0.050533436,0.044021938,0.053092547,0.088530555,0.2821533,0.07079712,OHxhYKoHfug
0.21977529,0.028610796,0.07293219,0.04125985,0.038546924,0.07789859,0.06847486,0.05413599,XOhcrio_5Bc
0.24700549,0.010412407,0.09625154,0.06744354,0.058700174,0.18469608,0.07703418,0.050234213,PLYVpq99s2A
0.28559086,0.08420804,0.09101869,0.08388791,0.04894295,0.28466576,0.120188676,0.12394611,_UADcU9JtvA
0.24793269,0.010551238,0.014257473,0.018096328,0.016868254,0.039707854,0.31074876,0.032424603,YwzxJNhbLGk
0.4322723,0.14911842,0.097782016,0.32122228,0.17692876,0.13110445,0.2658285,0.29362878,ra_C49I91sk
0.3671158,0.08367105,0.15929888,0.11709706,0.12805541,0.18709293,0.00894247,0.07704614,jAKw_NCFEgM
0.1627989,0.017562259,0.05341233,0.04248337,0.029453788,0.08149282,0.118141204,0.051376197,58gqjne-gi4
0.34710434,0.45964533,0.20307374,0.2661462,0.66098714,0.33099392,0.6307991,0.198137,3szve4NWl3I
0.23728043,0.02655065,0.065511405,0.07871825,0.04911912,0.11711866,0.10001794,0.08874186,1xWjmXu05us
0.43071508,0.09333697,0.12804246,0.15527414,0.30707005,0.13590555,0.31474513,0.13590081,xUEUT_vI4VE
0.46680132,0.22988434,0.13027123,0.06760235,0.08177956,0.3194818,0.12738732,0.088259846,faAzjGWaBjY
0.21848342,0.14956708,0.22342652,0.08475608,0.14316045,0.17883731,0.71593684,0.06358709,TESRV38mDc0
0.3185934,0.19338597,0.19044703,0.060366087,0.09330125,0.13876288,0.11985258,0.050088096,2aPZ4i7vk-8
0.41896844,0.2022951,0.120991334,0.16284275,0.10531457,0.42064932,0.22012332,0.1606533,wJWj8ajMEHk
0.37179035,0.09763293,0.1403416,0.099286795,0.14102061,0.55847603,0.22187166,0.06544903,Ojl_LI4Em90
0.2197092,0.3282253,0.40520373,0.09098147,0.1154344,0.11072451,0.7279288,0.041370444,Esx2CH5tkxE
0.2310398,0.08689302,0.10312597,0.07394877,0.084797345,0.33322763,0.2145185,0.048609275,AXH_TufIw8A
0.27788955,0.09655894,0.061571002,0.05183852,0.06554961,0.2901233,0.43720695,0.04820674,NIfz61nZf44
0.25058952,0.17449278,0.075854965,0.0964707,0.13264768,0.08607996,0.38029635,0.05171878,8OiXdZMd9r8
0.39096156,0.34388447,0.2447614,0.225052,0.29457697,0.2794816,0.030185277,0.14709456,bbRZ9n1jj9M
0.38230127,0.26132804,0.28564593,0.50914085,0.27954254,0.70189744,0.7279288,0.16517578,EfU6Wsbzuq8
0.5152972,0.34388447,0.25135875,0.14141035,0.3393499,0.15735874,0.2790141,0.13063937,yjSD6GpWTuM
0.22696699,0.04680874,0.037368096,0.033969678,0.023680085,0.10949928,0.37079772,0.05205666,YO4GRfoNjHY
0.2587619,0.3123962,0.33834973,0.14595504,0.13945054,0.6509137,0.391226,0.15695998,r91n-dQPots
0.31725982,0.011523063,0.037755694,0.06440436,0.054828722,0.081491664,0.124891184,0.07772815,vA3DXtRgOpo
0.3845471,0.0017874632,0.13263828,0.11827665,0.09539939,0.21350591,0.21650673,0.17833874,kHT9u4VNuaw
0.33828378,0.12180476,0.13890682,0.20365119,0.15540844,0.19655405,0.43866113,0.3204258,10QaoZjRINw
0.53097177,0.090114996,0.05609375,0.04663126,0.05942338,0.23482002,0.008728406,0.07025393,kx8Iez5OTOE
0.32125843,0.07251463,0.06280099,0.07418014,0.068096325,0.10674351,0.22880526,0.078974314,hWy5W3IZ0LQ
0.2409101,0.03461955,0.035974465,0.041144762,0.028579757,0.11195365,0.32837838,0.05132912,vS1KduGFM5Y
0.23913114,0.013119632,0.04091392,0.2212485,0.078913115,0.103982456,0.2192796,0.14023496,EuuzTkedQLg
0.20601167,0.37360558,0.30859742,0.08596547,0.22113562,0.17062545,0.73950034,0.0368341,aLooeL6KzJQ
0.41722363,0.15626417,0.10131317,0.038793944,0.0727603,0.22285263,0.1834008,0.035407815,HlDur6kzAuE
0.36130854,0.13476147,0.14938618,0.15768623,0.272443,0.16580528,0.080604546,0.13389708,c7B9iAceZjY
0.31020096,0.31089294,0.12350394,0.05515955,0.06914224,0.19366857,0.11291999,0.06310345,CM4W7UKrcTI
0.2838225,0.019436494,0.22031625,0.06975031,0.072136894,0.11636378,0.5606264,0.052298017,bWerC0cNUOc
0.34964204,0.22510603,0.223202,0.06763783,0.26299322,0.15312147,0.3537075,0.0367275,r7W15dHwAWU
0.36311355,0.03736641,0.18798666,0.15227816,0.14210495,0.26924768,0.17911667,0.17927253,Cyj32KXwLxk
0.35115555,0.16758743,0.40460774,0.118498124,0.14728093,0.32759726,0.414606,0.07826251,re7fKhkPxLY
0.27879623,0.53430706,0.19088852,0.44021413,0.80613285,0.11507488,0.5680319,0.09123533,PmgdnJPjwX8
0.23289727,0.012078391,0.057164095,0.024439652,0.07694175,0.056584444,0.07580219,0.02236986,w6uc8n9Xga0
0.2762448,0.10300289,0.16462743,0.081437096,0.14463438,0.23458125,0.26725432,0.07259506,0NtCVpuSaog
0.3409418,0.2712817,0.31564122,0.19023393,0.6356477,0.11797325,0.47875908,0.07387933,mhJCYHDUedA
0.26041427,0.021380141,0.11051092,0.06173398,0.06710675,0.13019967,0.08905438,0.070422,mEmIepbEph0
0.37939763,0.3983115,0.23156083,0.3261735,0.5478349,0.24054886,0.71890473,0.14229669,zmdlDNUprus
0.35124412,0.030327583,0.10790361,0.034065284,0.04028154,0.07986422,0.09578079,0.053999145,37tJpnMVYQk
0.2289446,0.062125895,0.13277237,0.05729359,0.20514251,0.064175375,0.5913653,0.039527148,HYQZxRtK1HA
0.2481171,0.05133759,0.122568265,0.079557255,0.08794077,0.28656036,0.2512882,0.05970916,FA6mZciSX4s
0.1951,0.024318827,0.16751978,0.06306203,0.09951087,0.08687307,0.25739974,0.035065364,WJywMP9JN8M
0.341251,0.39230084,0.09262213,0.09502274,0.21714494,0.12268202,0.26419795,0.069522135,CRE4ImMk0c4
0.3447343,0.08420804,0.17718677,0.1038211,0.13749611,0.2656331,0.073245,0.04179096,r_vn5oczs_I
0.3404712,0.053335425,0.15596363,0.08039412,0.099315435,0.2344126,0.107666716,0.04935258,sJMwWDW8YmU
0.36510155,0.013605545,0.057491217,0.08981844,0.053740934,0.1479838,0.15819848,0.12116952,lueIx97K0wo
0.3052944,0.009857078,0.31155768,0.1128311,0.14683202,0.11969842,0.36726213,0.10065477,vFHzrmk5Md0
0.2795409,0.038224805,0.16664186,0.15309402,0.10959367,0.14681718,0.18415251,0.08029815,1QbEcG8O-L8
0.2936454,0.1464265,0.30029765,0.07406948,0.13285911,0.15179093,0.57789,0.051126435,DUQ5OTeQQBY
0.36256394,0.023460433,0.024890557,0.0197984,0.02099493,0.039229095,0.32665262,0.05636208,DqscTbrubT4
0.5025069,0.52368855,0.11674578,0.19340004,0.35059083,0.1678435,0.7166243,0.164993,PAxSkA1UDOI
0.20610069,0.0129808,0.053747717,0.05334915,0.03585837,0.082951725,0.1987116,0.058197964,hnY09j2MpHc
0.4043809,0.07211506,0.20802985,0.07547434,0.13618015,0.25532055,0.10694041,0.052047983,lpgyxvwbAxo
0.38805968,0.41807786,0.3884286,0.30747303,0.32199532,0.5147613,0.44275776,0.20867573,yTSR6jGw54U
0.41263443,0.09655894,0.18435948,0.06766316,0.13823108,0.38215774,0.21975349,0.060437717,ut_X1yRk7bM
0.34094626,0.06332459,0.07139535,0.070533395,0.16966762,0.07995394,0.28322598,0.058454845,CpfvjOIot0A
0.33143505,0.355017,0.2943916,0.38352177,0.45494306,0.13817747,0.016974108,0.30319878,5UnjpqF1MqM
0.37665558,0.07730943,0.41817182,0.20778689,0.3027054,0.40396434,0.1960798,0.10815975,PncG8DHMftw
0.50104797,0.09655894,0.055816825,0.07127829,0.049079787,0.13156472,0.10249027,0.11149651,eriefCfe66A
0.2923719,0.083939545,0.12680233,0.05817335,0.072615206,0.110972166,0.23888098,0.044857018,0ZC96TGAuHk
0.26492253,0.12760067,0.03547436,0.02307197,0.035812035,0.07850016,0.44293776,0.04374273,fpHrTuNWHTU
0.43858218,0.42234805,0.25835657,0.40874887,0.48355335,0.7590263,0.37854612,0.24610172,sPQ2ZVwCdps
0.58699787,0.028954152,0.109185666,0.049390808,0.10718065,0.0699699,0.2104941,0.06108528,TRxw2oKj8hQ
0.39469212,0.0813051,0.09430437,0.07399865,0.07152483,0.15040195,0.27143595,0.09225929,OeMqkX9Gdcg
0.45911828,0.076110736,0.111509666,0.13908619,0.08448527,0.23636241,0.0026647628,0.1778049,oVnrLmNOCg4
0.46262142,0.15071863,0.17911041,0.13283543,0.09242787,0.53375846,0.7079002,0.19905327,ILAMhJHJthA
0.36841005,0.1539292,0.18088049,0.10316891,0.28356296,0.7751859,0.18318322,0.03936308,BbJLNF1Fe8w
0.42133164,0.048868883,0.05364604,0.09345344,0.1010644,0.09123609,0.24468678,0.09565311,tREt3GqzPf0
0.16683024,0.10515087,0.29076496,0.12630948,0.21416207,0.25443223,0.80842936,0.057448875,vczSiTZj3dA
0.6800088,0.011661896,0.036211237,0.073569395,0.116583474,0.09015482,0.055771828,0.039100874,UYkFgodiVVw
0.21076816,0.059328925,0.0587654,0.04308225,0.042143002,0.12486406,0.23818432,0.053236175,Q75Bw-9StBA
0.1788539,0.022773718,0.111497864,0.06518876,0.053339835,0.07790193,0.039335422,0.06514686,mCOZLjgoyWQ
0.5942532,0.09709594,0.15285237,0.22169763,0.27619568,0.14074144,0.14520842,0.19765815,qWINdmTIGXw
0.3586021,0.0186035,0.04261974,0.046168115,0.060269576,0.07998964,0.15379912,0.046652157,BHA7JPF6qZw
0.45043954,0.29021257,0.27567598,0.30700648,0.3311422,0.758384,0.0025608428,0.1863388,IwSS5e9Tk2c
0.31695205,0.04680874,0.07146362,0.044659708,0.081811175,0.05681521,0.4372141,0.041601937,KjH_EFfq5jk
0.2168226,0.013050216,0.028170303,0.028450243,0.016564349,0.0385928,0.010545423,0.06928932,uzACSoeg_9w
0.39441276,0.045091953,0.044564214,0.04455815,0.098470114,0.09121035,0.12659845,0.045990165,vPQUIdQZc34
0.29433513,0.074912034,0.10825469,0.11724295,0.10295662,0.5430924,0.43695226,0.09637924,_-FZH34phsI
0.32862487,0.06332459,0.04325372,0.028664274,0.05988715,0.05863669,0.19685978,0.03294355,1l82kK6PUio
0.30554026,0.0019783573,0.05967304,0.08634808,0.04765425,0.07480855,0.14362013,0.09535814,F6b1KK2EZbY
0.52914554,0.016798683,0.18532422,0.15169017,0.1406485,0.10675977,0.0088318335,0.2251324,cLtCA7_5m1s
0.20450073,0.025005542,0.04915367,0.045447323,0.028953496,0.08733719,0.30441207,0.061416697,L5B2GUPEjso
0.426949,0.02637897,0.064818345,0.10246473,0.110716626,0.13518497,0.1622248,0.070987396,3uNDIMhGTFc
0.24748349,0.39157572,0.14844745,0.17995295,0.13135278,0.6790246,0.6503298,0.10706115,X2trxAHMHhg
0.18864208,0.867151,0.3892982,0.6967344,0.96637887,0.12111696,0.7079002,0.14394487,y3p-Wk_EU5c
0.1968688,0.018187003,0.04464087,0.07493729,0.04274644,0.06103434,0.11115908,0.058033776,xcw3SMfwp80
0.30961114,0.2088965,0.0780767,0.07599655,0.26516697,0.24407843,0.30095327,0.029808534,5ETdaWoLVgE
0.33442456,0.14014533,0.39265648,0.4358831,0.44626123,0.19791408,0.43734732,0.1450049,pfjhBFClEJE
0.20328325,0.008503466,0.04591089,0.059848756,0.031387717,0.08781491,0.13290033,0.07758084,uOh--VauDcA
0.7996877,0.22510603,0.1251404,0.11510076,0.21790011,0.5559404,0.8260694,0.08262791,aMAjDYyUoEM
0.4735795,0.035134587,0.07491884,0.06819248,0.05310057,0.19523163,0.28230688,0.13196185,mL29osNOUwc
0.37859598,0.06012806,0.20276313,0.14300074,0.09646209,0.4979078,0.034631796,0.11060994,xxrEBbvYfxI
0.3001956,0.03839648,0.06389719,0.042795025,0.09703101,0.14139119,0.18669975,0.033758357,QBm89zfvWNs
0.27548054,0.17242117,0.11683221,0.11627388,0.09915474,0.71453017,0.4399818,0.062250845,tELpmrNJYDI
0.19196598,0.22983712,0.1905182,0.08447901,0.13231803,0.11621143,0.27344972,0.04003345,hS8NK_tUyNk
0.2569853,0.15130237,0.3146837,0.06696058,0.08008587,0.39652622,0.47154918,0.05261539,lHhhuNDPzpY
0.20748961,0.1024659,0.13607585,0.08571149,0.13895436,0.117234185,0.26844952,0.050183095,EHgRNW7u5Ec
0.26042974,0.03770977,0.13629337,0.0441945,0.04142437,0.06771012,0.5680319,0.053055093,X2eWeJvH3Ls
0.28177178,0.034104515,0.0105653,0.013850501,0.019973435,0.045544848,0.50331134,0.029459836,4yjpDzkMhe0
0.36184007,0.1894391,0.113201246,0.12490302,0.12702668,0.18733557,0.63570416,0.13152055,dB2_XplN2jo
0.40822697,0.18055865,0.07914946,0.094279654,0.07330796,0.1636212,0.06457602,0.15928954,45tB9LUgEy0
0.270463,0.090114996,0.1426334,0.035241406,0.113225564,0.05720487,0.43365523,0.023749294,Cy1WH3hE9k4
0.30502328,0.22989221,0.09447943,0.086895354,0.15680668,0.14320596,0.22259586,0.0723786,QKZQEGju2u8
0.3381167,0.42234805,0.1537799,0.2513512,0.26885414,0.83945173,0.7549337,0.1539973,HZhQLnREEE0
0.3133954,0.04131502,0.42455968,0.0818841,0.19051327,0.107813925,0.27634817,0.044686716,QIo88M1aTRI
0.1656249,0.017354012,0.039650556,0.016166627,0.031367373,0.03075492,0.077878624,0.009412111,gua3hHTQ48w
0.38935795,0.9017833,0.58523935,0.93690646,0.8810884,0.49683347,0.33914834,0.302532,tiLohKh2Ljo
0.3754064,0.2885035,0.11190316,0.24283127,0.28284866,0.096711405,0.35866117,0.13716286,-RSnc2yqYEE
0.37293416,0.1785852,0.12193412,0.057943035,0.11754389,0.5764534,0.06626819,0.03756154,a66J9QCUw-A
0.25442237,0.014022041,0.029840365,0.03560587,0.02501673,0.0696613,0.082637474,0.04289267,s6X7TF8Fg5U
0.39337093,0.22333995,0.17521772,0.14753759,0.36998832,0.19614388,0.050578352,0.07455298,wfuLm5NusB8
0.40495005,0.45045215,0.26656824,0.24305059,0.2926444,0.63336784,0.19640687,0.18323137,mKr4k6WApGM
0.43322435,0.34388447,0.3182361,0.19222584,0.34595466,0.5912019,0.43969968,0.14847955,ey6_GU4ghss
0.3262798,0.02262963,0.056140516,0.03541225,0.046327002,0.08146611,0.16625029,0.045687616,xE2g7mox3pU
0.32812712,0.1884524,0.12666386,0.14516908,0.11423017,0.15835315,0.0057423217,0.15426977,APsbyVunOnY
0.33465326,0.019575324,0.11171524,0.08804552,0.0781714,0.1581377,0.17344096,0.06837529,gJORU1Z-J_M
0.38600048,0.23803931,0.16628237,0.22627133,0.27639192,0.7715642,0.44990832,0.075710505,S2EcB90wcBg
0.30002308,0.40946755,0.42683983,0.1795391,0.29712582,0.22221711,0.5190911,0.06624879,w9pW91m2cJQ
0.33015785,0.15130237,0.08464853,0.06925221,0.051025398,0.08895113,0.18167754,0.093999445,QUBYeYwrtSI
0.29217285,0.14552918,0.17002504,0.11545651,0.17384802,0.08250777,0.43832886,0.077184066,umLUtRFSep0
0.3037414,0.263611,0.24410507,0.29161718,0.3140302,0.1845601,0.7079002,0.28057358,unvD8SlzowU
0.5551404,0.3544517,0.40441105,0.41767007,0.4566712,0.60070765,0.86173284,0.778477,lQIbtKFq5Bg
0.30683464,0.031357653,0.085295394,0.05943004,0.103570126,0.08722076,0.2788031,0.06286904,cbLXUqQIT1Y
0.28937188,0.017492844,0.10540493,0.08966114,0.0978661,0.17990147,0.085390955,0.09412726,um_Xa0ncwfE
0.3954945,0.17518331,0.15980688,0.19928034,0.14985843,0.5481454,0.30037594,0.14360046,J0iT84BhL2w
0.33065644,0.2712817,0.1055506,0.1315111,0.43376356,0.08180505,0.27846274,0.093838334,ztGJDkMRQsI
0.49808192,0.022945397,0.029705035,0.03505996,0.019643052,0.08382002,0.063762374,0.08210477,Tk1Zx06Axik
0.24741861,0.355017,0.12093349,0.09583572,0.18019238,0.10742655,0.6362869,0.04989285,iffeR6GvLs4
0.28124726,0.10828095,0.14256682,0.05684874,0.13088997,0.2614441,0.3656955,0.039827574,IShgst8QR1E
0.25694773,0.028954152,0.13632785,0.06374574,0.049783472,0.28433222,0.6191731,0.07138643,c5S9CSXo-Oc
0.3171853,0.053335425,0.085288525,0.06570565,0.16498426,0.1216988,0.3701743,0.04824626,Ca2DSsuE7jI
0.4007195,0.06332459,0.09955151,0.113923445,0.118238956,0.40309,0.4437629,0.1109673,FUAKjmAZAuA
0.24187104,0.15626417,0.06669857,0.056266356,0.081781425,0.26991016,0.5183946,0.07248195,KeJHlZsbimQ
0.37659022,0.0025510397,0.059965596,0.077354364,0.06671725,0.09712419,0.13262174,0.11602426,22d6tRXxVeg
0.4935679,0.012078391,0.05209992,0.04461712,0.06134153,0.081529774,0.23865585,0.07939362,r_CAu6OAv6o
0.3912807,0.02262963,0.038887985,0.03075905,0.08788388,0.05159875,0.26198068,0.042773817,5mCRU21yEN8
0.29190677,0.17759849,0.1838666,0.081530735,0.14040063,0.20177042,0.07067982,0.045030404,Nc5mRzEARgw
0.25510266,0.1580154,0.07507775,0.04085748,0.18209346,0.060686715,0.19392338,0.027011845,PzJFhcwQXe4
0.22863308,0.22988434,0.16193308,0.16132389,0.24507435,0.256,0.5680319,0.12215426,3e4AOydSGTw
0.31914294,0.02054715,0.031167483,0.037786487,0.029203089,0.08400713,0.1532661,0.060878485,vNzKs-0WzR4
0.19656809,0.024147147,0.04271086,0.036909334,0.040806126,0.06699825,0.15513946,0.036167953,CfJPtfP8XZw
0.43960974,0.0765103,0.10281473,0.10738859,0.1337495,0.23150225,0.30890307,0.084634885,I-2Cnc0KNMk
0.446671,0.055333257,0.06762204,0.053470857,0.15599859,0.12070289,0.186009,0.05931654,zlZEZ0goYBM
0.200894,0.14552918,0.07337335,0.06864572,0.07147238,0.072291024,0.17853601,0.07428125,NwVakRYvOi0
0.5511537,0.057331093,0.10554538,0.19007371,0.13438804,0.2346678,0.07253963,0.2003481,G1d18WNBqVo
0.36887568,0.008885254,0.028283952,0.049057476,0.041501164,0.051290587,0.10976944,0.06289569,eqpNj_baN4o
0.356545,0.036679696,0.05671714,0.02448114,0.06071341,0.05058328,0.13650633,0.03104739,ucYK4nFGQT0
0.24895218,0.0729142,0.032814596,0.05339066,0.092521004,0.085192926,0.19315752,0.05197923,hLoXJX-aipQ
0.5194708,0.008468757,0.06803304,0.040379174,0.1737824,0.09217421,0.14949778,0.08783637,ip6Rd91qV4g
0.41960675,0.0064904,0.13849974,0.30800226,0.13705564,0.30557156,0.17185928,0.3952361,yOgMiM1hdS0
0.3080933,0.055732824,0.054645363,0.04729401,0.0520803,0.071594104,0.19862577,0.047853217,tAh9YGi0P-0
0.48472497,0.033932835,0.062555045,0.07249166,0.04398717,0.16623649,0.17166948,0.120387614,q3M7n4Y2teA
0.21777254,0.09655894,0.14140351,0.28157845,0.33645058,0.54664975,0.13184878,0.085832566,D1XaGl3hy7E
0.19367182,0.09870692,0.06462497,0.056091424,0.13038227,0.06709925,0.2988254,0.03098769,9LHg6MITLTU
0.81474257,0.3490159,0.07383284,0.1178534,0.06195908,0.16258822,0.26428348,0.37108782,QuaaZt42wOE
0.30228472,0.06532243,0.07644182,0.14101407,0.07197675,0.14909509,0.18181603,0.09750095,3MsNqJDz7TE
0.16293637,0.12051678,0.055363603,0.05020571,0.0454261,0.07545221,0.3167274,0.049716163,NQtbKRCX7Tc
0.35005382,0.03736641,0.055886637,0.04253049,0.09763163,0.09075698,0.18988818,0.058412816,cABXgDC4Byo
0.23404227,0.042001735,0.20481768,0.17780891,0.23569171,0.2134475,0.47233588,0.10983543,uW6UKCNE0Qw
0.13049482,0.032559406,0.042619977,0.026388085,0.022343637,0.033529658,0.22701262,0.022691589,t_z8oUef7VY
0.3952038,0.10699297,0.06964002,0.04256649,0.17130353,0.21344478,0.6424349,0.04898243,OB7gNxZnSuw
0.27501184,0.03856816,0.08401818,0.049306564,0.04529476,0.072895415,0.24687016,0.060247526,4p5HZkZV1gQ
0.3574172,0.028267438,0.013578448,0.010892247,0.025490606,0.05459627,0.24379283,0.020826677,JVp3AqoJ6RI
0.26746345,0.018048171,0.040066686,0.039998945,0.055039637,0.061954536,0.40930173,0.04641698,HqUgMGx1o3g
0.4726966,0.07571117,0.22836195,0.103266686,0.16193444,0.22496808,0.16233312,0.12546368,fIA0Tpm7yM4
0.21584252,0.068918526,0.120174296,0.07162535,0.13675384,0.11379105,0.44998488,0.052698575,vhH47qld6IA
0.48380062,0.016451603,0.037087854,0.047062114,0.04182563,0.11187225,0.23148167,0.11830705,Cfd4xCXO9C8
0.2870142,0.22987647,0.12010418,0.08400578,0.074443266,0.3014326,0.3254025,0.074605286,b58A760T4ws
0.54518366,0.08581903,0.065317824,0.09301429,0.066223994,0.16287394,0.11323205,0.15071222,O0oJ6rDCcaA
0.2977241,0.07371333,0.06870678,0.07681142,0.07815277,0.25967634,0.15693666,0.063250326,EFGaB21am0s
0.37968245,0.0253489,0.10547786,0.12893187,0.08057423,0.24706914,0.062337227,0.11439382,vCJYVL6QWPE
0.34476128,0.013466713,0.05563195,0.08049541,0.04792618,0.2871991,0.021571586,0.08477889,ObsT7VwR6cw
0.49424142,0.073313765,0.07222479,0.09402565,0.081855,0.155871,0.17575292,0.115600556,FbUfxz92eyQ
0.3744322,0.019158829,0.071205676,0.039282706,0.12392573,0.21455392,0.43871197,0.040691953,KvECwPSxSio
0.42013922,0.16482529,0.11894001,0.081531316,0.13356988,0.47522336,0.30435842,0.10167151,7Xruw0y5uto
0.3132791,0.17518331,0.5652182,0.1885593,0.24077053,0.23518454,0.80792975,0.11155937,3CTkrQAFplA
0.34142694,0.022074303,0.084627144,0.0382984,0.044134207,0.23490024,0.2796453,0.044698186,y3kVr2GdTN8
0.4144553,0.13924801,0.40310192,0.26178178,0.5612216,0.2413645,0.02624512,0.3006834,k0CEhszmZo8
0.40853158,0.22990796,0.19882931,0.15388727,0.25868484,0.12758479,0.36627147,0.1446931,tX4IpR5D7aE
0.44574362,0.014091457,0.04842087,0.056962673,0.043056443,0.13951795,0.18795197,0.10468428,Cr1LLrZAB3M
0.3413815,0.32563272,0.33671147,0.123289324,0.46133134,0.051633812,0.30565166,0.054028504,N9gQS9HOU6s
0.28028598,0.074912034,0.045490578,0.072099194,0.056200173,0.12882388,0.26148534,0.06645599,84fk2g5LIlA
0.22678663,0.02054715,0.31277952,0.12736896,0.22293,0.24021871,0.12529157,0.082342215,8SZD9FAd59s
0.31848514,0.22422299,0.27516988,0.36178562,0.56657636,0.19764672,0.2919907,0.14823155,qz2S4cLYulI
0.24257089,0.23277332,0.17359543,0.14098679,0.34899974,0.09876976,0.3768038,0.065017745,bRmOVb2rABs
0.23832339,0.03753809,0.03181846,0.020278735,0.031329107,0.0535452,0.13400988,0.029370185,q9Ylji3hxHI
0.47558853,0.33600304,0.5304939,0.18627758,0.45101532,0.700847,0.3012313,0.1072085,qEYgnhqsZxY
0.35719836,0.45964533,0.2252384,0.065158576,0.18679914,0.22738042,0.36114642,0.038206946,uGkPTMaIAQ4
