PERSPECTIVE_TOXICITY,PERSPECTIVE_PROFANITY,PERSPECTIVE_FLIRTATION,PERSPECTIVE_INFLAMMATORY,PERSPECTIVE_INSULT,PERSPECTIVE_IDENTITY_ATTACK,PERSPECTIVE_SEXUALLY_EXPLICIT,PERSPECTIVE_THREAT,video_id
0.16965903,0.07256774,0.32276013,0.3847165,0.11277938,0.14901197,0.09401853,0.37418506,DvWE-sekrDg
0.027065687,0.015449247,0.29274848,0.24167053,0.01515985,0.018552812,0.04737042,0.046734422,DsWsALacMCs
0.019436494,0.016687922,0.26716807,0.16225787,0.012250244,0.014610335,0.034897905,0.04200297,9HZj8Qp4p2A
0.12760067,0.09618461,0.4596724,0.34637094,0.10479524,0.08742108,0.17303392,0.49246025,DBVVkW7bEYU
0.09709594,0.16475913,0.29784358,0.5853209,0.20564744,0.3379507,0.16051951,0.5291264,nELEXC5Zuh0
0.13251819,0.044717815,0.38834006,0.32449377,0.048727475,0.048713952,0.068611436,0.29685602,UVob8FMT6Rk
0.028782474,0.037248235,0.3501958,0.18168344,0.043981194,0.035695624,0.04478196,0.3332056,y4yeroE4Ar4
0.03461955,0.016607082,0.19439797,0.29809007,0.016677774,0.023870032,0.026115471,0.048729595,YQq82HrINhU
0.28996843,0.09393481,0.34266642,0.53292495,0.10052815,0.085312665,0.090563804,0.580903,wOvvBWSBwU0
0.03461955,0.016607082,0.19439793,0.29809004,0.01667778,0.023870032,0.026115485,0.048729595,K0bk_T1Lzu4
0.0136749605,0.01359757,0.30344498,0.28051078,0.011706274,0.03482798,0.035940215,0.052955315,cRAlc0NrlNQ
0.052935857,0.056837622,0.22093877,0.117638916,0.085422024,0.11288834,0.02805288,0.118451186,DbWVUzlNuDU
0.10634898,0.021031437,0.2418797,0.22415853,0.0278257,0.041879177,0.03493201,0.06436055,QES50-EGzFI
0.14193995,0.08475012,0.35594946,0.30988836,0.116632625,0.11333092,0.12946428,0.50197434,YNY28dmz4vk
0.14866976,0.1450176,0.43315226,0.3592841,0.116691105,0.2909336,0.18826051,0.608396,BptGmN1LQJs
0.3511902,0.21588945,0.41985244,0.020718172,0.45995134,0.3021822,0.07431028,0.30715343,1lpMEe08NzY
0.09333697,0.075233854,0.46335638,0.10073367,0.049076192,0.05717833,0.13697833,0.2092593,Y0BAwW_Ys7c
0.13386416,0.13341267,0.3171304,0.18887615,0.22899787,0.18056196,0.1426486,0.251054,InryKPArdnA
0.03461955,0.016607082,0.19439793,0.29809004,0.01667778,0.023870032,0.026115485,0.048729595,weRVOvLXvok
0.07970683,0.030319009,0.25984195,0.34625646,0.049713485,0.04899529,0.026253777,0.4571706,9xJp0X5mhs8
0.123736724,0.091394685,0.44793198,0.3066838,0.054882824,0.18071805,0.15743752,0.45247287,cWE2dSdz9V0
0.031357653,0.026878424,0.29809463,0.23678733,0.030877255,0.040434152,0.030227521,0.15523876,_1kM0LA9G7c
0.10300289,0.020918753,0.23528975,0.17978206,0.021402622,0.021765975,0.03778901,0.0505288,mLMp-1NdzR8
0.05373499,0.0623218,0.28675005,0.5469817,0.13309187,0.12465902,0.08161854,0.25552174,ysttQDj7sbk
0.052136723,0.08479339,0.43493327,0.15187426,0.06271883,0.1807908,0.14823642,0.36167377,1AlTP-ttMFE
0.028782474,0.12561302,0.27080107,0.43314585,0.16983822,0.34827858,0.13653131,0.14070956,5izElkNHdNA
0.15188612,0.06855452,0.36522844,0.379485,0.09124547,0.09695744,0.094893984,0.43032813,ULm3qyI8M7Q
0.15918289,0.06957919,0.17515458,0.49370942,0.09841654,0.12561078,0.03390896,0.17316775,qJMPYZm4JBA
0.058929358,0.08370373,0.29787004,0.3415901,0.11306503,0.15621552,0.043005884,0.19405024,UFuV3OkwDrU
0.18253209,0.051833358,0.3346515,0.08492534,0.18619876,0.05412407,0.028661381,0.08617785,hewFLemljQE
0.02397547,0.013318215,0.190822,0.23048289,0.015847709,0.02214121,0.019388365,0.033391763,Tf_18htNNsE
0.19338597,0.06975291,0.38405836,0.12186864,0.092779785,0.16376586,0.05866014,0.25541663,L5ph4qAOQZk
0.04680874,0.012479883,0.17026219,0.19834024,0.024167389,0.014184315,0.018222023,0.019450836,fl4KtQdftwE
0.112144895,0.02828796,0.28638119,0.3172087,0.025849363,0.026376514,0.0457396,0.11308696,26YLx8n57FQ
0.12760067,0.03998157,0.33337852,0.5680319,0.07889647,0.08415093,0.04322932,0.3637403,U4tdd4XF72w
0.11021292,0.05180211,0.47851995,0.3567712,0.036207967,0.056539834,0.09131594,0.12553903,aOwsZ7I2ADo
0.04406188,0.0978971,0.3781688,0.5579796,0.133814,0.19465868,0.13766323,0.5426505,A1vc_GSGNzs
0.052935857,0.065286264,0.49667835,0.4394623,0.109920874,0.053338256,0.080435336,0.325175,RMgGwFX2KEs
0.027237365,0.019753493,0.22375526,0.26476926,0.020264115,0.045074563,0.024538133,0.06731926,JClYHBbPf5g
0.04783881,0.012480887,0.20904228,0.1759758,0.018769901,0.022699924,0.025171628,0.031870887,sBbnzkr6MXY
0.25219622,0.19555508,0.52855986,0.07009413,0.2931868,0.32926524,0.2968648,0.38774624,e8wD6iruwxA
0.05653196,0.02478203,0.23406255,0.2030501,0.0582634,0.06151781,0.020642612,0.049228717,HgF7OmNHwKc
0.033074442,0.029732823,0.28354418,0.30234453,0.11408732,0.06608007,0.020593472,0.3329562,JFqglNsZoj4
0.062925026,0.026385989,0.23903017,0.4386361,0.040717427,0.03909443,0.034321308,0.088080965,hcRAM4rxmtM
0.029984225,0.08367269,0.29283792,0.144482,0.076423876,0.059252247,0.09314726,0.10515554,J0hQX2mDweU
0.035134587,0.020810302,0.35695964,0.1758919,0.05919437,0.035678267,0.029356372,0.11750799,OUApOBZWWh8
0.1609341,0.045069303,0.24907102,0.4596358,0.049600597,0.053165108,0.059114624,0.2595321,CVODF3dHfx4
0.03856816,0.009200324,0.25462472,0.29719704,0.035164256,0.032130387,0.0113152815,0.044178594,9bo_dxNORws
0.04818217,0.008059214,0.20924884,0.20660529,0.018411975,0.016220143,0.014329442,0.03717198,1LOs7Ijxa20
0.12244874,0.020659707,0.2474849,0.19754495,0.015531998,0.021953465,0.03216899,0.17415491,1x-Ql010BxY
0.06771983,0.06379175,0.30279908,0.2664604,0.12861049,0.21546847,0.058784377,0.08631826,ng0daBrWsCA
0.022945397,0.031797715,0.33884764,0.29894572,0.032205936,0.05253435,0.06938489,0.0626816,ks1skEKwlrk
0.101391904,0.030905621,0.22065462,0.24475512,0.041307505,0.08181937,0.040811904,0.09196598,yCpkoav3zK8
0.03049926,0.06835393,0.23389839,0.21606152,0.046547316,0.10963856,0.072813645,0.17998448,FsVvIVHEKyE
0.053335425,0.101855524,0.36999482,0.509439,0.1708645,0.16869721,0.14088458,0.41880187,hCXPiIA2Dig
0.03736641,0.017345428,0.18848246,0.22451988,0.021286672,0.021921879,0.022623727,0.04662759,unmKo1pOb0M
0.02517722,0.018162709,0.24777873,0.2607173,0.045075014,0.08239604,0.025359739,0.054264884,V3poeFdzJK4
0.068918526,0.04603252,0.2801563,0.4396746,0.077111125,0.111381315,0.046922266,0.31243286,XLbY86WqEQE
0.10828095,0.0720465,0.290541,0.4462323,0.123779476,0.16239294,0.07428322,0.35427755,LDafHP4pjD0
0.030327583,0.013954194,0.21509673,0.27172717,0.033341113,0.053240303,0.016795628,0.035184924,s-rwUI7RYhk
0.10828095,0.102428354,0.44826043,0.37257156,0.08434823,0.2163632,0.15362456,0.4604291,5Nr65lc1ys8
0.23803931,0.08785583,0.40439212,0.44054976,0.123042926,0.1355395,0.17077972,0.4798709,soIkQYtJAVs
0.03839648,0.029846478,0.29053995,0.2964511,0.022722185,0.03780314,0.05875177,0.13493991,ZcXTL8Z2dSc
0.036679696,0.012945407,0.18594736,0.25104323,0.015766483,0.016332978,0.018735439,0.033221036,Ce97VpOGM4A
0.032387726,0.013397957,0.19430657,0.18145435,0.033062555,0.028487774,0.016674122,0.035166737,6aifEbNDcB4
0.16035037,0.075974286,0.32301107,0.48805627,0.08331605,0.098995686,0.082863785,0.27111343,pD3HFR6g6ho
0.1539292,0.027327076,0.25442222,0.3147734,0.03565185,0.029640043,0.050568096,0.17552193,CxLWbCuR9_U
0.06652113,0.04327395,0.4816561,0.17877525,0.07651263,0.13659404,0.040313035,0.26560378,6aVXRGsZfBQ
0.073313765,0.026486315,0.22360711,0.1864458,0.027824195,0.05251326,0.038082276,0.06818938,-ML2se0-L5Y
0.061726328,0.07033595,0.31034592,0.28569987,0.088426486,0.10871926,0.15065913,0.16280377,iFcNXujoRDM
0.035649624,0.018351749,0.23388515,0.29977137,0.031748887,0.06867013,0.022014191,0.063529335,FOEuywoieUw
0.033074442,0.05622502,0.32033715,0.18641411,0.063394986,0.059138704,0.046948534,0.24293528,G6XWQ7aMvr4
0.42631236,0.35670102,0.31781358,0.4293556,0.8059202,0.36446178,0.109318756,0.34890205,v0PH1EaFFug
0.11472086,0.03921858,0.3885873,0.32195988,0.07605941,0.14208756,0.03574291,0.38560328,Oh-1JdbzdS4
0.09118898,0.06705411,0.23239796,0.50051516,0.07862551,0.07821652,0.07673878,0.19811499,uGLyNzNCO_A
0.14866976,0.09099125,0.4241881,0.3030935,0.13520761,0.10868861,0.11484163,0.29135227,ByzXbQqy2Zw
0.028782474,0.02949311,0.18526134,0.22174263,0.034964208,0.042308334,0.024338342,0.03957875,MmYQ5Fn2K-4
0.067320265,0.021731392,0.24171242,0.16526915,0.032889124,0.035283785,0.03819387,0.052012514,1J9bmDGSsAg
0.05093802,0.057556216,0.4265114,0.26300466,0.06951909,0.12667249,0.1269436,0.07722972,fMZ3u3TLit4
0.09924392,0.10140168,0.47092545,0.13188016,0.03850558,0.05793522,0.1326321,0.26801318,Fwc009Eho7Y
0.045778666,0.053437058,0.4004616,0.28849214,0.053677604,0.05694959,0.06945888,0.24423656,HxE1z735EfQ
0.09065199,0.04532443,0.29257232,0.25585023,0.056165416,0.094911434,0.058348242,0.17480633,TmCmFaoYVcY
0.039598234,0.041112106,0.35262766,0.10843338,0.05641642,0.05812016,0.052599374,0.37225226,Twb_v78C1q4
0.4151741,0.18977992,0.4573744,0.12236569,0.15381153,0.30250362,0.119649746,0.77236974,bSTgXPwIx-0
0.051737156,0.15831424,0.30062482,0.35310486,0.15160736,0.19495922,0.18606208,0.27094766,A3W8HPC2hL8
0.6662635,0.74853086,0.5363382,0.15258287,0.79494804,0.5982819,0.32241383,0.7366914,W8zXC_MffXU
0.04268845,0.0447258,0.26898873,0.29607064,0.05867735,0.10318628,0.046176385,0.08999142,kPx00JP_mdE
0.1256687,0.053737808,0.35596558,0.7079002,0.13275288,0.0890696,0.11133409,0.2694634,zdLIZf96YcI
0.08050597,0.025967471,0.20919462,0.19376609,0.02190327,0.02700218,0.066295855,0.039269365,ZdG5l-lfSZw
0.11794081,0.026228562,0.3266504,0.19491825,0.035125084,0.04297336,0.038880482,0.07879644,D3pF5FhOmKU
0.047495455,0.07809828,0.2642005,0.26143706,0.12895595,0.1406034,0.06234025,0.16190653,HN2FrO9n_C0
0.048868883,0.015959574,0.18498167,0.23127942,0.01549431,0.02518686,0.0190284,0.032679643,k7LhT5Xyg1E
0.019297661,0.016854567,0.26920816,0.2631033,0.018803857,0.025377681,0.026670607,0.08234348,uzk25sv3D-U
0.087430015,0.04340245,0.30033955,0.16675602,0.04967578,0.049556483,0.05085719,0.25810838,3_gcSFR7c4o
0.04165838,0.015308501,0.25254732,0.27382356,0.01911537,0.026041279,0.026353618,0.06830104,kvKny4STyHo
0.10828095,0.05803807,0.26275605,0.43614438,0.12009346,0.29301646,0.060246844,0.094927646,SYs92yyRgzY
0.119872786,0.03777838,0.2965813,0.1843995,0.04095612,0.03711592,0.056080405,0.15829325,cooUnY3B6uI
0.124380715,0.03862895,0.20374289,0.28868067,0.03235353,0.04574673,0.035250943,0.12974292,Odh-m1BcOOE
0.028439116,0.040498085,0.3519203,0.30754378,0.06739674,0.084338196,0.042167623,0.07389008,eMh43GhLdGc
0.02929751,0.03289088,0.29399803,0.33069006,0.053079106,0.06407503,0.041779675,0.1416868,R7CGo0LWsJo
0.14552918,0.09119298,0.20360759,0.4422181,0.121632084,0.16396542,0.08115287,0.23400447,gmMlR_KOJuk
0.14193995,0.0328119,0.25406533,0.39624548,0.061105892,0.043504853,0.058910687,0.1308499,YsE13XrsCqA
0.040971663,0.08939787,0.30330998,0.20249993,0.043503944,0.055645064,0.09404569,0.16459784,rHrxSUgLvvA
0.055333257,0.02362575,0.2148009,0.23072983,0.036756136,0.074912444,0.027977245,0.046559345,gwjBmGyZldk
0.0669207,0.023426754,0.27199772,0.42170247,0.068320066,0.0906627,0.03191837,0.04087386,5OuurBVmJlc
0.112144895,0.068244465,0.33987865,0.18992917,0.101095125,0.19278736,0.060439836,0.25443938,QE7xmmJeLXM
0.119872786,0.03854528,0.3131625,0.17531721,0.03751987,0.038599733,0.06567282,0.15891679,ZPYCnXrdVfA
0.05653196,0.04261882,0.21866585,0.2011319,0.029637119,0.041726097,0.05778432,0.15633948,lKKNrTauMhw
0.019158829,0.028638054,0.22472273,0.25182304,0.032737017,0.04870988,0.04288364,0.054040693,QhdUQ0h2K5Q
0.048525527,0.019449402,0.2194841,0.27443892,0.020215968,0.02186589,0.03138636,0.06216917,NvcaS8CBgwM
0.043031808,0.021169802,0.28710535,0.109679945,0.044792008,0.055246137,0.023250895,0.05039966,E5A-Cn-uDqU
0.11407687,0.04824577,0.32986674,0.21449815,0.13098161,0.08423182,0.055399314,0.1288298,rJ7F9C8Y0KU
0.03839648,0.030394759,0.2379964,0.24376495,0.042246956,0.030521164,0.04076781,0.12856185,fof62qcHOuQ
0.011661896,0.041806735,0.29623887,0.14090924,0.04500783,0.027995043,0.042988595,0.0939576,oHZp_RjBOtA
0.018742332,0.021846635,0.27444366,0.28006658,0.041093893,0.06264242,0.02363697,0.057929486,7unbdAC-P2M
0.013813793,0.024923785,0.28771135,0.27228618,0.029450437,0.03444635,0.043526333,0.056839325,y4Lpf-b1iVU
0.1539292,0.031311024,0.29424945,0.44406512,0.05161117,0.05540482,0.043127052,0.2535907,rsY0DszDaHU
0.09494796,0.18947677,0.21949539,0.28411216,0.22500294,0.3983988,0.15058845,0.36201483,POk-3xSOiuw
0.017909339,0.0769516,0.38374445,0.19750968,0.102264404,0.08229118,0.12536447,0.21669172,2lKNTOv3XQE
0.1250247,0.04712127,0.42769653,0.09266965,0.13171545,0.14628646,0.04011647,0.15065669,NNZrfdOGFyA
0.20742953,0.12579261,0.4032684,0.4446823,0.28303897,0.40289032,0.14256695,0.6988873,L66aPRQQ9AQ
0.0813051,0.022409894,0.30771565,0.18297231,0.03143822,0.051026605,0.020781016,0.17163767,6hjhdS4hse8
0.018742332,0.020193804,0.237654,0.1831399,0.012631113,0.015965246,0.03839769,0.18249835,Ls-G14B7yHY
0.019019997,0.037712656,0.35186306,0.27742666,0.029159885,0.032100018,0.07360701,0.12308322,ZGsFrk0MrwQ
0.17242117,0.057013806,0.37645727,0.26696196,0.13384324,0.1541648,0.041634873,0.2954132,oq-X7HoGupE
0.042001735,0.013505215,0.21641,0.27469996,0.014260131,0.018696621,0.020002618,0.046081204,KaqE__d7Hd0
0.14552918,0.2133469,0.21712981,0.31818208,0.27954897,0.4213123,0.15699469,0.31753397,Ew4K9XiWeVE
0.37647265,0.10306091,0.32573727,0.5680319,0.1970609,0.16892223,0.09779389,0.3097077,lzbbKY8FxPg
0.11600884,0.02030409,0.25922993,0.27369854,0.027728256,0.036150426,0.026420271,0.051218376,xTDR9v_vTSY
0.14059398,0.10764913,0.35167626,0.43842298,0.09119945,0.11200215,0.1627413,0.5166968,4YxJq7P-rxk
0.16827796,0.10257752,0.26989174,0.3803328,0.14272976,0.23266472,0.088860385,0.35148612,gjWUA6wNdtY
0.03187269,0.037420686,0.27983624,0.19115767,0.051788,0.053216584,0.058862016,0.16030623,TcDBbbWAWow
0.105704986,0.019311603,0.22547458,0.20437197,0.019620437,0.029630704,0.024275718,0.1867359,5PQrDt2nwaw
0.17449278,0.08443568,0.27476078,0.4717574,0.108277254,0.08776762,0.080799915,0.4240081,Y30sn3bIOZ8
0.14328592,0.07519045,0.45155543,0.23973228,0.037805002,0.13310826,0.14189774,0.33685148,HiIaZUcc1kk
0.10031791,0.017078588,0.24176587,0.30848008,0.01070999,0.02037986,0.026496828,0.11662051,BuuL8Vvk0sU
0.39694545,0.3387791,0.608374,0.6887321,0.2456973,0.4404001,0.7893632,0.66256076,lBdATnsPROg
0.118584804,0.14175151,0.3546498,0.28872666,0.123617716,0.12290841,0.20825616,0.4943533,_Gx4MMh5upQ
0.112788886,0.10478373,0.15162432,0.24450697,0.1372357,0.31465963,0.14866035,0.024555333,IBDrwHfAoF0
0.1256687,0.05949032,0.2827713,0.24937555,0.05846283,0.072593324,0.07316115,0.17672916,0w9gybKDpQo
0.038911518,0.030208338,0.2697049,0.4389472,0.049188286,0.12357672,0.028929492,0.092380285,hKfSZnDMp3Y
0.46128514,0.17673612,0.324644,0.45582104,0.76108193,0.36963943,0.052076545,0.3469409,JDHicQo2b2Q
0.0729142,0.021350194,0.25332335,0.42869896,0.04793291,0.0557006,0.024159286,0.09773714,jjromKGdRAU
0.09602194,0.09669255,0.25470972,0.19599812,0.11443629,0.097981535,0.06914836,0.23488873,VTZ__s2FNdU
0.18549223,0.1320353,0.5626742,0.25190702,0.24179919,0.27837518,0.13171062,0.51956654,9vmQ2KeUBng
0.07730943,0.048066597,0.35957938,0.13453688,0.065847516,0.17842779,0.046950523,0.15457164,FdWPf6OBKyQ
0.017284594,0.03817314,0.3024304,0.19836213,0.03672105,0.0410824,0.04713181,0.09106569,eDfkLMrr8Gk
0.089041,0.09372563,0.38823047,0.17840025,0.07697562,0.1342687,0.088065,0.48477203,2FP0AgWgY40
0.04680874,0.08287145,0.36233774,0.37260303,0.13935319,0.15317523,0.09412458,0.44453973,X5E03OrTCeY
0.1785852,0.08328982,0.36142847,0.39945757,0.12870279,0.1185739,0.08182681,0.23451334,qY5Q8uUbZrE
0.2008281,0.1571392,0.33063957,0.5680319,0.17514957,0.1758425,0.19997482,0.5556965,qAMRoQ5KZRc
0.16965903,0.16643156,0.3702935,0.29764482,0.15433715,0.22107805,0.18217924,0.5324383,MalsOLSFvX0
0.16344422,0.031634662,0.3192621,0.44169167,0.056240525,0.06341488,0.058407437,0.27949002,St4pSCsbj6Y
0.029984225,0.024007155,0.29038042,0.16584647,0.01661143,0.019431757,0.034298282,0.18152268,CezlmUwMXNo
0.036336336,0.023585966,0.33462057,0.20148681,0.04856437,0.044681437,0.037046988,0.066846915,LzV1M7CIxSw
0.062925026,0.020329136,0.19746788,0.20905699,0.0217225,0.031121917,0.028893726,0.058925174,HXCigfL8mhY
0.14866976,0.0417953,0.2752543,0.46774697,0.04499467,0.037426285,0.045956917,0.23465674,_J6A7fAwUTk
0.16965903,0.10346025,0.27947268,0.27335855,0.16411754,0.10224618,0.08020485,0.08393742,zeNzeQ365G4
0.28996843,0.1963881,0.4203767,0.16632505,0.7161866,0.41831696,0.05637699,0.39858967,-ek7PbxqrPc
0.03461955,0.036145486,0.22110038,0.3723035,0.11963777,0.06397462,0.023274114,0.055541515,c8aue9Ipek0
0.08850401,0.036377188,0.4969923,0.062517665,0.029805942,0.07164753,0.083802,0.2214853,q8c5j74Onx4
0.042001735,0.027559195,0.24053246,0.19146605,0.033511285,0.090796635,0.032251753,0.08799522,gv6XW54Ugw4
0.05253629,0.048703287,0.2521293,0.19761781,0.078592055,0.17061582,0.034066014,0.10788185,RNGaFNbtKl0
0.09333697,0.03555444,0.30348828,0.2891551,0.031326085,0.034862082,0.040606618,0.2324545,-NafVoA98EE
0.036336336,0.06376128,0.36871833,0.35266632,0.037340734,0.03136032,0.10225063,0.078048006,GZGqS4AcNnE
0.37221906,0.33469132,0.57011807,0.4382102,0.4160591,0.7681961,0.25265735,0.50561416,JVwin7nPbq0
0.2286382,0.0714534,0.17589921,0.24203639,0.0617581,0.1720043,0.1488261,0.022021372,TfJtiqZfU5s
0.04783881,0.02757457,0.37417927,0.26798168,0.035426546,0.054154713,0.07376711,0.08636725,DU3elL3nm4E
0.0681194,0.012038644,0.17465118,0.14712128,0.011414945,0.022023689,0.026960772,0.025840554,Cmq-IHvYV4s
0.08850401,0.14298068,0.23663475,0.4387694,0.27975708,0.23505828,0.11759871,0.28343865,QugxaqSkZGE
0.023460433,0.023825528,0.27698997,0.26489183,0.01379213,0.022628156,0.04356628,0.24937367,Btrn8Z9n_Lo
0.022213135,0.020512685,0.24614547,0.27428386,0.025334707,0.02242947,0.031761773,0.04599797,voxym7VxdvQ
0.11085691,0.11807333,0.41242605,0.060902294,0.17759973,0.25138623,0.09499881,0.56990737,CwpbZqSdzb4
0.089577995,0.065914646,0.3583608,0.449391,0.118194,0.11007147,0.076876014,0.26543936,Lc7zyI-dI7o
0.0681194,0.012038644,0.17465118,0.14712128,0.011414945,0.022023689,0.026960772,0.025840554,ZBU5qKrFWeo
0.20302857,0.15064019,0.46991092,0.095292486,0.33299387,0.63193643,0.11626997,0.36596492,Xow1oNh26Do
0.050242316,0.024812028,0.23750778,0.40212542,0.030037887,0.03915406,0.03140189,0.09467523,L3VbDL0TUOw
0.049212243,0.049086288,0.35997683,0.22422583,0.056070942,0.050464503,0.07227169,0.095937096,PrOIPX0k5lY
0.028782474,0.014271742,0.32901144,0.25890282,0.033762626,0.05138644,0.031499065,0.03630884,AVqFRdJiKpA
0.0741129,0.025547216,0.3161579,0.2694565,0.08025882,0.07901838,0.05913905,0.23137069,WYfCPZyMUOw
0.06851897,0.049646493,0.28212842,0.30145878,0.038145423,0.09183256,0.03135848,0.32275084,3-RMcnsXugw
0.03856816,0.009404259,0.16606048,0.21467224,0.01366734,0.015389566,0.01610926,0.028914982,iUSF3FbYTP0
0.040971663,0.022380706,0.24178812,0.3437917,0.039698664,0.045727666,0.028221946,0.11720943,6EdhySfQYIY
0.5535644,0.87594104,0.4324963,0.5940234,0.691945,0.4181018,0.13675837,0.38183486,gJCGAA4VYT8
0.0224908,0.013184286,0.18875106,0.19997887,0.016013365,0.0158155,0.022045203,0.034105405,sfME2SuW7sM
0.008329925,0.04052419,0.27191836,0.20017153,0.028911076,0.023152053,0.038421813,0.08101614,HZIqOcp7arM
0.040971663,0.06872137,0.3932757,0.13999589,0.14347923,0.113488615,0.04516336,0.23949598,ShfWkRpA8xQ
0.06412373,0.02465953,0.29402223,0.19540024,0.034652743,0.07387085,0.023441577,0.14330603,o32wvFwmEYs
0.0753116,0.05050359,0.29856953,0.44427428,0.100882635,0.07807614,0.05711805,0.32289845,w4S2msFHQkQ
0.06492286,0.049662706,0.36162573,0.3912538,0.06787901,0.13851534,0.06604843,0.33501348,G8xOYidMrPA
0.11085691,0.1427843,0.4473018,0.052440103,0.15223901,0.31914562,0.10645202,0.32768708,_epeiYquxeA
0.12888865,0.01963343,0.24395522,0.27599984,0.016927773,0.05035945,0.03320411,0.20299217,YKg3Mv01eRM
0.14911842,0.08859032,0.34128568,0.48684785,0.09688399,0.13026632,0.12054357,0.510002,YHsCXJo1Ctw
0.19789414,0.06736656,0.29346195,0.33234525,0.145571,0.38934547,0.08483836,0.11382032,LhnDTw5GSvM
0.07690986,0.042825196,0.4355388,0.050169412,0.0639755,0.15221326,0.058769178,0.25460473,rlcAfVnICR8
0.18450552,0.058312275,0.26846638,0.5680319,0.058171198,0.06253702,0.09917863,0.21051654,64xKAS7OttI
0.035134587,0.03969271,0.2935521,0.34043494,0.048312046,0.12568814,0.024812818,0.15701202,teOdzj11Vdg
0.14104263,0.04492011,0.30557567,0.3023407,0.06522693,0.059976093,0.04899297,0.24926904,vf5LJJR3G60
0.08170467,0.040784042,0.27371773,0.20072855,0.037551977,0.048322402,0.0478728,0.07759988,VM4efNOx1e4
0.09548495,0.15097073,0.3616456,0.322787,0.44925305,0.3010684,0.09848212,0.34443316,Z1XKrgRhdT0
0.04406188,0.059471115,0.29909176,0.4297362,0.111970976,0.12102313,0.07190125,0.27625316,FvOHOnpb2uo
0.17242117,0.08201054,0.2636607,0.503435,0.18692872,0.14269145,0.089913756,0.30699807,yHR3GYwXi6U
0.031357653,0.02332771,0.4225806,0.2954601,0.032295253,0.045997124,0.035970703,0.28980023,cz5tlPnGUOs
0.0056227,0.036048483,0.34759805,0.20842557,0.026860274,0.041013923,0.09175576,0.27981395,6JaCKckjyNQ
0.13610743,0.13266566,0.2358156,0.18557316,0.181733,0.18807662,0.074074544,0.23808302,oODF6Z4Yep0
0.031529333,0.024172513,0.32951224,0.27092025,0.037521183,0.038191345,0.038739342,0.077217825,gthY6mlb4r0
0.029640866,0.031037848,0.3428245,0.18677388,0.049766395,0.05451732,0.045520425,0.09740934,m7Dl3zm242g
0.17449278,0.07475966,0.30868086,0.19242528,0.046269834,0.12574583,0.08848198,0.31028506,togimluJpl0
0.060527626,0.027331011,0.16893792,0.24866347,0.057072826,0.04921065,0.019111745,0.06387861,a7yccirStQ8
0.02929751,0.010236059,0.2918696,0.09486074,0.028203415,0.019092523,0.018602207,0.052234113,Glqe2tlYf7A
0.06332459,0.013013799,0.18908498,0.1663494,0.016933246,0.024645941,0.019006368,0.036040906,M-GdTtb8x74
0.025863936,0.016112672,0.20628,0.19863527,0.020943826,0.02132258,0.020311888,0.04067815,FDzyGsFqJeo
0.017076347,0.024612382,0.2704055,0.2944774,0.027330175,0.026071459,0.03841741,0.040878545,2PkDZJ9-l88
0.07730943,0.021222211,0.35326022,0.3236687,0.03810626,0.041194607,0.03682902,0.30463633,dAjOWXbkeYw
0.105704986,0.08585456,0.31014803,0.039114535,0.21968924,0.4847329,0.049010478,0.16381948,dAwU_TlHQ1w
0.0717155,0.021302244,0.2525754,0.24293385,0.051441696,0.028841436,0.023872182,0.04123593,650SLTWwvjc
0.01596569,0.038992845,0.38446,0.29023227,0.037608005,0.044222977,0.071817376,0.12675416,G9zRflXDlOo
0.1008549,0.06172507,0.3601054,0.27307385,0.07055335,0.082815476,0.10047175,0.2867629,0p9DdNIHP0Q
0.5958905,0.876051,0.44007492,0.37413234,0.7497077,0.2527554,0.42564887,0.20705871,Fpc40dmPlVM
0.6221407,0.50495803,0.41602948,0.37901038,0.56739855,0.7461855,0.1901924,0.8918561,zFt_IQX_Wxo
0.02054715,0.035925217,0.2995355,0.37880924,0.034875635,0.037136246,0.04658059,0.23475127,x1EryWLGesk
0.27856,0.1450732,0.44508323,0.018641306,0.265613,0.5741674,0.12350451,0.6555778,T-pCXsPxaDQ
0.035134587,0.019196816,0.32974982,0.013739422,0.01840816,0.026360344,0.029827671,0.19575086,AD-LX9oro3k
0.04818217,0.021940794,0.30675998,0.23681004,0.048623607,0.030789943,0.04312023,0.05884916,iTSVzSiRpcI
0.05133759,0.038404837,0.38536826,0.27467272,0.047848552,0.118773386,0.051398385,0.15466478,l1O8Nt4VlC4
0.036336336,0.07606139,0.37503555,0.2739379,0.076266445,0.045387726,0.07822679,0.30099785,p0M9KaG4_Ic
0.13476147,0.090760864,0.2897448,0.44734222,0.13085166,0.17648552,0.08298474,0.5600467,7E-nCgExajM
0.015202113,0.02100276,0.28920296,0.36170983,0.014816794,0.03200562,0.034118164,0.062873885,QDR14dqESbc
0.1609341,0.053815875,0.22029512,0.31295824,0.071494795,0.26621908,0.070367716,0.08132609,Qf8Xi18U-CA
0.037881445,0.02123385,0.18917215,0.067916,0.035894763,0.09142626,0.025817523,0.042843383,KFufsrzKWKs
0.03856816,0.03224853,0.28022692,0.31928653,0.03730001,0.040313605,0.041404217,0.056994863,NOyfX7_UHVI
0.043375164,0.018353283,0.30737582,0.14322102,0.03835166,0.06618359,0.02343897,0.096323475,z3YO071QVXQ
0.020269485,0.013916748,0.35890937,0.27268708,0.010146504,0.016885273,0.028617911,0.057903677,fmCcU09StWE
0.16482529,0.10433022,0.5023513,0.15514268,0.29975432,0.24219236,0.061108924,0.53746355,LjWbl4bJnE0
0.020269485,0.023797994,0.25663087,0.2938156,0.030860571,0.037250344,0.03272139,0.06292441,pYNz8qcThJE
0.22978203,0.06061176,0.41707453,0.18622363,0.11848038,0.09875963,0.06121154,0.13762008,QDO3gb4rJfQ
0.04680874,0.02353589,0.28963003,0.11843762,0.017189734,0.037244167,0.036796864,0.087165296,qX5hsuH2_QM
0.018742332,0.040018495,0.19505252,0.18573178,0.041904904,0.046671707,0.03852661,0.07549264,1p4aWfu-1ec
0.03358948,0.015688097,0.3041235,0.27497417,0.030239541,0.055756256,0.027772281,0.09482749,nyBNl3vVUkM
0.13296685,0.04955997,0.33232516,0.4371922,0.040957496,0.05624477,0.037635874,0.21488757,2f9TzNyWj50
0.09602194,0.047344387,0.30400112,0.22246449,0.06942761,0.043533992,0.04700378,0.33461,FfYIzcHOCQ8
0.044748597,0.032810245,0.325817,0.48762676,0.043553695,0.084629744,0.05187369,0.2659998,bWNu2zo6pQs
0.025005542,0.027104115,0.23594482,0.29028115,0.024825837,0.039373465,0.03545876,0.071170785,eY9GXESYfeI
0.0825038,0.02356141,0.38269374,0.18631214,0.025962852,0.024761906,0.053887676,0.2543372,-Z61VcW86U0
0.15334547,0.105657436,0.35598692,0.2615426,0.13089228,0.24289198,0.14962271,0.44053248,iMW3W4A9-LE
0.03856816,0.009757208,0.21892124,0.4052286,0.03074217,0.022299,0.012927929,0.038015924,l6pkDWTFdfY
0.05253629,0.02274637,0.26546368,0.1612591,0.06644595,0.09974744,0.057594024,0.08074649,raQmwDgYOUw
0.12760067,0.11438695,0.459053,0.38032115,0.09352259,0.116808474,0.20264788,0.55043083,q3or8nJ-hW8
0.038053125,0.046670143,0.18193695,0.38101473,0.04748746,0.058079604,0.03534449,0.07484568,axRUmSBVXKo
0.13700475,0.048488125,0.2934046,0.43959242,0.11095173,0.07136002,0.07318467,0.08661068,OuEy6M1oJD0
0.119228795,0.044250306,0.161854,0.25626734,0.038902685,0.05521902,0.04252747,0.07067712,_lsWhZYkJ8s
0.04680874,0.017578961,0.21683043,0.27443892,0.021754043,0.05736718,0.019956455,0.053494886,azyCSNWjbxE
0.023803791,0.07416664,0.3680516,0.35120258,0.08191485,0.11125124,0.049658004,0.22239663,ATbiftHXTls
0.027580723,0.1697244,0.33508646,0.27646998,0.17406406,0.4348569,0.120368205,0.14850803,JP__I4if6uE
0.5026305,0.7055093,0.3453003,0.3241073,0.3666244,0.112441964,0.200935,0.17539786,nBoArbmcOPE
0.052935857,0.05436748,0.40012863,0.44873694,0.08202967,0.10819877,0.08073496,0.20030743,M4iUvD6Y5IA
0.04818217,0.015984338,0.23923436,0.2192509,0.022067778,0.024522493,0.027626798,0.03288737,0CRoUuKsVH0
0.1256687,0.10361963,0.36600015,0.17627572,0.11079745,0.24608944,0.1464889,0.35748267,HQb5Ii19vFA
0.07970683,0.12150893,0.36472902,0.46990642,0.10464318,0.42782333,0.07133194,0.5587616,Zi-JFYvi48k
0.085282035,0.112961546,0.23848169,0.4058118,0.15181114,0.30573183,0.10326583,0.1013892,hPAGsQBufG8
0.09763293,0.087150514,0.22177304,0.34120783,0.1304342,0.22627026,0.06511859,0.122357555,IfSrCnFzXRA
0.12760067,0.043555167,0.19319895,0.14634559,0.02633235,0.038146675,0.050869707,0.07863502,6P9Aw9PA5Rs
0.022945397,0.1463086,0.43849692,0.25722232,0.2434941,0.25139448,0.09394223,0.28176612,Cpqj8TvjAdE
0.119872786,0.15943794,0.40932494,0.28444728,0.11942206,0.13232197,0.16052045,0.5845932,Q--8bwv-YT8
0.11472086,0.03546114,0.27032778,0.595745,0.056469604,0.106140055,0.04548447,0.2295306,9CiPF0y8vvk
0.04268845,0.02320649,0.21418928,0.15925245,0.040625747,0.024449974,0.024435842,0.039208937,c12GHlTMaIg
0.058130227,0.034290507,0.34342813,0.0683313,0.057634532,0.07181493,0.044386763,0.110082395,YXBs8xVZRoI
0.11021292,0.018677985,0.22864947,0.24502157,0.01608349,0.016591871,0.031162662,0.03289408,0AwT9oZD5Bw
0.05613239,0.02340617,0.27759546,0.18151452,0.02123322,0.025873672,0.043701675,0.066005304,hTU4WTnzURc
0.13521013,0.18629459,0.31457582,0.66021043,0.17681625,0.386852,0.3128469,0.3450453,_mimITJ0tLQ
0.15918289,0.038846906,0.26044628,0.1907753,0.049779687,0.085529655,0.044613324,0.14184672,T9aDXS_o37Y
0.015479778,0.035021115,0.41429183,0.3291626,0.08959948,0.09341872,0.057914086,0.08679769,7IRwSp_B5bk
0.37083253,0.23144919,0.40884975,0.8162542,0.32577083,0.325754,0.6831559,0.499928,EWmM8glK4L0
0.35336453,0.1775777,0.24524087,0.011857774,0.5696752,0.46877062,0.04713125,0.118305735,e3MD6pJsfAs
0.031185975,0.025227027,0.2010816,0.14852369,0.0387781,0.10820451,0.038449828,0.06819441,mQbMU7JFN2Q
0.02655065,0.011956256,0.22275825,0.30670154,0.01420997,0.020304276,0.02004615,0.05402016,zgqPb18fNCs
0.02262963,0.015007088,0.1996105,0.24580434,0.024343463,0.015921885,0.021369003,0.030998042,jwle6hUPdew
0.17173064,0.1299339,0.30898693,0.43919873,0.15373802,0.2438696,0.16420941,0.34160724,uIsbM4PJzl0
0.05773066,0.027387343,0.35934636,0.07942931,0.033016354,0.062986396,0.031978577,0.2963535,s7BwiwzVPS0
0.355017,0.34237438,0.44512975,0.41830355,0.4454288,0.67214566,0.14407012,0.86315835,LdwtEuZxtxM
0.1473238,0.15001495,0.45015898,0.21086964,0.18914309,0.27080044,0.09378144,0.6039012,pduUuHPySns
0.050585672,0.106743455,0.38162145,0.10251798,0.073160954,0.07967746,0.17671505,0.103452384,-MhgN7WclI0
0.06012806,0.0165041,0.2606743,0.18574607,0.022294402,0.042762678,0.02684347,0.060737588,Nj7fGLZAxDE
0.10031791,0.040674884,0.30199653,0.45438066,0.03567899,0.05245633,0.072237186,0.1191898,c2KkeT7xqmc
0.043031808,0.014213236,0.30764446,0.31210968,0.034600347,0.06949969,0.021252513,0.15503153,2Q1JyJEjXrw
0.087430015,0.24218021,0.45130485,0.15449616,0.17974338,0.39761123,0.28213146,0.5063559,XCYq3rltnVI
0.03221605,0.055315323,0.3728539,0.2367118,0.04143947,0.07665583,0.14320864,0.19862358,62RIwaoLNYQ
0.1785852,0.031060308,0.42846587,0.34675208,0.026426028,0.040288027,0.047599524,0.10796218,GdDmhDwXv4U
0.029125832,0.032116406,0.24586809,0.18810856,0.028988061,0.028002689,0.05674793,0.06986586,ommIe262jHg
0.19042583,0.301089,0.3686209,0.20208362,0.37611616,0.71520466,0.23612286,0.34107295,ZUU3_vd1Oos
0.19535941,0.069242194,0.34220347,0.14936922,0.0763593,0.076617986,0.10706741,0.1824159,5IonePLGwmc
0.074912034,0.10283701,0.4516063,0.028324109,0.082340516,0.06050192,0.08078559,0.37857038,yFUw1RqhFEE
0.05613239,0.1448706,0.43714783,0.44704106,0.29031923,0.41751307,0.16160685,0.43070507,So4bOpPcwgY
0.20669603,0.11888254,0.36691138,0.07111991,0.16938642,0.38298127,0.075278945,0.14641528,k76XfuJ6dO0
0.104076885,0.085819356,0.35335675,0.61812544,0.035028618,0.12484996,0.08225572,0.27962086,D8EQtOWLhjM
0.054534122,0.07485236,0.32388017,0.1518034,0.038995616,0.10116201,0.068418026,0.117275625,WckWgAZJqSY
0.07970683,0.04900108,0.3727515,0.18632822,0.056779016,0.13302672,0.06878597,0.15446997,56f07_fx8NE
0.008850546,0.03337347,0.28956738,0.26605347,0.025473284,0.025307178,0.037226737,0.10242158,AOjLP8ZHiTQ
0.24418297,0.1270223,0.33184686,0.63081396,0.12442293,0.17725872,0.19563816,0.48598835,Kqbm2YkMP0Q
0.10892494,0.047613055,0.2770796,0.28228515,0.0362959,0.055869546,0.058049873,0.21258967,IvbisE2X40g
0.037023053,0.055724427,0.3027261,0.17784232,0.04490133,0.0472661,0.045235615,0.080996744,FG0La3vOzEk
0.0027766419,0.08401529,0.26859796,0.43932542,0.064621605,0.050838217,0.071363814,0.06757111,ORuXfQLRO5g
0.012772553,0.030337118,0.29954565,0.24775775,0.06825228,0.0790654,0.03441055,0.14384492,n6T2uqMgG8U
0.01596569,0.03233978,0.1781252,0.53173816,0.055601716,0.0702419,0.0273043,0.03815054,g_5i2-M6gc8
0.1334155,0.08866296,0.35645783,0.32298958,0.23897551,0.29279158,0.081605114,0.101471595,FEQVqs8zWeA
0.09870692,0.053715464,0.43357673,0.23301217,0.09412923,0.07826298,0.058576543,0.42638218,yLuTF4K2m58
0.017770508,0.012228111,0.20575292,0.27213028,0.023206092,0.029740287,0.016911848,0.054593258,gs4S31xT8a8
0.043718524,0.14749473,0.52858794,0.204627,0.112346224,0.16437931,0.21714295,0.24893847,fANe5lW9KcA
0.031529333,0.037364304,0.35844448,0.17865291,0.07334946,0.12439172,0.046592966,0.39646092,HcAYZAXFbO0
0.0358213,0.018105932,0.21051551,0.27457392,0.021865154,0.028891664,0.027887674,0.051832378,vVk7D4pwlfU
0.013813793,0.016045397,0.30013093,0.31063008,0.04557245,0.054408148,0.020051908,0.041432995,UvfCTqEZpW8
0.02809576,0.035343025,0.35938695,0.4372972,0.04012445,0.035863966,0.0700694,0.084241584,vxkdI_BwFi4
0.067320265,0.06684672,0.40471157,0.20743859,0.07362791,0.20357952,0.054456748,0.16924882,IKd8LtsJw1E
0.036336336,0.017245762,0.19171152,0.2773824,0.014981196,0.018012926,0.024844263,0.09407017,asxtv8JJmPU
0.2459383,0.174204,0.4298401,0.17092389,0.19677572,0.36294633,0.07315534,0.63512635,v8ATLekqyiM
0.028267438,0.039624747,0.31666738,0.1998035,0.030337997,0.032374427,0.039095014,0.14501695,2u9jvnhQLDA
0.13790205,0.03000495,0.26687443,0.2144239,0.044327717,0.05796081,0.053721976,0.07292272,qdc11tWtIG0
0.57816684,0.22871329,0.26010728,0.31348816,0.400645,0.68240184,0.17135237,0.16653322,N6lilb7ynOk
0.080905534,0.080834925,0.27356565,0.43793896,0.1048061,0.20314321,0.054814264,0.24585323,8c6bV41neNs
0.118584804,0.053741828,0.30796954,0.10359215,0.10816017,0.124991596,0.037816405,0.21574993,UA8kqiGTyHs
0.18549223,0.09922345,0.47150484,0.1282114,0.08672381,0.21407762,0.11442518,0.18795468,bPeWv_xZkOg
0.034791227,0.024902351,0.4043424,0.27823275,0.03126695,0.05376759,0.041851487,0.07495754,MY2D_TogKOo
0.5810591,0.16145891,0.37540522,0.8147743,0.660731,0.5803527,0.0699478,0.3709792,jonAIAIKCIY
0.11794081,0.092925236,0.51590043,0.15943205,0.043376736,0.042195994,0.15841612,0.46126312,mDZD2tJa050
0.08447654,0.018737935,0.21173136,0.31167606,0.019579105,0.027475199,0.027260067,0.14711682,0r27KF0D_ok
0.00025380243,0.055461492,0.25865746,0.43039662,0.08489954,0.36123732,0.07073707,0.36806312,LZYJxrohqQ0
0.021518974,0.09406519,0.33574387,0.16880977,0.09864393,0.061013315,0.123135395,0.111434996,LImMzxNV6_w
0.09924392,0.034291863,0.32614392,0.009596016,0.04605492,0.1107073,0.032487437,0.1813345,FBR6yWODZPs
0.10634898,0.026378404,0.4048946,0.17344567,0.035460185,0.029637635,0.047697596,0.08162618,Iaw-claXOhE
0.0072192685,0.10485472,0.3579787,0.18686031,0.14688857,0.11575017,0.09180927,0.2287349,vL04RmYDYZU
0.21186037,0.14000008,0.3199189,0.45746997,0.23726258,0.46004203,0.16773704,0.3548224,lj6zQ-nYcdY
0.046122026,0.033379205,0.33025396,0.37012953,0.043706115,0.044408944,0.050182723,0.17649981,G5yw1HE9Vh4
0.082104236,0.035315752,0.24995987,0.44232607,0.02047601,0.030388128,0.0824546,0.057515696,H3JqVbJGRIk
0.4292556,0.17937231,0.33132923,0.20331675,0.70199466,0.3152479,0.03754529,0.35353038,msDaVIfO5U8
0.14104263,0.009982618,0.2817382,0.2789205,0.010957107,0.01220793,0.020596191,0.13315451,qoVptv6qlSg
0.36211988,0.3315277,0.32954156,0.6642589,0.23370755,0.22700186,0.09736561,0.29409897,0LI4UEHUvtM
0.019158829,0.04835435,0.47748417,0.3696159,0.0581287,0.053641386,0.070171766,0.17386393,uvCqonM1CaQ
0.01561861,0.06632652,0.28812805,0.08270711,0.046349835,0.042286295,0.035926137,0.085325494,8dDmSB0id5Q
0.040971663,0.021869179,0.29957613,0.26188302,0.034502238,0.051939324,0.043326154,0.051213827,nOwLVljo8XE
0.0741129,0.0593388,0.31360504,0.4369227,0.031694997,0.025804535,0.04092923,0.13940723,qoh0r02jvwc
0.44805592,0.16450442,0.4089994,0.7279288,0.22697899,0.29417855,0.17154084,0.5484908,0gJrYZtwmjQ
0.09763293,0.058705833,0.36722156,0.38754085,0.052119356,0.06675179,0.079617456,0.18802933,32GRugtsN0w
0.15159425,0.028775323,0.22503965,0.2438379,0.023795545,0.025174722,0.05591401,0.06029128,LmUipuPcPEY
0.06492286,0.17339069,0.44750315,0.45005286,0.12193367,0.13688605,0.1402578,0.2429554,Gz39jTvmEpk
0.080905534,0.077192046,0.2681962,0.0064272787,0.05987873,0.053244267,0.060971916,0.16241817,f5KQOX27LYc
0.09763293,0.14288267,0.25962526,0.33381832,0.13850507,0.15169407,0.09638357,0.3540778,jgN2wWSxG7M
0.06012806,0.024780143,0.2340135,0.15942638,0.027966183,0.046883147,0.03489558,0.113049835,Qyx2rr0aPhg
0.15918289,0.0834639,0.40991822,0.43752873,0.2432703,0.4322633,0.14235856,0.091547936,g9YWLaCkPKM
0.02517722,0.053088896,0.25985703,0.2187125,0.041875962,0.05011185,0.052974626,0.2284628,obzpB-r3260
0.05773066,0.012887924,0.31911713,0.19457357,0.012121701,0.01740094,0.028079495,0.04038437,uD4kxoEKC3A
0.08050597,0.048702456,0.3281972,0.33997664,0.04309871,0.06317224,0.06243838,0.36902088,Yl9Vrbe6l2Y
0.022074303,0.0693439,0.26281375,0.29026222,0.052209053,0.058224913,0.074558295,0.081072286,89a0JpfWfT4
0.03994159,0.020191085,0.20974599,0.18094762,0.02189963,0.04444424,0.03082647,0.060204297,ZYCsX5jycGc
0.11600884,0.05771526,0.27717608,0.22694299,0.054705836,0.06249002,0.066832535,0.15209138,ZZuLy8TqFRw
0.05253629,0.021059852,0.30982152,0.19637337,0.016972968,0.024742322,0.044425152,0.07890466,3etTNuhtMho
0.036679696,0.052229755,0.19594023,0.2172063,0.10328431,0.056279622,0.041877694,0.08211081,wUJjtNS1ySM
0.089041,0.0878582,0.45136505,0.38694003,0.13531896,0.23753494,0.15807642,0.295334,4O-6UTBQqLc
0.049898956,0.11885752,0.34197056,0.48211843,0.19283897,0.4023573,0.13913576,0.31818843,pY3YmASpr7I
0.09655894,0.096219175,0.48570657,0.3627627,0.068066746,0.102361664,0.15474077,0.46272245,jt2yA0etdyM
0.068918526,0.023419302,0.24427095,0.07914801,0.03365148,0.028255116,0.05487812,0.04858838,fnnQc6dCXWg
0.037023053,0.017449057,0.26084572,0.21307668,0.029151227,0.043425523,0.03509468,0.069317214,2sbzn_yGenc
0.26817688,0.058812615,0.3107618,0.47453567,0.08335551,0.057599243,0.060786434,0.50571454,Z6iV93LK6hY
0.15684792,0.13840337,0.29273567,0.35954997,0.17346793,0.12513085,0.10462031,0.1851782,sRGIlKZUSl4
0.15276173,0.04002353,0.18694696,0.1827807,0.0221529,0.02579555,0.053841606,0.042713314,WcAKL8E2MXs
0.1423886,0.17952032,0.37838688,0.17915078,0.24452506,0.1777762,0.14299794,0.3264608,tGXryWgJJNw
0.07850813,0.120446585,0.28179342,0.14429124,0.08912215,0.08442922,0.08058785,0.10486088,khM9TSXmCVY
0.15918289,0.20780352,0.46075004,0.0020000436,0.2957489,0.5782879,0.15599048,0.5307962,_C_Q9gJGPg4
0.036679696,0.14149712,0.40032145,0.21354459,0.30431783,0.06869483,0.13049881,0.1704079,Fjzsc17jX44
0.2406723,0.111652255,0.30845326,0.5991614,0.14314678,0.26400104,0.1987103,0.42809668,WNx7s58q5cY
0.37083253,0.050917417,0.1859234,0.6127306,0.037318405,0.056101784,0.05181792,0.085164994,fcPrg--y8Jo
0.08420804,0.062667415,0.3472597,0.24228062,0.040415537,0.0679067,0.10741821,0.095026694,wQ6kRmOuX9w
0.010204159,0.13934305,0.6758672,0.100598104,0.088084765,0.09789575,0.19555748,0.25030178,SeqVd32INL0
0.036336336,0.022203406,0.1952742,0.11397975,0.019194925,0.02767639,0.037345592,0.03693292,oEt5k0HRT7s
0.049898956,0.051245574,0.26419452,0.2387668,0.049832948,0.06276178,0.06235149,0.12781619,8w5tH902MFw
0.16344422,0.05245632,0.21463329,0.5738939,0.11686138,0.13118833,0.041885637,0.08393065,ZWiUaB76XHU
0.23891698,0.10570031,0.37323374,0.41367817,0.15956588,0.16106729,0.17677574,0.5240492,QsBjdHIa4SM
0.41950125,0.17214435,0.38526347,0.45700338,0.17814097,0.5737486,0.36940607,0.25058576,kK5d1Bh9PEw
0.080905534,0.03427697,0.27987432,0.26234233,0.05012777,0.04694442,0.04443385,0.08981058,MwNtyNlxQ9I
0.048868883,0.033175025,0.25247183,0.17528722,0.019314557,0.04358765,0.07667989,0.118069336,sTP_QFK2C2k
0.025863936,0.024030255,0.32227042,0.16960363,0.038264383,0.028687473,0.02490642,0.10858754,7OL9x-Tz-ko
0.04165838,0.06997148,0.42976382,0.23171419,0.06321443,0.123200834,0.06676814,0.2546525,kgNUjheCLvA
0.089577995,0.048761517,0.39611453,0.27504793,0.045011,0.12214632,0.06654291,0.26716766,6UsVu0109CI
0.39108577,0.0657441,0.33750814,0.34480262,0.101505056,0.062425323,0.028838184,0.6252561,0IAWdvDnaEQ
0.4151741,0.093507655,0.27384225,0.5922811,0.20384501,0.2927535,0.09863087,0.27600014,4OnjP_ZHHao
0.0022386673,0.04040447,0.24327451,0.19519748,0.02295018,0.034498017,0.0572972,0.064667486,nMqMaRD5MAM
0.040284947,0.029807117,0.2746981,0.23261155,0.058090292,0.10208033,0.0239666,0.11826868,8nBrYeaL_AU
0.1473238,0.23426315,0.40867674,0.13725519,0.20144026,0.22972263,0.13386124,0.5461109,k2bZp5lP-n4
0.015549194,0.014601311,0.30772996,0.18997784,0.031140933,0.025700467,0.03075996,0.051834818,0lNJyCAxNsQ
0.3123962,0.39813042,0.36518717,0.63690174,0.4343835,0.7422324,0.28820774,0.53409994,lVhQ9RlGNNs
0.033932835,0.16608144,0.36122072,0.16064127,0.07741253,0.07569285,0.15586239,0.31967673,JwZQ6nD6xwY
0.02054715,0.04346952,0.15987979,0.30024937,0.04857268,0.06683814,0.042747453,0.05763828,V0yDyF7_QTA
0.13431281,0.046910703,0.3435663,0.15611237,0.045435082,0.06388679,0.071005136,0.22274196,-VOmtFHiOW8
0.05613239,0.05882088,0.32076102,0.1155861,0.045052655,0.04921586,0.05815817,0.41831452,1-Jl_LZnfok
0.05773066,0.05547187,0.32944256,0.34937057,0.0406214,0.053472605,0.093235865,0.074830204,3r_E1nE-CHY
0.24991328,0.13901167,0.5056239,0.15751244,0.17068566,0.16143791,0.118254215,0.51054996,Aba-t-8eD8g
0.12051678,0.14281884,0.33311957,0.35250425,0.15758087,0.27429956,0.16771118,0.5159055,h8P7b3WF5no
0.03856816,0.036790486,0.24961942,0.30445752,0.08523763,0.06587517,0.047662962,0.088392474,-zNCzKKyq30
0.4151741,0.3313087,0.321588,0.024500998,0.47687405,0.25707075,0.068689,0.30967844,9oPH0kCLEQU
0.4945446,0.24143325,0.6700327,0.4122228,0.20821571,0.16593462,0.7780149,0.29454094,Z1mWdqeg4uM
0.2712817,0.099752866,0.4545018,0.08966687,0.18460664,0.17517982,0.08800641,0.3908719,XiAzP_W7fFM
0.017006932,0.054867346,0.20395915,0.09484933,0.03439389,0.050550975,0.07421803,0.06977769,M2MRnqWDmOc
0.0053797434,0.03322617,0.38701755,0.1435912,0.017267488,0.029517634,0.07497166,0.26617298,dwQ3VoLI2wM
0.3955794,0.14374942,0.3329622,0.52013266,0.19509669,0.44278815,0.19407351,0.29001427,mSotiG-EaC4
0.043718524,0.040860016,0.21932518,0.3683123,0.03204943,0.067115754,0.03458471,0.21792759,DVjCCQptDVw
0.05253629,0.06977134,0.3671413,0.12608536,0.058097307,0.033192527,0.08620258,0.23716919,BV9yyDzs8gg
0.089041,0.091212146,0.2887686,0.16526054,0.0569997,0.053229876,0.1092911,0.090022035,-FC1IRiJ9x0
0.012494888,0.033879988,0.36315602,0.17275254,0.057002127,0.06994888,0.046541188,0.1276125,mMpGEwwQNbM
0.0057962397,0.24221732,0.34554607,0.27849886,0.177331,0.119673885,0.14842217,0.18775275,kqoNSAangGE
0.04406188,0.016560191,0.2714831,0.36386836,0.030541845,0.04970206,0.02697023,0.10820589,PNsGWBYD7_0
0.076110736,0.08627133,0.3275424,0.31458694,0.12833442,0.07645086,0.08151387,0.2785471,iPfZ2pOh6bE
0.18746567,0.12109939,0.24780066,0.56241214,0.1649781,0.18757196,0.09337078,0.25072697,zmdDYDPLBhs
0.0753116,0.086614095,0.31659222,0.40878865,0.09622264,0.112600826,0.13458072,0.31568545,s9yBhCkqX5g
0.13431281,0.020053685,0.27765694,0.079977125,0.033145342,0.031216778,0.032551058,0.10541987,FkwQgAUTArY
0.15626417,0.14766727,0.39584237,0.33315742,0.20442474,0.11139509,0.17711161,0.24893881,jQhrDaZuCvY
0.36944604,0.33050528,0.3399174,0.7079002,0.63188094,0.15584609,0.12338257,0.2789708,4ikfB-KP9XY
0.0813051,0.07734395,0.4615304,0.3070402,0.07205642,0.114307456,0.1359186,0.31445217,0CTeY9San1s
0.03994159,0.02975437,0.27421638,0.20073798,0.027770925,0.048303,0.035601888,0.3386262,YkxGH0xxW9o
0.15451296,0.12443343,0.25451285,0.3430273,0.1026595,0.11979762,0.07820725,0.6576193,YJaA1a4GUF4
0.019575324,0.04045188,0.33890003,0.19233204,0.044166245,0.04413327,0.042932216,0.39048955,hSzRvv72iOA
0.060927194,0.040675003,0.30641258,0.18268035,0.0734145,0.04175542,0.039087117,0.12434728,Hstn2oD0W5Y
0.033761155,0.028265938,0.18071139,0.24949321,0.052470636,0.090378895,0.020268291,0.032406848,OWD5sJD5ue4
0.1464265,0.033241227,0.3706609,0.123821326,0.047650285,0.08043241,0.032383792,0.15221736,C4_rXOkBSOM
0.24991328,0.16690731,0.4067307,0.5680319,0.22647937,0.5318233,0.15699813,0.36888012,4cm6l786E6Y
0.20963,0.08375497,0.51472354,0.49241725,0.05702684,0.09643652,0.1469201,0.28763357,mN48EaFu21Q
0.08635602,0.09612669,0.5324682,0.0021145807,0.067932956,0.1129684,0.09301932,0.24632539,1mP-4c7T4-w
0.019852988,0.016212476,0.24103175,0.29936326,0.021058839,0.020664526,0.029071651,0.050977737,mkUIgIT_riQ
0.015063282,0.028919676,0.2577322,0.09262382,0.03369999,0.0361451,0.039717264,0.05427727,jWg9L7aRtJg
0.31671798,0.1672339,0.50666547,0.40226543,0.19795576,0.13527794,0.19280624,0.26844046,iEtho37iJ-k
0.2885035,0.17064318,0.54472345,0.7242244,0.14228784,0.15529089,0.22710833,0.61329395,b0gkLtNsGKI
0.018325835,0.024716603,0.39312413,0.17926809,0.022656152,0.021527106,0.06012765,0.09018673,tGjh5AdD2EA
0.029984225,0.030560385,0.24546693,0.21753117,0.08959904,0.11284539,0.021701865,0.09043352,PdHsD-pToIg
0.11021292,0.06873502,0.21204811,0.19491833,0.052264724,0.06628497,0.06397362,0.110372685,kO7nagVw7pc
0.06851897,0.029325573,0.40466604,0.043036632,0.03381839,0.109258786,0.042704362,0.19081376,3KHCGZTUYzY
0.021657806,0.019553313,0.20262714,0.21811032,0.018330337,0.027509328,0.03029193,0.11558988,MMSCOEeDKl8
0.09763293,0.088376194,0.4820003,0.16524477,0.092223845,0.13176137,0.09178185,0.49898362,9RU6NGExpZo
0.15071863,0.04540164,0.14888091,0.26340157,0.23167537,0.08599356,0.01620305,0.034858383,rJDaIG5vVXI
0.13431281,0.1055192,0.46909946,0.077773266,0.057691276,0.08206627,0.10742798,0.13553174,mEOnY4dugKc
0.104076885,0.035585344,0.21130812,0.20647861,0.044403058,0.033324223,0.040812645,0.060172144,_uEajldVAoQ
0.07371333,0.03264883,0.20511036,0.12694702,0.02380852,0.036633413,0.055897288,0.077496104,BM8-bNw--fQ
0.084745035,0.011982756,0.23107283,0.18086237,0.010137536,0.008932124,0.025975224,0.033812933,23aCFCva8qQ
0.3598433,0.19773175,0.45013198,0.18138143,0.36228684,0.20403185,0.16303395,0.6016468,8akttEsnYaE
0.0224908,0.014519829,0.24816462,0.296007,0.01615094,0.024085611,0.02559045,0.054321032,rkfwtX-EMg8
0.089041,0.16544862,0.38011554,0.22320557,0.099027775,0.13775793,0.18890049,0.2406561,2xHlqO7Hm9o
0.104076885,0.13626248,0.44739616,0.16393377,0.15322094,0.2033361,0.13686232,0.5832399,EO9S78wrsuk
0.19862764,0.06673084,0.43204734,0.4292334,0.07272586,0.0788183,0.10011185,0.2073923,bB_wBIDmM8M
0.094410956,0.30933908,0.44412065,0.23308152,0.29691085,0.09955508,0.17602447,0.20266575,dAynoMlnyC4
0.20522906,0.05666265,0.5344707,0.3663744,0.10260808,0.07498137,0.07946099,0.22434518,m1eOhCSHano
0.7257758,0.816619,0.2706976,0.467394,0.9343985,0.7756496,0.18371245,0.30492815,nVYdYFDcDVs
0.19141254,0.14784573,0.35055667,0.19042629,0.13300534,0.085617855,0.13746454,0.1801028,_xBZ7mgrzMk
0.043718524,0.08330432,0.3791666,0.26260418,0.13630083,0.15107925,0.07991188,0.107877806,Bmr9EDKsubM
0.048525527,0.19651191,0.41679472,0.20400685,0.120997526,0.30712637,0.23507954,0.27594027,q-Pn3IAjMP0
0.7663013,0.86933887,0.48352313,0.45062944,0.895227,0.49354562,0.92006356,0.29077965,dWYuLbuj4Hk
0.13476147,0.13480693,0.27565742,0.0120352935,0.12154732,0.41203314,0.08080742,0.16112791,1iVPAqgjprA
0.5363433,0.4433677,0.22689515,0.6136489,0.8453147,0.29147375,0.08675834,0.14720601,q9e2TPIu8Ok
0.019297661,0.03071977,0.29029724,0.21241052,0.04259509,0.054293636,0.051341683,0.12267878,rPsIaYmh-bo
0.05093802,0.04339862,0.29054412,0.26610523,0.046018884,0.04633331,0.04140609,0.075342484,spb4bFV1bLM
0.07451247,0.06671658,0.39480135,0.24870273,0.090233535,0.11099182,0.075818196,0.3770482,qBYHdQQ6nHc
0.33859563,0.05628698,0.3191796,0.59420145,0.13157694,0.24207176,0.045559205,0.04802029,YrmaS_GoUxE
0.037194733,0.05929849,0.23168145,0.39180556,0.078561135,0.119546846,0.048892763,0.12940843,RGpzlyDnBEk
0.016937515,0.010261845,0.36577177,0.07747158,0.010697183,0.02107225,0.017536268,0.08262664,98NPLCv2STw
0.028782474,0.032745168,0.1916221,0.19499834,0.022114806,0.0319021,0.043593038,0.06533265,HVzG1Va1wI4
0.03994159,0.014733787,0.30318975,0.12253494,0.04959437,0.026887553,0.024613839,0.03124929,aa3IH6mjSlo
0.047495455,0.025872178,0.26393202,0.1675827,0.059814975,0.040852647,0.038535494,0.05886878,aTypFKkUO2Y
0.29855597,0.19181901,0.49942318,0.14877905,0.22588237,0.25363052,0.18050969,0.5648913,M96RzbsLHMo
0.35756677,0.0073973946,0.2703073,0.5803796,0.011870184,0.008814831,0.07538981,0.006873112,jPK1j7utMGQ
0.13251819,0.11688291,0.46290746,0.1925853,0.06478292,0.08755742,0.15023512,0.2632758,wMpRTgQeSsg
0.34388447,0.08390305,0.29369622,0.43526778,0.11039869,0.20424886,0.06805303,0.27077442,qncmTfrtmpU
0.02792408,0.016791921,0.4958631,0.17058413,0.026345935,0.022492783,0.033705123,0.09708568,o1LCKl9iB_o
0.22952124,0.29610926,0.2561414,0.3583669,0.5160216,0.13202034,0.10128368,0.18077068,V5HNH6hMj0c
0.36553472,0.18438795,0.29304048,0.62044424,0.29698807,0.6679858,0.13127768,0.2568824,q21OH-s4TWo
0.044748597,0.0245914,0.3482743,0.27469477,0.01668242,0.0216571,0.05927235,0.1683375,vwmBikfg418
0.0253489,0.023661464,0.28577182,0.24995886,0.036512833,0.06299333,0.0245585,0.15861015,fu1nYFRmqhQ
0.038911518,0.06776017,0.5910431,0.041989792,0.06096549,0.12684266,0.112502664,0.2238684,foM3fn6bYFc
0.32044756,0.15532857,0.30723676,0.41805416,0.24133447,0.4237411,0.23282872,0.09642219,GS1pMYq-nvo
0.44670263,0.50119627,0.6144332,0.46556014,0.30770504,0.35667703,0.8998427,0.31091854,hlcq7QTOGbo
0.28021416,0.28864112,0.29534107,0.39546698,0.42426398,0.6750473,0.098967165,0.48350006,kkodbYJamAI
0.029984225,0.023785291,0.2212048,0.16915323,0.034479257,0.030913372,0.039274346,0.07050402,mrRVoVN3ljI
0.11021292,0.04639048,0.30078357,0.7193646,0.070616394,0.11258277,0.13564666,0.20607549,rUN2Z6am1vE
0.0471521,0.055958465,0.37325636,0.20372912,0.10333563,0.12508048,0.07774452,0.08790072,RgiA-k9RyIo
0.025863936,0.029820925,0.3504207,0.24797118,0.015210592,0.03834191,0.038101874,0.15307999,uM-xfEMq0PQ
0.35756677,0.15366048,0.4242506,0.44031772,0.20122308,0.28792587,0.1221171,0.49585277,-DfGv-b4x2o
0.15071863,0.019831425,0.26559973,0.49760634,0.021479925,0.021252071,0.022659123,0.124158986,glHdJnCGPKM
0.44509158,0.3498196,0.31824166,0.5680319,0.47199965,0.7333317,0.1727499,0.22520074,8i2cqkGcVfU
0.029812546,0.024933126,0.24975367,0.20575261,0.027465794,0.024547985,0.045793053,0.05609698,80WodUaF_rI
0.017770508,0.04689996,0.34183314,0.08160533,0.04030056,0.07540459,0.04135123,0.18544742,Lvc2g0B23hA
0.04268845,0.14395572,0.22973764,0.30058172,0.10053843,0.081347205,0.09692973,0.08711967,gQPv2eDaQDc
0.032731086,0.061453514,0.25028262,0.23874676,0.03784196,0.046117127,0.07092913,0.11349883,uwh0hvA-cI8
0.44670263,0.13307536,0.3511912,0.56968397,0.6356477,0.48166463,0.065178305,0.2519929,C0Afi3qlDUU
0.089041,0.045679234,0.4340378,0.26395747,0.060081664,0.049753398,0.07920842,0.09854155,vF3c9dSisAg
0.009787662,0.12489203,0.2195276,0.11504527,0.0932187,0.07345141,0.08249203,0.11006013,t_KcVxgK8mE
0.54959583,0.37647104,0.5282563,0.46063024,0.45512357,0.7322097,0.22950521,0.82345974,lSKWDyM9Zpw
0.40946755,0.19866918,0.51078653,0.43000853,0.19208162,0.13628781,0.19839527,0.27617255,OfWBXJglhvU
0.048525527,0.037108727,0.34167558,0.1459253,0.049443718,0.15182601,0.03503208,0.19118433,vxgzN_1BIc0
0.0334178,0.029038083,0.18526797,0.37054613,0.033734936,0.05600574,0.037577726,0.095419355,-DBQUIbI0ig
0.19862764,0.1471684,0.5151695,0.44584373,0.13750865,0.14563523,0.14389083,0.2906546,_hneDT_pjY0
0.19535941,0.17954999,0.5056856,0.44755262,0.32027277,0.5115024,0.19571842,0.13619144,hvrEWk1IDps
0.37083253,0.19852516,0.7854491,0.25805187,0.24963881,0.16508469,0.18208846,0.424616,I1yMV6KONfM
0.04234509,0.08555172,0.39671645,0.38055637,0.08492779,0.09990892,0.14504747,0.123513766,oJU5Vyr1cAw
0.46457416,0.42304283,0.42601764,0.88178986,0.6836609,0.8379853,0.21278518,0.5223238,9OsI8RZDIiQ
0.094410956,0.064428,0.3575623,0.453799,0.090362914,0.0649657,0.085131355,0.112676546,sUs5aDc-aDQ
0.03187269,0.039105337,0.22003418,0.26757982,0.08726252,0.05368795,0.026788369,0.052460857,gHb9JGYbLqU
0.31650472,0.1702488,0.3638211,0.20157948,0.117963746,0.15266167,0.16325866,0.22579567,1qnPU5vEQRY
0.043375164,0.030115707,0.30307883,0.26848546,0.031981807,0.056276046,0.03442086,0.08173691,2iQas3JPVUE
0.16965903,0.10262161,0.36568373,0.30248052,0.08205847,0.12114355,0.09168298,0.70152134,cvPV-K8wNsM
0.04131502,0.03155473,0.21237417,0.28527784,0.035421275,0.051993974,0.029192187,0.14803508,GGz1v65mwHg
0.45964533,0.1354069,0.28355289,0.2868038,0.2201929,0.107433744,0.067970775,0.13417849,DCfHGW8Iwq0
0.09279997,0.02660312,0.27680415,0.252093,0.051292755,0.07975447,0.025160609,0.17757142,kFc_hFph1n8
0.2286382,0.20245168,0.49253768,0.26779413,0.19871293,0.33548063,0.13704723,0.7698612,C0Nvcua4U4w
0.18647896,0.09217885,0.3945702,0.11284569,0.08787126,0.18614706,0.08939498,0.31134745,w2rhyRQ5_zA
0.1609341,0.08531221,0.27531397,0.27790624,0.13230102,0.13039975,0.06451709,0.1748804,DfvjT8wMt3Y
0.4945446,0.50907487,0.39234087,0.7597008,0.71236354,0.5698155,0.16548117,0.48179132,-vUinNuU2hQ
0.040628307,0.026527911,0.34420487,0.23978074,0.04948783,0.032584034,0.04702475,0.11725443,nXvU7qzxSfA
0.14552918,0.12906304,0.5203577,0.026832612,0.09571088,0.15838364,0.14047839,0.5288757,8xBxDutgAB0
0.039598234,0.08479293,0.38190854,0.4771613,0.078376584,0.13034435,0.14654322,0.1753742,zKdUOcAg03E
0.012217224,0.016546257,0.23221412,0.2263236,0.025573172,0.023477346,0.023818145,0.08288423,-SM2D_CgOX8
0.003106368,0.06404643,0.25175604,0.17317455,0.05129453,0.07265025,0.07292432,0.08860082,NMgjasyFbqw
0.04543531,0.037304796,0.232748,0.58269125,0.054073073,0.0909195,0.03815076,0.055879436,B_0lEQ3_rWw
0.018048171,0.024982179,0.3168928,0.2651343,0.02168278,0.027476326,0.0468617,0.12587348,i8i7CG0ArWo
0.07451247,0.1276657,0.4068333,0.13271978,0.09054755,0.11083297,0.08290117,0.28367314,zT3TQqySf_4
0.16827796,0.16608782,0.39557344,0.18209782,0.14393373,0.13195585,0.1671891,0.39220157,HrO1uoNYPQc
0.062925026,0.026892299,0.24008103,0.2642137,0.020481993,0.01887284,0.040117923,0.054134026,n7ZVKI4SZ-Q
0.05413456,0.068924405,0.37980092,0.4371419,0.15390147,0.097755045,0.106999986,0.30441663,Q8E79V1btAo
0.017284594,0.017106665,0.28446302,0.18944268,0.01510008,0.026829269,0.030504692,0.03921396,UqQ_1qAwaDU
0.032559406,0.047626875,0.275403,0.18244943,0.031605802,0.10994476,0.03935219,0.26084784,K_2vl_aMgZw
0.22991583,0.06220078,0.25882265,0.46572736,0.11739674,0.13061807,0.07107249,0.4645349,b7VYTQkI0-g
0.074912034,0.022415252,0.31713948,0.28517765,0.030307882,0.03372613,0.035197742,0.13597181,pwBcMPdbtU8
0.15743166,0.08416887,0.2849519,0.26242885,0.04743397,0.08223473,0.09557119,0.14025465,SW4MjJoum18
0.12888865,0.023902537,0.3958134,0.3672438,0.031610414,0.02712671,0.028825976,0.24243271,3nUzr4B-CM0
0.1710401,0.0624917,0.24905491,0.18043546,0.044720337,0.033670705,0.0529931,0.07244086,uMtxFY1B8WQ
0.19042583,0.07984947,0.26689175,0.25062236,0.12728225,0.10126437,0.049716845,0.119132884,hd8toJAMXyU
0.07211506,0.08787365,0.55462766,0.09645222,0.0855443,0.17543119,0.15952468,0.34814432,jnNlbD4RX_w
0.2406723,0.23694563,0.4845485,0.17972203,0.1611431,0.18074813,0.16730718,0.4388113,1cSP8WK9yB4
0.2712817,0.16244729,0.39210647,0.80070686,0.53725934,0.27442223,0.060302835,0.6920501,Lwtzps85b4I
0.16151784,0.123696,0.34374157,0.444744,0.070286736,0.115744986,0.090201475,0.1919347,ZjgwArsg7E0
0.07371333,0.014498014,0.18883231,0.29303914,0.037545376,0.11399319,0.012180814,0.023127541,fr3sUZVcBWw
0.052136723,0.014334321,0.3078351,0.27833292,0.010218088,0.012168101,0.038997836,0.039704658,UmZLIbiW3ak
0.10956893,0.09499662,0.34010357,0.1606496,0.10595846,0.13794495,0.05682209,0.49700817,JzuuWfxNq94
