PERSPECTIVE_IDENTITY_ATTACK,PERSPECTIVE_SEXUALLY_EXPLICIT,PERSPECTIVE_TOXICITY,PERSPECTIVE_FLIRTATION,PERSPECTIVE_INFLAMMATORY,PERSPECTIVE_INSULT,PERSPECTIVE_THREAT,PERSPECTIVE_PROFANITY,video_id
0.14194638,0.0175906,0.020963646,0.15187688,0.34423983,0.16170724,0.100822106,0.03806175,M8clZP-PI2Y
0.21233943,0.03569469,0.0765103,0.17783605,0.19838403,0.17297156,0.22974235,0.0991269,8brbjfNX8ck
0.28822702,0.13504541,0.013050216,0.33085102,0.123067014,0.1371279,0.25151622,0.13364011,1w8lPOgFxt4
0.40677795,0.06988201,0.101391904,0.3159226,0.06287778,0.2917676,0.4822216,0.12175561,oFoVIC8e9lE
0.1311358,0.019755505,0.025005542,0.12784886,0.41208613,0.09030091,0.12061075,0.048764195,3roWss5sNas
0.04627479,0.05065255,0.020824814,0.3378719,0.7279288,0.040271115,0.10080167,0.041607745,MbGJ0AETwzQ
0.14594246,0.06283909,0.04680874,0.18025932,0.20426741,0.1759022,0.17364427,0.14379942,gs7niKHqoVk
0.15793869,0.024149079,0.04131502,0.17317085,0.3750527,0.14029743,0.09343319,0.04856009,TSiVameZBn4
0.3693454,0.077519,0.1884524,0.2763883,0.09723083,0.27044183,0.4151636,0.11844137,1W59lr9sBww
0.3890283,0.02425075,0.33341047,0.20014913,0.07457543,0.28040886,0.30910686,0.07912139,Sopr-D5GaA4
0.08232308,0.027721647,0.015410362,0.16726226,0.2070411,0.0797374,0.11898257,0.037694834,vBF5qgisiSU
0.17946282,0.033240978,0.06612156,0.16097796,0.70840406,0.18827526,0.15289156,0.083896,rqu6GaNwlFw
0.25188446,0.068756714,0.14104263,0.33696976,0.011869004,0.23253249,0.39773932,0.1427709,Ch8Jt1Zgnnc
0.3213817,0.019331671,0.09494796,0.1357775,0.5680319,0.23188703,0.4076721,0.09313924,icp_alKTc94
0.23535569,0.07382334,0.03358948,0.18233483,0.1770068,0.15091978,0.29228404,0.1777415,qP7p7392AaI
0.19685277,0.08011738,0.19716066,0.39814636,0.0016894499,0.12777041,0.25270557,0.05630255,2tmbFZUW1V8
0.1698353,0.09250766,0.029125832,0.4451271,0.14850183,0.10902374,0.564294,0.09693598,CBVJdI4yk7A
0.20270121,0.023777267,0.1024659,0.13795754,0.3669526,0.1418316,0.1800072,0.07768855,tPHhUXfVnis
0.39310536,0.03084347,0.111500904,0.21101107,0.06469557,0.29867747,0.33047315,0.08868543,yJ5M3bqJYcA
0.110928476,0.028088186,0.105704986,0.1706587,0.35883465,0.088216044,0.11516473,0.036644958,fvz82E4YqMc
0.16999812,0.03167095,0.09655894,0.15417422,0.4450101,0.1090058,0.25687534,0.08027744,A1ZhZWb4bpc
0.08888056,0.07639524,0.043718524,0.2234848,0.20751522,0.063310444,0.24749504,0.099504836,tLZuBRmMPYs
0.17656189,0.024690796,0.034104515,0.14306138,0.2987586,0.16957933,0.13924511,0.0822381,MY2UiJSH7VU
0.1692708,0.031202788,0.030327583,0.2042231,0.11506138,0.17695934,0.17066436,0.050295625,L2xw0BOB4NE
0.27852046,0.11860489,0.06252546,0.4385058,0.097376995,0.22710459,0.36324036,0.09198016,TyW6yJTBhlg
0.2459292,0.050182384,0.03427619,0.26815736,0.4793395,0.20022176,0.2820824,0.08747634,BNvujgjEyB4
0.041135848,0.017325547,0.01631277,0.20010383,0.16620715,0.043220386,0.056583423,0.015068734,iAqTbQQ3E78
0.19125906,0.09339646,0.014369122,0.22738464,0.18873174,0.13121733,0.31418133,0.1540997,S0gGDdrqJlM
0.28701237,0.04524419,0.043031808,0.18749228,0.31447843,0.229813,0.26151353,0.11625256,WxvE8BpOUHM
0.30785227,0.05529256,0.03204437,0.21234398,0.38036475,0.30409658,0.29973605,0.14743228,oXGgONiVWpE
0.1539092,0.020851828,0.08689302,0.13930319,0.42428958,0.118837126,0.09888559,0.059213277,rL4HrZDLJN0
0.07774811,0.044471476,0.051737156,0.18145034,0.23199734,0.11824391,0.09684537,0.07263199,AYmDgWYcxAk
0.2943994,0.03687023,0.06612156,0.15191546,0.35748458,0.16988096,0.30398282,0.09644755,Yj3rwECWAH4
0.18309546,0.033512075,0.09870692,0.18825707,0.3710595,0.15401274,0.17979057,0.062425442,aL45hD6ESOA
0.37264022,0.1774921,0.16827796,0.36736816,0.4378244,0.32419518,0.25508356,0.21674246,-yy6UUncUI0
0.099094935,0.079914644,0.055333257,0.22766465,0.20634812,0.0735335,0.25016367,0.10345584,WH4DiL9cN_4
0.10299295,0.015117833,0.010620655,0.13019125,0.46909225,0.069120504,0.06585504,0.030314574,k0G3T4QNqy0
0.31597817,0.083918944,0.07011723,0.23242445,0.016833553,0.24328883,0.44481778,0.17496641,-tlWjsaF1Og
0.16342159,0.024089681,0.04818217,0.15113777,0.27440527,0.16162185,0.13713895,0.08073624,k4vRFodAqWo
0.082922764,0.048442386,0.022213135,0.24569151,0.17474765,0.10336346,0.08310851,0.044311434,SpRczJwXkpc
0.20015341,0.04836516,0.06372416,0.17223014,0.35852954,0.12022545,0.2324792,0.11858008,KMq171EYYPg
0.11253308,0.12651567,0.02124131,0.23140322,0.7079002,0.10720536,0.0998007,0.072145335,4zh5R6SR8eU
0.3700892,0.05481559,0.016243355,0.19888781,0.33515993,0.31136203,0.30130434,0.12309138,pJIzuVXgEuU
0.21280584,0.02561962,0.039254878,0.1407024,0.44064516,0.12659287,0.16451317,0.06062914,caqsytXzDY8
0.11019771,0.025844952,0.008954669,0.16501638,0.21153997,0.09538437,0.07392142,0.034100965,0PW2ghUQgcc
0.16155371,0.025021847,0.014160873,0.1621002,0.4248005,0.120870225,0.12790532,0.050428066,_SlaI42P51c
0.24374098,0.04685846,0.14104263,0.20892353,0.6492679,0.17121045,0.32578963,0.103043854,WwZG55g1eYY
0.23328969,0.057132814,0.09655894,0.15990944,0.42428958,0.18661231,0.062380236,0.1213534,sNCV9wxRgrg
0.31822172,0.10524945,0.09065199,0.52321607,0.056669928,0.116087995,0.46934643,0.1173814,U8xEin-APAo
0.30634362,0.15369442,0.04783881,0.5039336,0.36074695,0.13618633,0.5990506,0.16156182,uw06dMWfIuc
0.059904803,0.11694036,0.112788886,0.2411941,0.36356184,0.03701028,0.086209215,0.06908133,MoqHW1PqBdU
0.3002328,0.11072328,0.17242117,0.37909412,0.07990547,0.13347802,0.30138502,0.105681546,CFaiN_nZsYk
0.2417967,0.026984494,0.12309273,0.15701722,0.35844982,0.21650122,0.23766828,0.10478998,jhC91-_KO4g
0.31462938,0.064853184,0.07730943,0.28745395,0.14155707,0.23762818,0.33660528,0.10319968,34yO7DgbNpU
0.1470105,0.028740546,0.054534122,0.15255678,0.30115563,0.09251804,0.13891838,0.052316375,z190OOrUxik
0.25568873,0.084877394,0.023803791,0.19666931,0.47038084,0.21839872,0.25023237,0.15688491,nQnndtemlz4
0.19515423,0.02741668,0.037194733,0.14429879,0.4769984,0.12834588,0.17473222,0.065324746,y16lskv_k6c
0.3247774,0.0404656,0.067320265,0.2296747,0.074836075,0.23296878,0.34748426,0.09455719,zlGdjdNgJv4
0.03637535,0.024279347,0.020963646,0.17071062,0.27683908,0.05171192,0.09237683,0.021007484,eBIU4CSkguU
0.11026201,0.012931688,0.044405237,0.14591439,0.36552092,0.079750285,0.1365797,0.02136407,3UWfloABSYY
0.15920381,0.022342777,0.0047897073,0.16429192,0.36534473,0.110912345,0.068392016,0.03216064,0UGsliVhP-w
0.14395206,0.027300846,0.06532243,0.14127104,0.437765,0.123261,0.09846039,0.056494817,L3Kq_GVrVDM
0.11637212,0.021812307,0.11021292,0.17297018,0.7079002,0.20732562,0.16475908,0.052218277,sLxy5uhuZLU
0.28994122,0.09987548,0.08850401,0.38020647,0.06745156,0.27040488,0.54958963,0.15677729,4bPK8A2DEAA
0.5758999,0.21536803,0.1423886,0.533779,0.12530091,0.3589002,0.60234654,0.25522625,wnQoxT2iMkQ
0.41080222,0.09165194,0.16151784,0.44113088,0.16807108,0.14261205,0.55222446,0.16222338,Ih2KXdwdu6Y
0.12672786,0.02163465,0.29021257,0.17690897,0.3501969,0.13164459,0.09414682,0.04283267,XqdTS9hOi_8
0.16850622,0.043859348,0.021518974,0.1694002,0.3456867,0.12842393,0.20686495,0.08963927,K-jZzOikd30
0.1573729,0.028461423,0.0051714955,0.18762895,0.15591349,0.16360831,0.08501057,0.062642455,T_IAeBeSriA
0.26587725,0.039928723,0.2712817,0.13243626,0.5096817,0.18577409,0.26567543,0.10156366,_AqLU2JZvVk
0.10371622,0.031868648,0.0253489,0.16055861,0.07516978,0.094908446,0.09232507,0.047112897,Z0aAm4FaS1Y
0.20895737,0.024417171,0.21186037,0.18943188,0.62970376,0.209397,0.13909706,0.063953824,PRONF4HtmbY
0.26246876,0.045152176,0.033761155,0.2103522,0.6384254,0.18849225,0.3050357,0.09246834,ejl8V8FydkI
0.12360269,0.021431934,0.014785618,0.1572047,0.23083314,0.074652776,0.25126517,0.04952891,3OgwcOrpwXs
0.10436272,0.088180326,0.04680874,0.23711178,0.19398518,0.07134048,0.25372952,0.10498349,yhS3uWa92Ag
0.41239652,0.11133226,0.22978203,0.29889438,0.13590099,0.27954996,0.23859017,0.17386836,vtSChwXxn9o
0.15233317,0.059617035,0.011037151,0.15511474,0.2770151,0.094673395,0.052458983,0.07023545,pt5H53YdM7E
0.25218147,0.02882518,0.2008281,0.16524422,0.6461167,0.18227136,0.20295046,0.07563278,cxJ9g33noAs
0.13757417,0.022516642,0.05773066,0.14610732,0.2746741,0.086342484,0.093334734,0.038233988,EArcZruX2oM
0.30252284,0.049235906,0.031185975,0.2574002,0.0935388,0.2998924,0.25809535,0.094843246,NDgQVprgmkI
0.48017696,0.06493001,0.06252546,0.23009883,0.10686861,0.2702211,0.14772055,0.13258061,2Gsi_xb5RmI
0.4158963,0.026754431,0.17661177,0.20846967,0.096703194,0.29599592,0.32273555,0.08317909,jIO7h2gfYYQ
0.26476166,0.033679366,0.21627559,0.24564196,0.030364448,0.23763691,0.26692528,0.061241575,WVRblkxoNB8
0.30676773,0.0420419,0.17034957,0.15993592,0.5680319,0.19859105,0.48758996,0.09714374,rF7JKWNBjPo
0.17517804,0.043523643,0.2022951,0.16862966,0.5470186,0.23916303,0.26406324,0.110333465,NsKK_359m8E
0.09064157,0.099901445,0.24242763,0.3101155,0.1766148,0.078994095,0.23451842,0.1001034,frdNqQoMxCs
0.19873828,0.023461392,0.06771983,0.15033895,0.2304513,0.12943724,0.20890617,0.062030796,bU_vjDu1U3Q
0.35358563,0.028547738,0.37083253,0.18830168,0.12416096,0.2214916,0.28817406,0.08072889,2-YeQUrX5M4
0.2707066,0.038492553,0.16620636,0.25702903,0.4380956,0.18007888,0.3419582,0.087672666,3BD0_2Ehfsc
0.2054302,0.08615975,0.09065199,0.16964525,0.46629405,0.15585397,0.089178324,0.117315724,KeqtzhdWNz4
0.18294859,0.09757187,0.021518974,0.50361985,0.013968381,0.10819615,0.46230248,0.12670478,PVZQNI4EoSg
0.20220919,0.05354307,0.111500904,0.30786186,0.12533791,0.20067446,0.22456342,0.063617535,NpvROYFshbg
0.009489624,0.17252158,0.0027419338,0.22767825,0.16554052,0.011665682,0.01027898,0.0072518205,LGXbLlQBMJE
0.13651231,0.028067313,0.016798683,0.16998418,0.28250936,0.10691444,0.16760163,0.05910231,dnlgMSsKp6w
0.14046176,0.03227602,0.014507953,0.20011985,0.327534,0.09301657,0.14719854,0.046893287,liDTVNZxiig
0.23597586,0.03952461,0.1423886,0.2375929,0.5443948,0.22278827,0.24272686,0.07387558,Fl1XPQ7OPo0
0.3915777,0.13143352,0.09709594,0.40511498,0.2597534,0.12163174,0.56822956,0.10064213,54qoxmF-GOw
0.46060944,0.14575222,0.08501353,0.30064207,0.30865744,0.3113519,0.5922614,0.23622102,C94URVo7jzM
0.17682463,0.054999717,0.02054715,0.2496352,0.34511864,0.10019447,0.30050385,0.07397579,nDkrD1uCGsM
0.14017946,0.036673885,0.07850813,0.21174958,0.6991627,0.09705002,0.35354304,0.06295945,7xGJnl2PpOY
0.22002405,0.07707672,0.2712817,0.25094634,0.40537336,0.11883077,0.5442139,0.09062043,taYUpQG1X14
0.14852633,0.023886733,0.032731086,0.14845625,0.3712193,0.15099333,0.111547574,0.07146376,97ctsznTIlE
0.22636665,0.015088074,0.051737156,0.13340755,0.45490736,0.19374298,0.1955857,0.06914684,22bY6RHn9GM
0.12583312,0.0782929,0.039598234,0.3505137,0.07773874,0.03951611,0.4612963,0.069141835,UpOPgSNRD_4
0.31339303,0.051403318,0.10634898,0.2117755,0.25896204,0.35252798,0.32193387,0.14967449,xOpOFbbyiJg
0.2796029,0.053225756,0.013536129,0.34498465,0.007561404,0.20553029,0.39269677,0.08017564,jKC6UsetwN4
0.13198033,0.075042605,0.1250247,0.42291415,0.009886996,0.09279457,0.3815152,0.12242356,lmvuDWSGEj4
0.15579158,0.045592275,0.04268845,0.17834616,0.3962946,0.10153973,0.13406326,0.0724784,Itkx12jEX3c
0.013733016,0.080585495,0.09118898,0.29081035,0.13703044,0.032264,0.04685407,0.019652274,4MmEJpaB8To
0.41784295,0.032669928,0.031185975,0.21052527,0.096263096,0.29614887,0.40468758,0.10467696,xuuxoch5B_4
0.8773327,0.2702547,0.5012814,0.24930252,0.75058323,0.6473262,0.23373194,0.4288273,x40nKlJvMug
0.4812318,0.10428889,0.20449556,0.13799822,0.62818784,0.46345788,0.41256756,0.27838218,RCqu8qvbse8
0.22187428,0.7407407,0.54959583,0.5996802,0.061451156,0.24198416,0.5163701,0.41987896,8NVVRBVYIdU
0.32901174,0.059184235,0.20302857,0.26592407,0.06353287,0.3075733,0.3824064,0.13153668,Pe_RSwlcMbk
0.5357828,0.07814136,0.19338597,0.24592324,0.06479701,0.36087665,0.24515755,0.1725415,TDjw36wAOdU
0.25625455,0.10104983,0.16758743,0.21879588,0.6203143,0.21889207,0.60891503,0.16258676,exMMEkomz9I
0.24358241,0.108024634,0.021518974,0.36837354,0.106341265,0.11242181,0.2187918,0.09476405,D0iCw9G655g
0.25305447,0.021206338,0.2965773,0.18963124,0.31144616,0.45175764,0.070462264,0.070899434,LbDT0oGTbCU
0.31703842,0.0350657,0.17242117,0.31744066,0.192528,0.32641762,0.31962812,0.063619874,YwW8z2UC2Sk
0.07077209,0.011103541,0.048868883,0.13621183,0.28296822,0.090213805,0.06615621,0.022242188,Vq7ejltS_Dw
0.12762249,0.06177679,0.061726328,0.2721919,0.07128916,0.04046328,0.1844591,0.048460167,gK1qS5OhPu0
0.59250444,0.1878796,0.13251819,0.5706708,0.0858642,0.40212253,0.60635895,0.22654603,6woUjsCmJ3A
0.5206287,0.0845712,0.11729682,0.3466575,0.26866195,0.3417743,0.4929238,0.17625211,PzhTVh4EPyA
0.18569295,0.052147187,0.020824814,0.2165517,0.043768827,0.11228758,0.23556837,0.09190963,rnv6DQM9WCs
0.23888558,0.03457313,0.20376207,0.16787465,0.32139903,0.15018475,0.26253107,0.09105538,XPQi0O5pySk
0.20276363,0.025051778,0.101391904,0.22055161,0.31409207,0.15248676,0.32372352,0.06370891,CzDs50_KV9k
0.332251,0.03003802,0.035134587,0.13948195,0.2739021,0.19941753,0.06494677,0.08977323,YSqNttocrG8
0.24783218,0.04409913,0.04268845,0.30211657,0.02825297,0.17069438,0.33736184,0.060567565,5js-9Awk8Ws
0.10135702,0.021588733,0.012911384,0.18496014,0.16232556,0.08935581,0.25324965,0.04183157,1DZAFoy4rs4
0.19904625,0.02201437,0.09279997,0.13797694,0.4382951,0.14783154,0.16976982,0.07508364,FWfqc3CaYMo
0.12546413,0.028301883,0.015549194,0.18949337,0.4057171,0.064257465,0.15253852,0.04104347,gQRK8RllHdE
0.12708768,0.04409802,0.24418297,0.21407776,0.2992779,0.11791083,0.20814668,0.052632168,CsG5YcN4BBc
0.4663415,0.07249103,0.20302857,0.36551508,0.011097241,0.34186614,0.58797026,0.1703401,fDs8XEEFqQE
0.35749477,0.034612153,0.017562259,0.20691039,0.08006145,0.23325323,0.32123533,0.0874507,V6PQYrrRiB4
0.19240598,0.024463458,0.032902762,0.13153672,0.27592942,0.1253513,0.1315626,0.07227185,LSsKIreVttA
0.11445285,0.06355143,0.263611,0.21430957,0.15797609,0.10056557,0.12727585,0.07820097,b0bcAz3o6S8
0.3714947,0.04795284,0.038911518,0.22049978,0.028390644,0.29724884,0.13117895,0.112973005,L-ZdfpST7n0
0.39197844,0.13036905,0.28825936,0.41111618,0.04472555,0.29803053,0.32352516,0.15922691,ba4Vc1RjWDs
0.07867688,0.18415937,0.1019289,0.39305812,0.5980784,0.05796289,0.08470768,0.058941364,0szLOMIt9SQ
0.20386265,0.03176159,0.04818217,0.27745175,0.17697822,0.114184916,0.38773006,0.043569274,PiOx01HQL9E
0.13017432,0.10120482,0.023803791,0.27013466,0.28090662,0.09831476,0.29357186,0.08089966,dpB1MB-0vuc
0.14133316,0.043760303,0.21362646,0.20196255,0.8134342,0.1899509,0.11771675,0.0561329,Q5FFVqmmiYY
0.34743845,0.033702128,0.13879937,0.22973502,0.027775995,0.24326877,0.30827883,0.09624386,NlFpkruxrCI
0.052734975,0.023208955,0.032559406,0.19885352,0.43688932,0.045757107,0.2047908,0.021099843,WTtwmyyUwSY
0.22533374,0.044718545,0.020269485,0.2447709,0.28734425,0.14722282,0.49649507,0.07859677,UWgFvb5aDDk
0.40034065,0.045517396,0.355017,0.2307912,0.08934856,0.3001768,0.3389746,0.09955384,9qzeEgmSbDc
0.22894551,0.13577099,0.2712817,0.2802577,0.5064487,0.36307216,0.24114865,0.37702015,-23QEe3QpT0
0.10481303,0.06435965,0.014577369,0.26856458,0.24392346,0.056949697,0.3323402,0.0919505,BA_5mEw9BKY
0.1892644,0.079329744,0.022074303,0.15285031,0.2159536,0.18762308,0.045443017,0.10683047,ZsOJGd4VLi0
0.16845213,0.02885854,0.013536129,0.14627756,0.29441893,0.1251652,0.114192136,0.067560636,L-TSl34YPfY
0.45315185,0.07745662,0.17449278,0.24140194,0.25979754,0.32175997,0.5183865,0.15239075,N4AX7-09G0I
0.3060451,0.04132451,0.029812546,0.17661683,0.40409127,0.23885559,0.33319753,0.117873564,w1rkd2w0nAE
0.4865016,0.058973383,0.5535644,0.30320722,0.19469559,0.55096656,0.52704084,0.24615747,okcard8j5OY
0.10872213,0.044586997,0.29261994,0.3544623,0.2812748,0.1599699,0.17791685,0.051521398,riTUdZ_GsZg
0.16500838,0.034823876,0.2712817,0.17751345,0.31187454,0.12063089,0.15429614,0.07470723,dZ6q064gjvo
0.22035,0.064711474,0.14508054,0.47942668,0.101682946,0.16557255,0.435528,0.075040735,5or2QuF4__I
0.086302646,0.09338868,0.18253209,0.4210284,0.36830637,0.11589474,0.38492227,0.08141582,_R6gQDJgUPk
0.30079114,0.029996006,0.26589394,0.26295954,0.17535415,0.2814326,0.2505142,0.062605605,03VhNEAhwrg
0.21061853,0.061917063,0.104076885,0.41705573,0.11890231,0.20053001,0.5027647,0.109333634,H1GL3Uvi9uU
0.468565,0.16559947,0.2712817,0.33100554,0.1530804,0.29337353,0.29281473,0.19785798,4j7otORrvGs
0.11037998,0.031131024,0.014091457,0.18947339,0.40611848,0.061237004,0.11621745,0.042893764,BsBYwarH-ro
0.1423672,0.026577929,0.13251819,0.16450645,0.5984571,0.12988009,0.10609979,0.051375538,MiOHRIUnlfo
0.17127195,0.121019274,0.22977416,0.27390414,0.2643035,0.19416927,0.3475471,0.13507658,6paJ7CJrA0E
0.17164728,0.03654513,0.029125832,0.15411651,0.4371491,0.13003859,0.1400142,0.11547477,B-abhs6JPjg
0.29594672,0.049664255,0.15743166,0.27070644,0.17342944,0.20550789,0.29787108,0.11372327,ob0QUj7PxE8
0.4285043,0.08660387,0.15684792,0.34353584,0.1236998,0.30033383,0.40196496,0.10810275,4y4CxSlHowY
0.2641067,0.08284039,0.08367105,0.18886593,0.5871565,0.19199386,0.08308478,0.10674961,VWEFKMiGuFk
0.475706,0.25391194,0.050585672,0.52378553,0.07341243,0.30448878,0.291904,0.22635059,WRLqWAfb2k0
0.48121083,0.06360937,0.22988434,0.2213361,0.29687145,0.42758617,0.17484002,0.17718148,tEitDTX2ZAo
0.17253321,0.03492324,0.15130237,0.17498696,0.31863642,0.24232842,0.1287953,0.08654446,8NzYsjLYRdg
0.1658621,0.037337996,0.16620636,0.18740265,0.0006171756,0.12538363,0.14715406,0.080787316,_EPV7HKUpMQ
0.06616006,0.062275074,0.016451603,0.3423215,0.17886211,0.07056428,0.25558823,0.07569508,8tqe1Fot3YM
0.08667688,0.028446207,0.040971663,0.2374786,0.20914912,0.14762628,0.12551045,0.0293374,rT2P0C2FxwQ
0.061547533,0.06466969,0.062925026,0.2857256,0.18191531,0.047383692,0.068454705,0.039905913,KtCG0wG-5E0
0.24572511,0.8927146,0.06132676,0.44688964,0.22563095,0.2529891,0.37953505,0.6173347,l4oLdBxLozE
0.29987404,0.036995497,0.263611,0.22559533,0.11130945,0.25761053,0.22254066,0.052304186,H-5f8I8VmTo
0.16859661,0.037715342,0.009440582,0.25156268,0.17638555,0.14056866,0.2511837,0.059420448,4LXZD5r5-Pk
0.8921792,0.15037018,0.5049312,0.18004629,0.7279288,0.66024876,0.17172931,0.38287622,dj03_lzwRFA
0.2827607,0.028012278,0.18549223,0.24641593,0.03936208,0.24161841,0.26181814,0.060182873,xgdyi_I79v4
0.23727143,0.12666704,0.023803791,0.4257817,0.018295987,0.07731348,0.29317626,0.07943838,klrl_8YsZCs
0.1687261,0.072605215,0.19239926,0.21835874,0.18175676,0.121501654,0.23749256,0.07891109,WmFl2YtsVqo
0.23851897,0.06632889,0.0669207,0.23857668,0.16814497,0.15027392,0.2410376,0.07243481,kjTNDnFddQk
0.20327511,0.058908697,0.15743166,0.30662283,0.24535578,0.23745579,0.25815716,0.056807328,ct2ARyoo02A
0.39086685,0.19557104,0.28825936,0.49005172,0.11105926,0.23637421,0.39700097,0.16339426,wobmu6EqKtg
0.17634687,0.0783764,0.08581903,0.4759623,0.13173325,0.13700005,0.3569261,0.12493871,QtnBMSSk9Ok
0.13380337,0.13110808,0.1689685,0.27927724,0.45558634,0.05791459,0.09583359,0.08369247,dtCUYUBOnzk
0.11119475,0.027518867,0.012911384,0.167323,0.37974915,0.090571895,0.11544567,0.04205145,XTyPkkcF3KE
0.22150299,0.0378341,0.040284947,0.23748325,0.0407872,0.13400133,0.31254435,0.05587165,LZQlch6v3W4
0.23823655,0.035263285,0.06532243,0.22382341,0.05596832,0.18362604,0.18677054,0.050582018,jYRa-fpNonY
0.12369683,0.05553329,0.20376207,0.21164484,0.47004163,0.10796325,0.165878,0.051130593,m48z9IM8bos
0.043358963,0.10663662,0.2712817,0.7873973,0.5355424,0.04429342,0.2861737,0.08037483,xEDhHQPUSys
0.18846393,0.13463792,0.19042583,0.28580767,0.27832106,0.16094676,0.37196267,0.09564627,I1ZeCuekOCw
0.1646986,0.06031889,0.094410956,0.25131208,0.41264158,0.15416516,0.14097156,0.06685823,xEuzqzeEiXk
0.49313894,0.15819325,0.20376207,0.51104385,0.051329866,0.3036378,0.54424316,0.160079,zcifFKAYcHE
0.18784633,0.02796173,0.0471521,0.14123689,0.3869603,0.13759674,0.13415366,0.071405165,y2I19KkNGfk
0.4820596,0.122040965,0.04783881,0.28825456,0.19704093,0.4413177,0.41531956,0.21444228,ti1qR1JdcB8
0.11139915,0.02915249,0.027752401,0.17730427,0.284221,0.081594355,0.37732443,0.05191279,8PyuAx3Lhf8
0.4014775,0.08341895,0.07131593,0.357214,0.042251747,0.3713943,0.37215662,0.14899783,ICRrTMcIM0Y
0.59140944,0.19861497,0.15568043,0.50977284,0.14558044,0.45847532,0.5220091,0.24585946,lHbzNa8j3e0
0.19120805,0.03706126,0.07690986,0.15579325,0.44029042,0.14407983,0.14558823,0.077039815,dG-LCA2cGj8
0.56297994,0.7407407,0.29070088,0.47304758,0.11646732,0.5595991,0.42638373,0.66956943,l0nDTacTyNA
0.13032684,0.102285765,0.44750816,0.26115775,0.4368757,0.13975382,0.2590252,0.12619026,1OBAvYoS2BQ
0.1388623,0.060435183,0.16551583,0.25153854,0.44862333,0.119253114,0.14049843,0.062078685,2Q_2GYsOxyY
0.16331215,0.108407505,0.021102477,0.3965915,0.061758094,0.06933447,0.53935677,0.10538148,YHWRotvjzQ4
0.2957539,0.05578415,0.17173064,0.16919559,0.4390029,0.2638315,0.26192743,0.15204099,ic3cAw1-_pc
0.19194826,0.033313487,0.059728492,0.30434346,0.18871035,0.101398245,0.24768548,0.042136867,e2XAknJFYew
0.2947944,0.07329525,0.355017,0.37445453,0.38566923,0.2292334,0.3420633,0.08374126,PLRU28sA9zE
0.5093132,0.049062286,0.2712817,0.27007732,0.19458722,0.46967018,0.49338686,0.20266521,xKj18q5VETM
0.27480352,0.106085725,0.050585672,0.21586837,0.20853546,0.109141335,0.11111209,0.09231953,XNFzXo-H6YE
0.39742687,0.032078344,0.4827802,0.18678048,0.4396258,0.2774353,0.3887783,0.115049176,dxdyL2RrLjw
0.46831995,0.10010367,0.092262976,0.31087637,0.15744878,0.43967888,0.38524187,0.16224405,bB95nfbCm-U
0.2486639,0.16082264,0.15743166,0.30176044,0.15076436,0.24088153,0.59498495,0.30320218,biwtMuLFFaA
0.3272526,0.05838867,0.15918289,0.28081185,0.03337182,0.23830277,0.29881144,0.08314555,Rx4GGsyQIQM
0.58523935,0.14240739,0.085282035,0.26111424,0.6308758,0.31605405,0.26266465,0.18139346,L8rYMPXzzO4
0.124947734,0.04277026,0.059728492,0.25414655,0.065065466,0.03593475,0.21296939,0.039262187,YYszNp1VDBU
0.1672917,0.12899603,0.10461388,0.3240798,0.43813396,0.15457867,0.45576325,0.1275676,SvjORqUt3A4
0.3900557,0.1834125,0.048868883,0.47170076,0.035707757,0.26497713,0.4187952,0.1581506,izokj7JDnFg
0.23265883,0.038162827,0.16827796,0.2543996,0.032693077,0.2030762,0.31300324,0.05083658,NVUyElfFedQ
0.1388039,0.029674869,0.038224805,0.17195399,0.44520697,0.09762153,0.14002709,0.041864704,DOH1gqrw9UI
0.1685263,0.044363525,0.043375164,0.25298384,0.7079002,0.17120153,0.18440895,0.06778116,jCI1J24zkBE
0.039682664,0.05693692,0.0789077,0.23055178,0.1007813,0.03553865,0.07794847,0.051601917,9IKb7AdQHXY
0.16645882,0.067843795,0.2224569,0.33153233,0.0154865775,0.06949938,0.27169162,0.08181315,c7cI4rniD3Q
0.13191019,0.02442583,0.014091457,0.15809745,0.26371467,0.106990166,0.09911696,0.041016802,EsPTGIW_hGQ
0.2798317,0.026823865,0.1256687,0.2458281,0.0795358,0.19602643,0.26085296,0.06275559,TBVMNywLaE8
0.112799026,0.13348347,0.13251819,0.45389324,0.0003295482,0.08071236,0.18094772,0.1125471,fI6d3U0THZ8
0.31513977,0.037264157,0.05852979,0.22590317,0.031235177,0.23748495,0.31816044,0.081610635,GtRmhL6ZdXw
0.13718039,0.018963944,0.025520578,0.14235286,0.40399197,0.09177272,0.11439898,0.043968547,Go42VVpzN3o
0.12406389,0.073484495,0.13296685,0.20016055,0.26044115,0.108905986,0.20386016,0.116967216,XOgbBqmt2MI
0.09691649,0.039926402,0.09065199,0.23136912,0.27535108,0.094486855,0.13769498,0.05255414,ZtTogGVON78
0.14662169,0.030306142,0.06931809,0.14259395,0.19050458,0.10309381,0.1496045,0.071372,2781rfolHd0
0.111191966,0.13777001,0.17957193,0.28104976,0.38239747,0.11170339,0.13484284,0.14433789,3ug1XINvefM
0.10483936,0.1549874,0.006178028,0.7589783,0.039337307,0.06383361,0.34443435,0.10437519,bfHJUPrahkY
0.4355854,0.09243625,0.30337667,0.34636593,0.01418546,0.283238,0.5062122,0.14969285,-bpheO8hKUU
0.24456558,0.06874563,0.36553472,0.22784492,0.44253606,0.24901125,0.15818653,0.12792061,Sh_1UbCFIxA
0.09150869,0.018337375,0.023460433,0.1607106,0.024149194,0.06933949,0.04822079,0.023384,ljX1rsMNA34
0.15613705,0.029786132,0.02637897,0.15881538,0.059853137,0.09663084,0.23061271,0.06422915,9pTNMP9du5M
0.27324733,0.07796736,0.2712817,0.18922378,0.3512317,0.2079004,0.2898141,0.17167707,yyHo-fsvOkQ
0.12801647,0.034983896,0.09870692,0.14954999,0.34293386,0.1315072,0.07222651,0.0595958,U3WLc3vbUG8
0.2672381,0.053523596,0.049212243,0.2124537,0.23226221,0.24015853,0.20082195,0.08541252,qkUGmnoibzU
0.6350989,0.08046646,0.2885035,0.23922795,0.10275147,0.47635543,0.50067997,0.23396212,sSHITmt16r8
0.12302947,0.031814683,0.094410956,0.20946796,0.63590276,0.16695385,0.24709705,0.0442971,rEc-3LOJdq8
0.07579657,0.06526855,0.06252546,0.51585716,0.014825251,0.041237477,0.18370757,0.045595776,_xuuE1LmZ7s
0.24691233,0.036642615,0.11343288,0.28329477,0.25752574,0.16403279,0.29722986,0.047805868,ApPasYpbZWc
0.4199682,0.037195772,0.22982138,0.20214707,0.019851202,0.30053577,0.35559094,0.11473419,tgr-EfDTSLk
0.081878945,0.23420647,0.2965773,0.48695672,0.21851842,0.06440532,0.15123837,0.10925021,8F5YM6bWhWY
0.013422733,0.04259937,0.07011723,0.21504578,0.27477697,0.019082615,0.016925063,0.011693447,w9amwSrXDms
0.14502145,0.028060144,0.013466713,0.16005982,0.1386655,0.09696893,0.20768641,0.06523206,tw469BMAK3U
0.3272872,0.038577072,0.10461388,0.25381842,0.025636801,0.25634417,0.4263482,0.10586733,HniZDHFUcYk
0.17064391,0.037250236,0.14956708,0.15318643,0.45288327,0.20349601,0.14055337,0.13757466,sdSRxtVjz74
0.16036732,0.01485458,0.06372416,0.120764926,0.27942103,0.12136044,0.106004156,0.06390495,fWkukIA7njE
0.26888996,0.030788569,0.15859914,0.30276975,0.08249057,0.23335554,0.25657523,0.057418313,HPmpIY7XJVE
0.29922736,0.17261702,0.24242763,0.2955656,0.45579922,0.21200913,0.67054397,0.18892884,8cPMeM9jtVw
0.26665112,0.32220742,0.23540631,0.5689648,0.23056872,0.1731215,0.4854512,0.22795293,dXiMS7QjVcw
0.4997182,0.11990773,0.065721996,0.34819734,0.0060978513,0.3560909,0.2829258,0.20750365,9w5Od4ijqoI
0.27389783,0.051888898,0.10956893,0.27109024,0.06374538,0.22274241,0.45261297,0.10985428,IHAZj34M-Rc
0.19721362,0.054025996,0.05613239,0.23040907,0.59678936,0.214818,0.22657497,0.09398267,Ny8L15nkjUk
0.13214768,0.031993005,0.20742953,0.15527536,0.22266051,0.070649885,0.22659585,0.06762559,6dm9DcaUWM0
0.18235713,0.12627485,0.07011723,0.23397484,0.28284627,0.11509627,0.2950742,0.16268371,U8iO92tDX9w
0.1211508,0.09037028,0.043031808,0.3104323,0.2292342,0.13731027,0.13138507,0.10271919,Hy6cN72U33g
0.075198434,0.07624534,0.031529333,0.22708838,0.18903257,0.06197727,0.23507641,0.096859366,MQ0G1LPdlyo
0.26556435,0.05588375,0.04543531,0.33433878,0.048596654,0.21178943,0.3133061,0.08634327,TEaK65Eirk8
0.28436285,0.048610058,0.040284947,0.15933378,0.29198578,0.21482508,0.15644585,0.15452617,OUNRtw7Tslk
0.29450893,0.029928697,0.32304016,0.20987962,0.27703604,0.20949224,0.35531092,0.06615557,bxM_x1dhcLw
0.32194674,0.087781295,0.028439116,0.3036198,0.12720238,0.4263255,0.25193793,0.22539815,KU-cCRE5AsE
0.2950491,0.04144293,0.10300289,0.28566986,0.077591784,0.23242398,0.34716114,0.074394,hxx9fAZARaE
0.2304056,0.03331277,0.050585672,0.15926293,0.27239922,0.20900874,0.1605651,0.09366477,fFn0llYqM8w
0.49066615,0.075808056,0.03599298,0.22311409,0.16944742,0.38038698,0.61064535,0.2489316,AGiMGNF0uAI
0.4316633,0.047231346,0.15130237,0.25587484,0.077136435,0.3290784,0.34214643,0.114588454,UBtyGAbyQpc
0.22697793,0.053342335,0.08796701,0.17083591,0.63483894,0.2012885,0.253686,0.12326891,bWDgBeEK1ac
0.0034515986,0.02909349,0.035477944,0.17573865,0.057402622,0.009762376,0.026436796,0.0073176757,lp9Ztyn3a4s
0.1242076,0.017244065,0.11021292,0.14472505,0.43736196,0.091356136,0.095288984,0.034318607,Tr8oKMwSBP0
0.25394067,0.033469953,0.035649624,0.25548044,0.041077927,0.16165271,0.34372318,0.047179073,-YGheyjDuUA
0.40554726,0.047728676,0.04234509,0.2842317,0.049095366,0.29169747,0.4010672,0.10997706,lvDi_s1qLCA
0.17453177,0.12486122,0.040284947,0.3700894,0.018740298,0.17322169,0.28497767,0.13391167,IEWyFQC15UQ
0.25219202,0.051102396,0.027409043,0.19252732,0.6370218,0.19346623,0.15429701,0.08244609,3m4yWvmAc5s
0.21243489,0.048898984,0.14822112,0.4356248,0.00030985,0.19639121,0.27708387,0.0863535,LJtQABybj1c
0.21964778,0.023098908,0.02929751,0.14347038,0.35207808,0.16085096,0.1938137,0.080650896,Kw6zHDt6kG0
0.3496749,0.08863655,0.05373499,0.17013772,0.40856257,0.20956632,0.1174214,0.15682678,MppxRVxKaao
0.12444499,0.055563807,0.04406188,0.17176867,0.099997595,0.11783417,0.1390013,0.067668766,j5GXHHaporY
0.08591244,0.024699893,0.087430015,0.15191562,0.26924452,0.07181283,0.095530346,0.03818735,MJCnBQwml0M
0.074819915,0.07116397,0.13790205,0.21056496,0.1293366,0.07086454,0.14842121,0.06123645,X5ZkpAKgF7I
0.26645464,0.05893732,0.04234509,0.19846486,0.265779,0.15705675,0.1347946,0.0991889,6y5GFlTNAr4
0.074889176,0.2102594,0.13790205,0.6034766,0.03782724,0.09898915,0.24484925,0.11467514,50s64jbDtOQ
0.1261805,0.025882123,0.032559406,0.16505325,0.14063515,0.13586478,0.10053106,0.042502582,jOeEnJE9cOs
0.22078381,0.035004653,0.035134587,0.17576602,0.4442005,0.17009127,0.3084394,0.09286393,8qtUvnK77CI
0.16682649,0.07545984,0.025520578,0.18628064,0.2901972,0.12188136,0.23426773,0.10362255,OprkYgsHky4
0.32591432,0.07428488,0.17449278,0.15703718,0.37402084,0.25148195,0.087849535,0.17274626,QOnUYLRfdjg
0.29593495,0.10424061,0.062925026,0.1688785,0.26503798,0.24245325,0.12615988,0.17054443,C4P1TQXFf20
0.22926483,0.18763573,0.0142302895,0.27389842,0.47047168,0.14462991,0.24717444,0.22779824,OLWi3PnrfpU
0.08991126,0.019184463,0.020685982,0.16659568,0.37310904,0.10551961,0.16842654,0.035223793,b29Eicx5wow
0.11434742,0.012392498,0.05653196,0.15461195,0.36373034,0.110327266,0.08343147,0.022359537,oQhByjxvXVc
0.37024286,0.11933918,0.1689685,0.20430103,0.17252,0.2792209,0.13508669,0.17520756,BwFqPSW3hYY
0.089901306,0.052216377,0.038911518,0.27990717,0.09438186,0.08334713,0.13129614,0.04004564,9od4U3Azrqg
0.12889421,0.1503404,0.0040434846,0.26505542,0.19434913,0.06739054,0.391262,0.14381772,XvmZYiMI2R8
0.040893987,0.09000595,0.0064904,0.3120608,0.013146847,0.05086412,0.12647739,0.0376885,BrbaWYBuRUM
0.10016961,0.024111167,0.007496933,0.24144922,0.42517143,0.1109138,0.050968908,0.02098435,pHeKAxKypKI
0.14134566,0.07086783,0.15626417,0.4768949,0.5680319,0.11607441,0.18916537,0.07724171,nMatBmwlL4o
0.22417033,0.19583617,0.22985287,0.3905366,0.099394485,0.2679755,0.5854619,0.32690787,5XC15BjQR7g
0.22891931,0.06879547,0.06012806,0.16883405,0.28615806,0.15365872,0.12375063,0.11664544,XjGnkZ3GIMY
0.25859708,0.043350667,0.02929751,0.16787602,0.36393014,0.18211588,0.25465795,0.10548976,uiSL2cq51KI
0.3905975,0.058951084,0.19239926,0.2308371,0.5450492,0.3622269,0.46143666,0.15066813,u7QEwejKpMM
0.31134638,0.14217481,0.033761155,0.39965928,0.072733246,0.27764264,0.23612277,0.20466529,5aZB87nEKbU
0.13729577,0.024501199,0.045778666,0.14429262,0.43858182,0.12720695,0.1337537,0.068032876,4coMdIifne4
0.12706831,0.041215222,0.035477944,0.15961407,0.25367635,0.13041787,0.133551,0.08270969,5V1X7WtDJjk
0.1608006,0.048264094,0.13565879,0.20248307,0.5183848,0.30988932,0.12292685,0.10818321,0Bb83CJ02EI
0.12025497,0.009061339,0.15130237,0.12822182,0.3712253,0.15685803,0.09762401,0.028991118,zYmT35n7Z6Q
0.15215002,0.294258,0.36805952,0.40882084,0.6064084,0.17009687,0.12195532,0.12253517,8zQbgw1uBMc
0.21044251,0.061387386,0.1539292,0.20407508,0.65437007,0.19222583,0.15116853,0.09362917,2-jHlJ7EYM4
0.111353986,0.08373838,0.0801064,0.21339403,0.14080918,0.06901132,0.11336168,0.09056655,LHUwq04zhIs
0.043806713,0.048304193,0.06132676,0.33445024,0.6678648,0.026817236,0.1301654,0.025071677,f0RDpzFWLWY
0.19577646,0.07046771,0.22990009,0.27729338,0.0051253033,0.19055721,0.35529667,0.12669222,B1KB48hIwjQ
0.4026313,0.11144565,0.21627559,0.17498527,0.7258691,0.5011019,0.13782984,0.25697747,jr7uMq2xvy8
0.12756291,0.04003274,0.13146462,0.20106848,0.39219654,0.12431352,0.08642417,0.07026978,8pyrs7JUdfc
0.05773334,0.09753368,0.034791227,0.29808855,0.24682291,0.059749514,0.09030329,0.084248014,cHudXJyki1w
0.18132278,0.039049633,0.11794081,0.18512325,0.76324004,0.12408242,0.11475214,0.061143156,fjtsyuDHgqU
0.067358464,0.1982812,0.025692256,0.36854365,0.022119718,0.058273207,0.1688136,0.10615605,hTcxSKoQsjI
0.19240598,0.024463458,0.032902762,0.13153672,0.27592942,0.1253513,0.1315626,0.07227185,-1sPxLQGyEU
0.17230919,0.04014835,0.17957193,0.18982424,0.35054815,0.15741675,0.24337506,0.072550006,IIWs1GV8bAA
0.1323378,0.22112225,0.086087525,0.4953882,0.15779191,0.13407412,0.27554816,0.16481963,21VxWSekvQE
0.051841762,0.041930776,0.0253489,0.24775493,0.2541741,0.09446845,0.083752945,0.07263999,KwPfSmhj7ZY
0.40559545,0.033125944,0.15684792,0.20143396,0.02966518,0.3069155,0.33795896,0.105286114,dEWl4ycgFSI
0.12234909,0.1341996,0.040628307,0.34563148,0.24390437,0.12120218,0.14810488,0.1161624,ir4cJxHRik4
0.22797664,0.11376271,0.025863936,0.2140371,0.07121152,0.1944381,0.14034675,0.16190104,sSMVHtBvAAw
0.40847892,0.028154913,0.04543531,0.195767,0.11887159,0.29831702,0.3198973,0.09667034,zmjgscX8YSg
0.40448692,0.1343919,0.3063832,0.47802317,0.048317797,0.34746516,0.40077448,0.22821164,rEZkIGtk9gk
0.14936852,0.056317676,0.15276173,0.21606149,0.3030955,0.13979763,0.24316064,0.08613833,NwO7X43-HIw
0.091130175,0.18201289,0.1024659,0.44122675,0.5680319,0.04384903,0.1288265,0.093711875,cBUHwyjETzc
0.20582254,0.044797987,0.1689685,0.17959343,0.36947688,0.15694909,0.069469504,0.094960265,V5yunlCoEWQ
0.11123397,0.044550847,0.031185975,0.20135069,0.5680319,0.075533636,0.16367878,0.04130601,HrIZDnnMPaI
0.4893821,0.20543031,0.30788645,0.2656288,0.62714577,0.5521495,0.69998527,0.31108767,haQptSPwPvk
0.07189243,0.009911908,0.019714156,0.13800725,0.54767305,0.1339132,0.05514341,0.018450478,k7XRRJ-88UE
0.10809319,0.14302868,0.22598907,0.394574,0.44342732,0.09653247,0.24572721,0.12517194,fP7qfAWqbJs
0.24470869,0.039363097,0.03049926,0.18686453,0.61639166,0.17163299,0.28445435,0.09629831,e7Az9wJbX5Y
0.1415265,0.17616375,0.12051678,0.3412234,0.2931707,0.109072775,0.32055858,0.14485452,rV1kmEyMNXk
0.3009231,0.058225803,0.032559406,0.24522164,0.048132908,0.1947139,0.32919535,0.094841346,8SvS7LwR5ZE
0.7308502,0.07156467,0.14014533,0.29112703,0.123235755,0.51250196,0.30239105,0.2417967,xNW4j0pAcgI
0.13684191,0.033863366,0.021518974,0.1627359,0.2701901,0.10710243,0.25988004,0.06485978,qrrnTao1wx0
0.09000386,0.044222593,0.0018308482,0.27472886,0.07554292,0.06533514,0.44583863,0.09034022,gLT05gp2Xa0
0.0044852835,0.052796923,0.00019197875,0.39409998,0.013448323,0.007188079,0.052712094,0.008082698,9OgZWRhdZvE
0.19478045,0.119989626,0.3063832,0.3347304,0.17610833,0.55400056,0.121472366,0.20648676,CPRIp3uf0TM
0.1813386,0.022923572,0.013119632,0.19364755,0.033609703,0.11273023,0.27608904,0.052202147,dzCK2hHImJU
0.17252858,0.03666398,0.089577995,0.17324883,0.25329378,0.15683016,0.15402836,0.07690547,oExn4p7gnCY
0.19608445,0.042591825,0.029469188,0.13441698,0.20879987,0.073640205,0.07866115,0.0732767,3A9Pb_eaqWM
0.23148927,0.16125317,0.084745035,0.25524804,0.5680319,0.19400841,0.23935747,0.13826303,BI5EqNBb5bo
0.27487287,0.060319662,0.03856816,0.13842188,0.27592942,0.15682326,0.07648885,0.13177449,RpkLRmIN5nM
0.23937464,0.11406961,0.15334547,0.19852181,0.3056621,0.123827145,0.12538855,0.11396017,qAh460aAOPM
0.12930387,0.023472192,0.0053450353,0.21369177,0.13935196,0.13995416,0.11824575,0.050107434,IwXnxXH6ag0
0.24272078,0.0655206,0.12760067,0.3348396,0.1664475,0.14453162,0.30784038,0.06912067,UzlGPUUSJpw
0.19225389,0.029550146,0.0741129,0.16108108,0.40623719,0.15106593,0.31123513,0.075903274,dJCeqP2anUY
0.3088802,0.02012106,0.44820568,0.21789788,0.2649618,0.43106568,0.21484527,0.06524864,G0s1dwav_ng
0.111587316,0.017961286,0.02929751,0.17540926,0.32724312,0.0800715,0.105899,0.054388445,9xItduWU210
0.09565626,0.046206474,0.15743166,0.26768067,0.00039413007,0.08346537,0.15841264,0.08740097,mwTI0GE43MQ
0.2257643,0.045124527,0.058929358,0.13831857,0.27592942,0.14454418,0.06758586,0.11156053,QKIMfV7zktY
0.10011984,0.085979894,0.103539884,0.24546929,0.32234234,0.0685079,0.10924637,0.0861671,9K7mtu17clY
0.37459388,0.034747496,0.06971766,0.26209468,0.07153398,0.29881647,0.31390953,0.07857403,ljr0dQBM2lw
0.13818912,0.02917669,0.020408317,0.15113227,0.630929,0.13355988,0.11487063,0.055918872,09LKdzKRBp0
0.18084046,0.16206777,0.20522906,0.6129752,0.08660083,0.16148177,0.28109747,0.122744426,xGI8jiTHDPI
0.31126893,0.034543265,0.02655065,0.2772964,0.028729375,0.251141,0.30996993,0.08132694,sB2kmedBecg
0.12535475,0.100794755,0.18746567,0.4450903,0.4383069,0.13666216,0.19290484,0.10002371,1_7Yc8adQ6I
0.21832666,0.0224044,0.08850401,0.26311266,0.1093697,0.14209023,0.2931892,0.037689127,ojGYFbAcSOY
0.31573197,0.08729347,0.06012806,0.35284665,0.026566256,0.22984453,0.46666658,0.097775735,iLxuVSykKJM
0.2735141,0.06074513,0.24769363,0.26733115,0.13418616,0.2520883,0.21854202,0.0918356,tmeILqnVYrE
0.67243236,0.3798197,0.4151741,0.6692636,0.6489704,0.6136983,0.2618987,0.43857878,DH2QQb8Ucf4
0.09801645,0.043269273,0.015132698,0.19177869,0.062781654,0.10951318,0.19927777,0.07994701,5YLZtXYa4_Q
0.11589316,0.030081423,0.02124131,0.18996266,0.005433546,0.0673826,0.28589168,0.042885337,E2i7uf3poCI
0.12582375,0.16057569,0.10699297,0.5417228,0.31649947,0.13111362,0.1341444,0.1658851,Kos4xnYmm08
0.07605432,0.16403256,0.1510105,0.28124365,0.4369637,0.058432046,0.20595406,0.14454104,NvuKmyu8Fgk
0.063343376,0.09978105,0.13431281,0.33894336,0.43722036,0.045515977,0.1885581,0.105357885,HM6VBCf18Ks
0.3335505,0.029653389,0.35642847,0.2036839,0.10655882,0.23706332,0.27611175,0.073189504,m9uwecYZlgw
0.074660085,0.07250949,0.13969667,0.31278485,0.4505355,0.100127816,0.11643342,0.07614227,AdOtriugFy4
0.23156236,0.041604646,0.14373457,0.21344964,0.14905924,0.16167402,0.36437413,0.071705416,VAo_Gun3rp8
0.05616313,0.13184057,0.0471521,0.2015246,0.43669626,0.05787271,0.044590928,0.060980763,ZBLz6YpPlrc
0.08223618,0.017934578,0.0067333565,0.15081103,0.36696953,0.08118754,0.08696684,0.029005572,HYFj_KMNT8o
0.2711635,0.106688485,0.112144895,0.34098977,0.021207118,0.22818542,0.57009155,0.17268199,3MrvmiSNLvI
0.15082067,0.036163773,0.119228795,0.14323242,0.5702473,0.08104488,0.05936235,0.069561906,OCGlM1bCQNI
0.049996745,0.16313618,0.15001574,0.2594592,0.10033979,0.042053852,0.33576778,0.15000588,Cueeuii73xE
0.188989,0.029931745,0.16551583,0.18909328,0.54668915,0.19398615,0.25402433,0.067101024,MiT-cFzvEOo
0.11874777,0.14944176,0.0129808,0.2994365,0.4521216,0.05937733,0.197799,0.112210646,P6ItTNUsAng
0.2607916,0.04368415,0.008052262,0.17336915,0.038345832,0.14070874,0.06925305,0.07643849,9ynrWJc-67s
0.37962207,0.06515932,0.09494796,0.22522445,0.10021782,0.21531606,0.15545009,0.119949944,q0YMpy4IY6s
0.2606171,0.040998597,0.062925026,0.1681835,0.6363608,0.19957742,0.17992164,0.098603226,g0QtnB0a-qE
0.21772562,0.028327495,0.044405237,0.19642608,0.27597165,0.13526398,0.12506698,0.05719424,I3Npf6qVJu4
0.16225342,0.17735763,0.2712817,0.4369977,0.3790397,0.08334774,0.21210092,0.11813443,El5Rge3tInM
0.29384103,0.030188948,0.17380224,0.17526646,0.26834676,0.29138112,0.16174306,0.098212786,yD1e13vQ8GE
0.09005823,0.11234943,0.29163063,0.31943956,0.12269417,0.104102746,0.16527584,0.10517137,w7pVwzRdn_U
0.24304816,0.062320247,0.11536485,0.15537697,0.43886438,0.12244361,0.2539407,0.11205496,qWDO0cwuzjM
0.07468856,0.05939912,0.050242316,0.22160245,0.43916854,0.0901855,0.12358954,0.055712562,E6CMLDhaagU
0.39076418,0.02944892,0.28021416,0.17758657,0.09133726,0.28047624,0.19853222,0.09922398,0OZhymJ8q8I
0.35321236,0.06300916,0.10300289,0.24869803,0.024773708,0.27594918,0.32838348,0.11721824,0j42AzURE5E
0.15708,0.06370963,0.08170467,0.22975153,0.44217756,0.08795907,0.06678364,0.10206001,fRjGtharcVY
0.18139774,0.17790535,0.1943727,0.37096566,0.26387468,0.13171573,0.46942997,0.15998037,_tEUwMifrOQ
0.31615907,0.13808341,0.40636617,0.36545575,0.1812602,0.47579855,0.31209955,0.56436324,5TiaU5RplPg
0.17707817,0.066392735,0.07451247,0.16771552,0.2658646,0.08720815,0.23273262,0.08507591,UT7OoeTLWRk
0.21685128,0.14573015,0.0471521,0.35752136,0.12609497,0.13998531,0.3590299,0.10148246,nXQB5cJn1po
0.46165395,0.068272,0.08796701,0.21671383,0.10418714,0.30026808,0.1610353,0.13079773,L6CFoXqEz_Y
0.16814294,0.17807283,0.28683078,0.38748428,0.4635458,0.12529746,0.083310015,0.121044874,fTPcZenBihM
0.11578309,0.035827078,0.076110736,0.26518595,0.5680319,0.09281739,0.179864,0.03880475,_oDx-F8diXI
0.23557965,0.38706705,0.12244874,0.4590629,0.18043989,0.14998116,0.2290405,0.1934941,6UpLdXN4-us
0.247295,0.1028234,0.38261065,0.2792849,0.3957657,0.30874196,0.2302782,0.18491207,LqUgcGYpxi0
0.22088398,0.20176981,0.073313765,0.3855393,0.1416064,0.11773743,0.12826978,0.14244841,nd_4TtWMCtk
0.12220078,0.05234604,0.0142302895,0.25538382,0.08867475,0.03698362,0.17988127,0.04820712,alP0TiwehM0
0.21415398,0.08669146,0.18746567,0.48861477,0.048630413,0.10979204,0.33635914,0.097930804,C86WseGXO-I
0.07006642,0.035107445,0.049898956,0.22776206,0.27503583,0.05235805,0.10380304,0.03442512,tPXX1BJVYog
0.22544912,0.043371417,0.1464265,0.33519334,0.1050391,0.2215543,0.37450206,0.056099024,mx7OYkLCPag
0.20949383,0.06471052,0.15568043,0.3283237,0.10273293,0.12507121,0.27429602,0.11466198,EnawRYJF77k
0.07213037,0.1440849,0.067320265,0.35107863,0.22578312,0.029641658,0.33464086,0.09238918,Gg9p-ec-VJU
0.287533,0.19622192,0.14911842,0.5759036,0.08878462,0.20502937,0.24608095,0.15451393,SSmWOQLVACw
0.4051696,0.22591092,0.27194336,0.43721566,0.23970127,0.30533946,0.8763936,0.31362545,esPUdWka11c
0.4944422,0.25042844,0.13082063,0.38232994,0.40158993,0.36951622,0.53357226,0.33460855,fd91LNfQAsE
0.045109954,0.056904837,0.043718524,0.21286707,0.17487445,0.03188777,0.056904063,0.03914817,bZrrmhTjfDE
0.1502476,0.066536054,0.038224805,0.15621872,0.3189167,0.064356565,0.06194938,0.08701341,BXk1vm0ri9g
0.14546655,0.038317606,0.14687516,0.3249321,0.083056405,0.06852207,0.24945273,0.040710405,yikG2zkO4u4
0.11883867,0.10097621,0.03770977,0.3117919,0.37278894,0.15361439,0.07211467,0.16649947,y65EfLqvODU
0.23369002,0.10078159,0.052935857,0.40826863,0.057493296,0.1897274,0.24373496,0.06707063,afgPG97wVoA
0.31050238,0.35430887,0.2965773,0.8981763,0.12557524,0.30387554,0.3708978,0.22445306,oz4sLCrCBIQ
0.188989,0.029931745,0.16551583,0.18909328,0.54668915,0.19398615,0.25402433,0.067101024,f3HfYsAeSsY
0.20065399,0.084237956,0.05373499,0.299202,0.24452132,0.30606994,0.18028022,0.1602626,9NaayxDK-qQ
0.042838793,0.09438751,0.08170467,0.31415102,0.17668228,0.038381167,0.06832598,0.06577329,rLamcBFpqs4
0.28831792,0.09847592,0.010204159,0.29483512,0.0970142,0.2947148,0.2267354,0.2105411,TiWnRQDwzIM
0.45589232,0.047401033,0.0753116,0.27220625,0.1507241,0.33131856,0.38334048,0.1193748,EGmQC06tOns
0.1124603,0.10065739,0.032559406,0.29172516,0.043253586,0.10923896,0.44559205,0.14045608,QoBpFX4geNY
0.18660888,0.044617645,0.15276173,0.1714744,0.33438176,0.1847019,0.15966141,0.08287239,jJ2X1h4POp4
0.23533762,0.06910881,0.1668969,0.27028653,0.020080095,0.1585059,0.28504577,0.07898351,BBDP2RtDsq8
0.09149536,0.07740249,0.13745339,0.38329902,0.13340148,0.042761452,0.12305006,0.08204727,HlwQ6HknxSI
0.077834755,0.21272151,0.07211506,0.48049515,0.16681941,0.07286918,0.14913882,0.11677824,PlgwQi5UhQE
0.12073027,0.05509456,0.18746567,0.23304713,0.1806453,0.1041558,0.7596419,0.13066027,gNAir95UVls
0.12412205,0.11646126,0.012564304,0.42432535,0.027650272,0.072109565,0.19500431,0.09821676,mYbIsLdbNQA
0.1602265,0.32307994,0.17759849,0.5609933,0.05272676,0.08058417,0.24891375,0.166226,oD52gUiorEs
0.08110112,0.094641306,0.045778666,0.22056748,0.28591338,0.039487604,0.09480925,0.069939315,WmI9C-obNVw
0.06708186,0.034540575,0.0186035,0.21396376,0.15130411,0.035077997,0.054825727,0.035163797,6J5dW9n-hpE
0.113396965,0.029181715,0.094410956,0.24428649,0.12644328,0.036034312,0.1772794,0.035864916,8d6nQ1nnpTo
0.060391538,0.108063996,0.028610796,0.36406943,0.22494444,0.091243885,0.1393403,0.13960235,OeCyRaw8mV0
0.028021233,0.07141193,0.2712817,0.27795446,0.090216815,0.022485161,0.08251667,0.032289293,hg9U7JHKU_M
0.1705942,0.22360137,0.02637897,0.48797995,0.23905909,0.29890174,0.14458857,0.21040474,IIVMXYfqbik
0.17707817,0.066392735,0.07451247,0.16771552,0.2658646,0.08720815,0.23273262,0.08507591,Te-PFIhqcMo
0.17345957,0.33806354,0.15130237,0.35037702,0.18945207,0.47711807,0.16274142,0.30727533,dEUm2CFs8ak
0.16238043,0.08243592,0.09709594,0.50178635,0.012332118,0.19183281,0.2908464,0.09190139,WfZDW7MrWSI
0.27162072,0.17787835,0.30187345,0.42421687,0.5322861,0.2960884,0.2707823,0.23084596,8vHfLWNYLMk
0.5368425,0.7407407,0.22990796,0.53589064,0.01719069,0.5671824,0.44669792,0.67579305,rDTJOguY3-A
0.031581704,0.048059627,0.14418322,0.23265518,0.46068364,0.029075868,0.05636735,0.03641499,NYjHhiY2WuU
0.11822345,0.25423113,0.08420804,0.46896783,0.30388364,0.13035227,0.12769678,0.16216955,-ftARfIJ7GM
0.16428885,0.11413595,0.15684792,0.40467295,0.09137441,0.12823245,0.2935363,0.10013562,0TuisxO9bIY
0.12058088,0.20917518,0.090114996,0.5481413,0.1823426,0.16778658,0.1933838,0.17127937,UyZfus4xrWk
0.31409255,0.30783534,0.052136723,0.571376,0.0014978432,0.42955494,0.58767325,0.5361258,f8B3ukj7DWA
0.03263091,0.053767707,0.055333257,0.34373733,0.14930812,0.019965883,0.21617821,0.027956529,O_Gzeaevsi8
0.023485681,0.016383912,0.014716201,0.15623459,0.17703004,0.014984717,0.024751008,0.018090561,7WQzehCcWGo
0.08836593,0.11782787,0.040284947,0.38471478,0.12704502,0.041859034,0.17721003,0.06097326,xVFxeOBMqdk
0.056896005,0.1586009,0.06372416,0.46598712,0.0049362476,0.041048165,0.03858637,0.0647853,3l_s3ZHZ1VA
0.42182276,0.21875207,0.2995453,0.4373398,0.14213142,0.25429183,0.8763936,0.3131661,dIr5VPLT78o
0.16639596,0.13595708,0.036508016,0.32751542,0.09623702,0.13163196,0.20804982,0.1614556,6wWESywxUPo
0.3387059,0.17297184,0.263611,0.37204304,0.4235366,0.3398404,0.41136456,0.16803755,mQNzhXEsmqs
0.076230064,0.039341472,0.08447654,0.36878908,0.2740139,0.13556439,0.105786055,0.04413176,G_F2AEUauLc
0.12165474,0.04079854,0.039598234,0.35689417,0.010127768,0.06167705,0.23496215,0.0386292,cJeeAdYem4k
0.09215169,0.10812764,0.018325835,0.2911175,0.121520944,0.054081984,0.3214111,0.09006198,MIuF-WhD77I
0.63973355,0.49446812,0.5958905,0.47167176,0.3475234,0.66415817,0.9533248,0.79361063,8wEJkrCbE9M
0.094329864,0.09234713,0.02193547,0.43264365,0.10351488,0.0776994,0.20788556,0.07637905,-3FUZcbH1yo
0.16853312,0.2622456,0.13251819,0.483452,0.10895328,0.11393861,0.18881315,0.187257,pHoCvL02pCc
0.15279803,0.08372295,0.13386416,0.31098142,0.05154561,0.19875509,0.26182932,0.19114618,urlutLO65xI
0.11753511,0.101666026,0.14193995,0.3701624,0.032414027,0.12071423,0.35348135,0.11513105,z_PDNDDPRic
0.042688288,0.06729761,0.051737156,0.24252068,0.19920577,0.03974186,0.09616023,0.05271981,H65pihoJTrk
0.15673864,0.16075489,0.23014031,0.4012888,0.010368439,0.18629007,0.75854254,0.232614,Bo94qiyTOJM
0.35701585,0.16788006,0.09978092,0.5071959,0.16663684,0.23110771,0.4836889,0.25632402,YQtelepJpe4
0.050950073,0.094000734,0.09279997,0.33997288,0.1615676,0.09238027,0.12744008,0.09207177,6Xeav5jZHKY
0.040833905,0.04686863,0.10699297,0.3826701,0.42395112,0.10673594,0.20439665,0.047695257,gtcpWH9ArI8
0.03705118,0.07439097,0.09709594,0.31315738,0.1323074,0.08385238,0.118022695,0.07089733,egoL86vACV4
0.013668612,0.06614737,0.0037137584,0.33528218,0.07149107,0.015174579,0.059333812,0.03472634,5zzTXp3b2EA
0.074411266,0.0944153,0.034104515,0.41647705,0.27539334,0.14549299,0.1802832,0.086735025,DagNa9IZF-o
0.13645399,0.093084924,0.04680874,0.27698576,0.16274366,0.052518815,0.46815246,0.09109103,M1251bVYNJ8
0.08110112,0.094641306,0.045778666,0.22056748,0.28591338,0.039487604,0.09480925,0.069939315,OOv04untflM
0.10125209,0.11524572,0.0253489,0.2872309,0.062389202,0.11095936,0.24586879,0.10996512,ZNuutf8KJhc
0.1689145,0.08008538,0.031701013,0.49855202,0.081182204,0.13661009,0.2816979,0.09877793,9llbJaNAkf0
0.054977734,0.056215465,0.019019997,0.3441299,0.16733061,0.04041703,0.2729579,0.044024047,3IYyw9jeQhM
0.16322863,0.11061565,0.13879937,0.43149388,0.25179654,0.2378836,0.68721795,0.1602244,hGOxXriZNIs
0.13066387,0.290354,0.29558796,0.4901675,0.13198735,0.14378181,0.1688515,0.16327733,rMmKK2Mn_ww
0.1934161,0.21273787,0.036679696,0.42574948,0.18902043,0.21652558,0.3822753,0.1923625,nwIkFgso77I
0.4001594,0.1854196,0.04406188,0.32432055,0.043500636,0.2745614,0.3145456,0.24712685,a1BvOus93u8
0.2542877,0.18986921,0.013883209,0.3233518,0.017976213,0.29581517,0.35927787,0.2742747,TUWxOZ80ec8
0.069609776,0.071991526,0.10515087,0.27609313,0.5502719,0.087701365,0.26164567,0.076372266,xMVGFqaXxMo
0.48328614,0.3380713,0.30187345,0.51621425,0.47604868,0.3146979,0.27513596,0.17725104,ekgBl6IApVo
0.058329277,0.13564038,0.09763293,0.20302822,0.08966508,0.045530383,0.20942669,0.119373135,1DACTryu7z4
0.35399345,0.04859946,0.31671798,0.17316858,0.2910102,0.20163631,0.23046796,0.097432405,BhADT6owUBA
0.15185158,0.023930931,0.037194733,0.3040115,0.6291326,0.052618977,0.047753274,0.030141082,u3yoUgJzv9I
0.23933293,0.20028625,0.017423427,0.38494283,0.12932326,0.15587735,0.14572656,0.19900967,tiz7cac0EFs
0.024971891,0.08173183,0.014299706,0.3967056,0.110706545,0.023906685,0.05425729,0.039298423,aoPA3XLOfAM
0.15749627,0.12319784,0.40636617,0.28026676,0.75058323,0.2901312,0.14145412,0.16480689,lIops_sucgE
0.2398027,0.92006356,0.5031149,0.6519232,0.33426714,0.24158731,0.29526827,0.50779146,Yn3Nik0T8PE
0.17336036,0.114715695,0.14866976,0.22749436,0.29604483,0.24998505,0.15041962,0.17816883,GdFJLKoW2uA
0.27928483,0.09018883,0.28683078,0.25117284,0.036774296,0.47675717,0.14443359,0.20050791,s5dOR4JYgLo
0.02221685,0.029974822,0.014369122,0.23553377,0.11708454,0.02012917,0.06774669,0.019642305,M53c4IuzgbI
0.30759606,0.13608816,0.18055865,0.36414796,0.4272406,0.18803872,0.46281594,0.12924133,i2AE89ZTNHQ
0.28243467,0.13701002,0.006455692,0.38269663,0.036884464,0.23411764,0.2548821,0.19104695,EB0z80xH9xc
0.046875715,0.057933524,0.16482529,0.41248682,0.020256113,0.032532204,0.4769171,0.06992521,UsXNeWQZy5U
0.14884374,0.1587756,0.39694545,0.37270206,0.6307111,0.280132,0.10552731,0.15788193,UhCS8rIVa58
0.11918822,0.41942134,0.13296685,0.67791253,0.016397078,0.10130434,0.18846734,0.16206072,ss3XsnVbNis
0.048393957,0.106842905,0.04818217,0.3990895,0.039281245,0.051553026,0.119750045,0.060657986,gyt_UpRvyjw
0.23055775,0.26158765,0.10031791,0.5060893,0.14984287,0.32664126,0.15555806,0.35021377,-fh1q2oDJ_s
0.07938693,0.07148162,0.11472086,0.19739588,0.20644146,0.12512362,0.057451986,0.1265547,7jsJiwnP5dQ
