PERSPECTIVE_SEXUALLY_EXPLICIT,PERSPECTIVE_PROFANITY,PERSPECTIVE_FLIRTATION,PERSPECTIVE_INFLAMMATORY,PERSPECTIVE_INSULT,PERSPECTIVE_TOXICITY,PERSPECTIVE_IDENTITY_ATTACK,PERSPECTIVE_THREAT,video_id
0.058402535,0.0379563,0.23084883,0.16607513,0.03371766,0.012008976,0.045129675,0.08015527,-qI0F9kT9Zs
0.13965383,0.13640183,0.3274638,0.19623062,0.10970242,0.028439116,0.13210236,0.48844773,YF2iQAGA5Bg
0.09121338,0.101389244,0.36413366,0.11536459,0.14579162,0.046122026,0.12566341,0.33645198,0fcpi1Yje1A
0.16815586,0.23136075,0.3601321,0.115993485,0.23003486,0.012841969,0.20700131,0.6618959,-7MBTsO_SaY
0.09394391,0.15175347,0.26830924,0.13058177,0.20220433,0.023460433,0.23168778,0.5634096,ATI7vfCgwXE
0.07065442,0.04358651,0.32778782,0.19035245,0.026236355,0.009440582,0.03436498,0.109318994,W66RI7xYVsA
0.05378947,0.056288548,0.20372489,0.31013855,0.06006301,0.011661896,0.065546274,0.088276155,gfCcI6_1iiA
0.044651777,0.029209007,0.22679347,0.19075346,0.014278727,0.009440582,0.028411381,0.1675442,v6Dnbem1rVE
0.07630146,0.10407359,0.21378267,0.17520314,0.14338481,0.040971663,0.07770995,0.29673117,1R6fPlcN6GA
0.07594015,0.045596704,0.3655124,0.09650743,0.046134643,0.112144895,0.060635373,0.12885529,1sP81YOiDcg
0.1396292,0.16412368,0.5438145,0.049400344,0.11820498,0.0043905647,0.15673777,0.39450938,1dybyF48fFM
0.10564171,0.07635921,0.32490215,0.1928451,0.039351005,0.010967735,0.05744102,0.334682,xPxsyk5AKxY
0.05655944,0.06862187,0.22464669,0.30888727,0.07119544,0.09816993,0.065834045,0.077192806,_g2CaF12xxw
0.03635632,0.03870159,0.22733685,0.019260556,0.09907958,0.06372416,0.09637242,0.25520366,eySTo2GgvoY
0.06686984,0.08098046,0.25522533,0.22686774,0.09369947,0.17173064,0.05601536,0.16749169,shIfzNOcNvs
0.03803427,0.030863589,0.17182063,0.14197059,0.023418002,0.015479778,0.023251366,0.06292752,-pNkVMO36H0
0.090431206,0.11127864,0.31666982,0.10177291,0.06290966,0.019436494,0.2084355,0.5456163,BXzz5b7kVQM
0.14641002,0.14179848,0.3442628,0.15302049,0.19908328,0.040284947,0.22222626,0.50922376,Ka7hy-aspHc
0.15881027,0.10848818,0.31648877,0.16433877,0.057657458,0.011037151,0.09151747,0.32351422,YDv8TEqO_Ac
0.08244452,0.10535359,0.2701823,0.13362536,0.15181865,0.043718524,0.19458912,0.51295537,gUUaxcRScjo
0.15491642,0.16494921,0.33258665,0.047602903,0.20162016,0.014785618,0.21410595,0.5161652,rPlEA5_JrBs
0.18477753,0.11119955,0.7784964,0.015570267,0.119283274,0.20742953,0.13068546,0.14683199,065Unau9N7E
0.12711908,0.13079837,0.33101743,0.036456507,0.118671425,0.103539884,0.19647121,0.44787836,mDIVpJgjoXQ
0.15119275,0.17457427,0.32452366,0.032556694,0.2078315,0.03204437,0.24890049,0.5361738,l9GLBA6oWjk
0.08248039,0.06475899,0.22362788,0.24112481,0.041489694,0.019297661,0.059785794,0.13055792,qJAnBGHhjAc
0.041971974,0.047114678,0.24995308,0.031255677,0.13756627,0.027237365,0.116941944,0.25331292,cXdYAAPfrdA
0.04137878,0.05126396,0.25398105,0.15084903,0.041433983,0.010898319,0.028378095,0.1171648,F-tiSc7G53Q
0.030899148,0.022968099,0.2629515,0.00753231,0.05678218,0.15626417,0.043725714,0.109562226,sZg8vCDz1_c
0.07760375,0.04893779,0.17953792,0.1659413,0.025590315,0.016729267,0.036107723,0.08475961,gaHeI894wbY
0.10411561,0.092041306,0.3097271,0.096095994,0.13548706,0.15159425,0.17757158,0.1746237,f27AoN-K-lE
0.09283588,0.11006977,0.30238253,0.043749064,0.0721383,0.0022560214,0.15080115,0.39123535,-_g0CZyHb4A
0.094634145,0.08585342,0.29385158,0.5735812,0.045570556,0.03770977,0.08866294,0.2933245,G88JZ1DIdg8
0.14716287,0.1755938,0.27759856,0.30915168,0.21845697,0.050585672,0.1407689,0.5395863,WJN6ZVV4LCo
0.077615336,0.022752987,0.5192884,0.05271889,0.038297214,0.013466713,0.016720314,0.04595279,xE7KQU4qO7w
0.12538572,0.08056961,0.35931876,0.0953875,0.059938617,0.0028460578,0.08581269,0.3026113,p0QsgSjXICc
0.058721133,0.051352367,0.317449,0.038717605,0.08016089,0.02517722,0.1038849,0.35193166,01wTBIuhudU
0.13084319,0.11118529,0.39776647,0.35542524,0.11965086,0.03753809,0.11995212,0.37584826,yfJCBrm7CA4
0.04655913,0.049794752,0.23908064,0.062229566,0.09339823,0.021518974,0.058204874,0.12423751,LThXZLtSRN8
0.06168743,0.061384086,0.36893374,0.2802601,0.07768451,0.09870692,0.056205694,0.26982248,Cmh3S9EpvXA
0.15679711,0.081511125,0.33274516,0.30681726,0.128792,0.025005542,0.06993391,0.4352677,yGZ0lxndLiM
0.080200404,0.08405606,0.21329728,0.17885461,0.07433188,0.021796638,0.08455003,0.15169574,sDn3YDO69S8
0.13891321,0.09073064,0.24821982,0.13908881,0.050584275,0.013050216,0.0678743,0.1752194,d45ZjKGbOOU
0.12706998,0.11720012,0.27039936,0.13392356,0.06792589,0.024833864,0.14598325,0.32377234,ddiYlzTbrGU
0.10497439,0.12384936,0.28122428,0.09364178,0.15876967,0.019714156,0.21484919,0.47048134,JYYjwKoGi3I
0.071442924,0.08747814,0.36743623,0.45781943,0.09038619,0.13476147,0.17748246,0.3094221,rYlk-Hd3Y3I
0.054822072,0.048665844,0.24399619,0.085820474,0.0308554,0.019575324,0.035050187,0.27054006,gjDngbypdro
0.09760069,0.123355344,0.26266935,0.15728353,0.12268302,0.03461955,0.105769604,0.17089872,2h59wJjQfiE
0.09930417,0.08032455,0.34344202,0.1097036,0.093472555,0.010551238,0.1710829,0.21320158,2x5kxEBrXu0
0.05060282,0.025826264,0.25160134,0.3240474,0.024290621,0.031357653,0.038001876,0.13410394,EzZzZ_qpZ4w
0.053710494,0.046416927,0.19489202,0.12686788,0.04345128,0.010134743,0.060333066,0.09926752,VfrekCNErqo
0.09101754,0.07501578,0.45057946,0.011183791,0.0464558,0.0038525905,0.098927565,0.29512388,QdXnsuJoNds
0.024234977,0.01621848,0.26643142,0.13091148,0.026861193,0.011314815,0.047494743,0.08666131,3hElJbz_wUQ
0.059751414,0.10412338,0.2944772,0.11659686,0.060460255,0.03770977,0.20885709,0.5389896,bAhNqz2CMQM
0.10191137,0.17736757,0.22306848,0.4287834,0.22645596,0.11665283,0.31748754,0.08502786,3l3hMeeVSI0
0.08052898,0.092771575,0.26572984,0.17204456,0.14415474,0.011731312,0.08458296,0.1273134,t5UyMdDjlxc
0.03262733,0.026027262,0.20627123,0.10651931,0.021530857,0.0063862763,0.026709147,0.041165587,wIBzU9d-nM8
0.044322684,0.032066055,0.20204428,0.18193111,0.026005127,0.0057615316,0.044701066,0.26028603,4cFjXc9g3ys
0.108884744,0.058750454,0.41405615,0.1260736,0.04540672,0.009648831,0.054800298,0.24519797,B8xQ_SpVUDk
0.053919706,0.045012966,0.25917974,0.18799919,0.0451377,0.020685982,0.061264284,0.11802213,NtYFPGc7Yf4
0.12694743,0.19013262,0.2783895,0.20097674,0.24920906,0.048525527,0.33669537,0.6041637,45-1YpPgJJI
0.09798125,0.06602899,0.36562967,0.024534471,0.073780276,0.00843405,0.0886135,0.40724158,Fal_3fFPHxk
0.089426145,0.07818628,0.34460184,0.07681956,0.06310292,0.033932835,0.09488133,0.34316042,zBZ6TaWvPk0
0.0754554,0.07588059,0.34387013,0.05268129,0.036883794,0.0057268236,0.021608198,0.19225766,Zyn96kb-34E
0.0724548,0.096842416,0.371035,0.06921263,0.05279929,0.0032104922,0.11064747,0.42563674,49RD96SY4OE
0.0973793,0.05675952,0.3288107,0.11734885,0.09068979,0.053335425,0.091067664,0.14092205,gD2CBKbB6w0
0.12135881,0.058442216,0.33729142,0.39553863,0.03646397,0.014160873,0.056310914,0.120913625,_nLdLmeuQRc
0.044776555,0.031833526,0.22826539,0.09061983,0.03133289,0.0068721883,0.025603432,0.054956656,x-qEGWvWyrs
0.092209056,0.0569287,0.37366432,0.0740294,0.02890866,0.0023254375,0.037413232,0.25519276,p8z0ZG1pFz0
0.2796334,0.16331531,0.51481825,0.04105219,0.24886157,0.035306264,0.15658352,0.2830679,wfyKp6iXUxs
0.12514298,0.10285082,0.2753009,0.12023003,0.055234697,0.015688026,0.07396305,0.21264772,HX0M4SXi68Y
0.1616071,0.202839,0.39784864,0.0905962,0.22846884,0.15001574,0.22313929,0.3723297,3kXWJs0voHA
0.22092909,0.1462307,0.42413417,0.097270094,0.10229223,0.018187003,0.12709662,0.27759433,L7yGqDOUKwc
0.15418302,0.116953515,0.35383597,0.09059829,0.12467719,0.008954669,0.11884563,0.4340113,awsqMzkY-Ns
0.14064553,0.07899005,0.36657342,0.12216506,0.044047978,0.0142302895,0.09294811,0.1794585,Q1pwSAEJ-bI
0.31125915,0.30165738,0.5586269,0.2046515,0.24484766,0.010690071,0.2120523,0.7586485,FPtZK7jIyDw
0.07764551,0.09052518,0.23639476,0.27772865,0.111346595,0.039598234,0.1368868,0.3108906,XaEKJ5Vv3Zg
0.13891321,0.09073064,0.24821982,0.13908881,0.050584275,0.013050216,0.0678743,0.1752194,O22bfnfihxQ
0.14381084,0.13632989,0.32960704,0.12965928,0.1851113,0.011037151,0.25355944,0.24367972,t-LD46nK6js
0.19202636,0.216649,0.30646643,0.1433679,0.1819004,0.021657806,0.14704378,0.5583032,P2BQ18bUCU0
0.061572295,0.050330527,0.37230432,0.27416474,0.06284701,0.027409043,0.07017538,0.22715925,_9FYDMOTOwc
0.03839473,0.03069636,0.25359964,0.29992077,0.023500841,0.12180476,0.03855094,0.23466426,p6k_yg-_vfw
0.03662359,0.0475527,0.18281406,0.18907365,0.078031436,0.025692256,0.06494616,0.16885182,MHFvC5Rm5Pw
0.099071525,0.07586621,0.37352946,0.39106822,0.12930967,0.011453647,0.115118414,0.29162502,kCAydcMIApw
0.13462657,0.09676004,0.23118967,0.18853734,0.05423561,0.028954152,0.07891786,0.2025306,rHKkHHKwvio
0.06161667,0.07144216,0.26126966,0.1892782,0.102787785,0.0471521,0.09557344,0.42131236,AKrAefjDIZ8
0.07488583,0.08180871,0.42323875,0.15886636,0.1393154,0.04543531,0.22627117,0.5336185,I_7rzoFzV08
0.12533173,0.13799798,0.27694356,0.008844591,0.054734226,0.014646785,0.04611643,0.10728717,xzGizKHZ-hA
0.24895972,0.1733366,0.4309471,0.032270912,0.088021636,0.016451603,0.13350165,0.2819827,B-JecXEcYJE
0.08258038,0.10113715,0.27460524,0.20556201,0.1257634,0.079307266,0.15312794,0.5381249,S51FtJu6iPE
0.069502056,0.05633279,0.31017333,0.07416389,0.061322864,0.007739889,0.070778124,0.14536345,1BSSB2zf2CI
0.1742504,0.23112693,0.49854162,0.012379914,0.38948327,0.058929358,0.30837846,0.39165753,dvtVi1wOaxk
0.094488315,0.0820668,0.33442637,0.5680319,0.13372046,0.07211506,0.2978912,0.27308,g2qfsrvBvkI
0.122244366,0.055351086,0.35515755,0.121699765,0.04347036,0.0129808,0.08896697,0.14024502,vs7BG4lH3m4
0.19070697,0.15605631,0.31040916,0.15820776,0.12224456,0.011800728,0.121242635,0.15774767,6yEqB3gakvI
0.11581173,0.10460302,0.37062046,0.02616627,0.08770213,0.052935857,0.08681093,0.08555838,Qzi7pPtUl2c
0.07362164,0.058425806,0.2281364,0.17354341,0.052748755,0.019158829,0.11529431,0.12193865,hrQulNptLXA
0.16963394,0.17466956,0.52689517,0.0814368,0.08936038,0.000741884,0.13318971,0.35226104,wnocQf-Y7OY
0.10826497,0.08548385,0.58473647,0.30913493,0.13044769,0.11021292,0.1709664,0.5438603,JbB2Mqp2Lzw
0.071996994,0.061132185,0.27995056,0.093534715,0.062371988,0.010204159,0.06533234,0.13222887,39YO82Z6uUk
0.093494736,0.031352594,0.25594512,0.1389327,0.021067021,0.009926494,0.019498661,0.0611209,MQ-hoEcoTo0
0.15709527,0.21098338,0.37944648,0.09359456,0.11114232,0.0020738044,0.14128852,0.5020553,9imNPZRv-y8
0.15091933,0.11739865,0.31960452,0.04159338,0.048197694,0.040628307,0.09071407,0.24767217,4xpT2jcTdV8
0.080179274,0.10031261,0.33390293,0.092803925,0.13483131,0.13017663,0.061072003,0.2283587,5ZLpX2eQEf4
0.09533834,0.091222204,0.24731427,0.15783142,0.09350968,0.09279997,0.12302319,0.25934902,3YeNfDTRtzE
0.038614396,0.027825072,0.29419687,0.12747605,0.021414623,0.040284947,0.045398522,0.18583953,y6qKV_NPuZY
0.08504468,0.103091404,0.27915928,0.35794434,0.14440465,0.019158829,0.14723328,0.24463142,RYn_9ENS0tk
0.12459128,0.18216681,0.37498462,0.24956106,0.22016436,0.017770508,0.11029377,0.16325623,8BDMon92DMw
0.058735818,0.047678713,0.2655908,0.23670608,0.064588144,0.009718247,0.06285233,0.140264,tqcBCcSLDlo
0.07122008,0.04595245,0.3313235,0.097916976,0.020841789,0.0022039595,0.05427339,0.13465534,WcnCwNETGRo
0.15223533,0.09043341,0.43233383,0.16007039,0.07012551,0.089577995,0.1899958,0.3491887,ECS9mJkYB3E
0.07806862,0.048078768,0.22914124,0.20947203,0.034347907,0.014646785,0.049805142,0.22790845,QJbcaRG35S4
0.13620542,0.1285701,0.3744767,0.13207142,0.15228479,0.15246986,0.1992855,0.61830795,AEd6i4FAs1A
0.06232143,0.061536394,0.2198093,0.18404178,0.026632989,0.016035106,0.047293164,0.11007535,fP8u95WzTuc
0.026464075,0.016956756,0.34521294,0.0932072,0.05855168,0.03599298,0.040332325,0.04220574,Ei9i7DisX8c
0.13687408,0.11530655,0.27592713,0.17930245,0.10003236,0.050242316,0.09393148,0.18092744,5bu-NvYY8LI
0.42802653,0.18293907,0.73715055,0.21576895,0.12746885,0.028439116,0.10028428,0.24990067,rHkLjtM-CwE
0.28910244,0.16860338,0.5453109,0.052962653,0.106989555,0.009093502,0.08392724,0.19369854,HzVceY4OTCQ
0.039118595,0.0427147,0.23867384,0.16218798,0.08946564,0.016243355,0.06370496,0.106428415,WDcdTPyC5g4
0.034089893,0.027277486,0.2691243,0.12362069,0.056739695,0.014160873,0.04453339,0.14525272,7QpoDA8t6yQ
0.19770882,0.110181004,0.5384114,0.13839632,0.06146042,0.010204159,0.07032227,0.15721132,23QEtfBuWGo
0.1212744,0.12280271,0.37121916,0.029511215,0.053501733,0.038053125,0.16811778,0.5331529,fKaIRQ29ZVc
0.13495673,0.13484196,0.3084141,0.045444105,0.16141362,0.03461955,0.19962513,0.43576562,s5zsNsa_rg4
0.057349104,0.10109176,0.22286408,0.18524803,0.12519509,0.03427619,0.11443173,0.50645435,jc_oIDiIPRc
0.105174795,0.11801783,0.25997478,0.058632128,0.1447265,0.019436494,0.20658521,0.27694213,8OK4iNnsyqk
0.13891321,0.09073064,0.24821982,0.13908881,0.050584275,0.013050216,0.0678743,0.1752194,vdNjmiv8HE0
0.14731055,0.15146075,0.2907978,0.112612925,0.101669006,0.015132698,0.11825799,0.24780913,05nA4NMgtKw
0.065990105,0.047986105,0.24068427,0.13134666,0.033758145,0.0070110206,0.033684123,0.11861078,46jkr_8sf7I
0.05038044,0.028678415,0.24699098,0.0035420773,0.054680496,0.033074442,0.074284196,0.080700696,23gT5g4k400
0.03560108,0.02642076,0.30704927,0.040315177,0.024383022,0.022351967,0.08843973,0.08723261,gEvYOOuCEng
0.16339792,0.09152806,0.34830207,0.45636398,0.08290616,0.08367105,0.1257448,0.17217965,pehYeN3WxH8
0.13891321,0.09073064,0.24821982,0.13908881,0.050584275,0.013050216,0.0678743,0.1752194,gQTvtILt3R4
0.073196255,0.08217791,0.3063406,0.09125834,0.08959264,0.024833864,0.16265649,0.20784225,1iSXERpdjNY
0.048437458,0.066259645,0.20963344,0.010923702,0.112874635,0.036508016,0.09981858,0.120109946,D06y-i4Pvf4
0.24630554,0.19098786,0.38235676,0.15148151,0.11230056,0.002950182,0.12068705,0.17388327,rG7lVlISwx0
0.09326576,0.09420812,0.45663747,0.14846699,0.10386927,0.00298489,0.08557255,0.14263228,sA1zp5HbPQ4
0.16433382,0.12476486,0.372526,0.18503924,0.11738937,0.00930175,0.13912416,0.22815704,ckeXvykKe9A
0.13891321,0.09073064,0.24821982,0.13908881,0.050584275,0.013050216,0.0678743,0.1752194,-tti_DMUujg
0.13891321,0.09073064,0.24821982,0.13908881,0.050584275,0.013050216,0.0678743,0.1752194,qxynwswCQug
0.089873776,0.1201225,0.3973845,0.1517318,0.11362684,0.033932835,0.21865365,0.3220904,sFJsXev3eU0
0.14927287,0.16054276,0.53785497,0.16107774,0.21844956,0.021657806,0.21197551,0.30206,vcpO74JcgzU
0.1007046,0.10040937,0.20394713,0.15112902,0.05908985,0.01193956,0.027314115,0.115913674,Mb-6LlSkrdo
0.11252511,0.12699106,0.31735358,0.055644497,0.14790682,0.0121478075,0.113457896,0.2508853,bQZuyh3-F-s
0.26566997,0.119497955,0.6759379,0.18582253,0.04474325,0.014022041,0.07568922,0.19132099,VG14R8hVX0g
0.046356305,0.01807124,0.33919603,0.08150453,0.019831182,0.0013883209,0.010457195,0.024376305,Dhyacr_lMYA
0.082858294,0.08546622,0.22813608,0.14149591,0.08257184,0.01561861,0.10947757,0.14385483,Bi3hNsTcda8
0.05193996,0.08002303,0.19061807,0.16798078,0.07297736,0.123736724,0.060408067,0.2830586,E79JjQY4B2c
0.08369605,0.1280473,0.25895402,0.0028319003,0.16443776,0.1550967,0.14571355,0.27199402,qJNydvwAaXI
0.124030404,0.09402839,0.48273247,0.14043519,0.048625004,0.008329925,0.059393555,0.16068086,iepWtFx-RVw
0.13364913,0.13619673,0.58013666,0.0022541226,0.11380489,0.0334178,0.20808822,0.4036078,vm9gvce4Zws
0.05667067,0.0688803,0.30854332,0.11375316,0.1628927,0.040628307,0.19743316,0.43560195,kmXDD7sj4UY
0.04422989,0.027098078,0.34307057,0.5065087,0.09079474,0.025863936,0.10907733,0.090639465,KTxKliNiod8
0.14498228,0.089797325,0.30468467,0.17998977,0.05735086,0.017423427,0.085212745,0.22749501,cC9cxq6_b_c
0.101262204,0.0679149,0.36765042,0.12055022,0.03808605,0.024662184,0.059128717,0.31715867,NHMo78iq_iw
0.08169419,0.06407682,0.3065387,0.11389467,0.0385319,0.033074442,0.04160163,0.151712,jXEP7mXJIHA
0.36263368,0.15233463,0.5372672,0.08274946,0.08727006,0.018881164,0.083325855,0.15263517,giBueUBd5ow
0.10035437,0.09607645,0.44696692,0.043399286,0.049478058,0.020824814,0.1891881,0.5439271,bBlpGT7TxHs
0.12197392,0.06323416,0.46944472,0.15235585,0.053981557,0.01721518,0.06708338,0.23092718,G1rdgrd3Pns
0.12930723,0.08623702,0.34660503,0.06206529,0.059154034,0.04234509,0.09261061,0.2366282,3By8nUKMUZ0
0.058492593,0.111056305,0.277899,0.16279212,0.113328405,0.034791227,0.16451256,0.5295426,RNwSq2FjPHg
0.10774059,0.08080832,0.30098948,0.1479609,0.063014254,0.015202113,0.068771556,0.16299446,HDfx60AJRiM
0.05659111,0.060385976,0.29587337,0.14426905,0.03678289,0.06332459,0.050994586,0.1978938,NkAonY9E96Y
0.05108905,0.04202999,0.24448077,0.05686822,0.07175263,0.035649624,0.13713297,0.30825573,OsBd0kwpq00
0.11690908,0.09274455,0.42566127,0.16717117,0.07798517,0.019575324,0.115634,0.240255,2rrywx8_20g
0.09316531,0.06904692,0.3042246,0.15918241,0.03453232,0.012356056,0.07243136,0.19052081,zspcOU35QT8
0.0677991,0.0907987,0.37862676,0.19240548,0.11125291,0.035649624,0.15783632,0.205229,rgIPYjL-_hU
0.05424374,0.06768077,0.28238878,0.02520587,0.09236599,0.0253489,0.07518971,0.22100094,Dnx5MKsuy3w
0.07867578,0.06946384,0.3263131,0.1846317,0.04239532,0.015757442,0.06763699,0.23123299,Z4u9eBmjjf4
0.059942964,0.0442844,0.35948196,0.107970715,0.049828526,0.024662184,0.068277724,0.08553237,v-S_tIYGU3s
0.26475587,0.29995653,0.51663804,0.12337212,0.2957025,0.060927194,0.2052633,0.24380703,s06Q__JOyNk
0.09021656,0.07864623,0.22737715,0.18185796,0.050722525,0.21539254,0.08705041,0.13972534,h5IOZZAT8Ew
0.14587215,0.081927076,0.61091864,0.010041156,0.0930677,0.044405237,0.1734798,0.26680255,hh4ANv89WMc
0.083014786,0.075962156,0.30617464,0.16422723,0.06555912,0.01999182,0.07909557,0.33048362,oH1fcCiaT20
0.16736233,0.13675351,0.37905863,0.13181473,0.0886901,0.011175984,0.18657753,0.2603038,iX9mQNswJrw
0.067104526,0.07513662,0.22982112,0.11019681,0.053353515,0.007531641,0.07505489,0.37794176,oKxr1b4dke4
0.037120063,0.055602837,0.19134222,0.102650605,0.0924528,0.08689302,0.08579897,0.18096699,GHeiQJrdSCQ
0.40267396,0.26060304,0.6415316,0.35955068,0.14439422,0.09870692,0.20838104,0.7301563,ZLa328CJf2I
0.10138288,0.04862296,0.3719287,0.026758485,0.11055775,0.015549194,0.05553982,0.069555625,VvvhUUZieAg
0.0304427,0.024606343,0.22218606,0.06475329,0.078457594,0.0186035,0.054697655,0.07121658,1RRNu4QS11g
0.028461177,0.03010013,0.17139904,0.022261238,0.030120183,0.00015293222,0.056939896,0.04220928,75H49PnPX3o
0.14417586,0.14515196,0.39952338,0.055221327,0.08939378,0.013536129,0.17223181,0.34873626,n-wHMEDbB8Q
0.121483885,0.10947181,0.386111,0.22296153,0.08297661,0.05852979,0.095918745,0.503406,UrViqetjhxE
0.1494282,0.17502253,0.33139065,0.06873071,0.13646518,0.021380141,0.25917384,0.6876487,NW0MpUxmopU
0.095459945,0.07816457,0.26968357,0.13819279,0.05986331,0.019852988,0.07317385,0.13165309,NAZ5FCQzLo4
0.027845006,0.018444896,0.21682654,0.04516712,0.009910987,0.0036096342,0.01514372,0.15882431,YxoR1tprQfE
0.19226955,0.15147637,0.449931,0.1985125,0.113594264,0.009857078,0.13901486,0.1906178,KEWgBUk5Uhk
0.047837265,0.03490171,0.23814711,0.14667164,0.027935032,0.035134587,0.04228941,0.14713947,B0DrWAUsNSc
0.034277245,0.0447595,0.27796978,0.15612207,0.050918084,0.013883209,0.036597654,0.35017845,oJJUdfsxXpE
0.04913455,0.062332448,0.2207128,0.5007901,0.08153432,0.13386416,0.07161557,0.18369097,on_lZfv9Omk
0.20458,0.16695412,0.6239107,0.01779186,0.14630291,0.023803791,0.25273713,0.7120489,bSDbv82SIzM
0.08615615,0.07037851,0.45096058,0.021138284,0.06773969,0.022945397,0.14862937,0.43324906,NeD38XCC21c
0.099249065,0.09302518,0.28959247,0.056682654,0.07223267,0.008503466,0.09660866,0.17675726,TUP0AG_g29I
0.11198134,0.08196568,0.27498335,0.19701894,0.05489664,0.018881164,0.08697896,0.2814125,NmKR2TtInbY
0.2396849,0.14353439,0.41196686,0.14468552,0.089320675,0.023632111,0.18477145,0.48886985,hreAh_SNTDA
0.2130419,0.17227148,0.43528488,0.19025673,0.1431497,0.09870692,0.2382585,0.70081306,07uAvhgczJk
0.06641737,0.043195207,0.36954048,0.059301946,0.027632836,0.003106368,0.029921712,0.20449753,ROg0QxZujpk
0.12565625,0.054187555,0.47404578,0.022343047,0.036857802,0.004893831,0.0631409,0.12339326,LWmBlNDiBr4
0.13891321,0.09073064,0.24821982,0.13908881,0.050584275,0.013050216,0.0678743,0.1752194,6n1kHf4FZ8s
0.14790942,0.15946698,0.4216645,0.073660195,0.1608921,0.014369122,0.10085574,0.4985411,m6TXOYCoLew
0.13325582,0.11865429,0.390621,0.10531514,0.09677283,0.018048171,0.12967047,0.38752306,MidztvoJtAQ
0.07811078,0.07365797,0.28664166,0.12157373,0.09097543,0.018187003,0.16441867,0.11362848,B94U9n4aanw
0.11661637,0.11044764,0.37241587,0.24857776,0.08805371,0.02637897,0.16484706,0.26111397,_f0a9-uVQFk
0.08758485,0.12830004,0.33025613,0.12624002,0.1728922,0.025520578,0.15165341,0.2936577,AxWQQ5up2UU
0.373432,0.16870409,0.46891615,0.009893436,0.13163085,0.010620655,0.14004268,0.33440042,QhcDkbWxDug
0.12280381,0.08050669,0.2760015,0.13517986,0.05068742,0.012564304,0.06585695,0.22345486,ricaXDjrbZo
0.2242962,0.15633366,0.4505292,0.15833862,0.07938386,0.014091457,0.10129169,0.43404526,1c8mLA1YdP0
0.12277306,0.11829484,0.30806583,0.17593835,0.12934294,0.014299706,0.12288144,0.20139174,_WM4FtLxl20
0.15527833,0.1301634,0.34873745,0.020666072,0.1484286,0.018742332,0.17363936,0.3268195,QMoqF6_oPgQ
0.06333548,0.06485588,0.2658385,0.061566543,0.034660332,0.008815838,0.05009116,0.2791408,jEm1QEy51lI
0.11372747,0.070005,0.2844913,0.17478214,0.05116407,0.02193547,0.09834661,0.14192128,QSRH7z64-8s
0.066739604,0.016953286,0.43420354,0.092631795,0.017058406,0.016035106,0.015834972,0.077153936,4uwYGLlBcOA
0.05668679,0.06718782,0.23680931,0.18599676,0.09627875,0.0224908,0.16503224,0.11499186,2ueVw83Plec
0.045126908,0.036246102,0.29168168,0.067109264,0.028689245,0.005865656,0.04910964,0.1615758,nFmkTxI66hc
0.12572908,0.11668591,0.37417978,0.07174888,0.10062127,0.040284947,0.20111692,0.28282496,-q6i_2xUvP0
0.070332386,0.035307016,0.3919377,0.03955795,0.012962378,0.0041302545,0.03066592,0.223517,Njucn01wv10
0.056052472,0.06963451,0.25284114,0.16795225,0.10499119,0.010273575,0.11429458,0.29823545,NKb-JvOBLmk
0.12786552,0.17162646,0.4497994,0.0470993,0.09797193,0.0068721883,0.15379448,0.3612504,RRT5GsCmqXY
0.025336118,0.025817553,0.24657147,0.21552238,0.048998713,0.0069068964,0.056913354,0.08947543,nEEet610I9Y
0.09110451,0.046970516,0.34135625,0.19354099,0.05369142,0.009648831,0.08355764,0.09983539,TlRpkNyVfZY
0.09785955,0.14392969,0.3606993,0.16451949,0.116266176,0.014646785,0.15618856,0.6633632,u_uNeSVtNlk
0.109338805,0.11279487,0.43819085,0.0046353065,0.15447655,0.11536485,0.109664395,0.26659417,RVVJYYHOXGE
0.21574883,0.15076111,0.24911912,0.046408292,0.106251776,0.0041996706,0.2660332,0.33770853,EeVb-lGxD_s
0.065592885,0.06634756,0.19786616,0.15303263,0.057255503,0.022351967,0.090747185,0.11698132,N-x4CDdnR1Q
0.09945448,0.055402827,0.33751565,0.26642492,0.02819497,0.015063282,0.033887725,0.120808184,e4cR5eC6nk8
0.07891728,0.068596564,0.33387414,0.17757876,0.057519138,0.036679696,0.04561471,0.3693322,ZkZRhLc8SpA
0.17052636,0.12961645,0.37394133,0.09212694,0.071324386,0.06332459,0.22062834,0.546755,tvvbewzKit4
0.24903207,0.1009583,0.50173587,0.013909934,0.06333313,0.0001561861,0.07387446,0.1343312,bhKjW5qpn_Y
0.049535956,0.08259377,0.29859456,0.19752102,0.19669059,0.1943727,0.17851305,0.28852174,y5893zS-4CU
0.055892754,0.040571123,0.348534,0.12521286,0.031484604,0.010412407,0.039173946,0.12742256,huQXUDIcc6U
0.120729275,0.06246935,0.47994068,0.053439178,0.044518564,0.022773718,0.07575071,0.17370223,-kUuLKFRxXc
0.05550946,0.10417649,0.22169112,0.18943265,0.14172049,0.039254878,0.13586183,0.55070066,o0OotEaDONU
0.13891318,0.09073064,0.24821982,0.1390888,0.050584275,0.013050216,0.0678743,0.1752194,3F-zHB50em4
0.035439707,0.03239757,0.279579,0.02221872,0.009494915,0.013952625,0.015048131,0.08695659,iJq6LJvf1Ro
0.16166449,0.124629945,0.4757898,0.039833426,0.03726227,0.0013883209,0.05745941,0.24247426,bKAguhjM3v4
0.062219687,0.054552875,0.32964903,0.14922498,0.060879786,0.0017787862,0.07118383,0.09594243,4l74fM2mTm4
0.051509567,0.03187207,0.42510152,0.05326769,0.037651297,0.009093502,0.11926892,0.3686886,BsUXJXstW1s
0.14642403,0.11640935,0.31440136,0.07555374,0.11415091,0.044405237,0.15025227,0.25092277,ORFx_qeQ4Ec
0.08813318,0.07357644,0.25293872,0.20904167,0.042678494,0.04406188,0.11210049,0.3647957,3RJLHwRFh1Y
0.07070159,0.061213765,0.31231555,0.05774615,0.0457234,0.007462225,0.055616874,0.29462168,TKMklpc9s3M
0.943203,0.8739568,0.6170376,0.16430861,0.6604398,0.015549194,0.3446789,0.48408756,sQnN3Qc4SNU
0.17217942,0.17412955,0.52902424,0.09002902,0.08745491,0.004650875,0.13302208,0.3560872,fDC3t5gqUiA
0.12030412,0.12781994,0.38302135,0.11886638,0.14451666,0.022773718,0.12140897,0.25403824,lS4iHT7WG-Q
0.1157389,0.08159339,0.4280774,0.031932767,0.05515693,0.00596978,0.08607743,0.21234542,RvXeVWfHNX8
0.12083152,0.08574811,0.23037508,0.11247135,0.048197854,0.012356056,0.08017571,0.14277652,6VDE2crj_DY
0.07861409,0.07362858,0.38503364,0.10226838,0.08205986,0.011800728,0.08586422,0.23514277,xEtM-6_oWv4
0.1591484,0.14774144,0.39638954,0.04871855,0.089190304,0.007982845,0.10838175,0.2752407,eLeaclHKdEM
0.2522371,0.38026533,0.47752434,0.18267655,0.2968657,0.013050216,0.52975655,0.83722335,1krVvlyfyv0
0.1167266,0.08228613,0.34724745,0.2599573,0.064787276,0.002950182,0.109644026,0.13314922,LxmnTxIt5U0
0.1228861,0.110891774,0.50691164,0.014426056,0.05407075,0.002967536,0.10286889,0.35128278,KbuJdXrp44s
0.1054264,0.067457676,0.49933207,0.0040728967,0.03711427,0.050242316,0.056996994,0.27890274,Lo6cfRJD4Fc
0.40105495,0.37803125,0.4300161,0.18337712,0.20480697,0.0765103,0.24462411,0.53124064,1AyIQ3Nbxac
0.22019257,0.253483,0.3571121,0.15124412,0.22965162,0.056931525,0.35358667,0.5540831,3Czv4KZxrxc
0.058319878,0.07313327,0.28718135,0.101489305,0.03596515,0.0068027726,0.12379574,0.41154265,PYS3ugXpmsE
0.04231001,0.08989823,0.3099305,0.013173075,0.06988583,0.00040781926,0.062632814,0.59745884,fVUIAkzwzls
0.12473743,0.1731648,0.30071077,0.13552673,0.18086065,0.01228664,0.17359017,0.28060082,vwKefhhfccQ
0.13239096,0.048869744,0.51629776,0.10347989,0.03674049,0.037194733,0.04914921,0.10027563,falpPVWjuiY
0.048249107,0.036655243,0.27987358,0.014556909,0.0182716,0.0024122077,0.024747103,0.16674213,lxBo8K4ECMo
0.51426226,0.22003995,0.6802088,0.053663556,0.12752767,0.07730943,0.19489667,0.27285528,MkyOMT2y3bo
0.1289593,0.11080258,0.3815182,0.053808425,0.103678584,0.008468757,0.15052521,0.34699944,ONAgLllarnw
0.20975503,0.311538,0.5045983,0.026084995,0.26237628,0.028954152,0.18159235,0.7285441,Px8Ed_9dfas
0.053837113,0.029987933,0.30433205,0.090818994,0.024626872,0.007809305,0.03829483,0.13149175,ZG8rITUrZf8
0.33787778,0.33755273,0.49895775,0.17798372,0.21487944,0.060927194,0.17269415,0.5548529,0hHFgpHgBN8
0.0814632,0.06902355,0.25537837,0.2649898,0.04810919,0.023117077,0.10226931,0.2818836,fh8TJpJYfL4
0.09590774,0.08550382,0.39707103,0.15919317,0.059021205,0.010134743,0.054269586,0.2976188,iVZSUWUNyLk
0.07728425,0.05278458,0.31104034,0.09910021,0.045704313,0.016451603,0.042635895,0.12212586,o1CHuyo-3qU
0.18319537,0.10019349,0.47779965,0.14162925,0.06306757,0.04131502,0.078976825,0.28763187,wRTum3S0k_M
0.2749235,0.17589232,0.614177,0.053226918,0.13337295,0.056931525,0.1463734,0.25674015,RUbW47T0pdc
0.074549064,0.15462625,0.36374116,0.0044039395,0.14746445,0.04680874,0.08115914,0.121948324,Br3Y4Cy5mjM
0.07382684,0.106091976,0.31289908,0.008542618,0.071106255,0.019019997,0.094869316,0.43798798,X3vOKukOMaM
0.12106131,0.31857103,0.37745398,0.06600647,0.4683434,0.010342991,0.3903263,0.42448267,bS9xiyRHZ3g
0.076995574,0.04408572,0.27546462,0.030840857,0.015181702,0.0087811295,0.03141909,0.18422112,0OdKtLCyHRk
0.091316335,0.05954734,0.39428625,0.14034007,0.051543705,0.011453647,0.057301827,0.16750939,efAi1QCDiyg
0.1287605,0.10364298,0.25669506,0.11175173,0.069937155,0.014993866,0.058469504,0.1415872,olUHMKX-YI4
0.17679279,0.17702253,0.37917113,0.07636079,0.083758466,0.010273575,0.096944064,0.31383604,CrIZ2Gm5aWI
0.14077048,0.10582474,0.37558246,0.17627403,0.04969713,0.019714156,0.07904014,0.27821007,47LWrYNGVRs
0.15407859,0.15280153,0.39043123,0.032642454,0.10060724,0.011731312,0.104572095,0.18443875,sY2Bh-EqEp4
0.037527587,0.06512057,0.23338641,0.19945563,0.07217282,0.011523063,0.046388824,0.06669018,cMncYfI9tMo
0.16632949,0.13498004,0.487809,0.022066625,0.14777952,0.0027072257,0.1281425,0.22694708,3FhVIrQniNw
0.25620678,0.11563426,0.4661061,0.2744743,0.08054855,0.026722329,0.09027621,0.15306613,0OAfqrZP-JU
0.08297207,0.10522105,0.36419064,0.023029856,0.1302121,0.036679696,0.19882442,0.32284048,2UPpnElQZok
0.124125406,0.08157064,0.29030505,0.20737813,0.054683678,0.010342991,0.06364689,0.16259979,HZP1aX3dhDw
0.1394117,0.10545816,0.34462014,0.055536576,0.10239369,0.019714156,0.11574105,0.13038267,a_Mbb8YIx5I
0.11244621,0.09754113,0.3475577,0.1355548,0.05525501,0.016521018,0.10216865,0.39090872,vKl2gvwd_z8
0.3118312,0.4233503,0.36689177,0.026986206,0.35108346,0.055732824,0.26392353,0.72663903,x8KYbK8M9bA
0.083331324,0.15690088,0.2769007,0.111601286,0.15374096,0.008572881,0.20315567,0.24749854,tZH7tkpMT9o
0.14667083,0.16579182,0.5313103,0.0501537,0.07889942,0.00281135,0.11316113,0.39481175,ohHj9hUd9dY
0.19282006,0.13455,0.3655952,0.1503359,0.093080126,0.040628307,0.11888651,0.22480589,xDw-RCleGNo
0.09171576,0.10850705,0.28556973,0.030023923,0.13067141,0.014091457,0.15258297,0.4232184,dKd_f-FoT10
0.13571934,0.075945735,0.32373995,0.15162262,0.053017292,0.010134743,0.063653916,0.1119859,NShCj2yaOhI
0.073595,0.078518204,0.3846588,0.07032787,0.06792466,0.016035106,0.138426,0.47230193,OtQ6j2com0w
0.14457603,0.12703815,0.35572407,0.26289794,0.34510112,0.07690986,0.17511855,0.28044766,B5cNLyxJclQ
0.103388734,0.15702139,0.3156817,0.30699393,0.18522863,0.04131502,0.122123614,0.5754464,AD4uqlcCYL0
0.13375206,0.16904745,0.3616839,0.08070338,0.10005037,0.025863936,0.26911867,0.5777003,HnMTptwzvHA
0.061594218,0.06087866,0.25687817,0.16139255,0.036226705,0.007844013,0.100957565,0.31850156,voRmRnrq0jU
0.1464654,0.07446567,0.49991152,0.13874856,0.033780023,0.019852988,0.027042884,0.16043209,OxPjNLKcjRw
0.26317823,0.24793188,0.5394244,0.13037418,0.21591067,0.0095794145,0.15941882,0.29015487,s9kyh81rBSI
0.49330306,0.19615445,0.6744447,0.14233315,0.09825118,0.103539884,0.15369464,0.2689211,bCt5l6Sp4xs
0.2014737,0.0952532,0.47305724,0.061655603,0.05277931,0.004893831,0.074308656,0.20610891,5LxxkcY-II0
0.18093845,0.5592333,0.37269068,0.7999502,0.5687677,0.3490159,0.7462793,0.2570064,I0HUIi3YOSA
0.01507047,0.020884737,0.62069786,0.03179727,0.016275845,0.007531641,0.010006423,0.03099264,yN5ozNUtiGE
0.050473813,0.054176416,0.4315785,0.034213245,0.04491259,0.09870692,0.043624993,0.28537792,R80lvrwVres
0.034592208,0.043620255,0.2998635,0.113083385,0.061736215,0.005865656,0.13262327,0.10956395,qJ4bLvQHGkI
0.1878181,0.17232932,0.4446911,0.14686026,0.17570822,0.00023102527,0.12366228,0.2419541,dPAWnMMYMQU
0.0350063,0.037968155,0.20823959,0.43893716,0.05502322,0.028267438,0.05837323,0.1051117,6-Iv8h7Mh1c
0.054128535,0.041537344,0.24016576,0.22940576,0.041819498,0.014577369,0.038300198,0.18642163,6tlPhMEjkvc
0.07488285,0.05868425,0.28792647,0.016217323,0.051978737,0.00017245549,0.059868515,0.09718844,OHMddaZxr-I
0.06198298,0.08104717,0.27693886,0.020052576,0.08081375,0.07730943,0.17870207,0.27253148,SSMrM3hsvWc
0.1488164,0.16029434,0.27644557,0.27610657,0.1551496,0.047495455,0.13897718,0.14656681,EE6vLlR7ZpE
0.086403355,0.05513926,0.22865677,0.13750313,0.025307966,0.006247444,0.042001035,0.30397063,gqAAryaXKYQ
0.1113182,0.10213232,0.26552078,0.06603287,0.050970145,0.011037151,0.094986245,0.42407092,BeVDL9wWE7Y
0.13199283,0.09532598,0.30641767,0.031967755,0.057928618,0.014507953,0.09875189,0.37324238,w2SavJK6UBg
0.058542967,0.06977787,0.42421943,0.16269171,0.051943295,0.050242316,0.07672369,0.33655092,4N1WQo-aL2s
0.15885088,0.18557796,0.4492382,0.031308025,0.14018333,0.020824814,0.19899774,0.50059825,IICN5FE7bsY
0.118049696,0.13025951,0.34440374,0.1441903,0.1366666,0.008399341,0.20545883,0.24250022,uulyfox3dKY
0.20347933,0.17233634,0.35157666,0.139221,0.07652545,0.022351967,0.13578454,0.27230927,rbbZsUPH5D8
0.23106071,0.27718398,0.498817,0.0994929,0.2504723,0.0224908,0.29913196,0.55369633,__vZTUFTunM
0.056568995,0.055118367,0.21933334,0.112342186,0.036496285,0.006559816,0.057090636,0.19070724,lqHIVwpj3-4
0.09954961,0.056780923,0.5031043,0.013403054,0.04053922,0.0012408118,0.049555425,0.39712054,Ej2DjbNL7aw
0.03489291,0.030814415,0.30162933,0.04202369,0.040885165,0.024662184,0.06206234,0.10861445,eCPCwWo-xWY
0.05327805,0.04068419,0.2955913,0.19273199,0.018997397,0.0017440781,0.022808338,0.23433426,oBHwcBBVCkk
0.30196968,0.3118246,0.50582796,0.19771086,0.46110427,0.2712817,0.3894476,0.8393826,teMZD_rXDIk
0.13891321,0.09073064,0.24821982,0.13908881,0.050584275,0.013050216,0.0678743,0.1752194,ec7er_h2hHw
0.14918908,0.07976226,0.31927633,0.16533262,0.04837469,0.016035106,0.059118427,0.13773169,F1N9WKFk2d4
0.14497367,0.080383584,0.50078064,0.14360914,0.0317488,0.0055532837,0.06252664,0.29616633,fuPccuC388E
0.05251525,0.045242447,0.25701526,0.016614325,0.09061765,0.020130653,0.072144784,0.10483325,1eUJ7ST1R2o
0.047185276,0.03844178,0.23858011,0.048309255,0.08764365,0.064523295,0.064868994,0.075211525,MBkfJFnlWkc
0.08864167,0.07086983,0.29051983,0.01777156,0.05600619,0.00019848651,0.07228173,0.098920666,Aw1G4TAaE9I
0.14759694,0.14866085,0.36253294,0.18164393,0.10625378,0.06851897,0.27777812,0.5914564,PqhTSk_rx3k
0.09967638,0.13804288,0.27418643,0.008984098,0.15496188,0.0012755198,0.25786117,0.19991556,QUH1_myP3ck
0.13891314,0.090730675,0.24821974,0.13908881,0.050584327,0.013050216,0.067874365,0.17521924,BcWOXhy0XbM
0.14010417,0.08983019,0.5255811,0.06856315,0.11281855,0.027409043,0.118604615,0.109247625,Z-Q3TDMHa6E
0.14845374,0.09357837,0.35163367,0.113054395,0.04385353,0.010204159,0.08758215,0.2522043,FrR73iwEgYg
0.17384121,0.123161666,0.32529512,0.0791839,0.12364971,0.010481823,0.107877634,0.13250093,g3lGBmfnBtQ
0.15229842,0.18646976,0.35997224,0.037039943,0.08034359,0.0022213135,0.11253917,0.41378042,I2Ns_r4z7I4
0.13891321,0.09073064,0.24821982,0.13908881,0.050584275,0.013050216,0.0678743,0.1752194,re6m_iI5UhE
0.07748576,0.049161065,0.29607168,0.33751345,0.06666837,0.10300289,0.05160958,0.10855183,ldKvQEXbNEs
0.0987474,0.050893195,0.3604824,0.19960056,0.03444049,0.010690071,0.035996355,0.09144303,WAkjbt6ydRE
0.09529538,0.11011786,0.33131212,0.118875496,0.08091045,0.010342991,0.072037704,0.35216787,7LHmBDBAE0g
0.1542245,0.10919462,0.48977846,0.07095359,0.10381074,0.062925026,0.0903239,0.13659726,Joyqo3OwH2s
0.07503625,0.06815038,0.39626935,0.012690192,0.14567697,0.04680874,0.1434443,0.11946929,rfnTlgcycC0
0.10412159,0.061802927,0.26468176,0.07601373,0.027371394,0.010967735,0.034298137,0.1436228,77b3rpYjvRQ
0.100083195,0.057283368,0.40680134,0.13908881,0.03369532,0.016173938,0.04386944,0.10315613,OcK05ZFVgHQ
0.10083922,0.22351913,0.32479092,0.107069686,0.18492305,0.0006377599,0.24832904,0.38989395,YK97csGP1VM
0.08501109,0.06812512,0.42558765,0.27125713,0.118009545,0.028954152,0.1213144,0.35318226,D7BBABRDdpU
0.091558285,0.09040344,0.28297994,0.023734847,0.050653186,0.04818217,0.051728744,0.322938,4cbF552trOc
0.22504325,0.19320242,0.4746265,0.18358058,0.12515604,0.067320265,0.1539823,0.7058353,OjlKX8jJoAI
0.1379154,0.048160072,0.5428455,0.09265983,0.0651298,0.02124131,0.050635472,0.0788566,KFosNnOU1ow
0.12425834,0.05997054,0.3711802,0.061988566,0.0313335,0.006247444,0.037747726,0.25735515,8msuiCzBU_U
0.097310774,0.061519153,0.24564415,0.1976153,0.035075743,0.03616466,0.057968587,0.30696857,qR4eaexl3yQ
0.033803485,0.02080786,0.22065476,0.13149667,0.03278956,0.02193547,0.037532765,0.061169986,6ulQyPp8-ZA
0.1358147,0.13004012,0.55412513,0.083946,0.22546688,0.0495556,0.20475109,0.29616624,vAyJ3lRjfTI
0.095738955,0.11129419,0.32458457,0.012086521,0.12781762,0.0022733754,0.21458612,0.49115607,LnaTFUg7wQg
0.07157128,0.09238969,0.2965418,0.098946996,0.06486537,0.050242316,0.08696287,0.4945476,YBJgCIRT9og
0.13891314,0.090730675,0.24821974,0.13908881,0.050584327,0.013050216,0.067874365,0.17521924,pumx3qTZ2ss
0.11770948,0.09001121,0.3387219,0.15714407,0.05383088,0.0073233927,0.04725757,0.24498993,UBc58gv6jhI
0.13734464,0.08348087,0.37582856,0.13067082,0.045946777,0.01596569,0.067991085,0.123849675,Bl-GHaK4GsE
0.1835047,0.20335983,0.5358907,0.13846625,0.20113473,0.017354012,0.1561664,0.26269913,_j35Q44oKbc
0.09562182,0.055976864,0.44621974,0.13477579,0.04213106,0.0043905647,0.02742006,0.093910545,HTGU5D9w8sg
0.40640324,0.5058124,0.6762105,0.6549821,0.23952447,0.1539292,0.21024661,0.30360016,w_5T72qwhNI
0.0896615,0.06840533,0.26042053,0.17495759,0.07860215,0.0066292323,0.07673977,0.12587266,KHZs45N5TSQ
0.3768306,0.23890483,0.57750505,0.123587854,0.27633426,0.025005542,0.40168363,0.782148,NWvTS-DDX_o
0.13565324,0.12085469,0.3275497,0.109824166,0.05619793,0.0186035,0.060697272,0.33194894,fdnXS5CmWW4
0.045148335,0.019435843,0.30396053,0.38810652,0.05556999,0.009440582,0.068332195,0.05747825,evHLDoF5_zE
0.20791961,0.46677482,0.42633092,0.20169918,0.715134,0.05373499,0.36234477,0.31007618,zYqkb4q5Bm4
0.07947523,0.08622099,0.28990167,0.005360982,0.0439531,0.028954152,0.08502591,0.21389714,9b-xobFy318
0.08213925,0.12943733,0.3279582,0.014443738,0.067635186,0.00068114494,0.058806904,0.3325188,LywDJY_kgqQ
0.1229127,0.14556092,0.33810455,0.037313197,0.13252196,0.01561861,0.18711112,0.49806684,RiSoF-kN7Zg
0.13409866,0.10121486,0.35505626,0.05299818,0.04475551,0.012217224,0.08118918,0.26746196,vXiRagZevKo
0.03437288,0.025065934,0.23498988,0.15158135,0.017235376,0.0071151447,0.027099462,0.05139888,GMcv4fP7-xY
0.27981302,0.27168053,0.37382445,0.18783629,0.1937095,0.013050216,0.24043061,0.365644,E8iNYfGHLHI
0.13891321,0.09073064,0.24821982,0.13908881,0.050584275,0.013050216,0.0678743,0.1752194,MsjEU18IYmE
0.031242028,0.017307745,0.21085475,0.11613689,0.012824201,0.011037151,0.020115795,0.06159623,b2c9Z1L2ke8
0.025504816,0.029063683,0.23582637,0.21983708,0.029852688,0.111500904,0.050630372,0.2893301,v1aKAKG9NJs
0.118491516,0.10265707,0.35545698,0.037561327,0.099339314,0.003123722,0.06860389,0.14837413,yaZaOe4vwFk
0.13302605,0.066892825,0.52500486,0.024267826,0.05766755,0.013466713,0.12542416,0.32232985,V7wCRtdEJvU
0.13891321,0.09073064,0.24821982,0.13908881,0.050584275,0.013050216,0.0678743,0.1752194,vBsAIIbxuLc
0.2818291,0.305387,0.550677,0.05681808,0.18436556,0.0121478075,0.14129375,0.3199469,XJuMTai9fM8
0.14188696,0.08362629,0.35254696,0.01829439,0.02168858,0.0064209844,0.040826693,0.1727873,XhYK3UFNRG0
0.14329007,0.11335427,0.44063324,0.025613537,0.05892788,0.06132676,0.099907026,0.48261788,yvhD1wlancQ
0.05321365,0.10954917,0.28655326,0.06127247,0.11301664,0.033074442,0.1613883,0.5339922,3aHOZUV_iHY
0.09561047,0.06818151,0.23213506,0.1560629,0.037432782,0.013050216,0.058399506,0.3444022,RXggLrPgtpw
0.068851925,0.045035973,0.24356614,0.21173319,0.023092471,0.014299706,0.018558191,0.10638025,4xGVcsBUjQc
0.10754016,0.120454125,0.47278774,0.07613786,0.045582134,0.003279908,0.06315198,0.19469279,mPNjXpJKdnM
0.18611759,0.12149474,0.3388262,0.12299167,0.031751886,0.013327881,0.05817838,0.1246015,iyew0q-kFjE
0.07498325,0.043949287,0.30586758,0.065170854,0.02963518,0.006282152,0.049026024,0.08608492,iKnYOFzy3RA
0.09143603,0.064393945,0.25503707,0.24925417,0.036164712,0.0087811295,0.044059783,0.17528501,o31D5pLcb9g
0.16341372,0.13773797,0.4433934,0.11520621,0.107824825,0.0136749605,0.08994945,0.12319355,NjOuVgRD5-A
0.10107971,0.071263164,0.39781642,0.12552276,0.06019138,0.008156385,0.08036003,0.23951976,T3hDck0bwtM
0.08078601,0.05953612,0.35699296,0.08923433,0.03313028,0.0019349722,0.04011529,0.09386145,eH-iUhTEkgA
0.08655485,0.06480878,0.37919647,0.1437926,0.066850536,0.061726328,0.083957255,0.37827215,UzK3uu7LBZ0
0.16034085,0.1404397,0.48576173,0.13879873,0.12873071,0.017770508,0.118845806,0.33693534,slaAo7T0-Fc
0.087386765,0.06584233,0.23946334,0.13908881,0.053692587,0.01561861,0.076701246,0.12888867,eh9P7-GkOXo
0.21115184,0.15240005,0.44709834,0.08379518,0.12404645,0.015757442,0.11598711,0.2618313,rDmpNSE20Cg
0.1471548,0.1017821,0.39206785,0.18978067,0.07900622,0.002967536,0.10795914,0.24512061,tMXmkNMa5Fs
0.13891314,0.090730675,0.24821974,0.13908881,0.050584327,0.013050216,0.067874365,0.17521924,qIDDcvInKsQ
0.08388996,0.10766717,0.23426849,0.10422735,0.052183434,0.02929751,0.09752878,0.37622935,5AcjM5BKfRQ
0.1623732,0.107339345,0.38161853,0.1099739,0.1063772,0.02054715,0.11720186,0.25760528,BqAv-J3wOYA
0.047229216,0.049671207,0.20325553,0.26512083,0.05717962,0.02124131,0.089495145,0.123916134,ZkUVkatQOXY
0.06574818,0.05274796,0.27831778,0.01694252,0.050914958,0.00031454145,0.05959948,0.09062629,ST7Yo2V3So4
0.12614986,0.102736145,0.36603042,0.36572608,0.08278204,0.013536129,0.11019422,0.23907313,P-Zsn6Xbjak
0.25685826,0.24136429,0.51204324,0.027298272,0.17073406,0.06971766,0.2114664,0.5018309,l1CKFcNyzVo
0.08324702,0.060099043,0.32765347,0.012541651,0.047844008,6.263713e-05,0.070736125,0.124966376,TWNhuDoiYV0
0.15207447,0.13595724,0.4013893,0.03878233,0.052381873,0.024833864,0.06452094,0.27927646,-svds7kvYB8
0.060602307,0.046787973,0.25618145,0.040669385,0.02615114,0.016521018,0.038058724,0.27681118,MxqNk5AZ_Rs
0.08531053,0.029484479,0.35307857,0.14012341,0.031953022,0.016035106,0.071249604,0.0946819,bC8DnqvvwyY
0.028785856,0.034201305,0.30853036,0.07123329,0.07339173,0.07211506,0.08338482,0.3679364,4pKsjAx5-Yg
0.038334187,0.038908508,0.3236402,0.3661277,0.041145585,0.0030195978,0.04671961,0.48983374,1uyEYg5MiXQ
0.27862558,0.14058562,0.65835565,0.104679964,0.100718424,0.16344422,0.14684819,0.18708763,dPlIyMEiUJw
0.120972864,0.08338838,0.39213318,0.061635096,0.053891744,0.0072539765,0.07277098,0.15959974,jrApV87d-uQ
0.13995412,0.097808726,0.36408767,0.1165446,0.07624465,0.0018221712,0.06568578,0.12844539,UBkAu26GrfI
0.10666245,0.09719572,0.2664039,0.15455288,0.06669144,0.020824814,0.10956196,0.26442772,tLNJCLHyzXg
0.047771916,0.04350188,0.22036546,0.085211724,0.022064695,0.005900364,0.026689846,0.25813282,Cc3-bvBqE3Q
0.45399153,0.23906232,0.50064355,0.038946025,0.121177845,0.06771983,0.13997878,0.28543448,26GKAD_rl5o
0.18078259,0.17630808,0.41833317,0.14595228,0.123004176,0.0067333565,0.1363675,0.5057604,QQ1fGSwkKQQ
0.1552183,0.18369275,0.33270577,0.6602757,0.2655443,0.13386416,0.39477405,0.21283056,KIUKQDnFyv8
0.1347433,0.12233768,0.34239766,0.5413242,0.13663137,0.019019997,0.32078275,0.19637533,Bn-zkI4ablk
0.043013405,0.030824224,0.2416372,0.06860714,0.0147537235,0.017076347,0.024727497,0.16672471,wDbHNfXxGMc
0.061454166,0.050658718,0.30104387,0.015709385,0.04196369,0.00016377849,0.061265822,0.09771083,E36ahc8bV0o
0.05826612,0.055369336,0.19405338,0.11833901,0.021382513,0.0090240855,0.043637946,0.07746683,QfhWOuw-EWY
0.055988878,0.053543117,0.2359146,0.015513995,0.045088068,0.00023861765,0.07756749,0.26478907,tu8T4Q2fE2M
0.26859885,0.19323587,0.47744608,0.19565469,0.1339977,0.018742332,0.1886301,0.35869086,q5INJ2D1C_s
0.13891321,0.09073064,0.24821982,0.13908881,0.050584275,0.013050216,0.0678743,0.1752194,Mm2_9XdWwcg
0.11764574,0.0915421,0.34987846,0.07653519,0.08186704,0.023288755,0.12374434,0.29665917,wTG1rBuCmws
0.16193537,0.14407486,0.5277149,0.11373431,0.14447033,0.14552918,0.12067662,0.25312382,vZLBcyRi5Ss
0.07071772,0.04817423,0.2676248,0.09311669,0.032713868,0.018464668,0.04443151,0.06617511,KyYheHW_j4s
0.13223162,0.05826449,0.4947342,0.031008933,0.041940596,0.0056227,0.071103044,0.16748132,TW-8IXcntFM
0.120438635,0.10920969,0.27613357,0.16591051,0.07698574,0.13296685,0.11887922,0.27504307,xWwrp0FwUwo
0.23446009,0.2777235,0.39568076,0.121760435,0.23212893,0.038911518,0.25446647,0.72603923,4B6ewehwS3o
0.042035047,0.05029951,0.19943081,0.08479831,0.040844407,0.0069068964,0.067000724,0.09110064,RYuyBvAkeDA
0.03764808,0.027674826,0.2981103,0.2678416,0.046632666,0.006559816,0.051085386,0.06405653,7fv3BTiCKNs
0.117895044,0.21705602,0.38031408,0.008869453,0.15651248,0.009440582,0.18329899,0.5441716,9unwLi3HRvk
0.050104044,0.032788783,0.28375548,0.078743964,0.021280717,0.047495455,0.0375234,0.22554673,c6DCv56naJg
0.15823299,0.14711535,0.3879909,0.016317276,0.085688986,0.0012321348,0.115194455,0.42273647,RqRX_5tqrpo
0.06569402,0.06907863,0.38038605,0.18216956,0.11308703,0.022074303,0.111312374,0.23448724,v8gXC-IHRdk
0.09528053,0.11608448,0.3911732,0.109918445,0.11659286,0.03049926,0.1150704,0.14492923,Rx7c28N6aW4
0.08952814,0.068379916,0.26475325,0.17973037,0.057374634,0.006559816,0.06419658,0.14995493,pSBZfvRrO3Q
0.13950565,0.20278719,0.34601334,0.14419137,0.18482363,0.014299706,0.24029498,0.7239538,S0K4XEkb8Kg
0.043928944,0.03515458,0.17139135,0.17579085,0.024638182,0.011592479,0.03159286,0.071426995,MGhiWU2NRSg
0.09250652,0.059779935,0.39256218,0.08067724,0.05365553,0.03187269,0.052019667,0.14307104,dW1cRWgXsyA
0.15433,0.061741754,0.20018083,0.14675443,0.042711385,0.007878721,0.14141858,0.165063,3mxf7Z95SH0
0.39811584,0.5592971,0.50198287,0.082516246,0.5587846,0.11343288,0.73898226,0.8583901,sSN_wkHj4e8
0.072603665,0.058370605,0.2783748,0.054662924,0.09546786,0.010620655,0.10367455,0.18378735,SfAv5nKD5mk
0.039270442,0.036289643,0.26411095,0.07772395,0.037234377,0.008052262,0.039489824,0.3125693,Wrn1754tfSM
0.05934304,0.06932437,0.23589164,0.017771699,0.07958209,0.00017570937,0.11924743,0.0665722,sWukr_cXPso
0.14519203,0.17495392,0.3984988,0.03320264,0.117731445,0.04680874,0.15098959,0.6561228,A8XaJGiVpKw
0.20215435,0.12984109,0.43867472,0.27092266,0.15308316,0.0741129,0.24561837,0.675846,k1vit0RaqtE
0.14998005,0.18004777,0.30455503,0.005479576,0.14594902,0.00014642447,0.25590342,0.23773257,XWTIWIlr2f0
0.01917232,0.010172972,0.24482025,0.28322914,0.024217341,0.008121678,0.0205349,0.039874107,q-cdgGskB1M
0.16885445,0.27983117,0.32774487,0.019184373,0.2515397,0.039254878,0.19804843,0.6019278,iygY4jV7ils
0.07526003,0.064667895,0.3286695,0.13570872,0.0473625,0.00307166,0.06367526,0.26392767,4Iei17PB2J8
0.094706066,0.048800983,0.26474732,0.050212532,0.026575742,0.0095794145,0.041814305,0.07804815,wMLV7xROAV4
0.041781165,0.028802652,0.21946576,0.027882423,0.019580668,0.019436494,0.032427646,0.058963608,ydj4avN8E5Q
0.048422482,0.047057986,0.31920084,0.26261672,0.08761291,0.00860759,0.12079438,0.13905832,m2aZys2PBXY
0.12841998,0.15971771,0.550447,0.060668297,0.15182354,0.012425472,0.21713868,0.4564434,XwlqC4d9eKw
0.1408905,0.08721681,0.48886082,0.08474277,0.08505887,0.07211506,0.07975359,0.12607609,6dtg8qWQPuE
0.066565484,0.047777962,0.2859021,0.012741908,0.027606774,0.008711713,0.039957672,0.0876629,My6irJtwq_w
0.08859198,0.096814774,0.36857745,0.10330623,0.05568515,0.0017180471,0.109951735,0.38025194,1CxKrRIN-38
0.09923877,0.073404126,0.3405429,0.050059207,0.06949961,0.0068721883,0.081320725,0.19245416,Tz45BhaiBkU
0.078546025,0.1138174,0.30829206,0.043173183,0.08461071,0.0026031018,0.08954522,0.39313686,P-hSa3-0dhA
0.056850124,0.03971468,0.3685973,0.08558143,0.035313677,0.011592479,0.07555026,0.31411195,hwKCnDTSqM0
0.18582912,0.17650935,0.27100098,0.27877763,0.099386856,0.06532243,0.1576971,0.2742562,HoPJLUYg_Lk
0.09242176,0.077370144,0.24288218,0.12424913,0.054643854,0.007739889,0.117764615,0.19634469,la05ey3kwSU
0.20204002,0.21583396,0.3701174,0.21745199,0.15355156,0.0056921155,0.16810869,0.252002,CyxEq3JCF_c
0.037199114,0.034154218,0.22283624,0.09498972,0.063422315,0.015063282,0.035703108,0.23595665,0GYq06BcYY4
0.29935437,0.31074944,0.43330532,0.2280023,0.21621057,0.11343288,0.20328146,0.65326244,IB1IOw-fekI
0.15812491,0.23214312,0.46157545,0.041491263,0.21971701,0.001405675,0.24525367,0.5816562,bzJLRu5X5Dk
0.09854949,0.11771262,0.37027118,0.0075395606,0.1356181,0.038911518,0.24209324,0.18925308,_s9Rn5cpMM0
0.06962139,0.053779796,0.23666723,0.012553979,0.038197696,0.00016811698,0.057465162,0.08652191,TAOwVPUeKOs
0.17314099,0.31131226,0.5007233,0.0011434889,0.3002409,0.029125832,0.24867444,0.7281002,VTHPpPUscKs
0.05595273,0.076678105,0.28461602,0.030817699,0.16824923,0.0095794145,0.11617532,0.55375427,pb295aQAtoI
0.21544836,0.107533924,0.52242637,0.12246445,0.06577851,0.0036790504,0.09305287,0.29038766,zHHgIGPbux4
0.073376,0.038068958,0.4398796,0.082014166,0.05918441,0.016798683,0.044908676,0.085191995,KT_kxrIjRL8
0.11661043,0.08080968,0.2480231,0.14816079,0.04384316,0.010620655,0.050623477,0.14505146,-mSqLfWGF_0
0.15193017,0.17264305,0.45878798,0.21519239,0.11215951,0.046465382,0.1105967,0.38983622,_5nq5rVsYo0
0.15491267,0.11458987,0.30552974,0.27604052,0.099196345,0.01999182,0.14169997,0.17807916,xK-mDuDjWv8
0.110895135,0.090369,0.27864358,0.16517434,0.05822062,0.013744377,0.09673698,0.2651335,Q5Wgyp-Fxmc
0.10333815,0.10009304,0.37101734,0.32900006,0.08799218,0.119872786,0.18895741,0.4047964,6CjHFg9G5R4
0.1361353,0.06055344,0.4719317,0.021176793,0.03950973,0.004581459,0.06857457,0.13303337,bMOy4QHdR3A
0.114797935,0.09695582,0.36079416,0.124152504,0.065749116,0.0072539765,0.056507554,0.12642613,0Pi2BXquQ2o
0.108719364,0.05411956,0.3183042,0.033335824,0.026470926,0.006247444,0.040822987,0.14750834,u04X_GJdCjQ
0.08763772,0.035420775,0.37888086,0.19426481,0.022179032,0.004893831,0.066317424,0.14571656,4-6RbPOVvjI
0.14868413,0.09080254,0.255257,0.085158445,0.04401846,0.012356056,0.08641098,0.16385394,w8tUYoXx7RI
0.19771753,0.08640933,0.6732552,0.18440647,0.047389545,0.040628307,0.062787406,0.12518924,GuHQ6cQmVlg
0.04480742,0.06810887,0.28383765,0.18755543,0.0492211,0.0026551636,0.12592943,0.10073013,y-3UbkB4214
0.12695464,0.051334176,0.5708048,0.33359557,0.07785219,0.03461955,0.07006301,0.09734178,W9l1tfGS0Rc
0.13592732,0.10311604,0.4036047,0.10376414,0.07970863,0.042001735,0.078758284,0.11304314,2R-_nzW4e0g
0.1633838,0.117268264,0.29077765,0.17174025,0.07549973,0.0044773347,0.124255754,0.341728,vn-_QX6SNqs
0.121524796,0.1049773,0.4390912,0.101077795,0.06360759,0.010828903,0.10860769,0.5509218,wUvsGG5Z6g0
0.062392876,0.0483563,0.30631128,0.06847268,0.03015067,0.021657806,0.03475248,0.1000004,DSv7yUmGaIA
0.19005474,0.13974206,0.51717657,0.27440357,0.07433418,0.084745035,0.098417625,0.2388684,StxQ7IqgN5M
0.17036675,0.23529163,0.47785828,0.07388858,0.20044549,0.0050673713,0.16747287,0.17722428,UxTRsNFVZTA
0.035812687,0.05028187,0.18436757,0.33244756,0.050870012,0.019019997,0.13203709,0.11806569,gKBlCgCaDPc
0.04880766,0.047362123,0.17255427,0.09848017,0.034093324,0.01561861,0.061989788,0.087042354,inmIkqSVatI
0.08782759,0.07205165,0.25980642,0.073992446,0.062152885,0.18253209,0.0671607,0.14239345,vFbJvXHMJZc
0.13366212,0.25428724,0.441881,0.017791204,0.2916945,0.087430015,0.30302626,0.43659735,du9rM5i_qSg
0.19153462,0.11751049,0.557483,0.023080282,0.11241334,0.06492286,0.16859525,0.20609653,HUiTYiCQ5xo
0.043716006,0.02410253,0.26708502,0.1578298,0.015331159,0.0072886846,0.016507538,0.12787306,ZXFM3c-6ypA
0.0770116,0.025571488,0.45349613,0.08280426,0.01874005,0.0064904,0.010169445,0.1341124,ET1x25cupJ0
0.10794293,0.10583564,0.3223925,0.02946801,0.0853462,0.05852979,0.06604375,0.14376329,8ratQfAjuDs
0.18473433,0.11550255,0.39573538,0.17656776,0.07222596,0.010898319,0.11478757,0.24576958,ma-Sa1_Ju0w
0.2624673,0.18751599,0.67127186,0.12931336,0.13944702,0.016173938,0.13021515,0.24684955,wFYEA6xBM7A
0.10990833,0.1064167,0.32668436,0.059945386,0.04100954,0.026722329,0.07108846,0.13258308,FtvPI5rgA7s
0.07901703,0.08076791,0.4547776,0.361773,0.13163087,2.3590608e-05,0.14899684,0.18848848,gKucpTkqVY4
0.12444842,0.12154221,0.30216047,0.025315315,0.11413292,0.0035922804,0.10842312,0.16232635,YBT9lvrr2S0
0.1332464,0.14390545,0.41772017,0.03454631,0.15519667,0.00040781926,0.17164868,0.5762622,-PzipLey_Rk
0.100083195,0.057283368,0.40680134,0.13908881,0.03369532,0.016173938,0.04386944,0.10315613,CiZOJwkeEpM
0.04703009,0.04225786,0.21907274,0.1645256,0.032450043,0.04131502,0.091225095,0.10771536,_q_vJZlRLtI
0.13877945,0.11002371,0.29526734,0.005404069,0.04835269,0.04406188,0.028090458,0.17997254,gX2mArd5eZQ
0.10787117,0.12580848,0.3377068,0.29659683,0.10892114,0.09924392,0.087644316,0.39558643,TSnZoMpcw3E
0.068575874,0.10106636,0.28960484,0.19287771,0.11860856,0.13082063,0.123131864,0.28495225,GmUsWof5tlo
0.18897761,0.11420712,0.3673005,0.13065702,0.06005859,0.014091457,0.09275419,0.20824024,y2fANRrBC4A
0.19621007,0.14025271,0.42086637,0.10902479,0.12643556,0.013258465,0.10212664,0.40224537,Ll0dueFtHpE
0.08162001,0.09100062,0.22950462,0.18713373,0.070551805,0.05093802,0.056426745,0.09794624,I0LWK7mf4zM
0.04684962,0.08120063,0.20741905,0.43827778,0.21314505,0.14956708,0.043834258,0.2851066,oq5dDoWvnFU
0.3299117,0.13927719,0.6683646,0.115918845,0.05676671,0.008642297,0.07009613,0.16678627,KXj_6BEdGzw
0.18049072,0.2313045,0.33801338,0.012463363,0.21161173,0.0009935171,0.32081264,0.23468097,XluDAbVOKvU
0.1411235,0.14245445,0.5696124,0.0018685891,0.20315683,0.032731086,0.27061144,0.60785496,o1q2OfEoDlw
0.20104383,0.15164718,0.52153635,0.19733897,0.08185391,0.0090240855,0.10483496,0.25172195,Eq1rHggZws0
0.17393322,0.16205138,0.42389643,0.14126766,0.14332311,0.0030369519,0.06768751,0.14318812,JPH0jLIZypY
0.1739331,0.16205138,0.4238963,0.14126766,0.1433231,0.0030369519,0.06768748,0.14318804,VZjWTETQ8dY
0.066838145,0.04944376,0.39041123,0.14509572,0.05274076,0.008815838,0.06419861,0.20071167,B5XFiSl8L68
0.04413756,0.0498949,0.16326648,0.09928408,0.031348154,0.016521018,0.05544147,0.09938171,znH5xIVBESI
0.40012306,0.5341495,0.5386303,0.17567654,0.26681542,0.5818954,0.1974557,0.54185957,VVmYPO2xtjw
0.027450545,0.03825869,0.19829687,0.3169601,0.0895006,0.016451603,0.07415142,0.13078055,tcOLp8fvqNo
0.17761205,0.16693678,0.3422854,0.06380859,0.14314514,0.00065511395,0.10863396,0.1710056,NflAYrxnxC8
0.1553258,0.1248235,0.4500868,0.17357755,0.15302545,0.019158829,0.2177889,0.1407197,1FiRqhKXBGs
0.10224323,0.04331288,0.4777394,0.1266436,0.04380401,0.029125832,0.044779062,0.086841665,Bkp9UPBqraI
0.16526341,0.13620919,0.44478366,0.18638599,0.16117969,0.017284594,0.22528715,0.15593798,L--K9iUKjOU
0.09931954,0.038059853,0.29493308,0.08658802,0.017252788,0.015549194,0.02639117,0.09321947,_hC4MgLpwfE
0.059769817,0.052130647,0.24296674,0.27915925,0.068549454,0.017354012,0.05841236,0.23567404,Tz5rWudwKrg
0.10784633,0.11570382,0.39232257,0.18731967,0.08194951,0.0054144515,0.080516145,0.41858214,gbnaxI2PEbQ
0.23472346,0.18406641,0.40491137,0.023091307,0.115732126,0.087430015,0.09269953,0.120837756,xXsFEG8Edrw
0.20960487,0.10526537,0.53947103,0.19121245,0.058904327,0.014438537,0.063274145,0.23295324,3uwssPXxgUE
0.2104727,0.313899,0.38658002,0.024573611,0.34299502,0.008503466,0.4003475,0.5508125,A1gaQ6Nj0iA
0.10158395,0.09201662,0.28289273,0.35940567,0.09241488,0.05493369,0.0931908,0.14369816,cRehFdfeuIc
0.08362633,0.15687954,0.29815242,0.20840152,0.13875785,0.1609341,0.20948704,0.73514676,cSWQ0eD26ZY
0.08066352,0.120814174,0.24439275,0.07490356,0.113700904,0.0039914227,0.11590492,0.28004533,xgg9QkU9qf4
0.1446545,0.1144312,0.41319966,0.16841896,0.13676733,0.015688026,0.20430483,0.14781444,kfTPH_rb1UU
0.37203485,0.5089712,0.48338044,0.11331256,0.22406225,0.5535644,0.12746651,0.24420224,PZEkudT09xU
0.087157115,0.07541834,0.27066517,0.10130825,0.062731236,0.00035358797,0.12049096,0.3244864,R3CQb5iFNFE
0.13629927,0.062773705,0.36343032,0.17594227,0.055733908,0.017354012,0.060626972,0.11579705,qTSr9aTpX3g
0.15194611,0.1157161,0.44735757,0.18762289,0.14198694,0.015340946,0.19968015,0.14403994,g9kbRB7itmY
0.10653206,0.101848304,0.29780167,0.26688626,0.044312574,0.017631676,0.0867691,0.32084483,vuffLN3HOZc
0.13770019,0.10579481,0.44685313,0.08107339,0.13751958,0.019852988,0.1848189,0.15854564,mZJ8YPczmSU
0.15044233,0.12450522,0.47245267,0.15734138,0.16460091,0.016798683,0.21544869,0.14753771,44CceqVNhm8
0.08757435,0.07401295,0.46950513,0.101704024,0.07460051,0.017145762,0.09575446,0.17342703,6h0Dn6yfaoo
0.092265494,0.07574959,0.44818968,0.16042864,0.0991866,0.0007288685,0.12623905,0.11467762,SrLqjcyEJ0E
0.053984243,0.020725073,0.4575764,0.12860641,0.038456343,0.025692256,0.026646867,0.13393047,5vdKWXZR_8Q
0.038350523,0.030275846,0.21647747,0.054801513,0.017023118,0.0050673713,0.023664702,0.19123173,LZ9o8VqKjLE
0.06576699,0.05297086,0.33755815,0.12783594,0.040354855,0.004217025,0.053628787,0.09643501,owB4TxcF1DY
0.20747347,0.19475375,0.51257575,0.5108943,0.19159599,0.009371166,0.14659953,0.20389603,uR31Oo1fpQI
0.112787,0.1080003,0.22013037,0.01876233,0.061578013,0.0014230289,0.06700317,0.13547559,tVU3zXaIvSM
0.04979799,0.057698157,0.22015168,0.27204373,0.05685546,0.04131502,0.09099833,0.11777434,Zd4MSDACt8U
0.04005391,0.022499805,0.3880192,0.1607333,0.023657529,0.012008976,0.028522097,0.07652892,vyOcZe3fRzQ
0.19513217,0.14109427,0.4361243,0.02880768,0.10574059,0.008885254,0.09739836,0.25281706,jKLVjq0lJJU
0.10241845,0.120992705,0.2850282,0.73152167,0.3850287,0.035306264,0.31447843,0.18655165,lwacytDlAfE
0.14455488,0.15351707,0.2668174,0.10472773,0.1217782,0.034962907,0.13257536,0.1741173,sHM69SOP6cQ
0.2827549,0.18303883,0.5624285,0.03802424,0.09535597,0.016798683,0.082388,0.20574577,4s6ydUORcIg
0.06698277,0.051123444,0.38069946,0.014867768,0.050558444,0.00843405,0.10782859,0.23636545,qvjOJ0BGskY
0.6830831,0.58994895,0.5146612,0.050889768,0.36348528,0.13879937,0.15956558,0.24434581,i-RW7jqrbVY
0.12567209,0.13536227,0.32225698,0.14689407,0.21203972,0.08367105,0.15991975,0.44610637,vMZ_bDk7JUw
0.07407925,0.06989355,0.29699096,0.078555375,0.058439255,0.089577995,0.09672511,0.1257705,xmXcYSzk7wY
0.14059283,0.10116352,0.32408595,0.03685387,0.08272255,0.039254878,0.0755435,0.33051375,j03o3rOm8_0
0.049633898,0.04446614,0.25691408,0.116752185,0.05319382,0.037023053,0.03229204,0.13307828,ScgFgVWUs-4
0.10152613,0.078667544,0.35965464,0.30962405,0.037107788,0.0070110206,0.07121229,0.13670926,p36O7ZChcro
0.1006591,0.14085157,0.64560646,0.040905915,0.12866664,0.003002244,0.13789767,0.6032393,Xrghe_3sEaw
0.07441422,0.06491646,0.2585186,0.062160704,0.12921514,0.2712817,0.076366,0.04766959,0Uw7H2hR80U
0.02779514,0.05488489,0.15578176,0.040895745,0.024306463,0.0007896075,0.050854646,0.057905048,fbrk2wOImuo
0.14607294,0.15099928,0.3529399,0.016472481,0.12679532,0.0039220066,0.2552718,0.4663787,YXaD28X2p4Y
0.049827337,0.041071285,0.354481,0.024314828,0.034451835,0.012356056,0.06588878,0.32268113,A6vBadna5yI
0.12939523,0.09611289,0.27794376,0.05930187,0.056905326,0.008052262,0.058350336,0.10417297,LB81dxTBETQ
0.23712192,0.16136326,0.50924873,0.08574152,0.17270483,0.1250247,0.12637383,0.55965555,W278xY7HYBY
0.14492214,0.11433406,0.46304765,0.19213161,0.14763092,0.015410362,0.20460512,0.13493876,eXrkKWUB_sg
0.085916094,0.05256176,0.27586251,0.18453085,0.033057585,0.012008976,0.0328706,0.068819575,rYI5g03_q6g
0.10655077,0.05094932,0.34860027,0.18085681,0.10583506,0.015202113,0.065483406,0.12794396,Ur39I-Ts2cA
0.18223554,0.17728232,0.42354602,0.03800348,0.23611782,0.16035037,0.24009746,0.15904409,jE0ipxJqiMg
0.05360909,0.05690768,0.34381437,0.010486169,0.06585723,0.012703137,0.057894103,0.37132233,zMn4VLr6f5M
0.13623758,0.14684725,0.2891198,0.14810075,0.22635694,0.025520578,0.17057116,0.51447856,os4cj-0yeWY
0.06421143,0.10220874,0.35415462,0.16435175,0.22060393,0.08850401,0.052099258,0.12817158,wUnDgL5fQIg
0.15118173,0.12432055,0.7784964,0.0034833818,0.14037818,0.25219622,0.21775784,0.40840456,JhKvXjarUHE
0.10152623,0.07866758,0.35965452,0.30962405,0.03710782,0.0070110206,0.071212485,0.13670926,Nus6jHtoAmg
0.08109039,0.06247283,0.3531845,0.26229247,0.034064658,0.0024989776,0.06388655,0.106361,XW2ZNRndkjg
0.1415162,0.1273854,0.4884126,0.12978601,0.1857132,0.015202113,0.22811846,0.40205207,igLuCfuL6lc
0.10152623,0.07866758,0.35965452,0.30962405,0.03710782,0.0070110206,0.071212485,0.13670926,3qwtdBEGI20
