PERSPECTIVE_FLIRTATION,PERSPECTIVE_THREAT,PERSPECTIVE_IDENTITY_ATTACK,PERSPECTIVE_SEXUALLY_EXPLICIT,PERSPECTIVE_INSULT,PERSPECTIVE_PROFANITY,PERSPECTIVE_TOXICITY,PERSPECTIVE_INFLAMMATORY,video_id
0.3935839,0.16879122,0.16080979,0.07231705,0.11068413,0.07935536,0.20302857,0.1686353,ucPoLHSav7A
0.2929561,0.14331006,0.12042347,0.036361873,0.0837422,0.046880886,0.058130227,0.21544969,QajOO6zUTW4
0.18332122,0.09149687,0.05128056,0.027889546,0.04092108,0.03350453,0.017631676,0.14702205,graevR96sqk
0.397056,0.30204508,0.12515894,0.04696072,0.05904513,0.05165492,0.1731117,0.021871759,ZXCXT57Swww
0.36264694,0.14853315,0.13051021,0.046430662,0.2784501,0.068422735,0.18253209,0.20422302,rzUASFzT_2k
0.29911557,0.033761103,0.019303618,0.08086266,0.016824527,0.021154728,0.016173938,0.11281926,tqb2D3SJiZ0
0.20849267,0.11320798,0.23831171,0.027275626,0.12149433,0.041483074,0.08796701,0.47742164,vrKsTQpUp8w
0.19859947,0.059782825,0.036724575,0.023044687,0.040958695,0.027742676,0.024833864,0.3380246,KYgoX8uWasE
0.18768956,0.065297484,0.03850077,0.019676754,0.045685418,0.02339779,0.014022041,0.1961838,IHPL_Kp-9RA
0.23746534,0.1327076,0.03911217,0.03502477,0.03601381,0.03261562,0.014993866,0.12159153,eK83QqbNOmU
0.29299194,0.6274689,0.2909384,0.032889552,0.15978616,0.09179301,0.0813051,0.13212596,SSTnN5bFyBk
0.23664948,0.077553615,0.05263628,0.050462544,0.033240438,0.045541137,0.023803791,0.16379489,ZyLCT8F4AFs
0.24924535,0.1017583,0.055464353,0.034696177,0.06161456,0.04166722,0.03461955,0.19428588,CRjqSPSkNEo
0.39830172,0.11736097,0.12761809,0.12550755,0.068587996,0.07500296,0.06492286,0.2831581,_8ZcOWYsE7M
0.1871444,0.087566346,0.028781395,0.02348149,0.022007592,0.017827138,0.023460433,0.12136632,x4Vxv9e3qW0
0.25929847,0.09708457,0.11765837,0.03579639,0.10557975,0.063785955,0.15130237,0.3554868,D9zo-NucuXk
0.34940657,0.22279245,0.079156324,0.04451228,0.070105,0.0471425,0.13655609,0.37166643,tgWl37892qQ
0.253411,0.12395586,0.03592876,0.053268388,0.06966933,0.039561227,0.029812546,0.24764568,4Dp71M9guFI
0.4613181,0.14307347,0.038914986,0.098525144,0.04126372,0.053256664,0.049212243,0.24530096,uXniD5SBX7s
0.24737169,0.084734924,0.050492156,0.03258944,0.051477235,0.035134073,0.07970683,0.31897104,qgJcvTZyUng
0.25117403,0.2509116,0.10926995,0.09489708,0.07970936,0.10186604,0.02193547,0.20140196,7ASgDL8Dymw
0.43873522,0.37970352,0.18715538,0.058908667,0.079080425,0.056193884,0.07011723,0.26272672,BxNpCIMd-PY
0.22547682,0.18121274,0.18078946,0.075561546,0.09920095,0.07815081,0.027237365,0.43778783,TxMx25OnJ0s
0.25243878,0.07539188,0.03631719,0.02485447,0.036477942,0.028286537,0.013952625,0.31509116,SpFax8EojrA
0.35352266,0.4730664,0.13756828,0.03796191,0.0930969,0.064768076,0.09118898,0.09745882,yDGSRr5xig4
0.35588706,0.09111146,0.05306193,0.0787486,0.043102305,0.03196453,0.13521013,0.21724643,Y_Xm6u1ihUk
0.25383255,0.21431908,0.063437305,0.029871821,0.027056644,0.023309804,0.049898956,0.5680319,tAG0DBO9bjA
0.28533182,0.11622953,0.14432825,0.048109658,0.07710813,0.063489795,0.033246122,0.2512594,NJReJNNzh_0
0.40559864,0.12115873,0.09503819,0.05176493,0.124886006,0.064261705,0.03616466,0.42933303,VKkeup-ZNlQ
0.34367508,0.16948028,0.03700627,0.031877674,0.019534595,0.02326589,0.09065199,0.353528,IqH5zAHaRn0
0.3052026,0.21048582,0.124979235,0.031251106,0.051672213,0.048904892,0.011037151,0.16820444,B_61BlBCTpE
0.33407778,0.31121427,0.5448499,0.120170735,0.36637458,0.24737272,0.09118898,0.2770018,LT80RvFZ7T4
0.21838617,0.08245012,0.04098243,0.033154175,0.031485885,0.03118819,0.022213135,0.13532184,8LLtwkh3rbQ
0.33364803,0.04653384,0.021116864,0.024903266,0.04030819,0.022329861,0.015549194,0.11357697,gWXQ2Dv-PJY
0.24653104,0.4119578,0.20129843,0.017378258,0.13762033,0.060057558,0.09709594,0.26606157,wr_hxM_t03M
0.3179154,0.31318036,0.12084108,0.02716418,0.11417495,0.049244266,0.0825038,0.26819244,eFCPsLCL5Fw
0.24526514,0.089865714,0.026341483,0.022852963,0.024456115,0.017014412,0.012772553,0.22123127,HncSgW7mMy0
0.34963948,0.23795469,0.12364927,0.037675552,0.092026204,0.053018257,0.03187269,0.14822775,3QDB-0jGKCI
0.1937263,0.04493787,0.029844467,0.013854568,0.02654194,0.010791191,0.033932835,0.26912698,EnfFgWP-XCs
0.21566665,0.16261595,0.16724087,0.03961067,0.07094454,0.061502453,0.023460433,0.23574781,LnjY4NTWxTc
0.19668475,0.061164018,0.025174975,0.023372645,0.029387906,0.01946719,0.013952625,0.13114877,kIF9IWndLMo
0.36516678,0.18074957,0.030650698,0.030689966,0.025124243,0.018954432,0.03204437,0.43767828,3UwtCFh7SAc
0.37413493,0.15465242,0.05065261,0.04987202,0.04121597,0.037296314,0.019297661,0.19197266,E5D-cwxuylo
0.23188551,0.15401268,0.16970234,0.073980995,0.10426478,0.09585316,0.026207292,0.31005764,_MNcQoxYVDg
0.19482253,0.027375454,0.01878176,0.020656867,0.030569954,0.016810222,0.020685982,0.32744333,jMOMq1_dMkw
0.355063,0.29868323,0.29541513,0.038219895,0.117558725,0.037650622,0.062925026,0.08219937,Ait9LO5Wv8g
0.3287586,0.129958,0.06015582,0.056684393,0.03265227,0.03327019,0.019852988,0.21096201,ZN7nRgtX9r0
0.17565562,0.16994374,0.11891021,0.022178842,0.073246524,0.055226646,0.062125895,0.40887782,iBK2m0ZI9Sk
0.23227884,0.08983819,0.0723901,0.068023846,0.053893197,0.06627203,0.012703137,0.110623546,bjAPtBOAulo
0.37211245,0.22352684,0.076055,0.14459902,0.09378987,0.120151766,0.065721996,0.057000577,bji7HoGUd7c
0.27699146,0.26693708,0.10415177,0.030871404,0.04523522,0.03269653,0.059728492,0.21152517,tX3Pl5Zl6O0
0.23963761,0.19093978,0.08702314,0.021149626,0.06808528,0.032710567,0.058929358,0.26823777,IMmVab5y_zM
0.32928133,0.09813129,0.03473628,0.048455343,0.030095067,0.023785021,0.033932835,0.20945309,377UvhOxL_s
0.3130594,0.14580634,0.10448985,0.14341831,0.10102316,0.12538204,0.016035106,0.2643324,cAxShqL53LI
0.15750702,0.32729718,0.096449964,0.018754158,0.085266195,0.049054526,0.028954152,0.3559577,n45cE6qOc7A
0.3175982,0.0832171,0.260327,0.05740225,0.18872645,0.049320422,0.052136723,0.4999347,RjuA4okawaM
0.23137772,0.064327806,0.046769682,0.043704916,0.05489104,0.04084071,0.0136749605,0.20548993,bao62zIJOHY
0.40145504,0.4905438,0.09919659,0.061611056,0.07879782,0.06463603,0.09172598,0.28999728,pxjRozjul0o
0.33939698,0.01525248,0.004865593,0.028275821,0.0092971595,0.0055062138,0.026207292,0.33647048,6WAUiSGDVBY
0.27339643,0.20274323,0.14357057,0.14385805,0.17400563,0.14307362,0.025005542,0.22916937,f7l5Bi-Q8K8
0.31630668,0.3512451,0.14302367,0.04747684,0.08605566,0.054589987,0.036336336,0.17919412,1_6gWV0p0no
0.35116947,0.2049975,0.14436077,0.04128483,0.08553741,0.05245724,0.067320265,0.15024287,4HsgKF2hagQ
0.24221793,0.09552822,0.028882831,0.02800435,0.030568114,0.02941658,0.27045983,0.2766957,zbkxwt6bY_I
0.25779352,0.066874996,0.044678465,0.060995188,0.05810753,0.08145278,0.021380141,0.101063006,eBO6Tzjbq3A
0.21835075,0.06978085,0.056313563,0.04744962,0.10166998,0.060438983,0.020824814,0.34408858,AE3wlNYN5i0
0.23955595,0.11456015,0.11742712,0.05134017,0.063698314,0.059232343,0.0495556,0.29693288,Wb1O2s_xyJI
0.31181034,0.06350254,0.055678815,0.028751334,0.09660812,0.033047445,0.043375164,0.26154113,Zp3h_N5Y_18
0.32924214,0.11888321,0.039059542,0.04673014,0.045430247,0.03594304,0.030842619,0.35287783,jCU5C4SrIlI
0.2250878,0.09803029,0.13324906,0.072329365,0.08709515,0.08272696,0.010481823,0.06365002,wKgWUMyEr7A
0.4834926,0.44599622,0.18920577,0.20992671,0.061798718,0.13002567,0.0471521,0.3086328,M3xZFcySAQ8
0.41051665,0.17107014,0.100603126,0.09983963,0.100305974,0.10676669,0.0253489,0.14037158,-d9qUqHCvDg
0.23877491,0.12552099,0.03408067,0.057425234,0.037463184,0.056693424,0.052935857,0.18865612,cqiPhpPeFVU
0.29806703,0.30135614,0.17659566,0.04308141,0.090744846,0.07660995,0.076110736,0.14374,FYtWiJ0giAM
0.28972447,0.08456781,0.04783647,0.02239412,0.0412213,0.019364867,0.01492445,0.28918174,jwCh9EkuHVc
0.19668475,0.061164018,0.025174975,0.023372645,0.029387906,0.01946719,0.013952625,0.13114877,4G3Hwohouzg
0.3282291,0.2797956,0.13155319,0.12791227,0.05263042,0.118918,0.03994159,0.23543675,riIMqapAxfM
0.19843031,0.04601936,0.030669343,0.01819322,0.027420284,0.019867681,0.011314815,0.14519052,6A3JPkQ-myc
0.2268396,0.24381134,0.15546335,0.07976328,0.09550844,0.09560048,0.0729142,0.37590283,EmuXrM2JAvI
0.40767616,0.20564476,0.102566406,0.2842889,0.10638584,0.12894407,0.14777246,0.2735612,R1x3wbzH0zc
0.1765231,0.29022452,0.12591042,0.021276932,0.10388381,0.05788025,0.01228664,0.44773728,A0l_I--7NAs
0.21808773,0.08878674,0.075588696,0.032943487,0.05205398,0.028879222,0.009857078,0.19850902,GPCb4dj59tQ
0.2684832,0.13692245,0.09201096,0.13303293,0.07732561,0.10160778,0.011453647,0.25865498,Kt26szxRNB0
0.2600512,0.34630495,0.11544828,0.04720992,0.09716767,0.048254963,0.065721996,0.19860905,isr51ZmuJwc
0.1602481,0.059143286,0.027262356,0.024538416,0.020184658,0.027958298,0.022074303,0.22783664,cgIIfnKMY-0
0.34602812,0.6641035,0.10458957,0.11052587,0.18886693,0.12292647,0.36805952,0.64489174,hItMw3DqUJ0
0.25535065,0.16655484,0.06832543,0.021548452,0.029092822,0.03014909,0.0358213,0.032817278,yzpyq3LXTx0
0.3832589,0.16394898,0.14434576,0.1299932,0.16103168,0.115880944,0.040284947,0.25958484,Uw5Lwak8gXY
0.27618986,0.0529607,0.05167055,0.029621296,0.10383404,0.03982856,0.031185975,0.3135511,WgvtobJZGcQ
0.3856516,0.08895147,0.05633256,0.08058461,0.057515204,0.048778344,0.06652113,0.26362023,YQWm6pJ07mA
0.2439416,0.08767952,0.06306931,0.031675693,0.059628826,0.041294727,0.023803791,0.1941173,f14K_QSMVZI
0.27957338,0.110825025,0.1277176,0.040010255,0.09738338,0.065693066,0.062925026,0.18788445,1h5P6JpybYA
0.26691875,0.25331947,0.15318237,0.040351328,0.07938741,0.06279792,0.028267438,0.18986255,27JDxX9sK6M
0.3434346,0.12729752,0.05053723,0.117805876,0.06325057,0.08707674,0.03753809,0.19868475,zgVo9i-xgwo
0.24344201,0.0612199,0.037732165,0.022947242,0.03063718,0.017836018,0.10461388,0.27282998,tm3txJgv7Pw
0.25090185,0.05861512,0.013701536,0.034259714,0.010014011,0.015548974,0.021796638,0.26381582,wppZ_Vp2hWw
0.26362318,0.09433216,0.057515137,0.038717583,0.058263794,0.03787155,0.027065687,0.16474561,H6cu-OWWj_c
0.21763512,0.15066254,0.050711747,0.051725537,0.050915096,0.06003963,0.17957193,0.4537295,I08PteHptR8
0.26527435,0.14239715,0.09131346,0.017323345,0.043257866,0.030241322,0.030155903,0.15710135,xFlY64qUaZc
0.19153926,0.06566418,0.026115078,0.018513707,0.025821356,0.025491102,0.014993866,0.1562479,emollluRyXE
0.37534386,0.21705264,0.07910149,0.052649915,0.086854026,0.05679504,0.020685982,0.16409676,eS9en21zUQQ
0.25161603,0.069547094,0.079436764,0.045873962,0.11984944,0.05505292,0.043031808,0.25792873,hUJYWEpIwJg
0.42898014,0.26052767,0.17943196,0.058661167,0.090036705,0.04591238,0.09978092,0.6636731,38_qGkKztFo
0.2884114,0.16954711,0.116684586,0.029526336,0.12088773,0.049049314,0.0717155,0.59759897,RyV17K7fYWs
0.40032786,0.15199544,0.063148916,0.060173735,0.061798632,0.032663036,0.043375164,0.4398441,D8DToL43y5I
0.2285327,0.06724559,0.045908358,0.051883206,0.037199035,0.046288986,0.0495556,0.378098,yl7fE8cMVXM
0.2352972,0.109939866,0.0454032,0.051905196,0.044755105,0.054203138,0.025005542,0.4043634,NGFheLIZqjM
0.1518759,0.05944986,0.029590035,0.020521272,0.042008754,0.030433463,0.0717155,0.25392243,nVtTbrpKKVM
0.26375657,0.15942267,0.16909377,0.05245715,0.117477685,0.072377086,0.0129808,0.27454507,pIFfZyoajUQ
0.2775573,0.32158545,0.09383412,0.028240863,0.043780126,0.038081642,0.06132676,0.19405104,rErC01cC0IE
0.35691738,0.12366165,0.113114856,0.07565574,0.06290297,0.06795958,0.055333257,0.2627243,BrWyZLGTgbg
0.24084124,0.07013899,0.023825986,0.034786884,0.022916563,0.025444278,0.035649624,0.31228405,3yGEOWQXxKw
0.31672934,0.28717119,0.22430022,0.07708947,0.11065706,0.09713982,0.1024659,0.55806595,1Mhh1Cw3WaA
0.21430115,0.06699548,0.0423177,0.02221501,0.039221015,0.024832688,0.008954669,0.17970677,bLSpeT7j_RI
0.38254744,0.48974591,0.13618234,0.15295537,0.072057925,0.119871624,0.018464668,0.5252428,qHg1JhgUSBg
0.4435772,0.26404467,0.08905415,0.029681182,0.056188814,0.025808817,0.09709594,0.25083447,2n1rc1cX_3M
0.33694082,0.09101544,0.11933088,0.033888143,0.10772251,0.049935676,0.013952625,0.27359986,LhrSXKna-og
0.35358578,0.124975555,0.13786384,0.020322924,0.13230097,0.024732212,0.07211506,0.2019962,I2SdASMISEQ
0.23324339,0.19415708,0.10307367,0.0407325,0.056153048,0.049510162,0.030842619,0.2907577,W-iy208c0L8
0.30151793,0.12863246,0.11069268,0.06133263,0.06978288,0.06895272,0.02809576,0.26187798,PiqIsmNlJGo
0.22103012,0.15892372,0.045745477,0.025042828,0.051355533,0.034812592,0.014577369,0.5680319,HkBHezHrXk4
0.2979469,0.111756824,0.05544599,0.020410068,0.032435216,0.020110317,0.034104515,0.3783544,c47SnqnFj6c
0.23488191,0.06568095,0.13115151,0.036606003,0.08586142,0.03251678,0.12631269,0.2877166,kKjJweLxMxk
0.41853386,0.59504056,0.21561703,0.077327415,0.117079526,0.09614259,0.21362646,0.30896756,KnVVvAyyXks
0.34819743,0.3464925,0.08303808,0.01609217,0.1260628,0.03634801,0.13565879,0.26319292,um6h1tZcnxI
0.23172429,0.10637301,0.05834865,0.028578654,0.060303766,0.04373352,0.05373499,0.26846713,BilSXcYHnUE
0.25633726,0.078852,0.025734086,0.021485927,0.027292699,0.018392434,0.042001735,0.23844247,V-hLUt-3z8E
0.19432846,0.117954396,0.07414713,0.031993233,0.044204082,0.03731307,0.036508016,0.17702465,CZnIweGi-go
0.45266783,0.29106295,0.1219779,0.092326105,0.16461514,0.13548894,0.1473238,0.43699953,pINpKmDM_yM
0.36653587,0.5191355,0.17715342,0.085267544,0.09589718,0.10572023,0.033246122,0.2099446,M93jBn6awHU
0.3078357,0.15926787,0.13316058,0.027636643,0.06097457,0.030699845,0.052136723,0.16364942,Ui_4qI2ereU
0.20607252,0.09799515,0.09058905,0.03263076,0.065836996,0.048101373,0.036851373,0.28369325,q7b7x6i8xII
0.25096497,0.22906044,0.07837122,0.029209135,0.06017627,0.0272605,0.04131502,0.21084937,AzK4LwBKGWs
0.30519956,0.034243375,0.025388198,0.00834081,0.032568604,0.0070010643,0.028267438,0.15606457,-4hj7fgs280
0.41158572,0.2705703,0.14770326,0.122323066,0.12594946,0.15032569,0.103539884,0.23828053,CqumUAcrtXE
0.3078061,0.28460348,0.17768246,0.026086444,0.07434667,0.04262757,0.055333257,0.22781885,zGyWBpMUIfY
0.2701031,0.20203881,0.07520442,0.1075629,0.060594235,0.08984275,0.03599298,0.23459035,bNe4dGye7-U
0.2564261,0.2606193,0.06904537,0.124975555,0.07248059,0.10782874,0.0825038,0.29836914,YxtXj6J1Q74
0.30531263,0.115958124,0.06771959,0.10632023,0.10976691,0.10513689,0.0741129,0.40042877,4R4Zh0r-K_k
0.18510984,0.028447535,0.035973217,0.018323198,0.039108545,0.013304592,0.011661896,0.22470355,NOZO7mJ7k8o
0.4534111,0.62583816,0.32045,0.08850838,0.32281044,0.20481923,0.07371333,0.13663958,PQwjOeH5mnc
0.20101812,0.10451332,0.07503386,0.027019724,0.0659277,0.029645601,0.06532243,0.41651833,SnrWCE2CmmY
0.22473651,0.3919394,0.06698691,0.0345479,0.07670281,0.05695976,0.09548495,0.3174089,E6yIxbsK5CM
0.3236181,0.0810315,0.079607084,0.027554547,0.050542608,0.024947634,0.09709594,0.23711772,3l8LQ_ZqHRc
0.3645591,0.2295593,0.14623523,0.040158927,0.120575495,0.06381611,0.0801064,0.12886372,xlAogwQakRI
0.291174,0.12527339,0.039784204,0.03240203,0.053094376,0.03739595,0.04818217,0.36281034,icN3kMFq9wA
0.3518623,0.24827445,0.16291176,0.04164018,0.07569533,0.046018753,0.04165838,0.25293592,EUDrf2Svt8o
0.4097637,0.32883552,0.24502987,0.06616357,0.09050713,0.052584477,0.024662184,0.16634752,UUxJDaXSrmI
0.45046288,0.28959844,0.24980563,0.32318047,0.1579637,0.20113456,0.118584804,0.09581472,JIyn4J7SZ0A
0.26295474,0.18766993,0.21184075,0.044966288,0.117608145,0.06985936,0.040971663,0.3140751,ZAF9hnTSMbk
0.31493458,0.13593467,0.1423811,0.10258883,0.117880285,0.11796329,0.02054715,0.14043659,Tu5_uu3q2s0
0.34888157,0.2667789,0.09538081,0.070868984,0.06141911,0.07393746,0.046122026,0.2260093,R8Q8NN5vClI
0.21001804,0.16020994,0.08186298,0.021439517,0.13593422,0.03622072,0.04680874,0.19157213,LYshNVFStkk
0.22722702,0.085091636,0.057730686,0.039723895,0.05225448,0.04560016,0.026207292,0.29084766,zrZtE90MJAo
0.4617645,0.23987733,0.056795347,0.06638093,0.04706422,0.046244744,0.015479778,0.17974229,VlgrfSFCi-c
0.24219792,0.106264055,0.08795595,0.0687942,0.06541594,0.060897533,0.036851373,0.31905702,1ktgmktTd-8
0.23175986,0.21537739,0.08490211,0.03892119,0.06534864,0.047102783,0.016104523,0.43741196,cnDfM8EMB9A
0.31537744,0.32991487,0.09810388,0.03737668,0.07255543,0.043028362,0.05773066,0.27189916,90lalL-A_wc
0.27944803,0.21887396,0.095685795,0.04755694,0.054108217,0.05319608,0.078108564,0.3692612,Rd23ViSk9Sc
0.26324132,0.08130577,0.029325899,0.042294163,0.027695464,0.027841248,0.03187269,0.270214,VGD4vyogJsE
0.3541948,0.24425097,0.3274403,0.07250794,0.1271619,0.0850504,0.14552918,0.1111944,29mys8JAqtA
0.2184436,0.09061803,0.11695493,0.065314025,0.07148774,0.086132124,0.01721518,0.07111827,dmFl_w33wio
0.28418076,0.14813703,0.06791136,0.11752055,0.07102507,0.094811216,0.046122026,0.2871917,7dK4GVkxZJQ
0.29053986,0.14794889,0.07077002,0.019900484,0.043550584,0.025351755,0.11085691,0.25113106,Cz_n2tjzlLM
0.36523962,0.13431557,0.08087717,0.059988875,0.049815904,0.038691085,0.10031791,0.3145902,apRDrOwsaNE
0.22372678,0.11655036,0.05032915,0.043795217,0.047238763,0.049226724,0.009440582,0.15665121,trmhR0ql7TM
0.23563688,0.10600974,0.029604943,0.027156478,0.029535333,0.028531954,0.0741129,0.26189604,xncFXhhonR4
0.16847993,0.29696962,0.11345387,0.023102207,0.10096774,0.058093432,0.016937515,0.26467878,3BYFaTcjLuY
0.1886963,0.12737417,0.047522206,0.038543724,0.03684852,0.034322582,0.040284947,0.26456755,zA04GWjliXc
0.2230211,0.15618782,0.19271268,0.051344853,0.07978358,0.084186174,0.118584804,0.2165552,TQ_Xka_DTz0
0.21125655,0.21123888,0.098342344,0.0313864,0.08735676,0.06837804,0.051737156,0.24898385,VZiLeBG8Xus
0.38478395,0.23596416,0.11458487,0.04930452,0.065976925,0.052030604,0.043031808,0.20332764,YBfk2x5FW3E
0.3248076,0.5453837,0.16150847,0.07528294,0.14519694,0.10276029,0.008746422,0.2895305,mWdS6DxnLoM
0.33384055,0.25045782,0.0656536,0.050914086,0.042626295,0.04994096,0.03839648,0.4668253,Ya8er-4jQyo
0.27624273,0.1244944,0.09154525,0.02992646,0.05912775,0.04571396,0.079307266,0.21568899,4-zk_eDJ3ZA
0.29232886,0.17968622,0.07602829,0.038968403,0.106919274,0.048733935,0.06931809,0.26659903,R4XDJ6hPSkk
0.5165056,0.3079553,0.12436255,0.13913283,0.07391428,0.092709005,0.039254878,0.120964505,VfkNBpezWNI
0.3614369,0.271131,0.16302793,0.09278021,0.075653754,0.07761127,0.14193995,0.17317164,l5UoL7PQ1IQ
0.20798045,0.051009133,0.043497168,0.02023474,0.07168799,0.026241617,0.031357653,0.46463344,nsIvZZPjdWQ
0.22769623,0.07001389,0.048397012,0.029102225,0.043931354,0.031727366,0.08850401,0.3721251,5veSGk8VJxM
0.33350232,0.13174047,0.059240922,0.07320226,0.042496696,0.053046666,0.027580723,0.27429867,i6QOjLFH340
0.4147046,0.23027852,0.09216098,0.0372043,0.036907125,0.034657735,0.043031808,0.15675898,f_VH15tX1tE
0.41314176,0.29429293,0.2620966,0.04667347,0.1249481,0.07423638,0.048525527,0.118529014,9z698XaCnsA
0.32137984,0.4378257,0.14022306,0.09951738,0.06436702,0.091714755,0.09279997,0.355563,Elcf9nQSiCA
0.2525222,0.0644764,0.082011834,0.04537111,0.14623478,0.069061615,0.02809576,0.20787865,MZoRS_NS1bs
0.33667445,0.17643343,0.12629001,0.14773412,0.10971586,0.13341954,0.021518974,0.18441878,ifkx-rGuYy0
0.19531024,0.05367456,0.018977491,0.017205201,0.017943157,0.011165815,0.010342991,0.10702201,4aboF0VD32I
0.22493953,0.13767155,0.15716319,0.04630725,0.0840265,0.06725301,0.037881445,0.3803097,g521LRLFJZo
0.3585186,0.2244451,0.22307825,0.035474677,0.105462365,0.04770466,0.16551583,0.16178975,TXVDYtPqvxg
0.21713868,0.08389991,0.06909708,0.036202095,0.04409339,0.033009868,0.0129808,0.2660425,t6yuxAwJtaM
0.49575967,0.56952757,0.24545985,0.23103046,0.07370049,0.17032073,0.03753809,0.08431152,7rJWKS9X7kY
0.2741743,0.06849081,0.19493756,0.053539027,0.115597494,0.051346503,0.031185975,0.2721679,fzkoZeMbtvc
0.2394348,0.1502365,0.12912351,0.07395673,0.10248636,0.09150563,0.026894007,0.1629348,vB2wnJIoAjU
0.2808394,0.07046965,0.00963627,0.053711593,0.011664411,0.014156971,0.040284947,0.26734212,tFIrN7J-Ouw
0.4138541,0.24860321,0.116311684,0.04678055,0.11769358,0.045108765,0.10956893,0.5831165,AGpvXEAQ3m8
0.3935067,0.2702874,0.11330494,0.07748131,0.04482469,0.077178046,0.1689685,0.47105932,hNIfrxmhcxE
0.40814254,0.15911114,0.09646223,0.11679117,0.10371786,0.08776635,0.03856816,0.30780995,PHRzmobgB7I
0.36287645,0.10010239,0.053620387,0.05630348,0.029786766,0.026470838,0.06971766,0.1496582,1rNXe8UvWyk
0.46068746,0.40642527,0.22033475,0.15180857,0.098319635,0.09103871,0.040971663,0.2254644,HA0iiXZtozE
0.4130112,0.05876594,0.043394394,0.029200176,0.06277186,0.023400916,0.05493369,0.21695112,e7YwLdogLn4
0.36417684,0.14466964,0.10423073,0.13358572,0.12828965,0.13372451,0.029125832,0.3644636,sR1dbXtB_Dg
0.2648247,0.076992944,0.11636644,0.018917052,0.06544071,0.022881141,0.016451603,0.18550134,5qaO6n5Ti8Q
0.23930879,0.09974353,0.064102314,0.045622677,0.07002211,0.04411138,0.0789077,0.17638747,syBEbcZa7HE
0.3558667,0.17550133,0.105745696,0.15027699,0.18326929,0.19282852,0.025863936,0.3386297,sz8AOwG51yg
0.21142626,0.0757249,0.03182589,0.025319654,0.027555026,0.023123741,0.054534122,0.1792474,-dHZR1h9R1w
0.29362693,0.15351294,0.113663346,0.033544444,0.048566617,0.033503316,0.057331093,0.13784371,eAlPDAJsK3Q
0.29361907,0.14492173,0.110753864,0.04943581,0.055445753,0.0543708,0.017909339,0.31738096,r8DD5J-KmbQ
0.30618846,0.17967126,0.1181887,0.05184584,0.0713967,0.06777982,0.060927194,0.13439895,G9XnVYFhg3o
0.40659705,0.17792375,0.1191107,0.11273173,0.11469406,0.07869997,0.03856816,0.18073426,Wqj3KPAUN2M
0.24336874,0.1296687,0.13550404,0.07324525,0.10147416,0.09835067,0.05653196,0.26970047,uESdMqFr4gM
0.35190997,0.24467805,0.073188104,0.034077004,0.03982236,0.03458643,0.022773718,0.19125609,pEd2pcS1FP0
0.2830807,0.11401298,0.075490616,0.049297865,0.06466184,0.047688656,0.029125832,0.18239255,dSggADcKpOM
0.23756453,0.10402311,0.018228974,0.023283103,0.01744799,0.02204982,0.018742332,0.07265802,3ovNpL_pMqg
0.24047448,0.1542892,0.107947506,0.038358677,0.072972775,0.052025817,0.013536129,0.16896358,umXphU36HvU
0.17583224,0.022584356,0.2019304,0.022612799,0.050006468,0.035502527,0.10461388,0.4389412,N032Z6YJYh8
0.38104704,0.30210987,0.09846889,0.08893045,0.06432592,0.076695964,0.101391904,0.6534334,YrpTLuhYeLI
0.2994846,0.10040603,0.06214601,0.031382553,0.045396905,0.027250977,0.10956893,0.20713706,QjUskKTq_Qc
0.27670473,0.10503973,0.121643655,0.038484026,0.07862523,0.031593744,0.043031808,0.18383156,TmCF6mNEF58
0.26771387,0.087450944,0.037379466,0.02599714,0.026066812,0.020725252,0.014022041,0.18179753,rXSdH6MmANk
0.22482303,0.17612027,0.15985884,0.020926146,0.06358579,0.038420934,0.062125895,0.31087318,MOrCidT4S0s
0.23180167,0.067358285,0.020397305,0.050408207,0.020680625,0.031178487,0.010273575,0.21891978,QVxMZLv9Guk
0.31372574,0.28923512,0.08576453,0.06795682,0.06610675,0.08236668,0.09816993,0.4820629,OPvIWJtI7aI
0.4550096,0.3801605,0.20398654,0.17197576,0.124184385,0.16650362,0.023803791,0.091834754,YVUz0H63ccM
0.33593455,0.09949311,0.13150926,0.054251187,0.11056139,0.052954756,0.016521018,0.26378784,c9VZ8mYFHrk
0.21798554,0.076725915,0.025133822,0.039433658,0.016837073,0.026866931,0.017909339,0.16494937,j1CsK7trotY
0.47968927,0.5828821,0.3584748,0.17050767,0.15471654,0.19253871,0.08689302,0.18728708,KH4obq94V_o
0.36979544,0.32359153,0.10272183,0.020776229,0.043584097,0.021918884,0.061726328,0.26126218,aKjwgurYcqI
0.29589197,0.20136622,0.051521264,0.033645637,0.03393174,0.033269987,0.1256687,0.12313631,JOrwxpH6u1k
0.29299855,0.099996686,0.054808773,0.061156455,0.05761012,0.059804097,0.034962907,0.3386464,qYFuD6-XutU
0.2522304,0.18015546,0.03406525,0.033315446,0.028968593,0.022018556,0.04131502,0.43784857,eh7d1r63-2A
0.3931716,0.24485478,0.15447012,0.067470096,0.2906038,0.12117758,0.30187345,0.090890504,cbrcspyDibw
0.2422294,0.5322389,0.1296801,0.03722343,0.05423574,0.05621579,0.17661177,0.33709884,0wUXIrZQkbM
0.26855996,0.07540235,0.04438253,0.03596805,0.054596167,0.03525933,0.14911842,0.43833226,rJsZNu4n1YU
0.25483745,0.11540656,0.061497398,0.020566462,0.043719225,0.020409625,0.044748597,0.3460114,CSiKZ7yhHwQ
0.23742901,0.032833997,0.023667911,0.033230305,0.015236465,0.016350472,0.021657806,0.31860527,gvDaJ8FKmjU
0.18344332,0.2674658,0.10712602,0.06830583,0.08737657,0.09131673,0.023803791,0.23556869,JwZBe5EfCqA
0.28528714,0.14479269,0.07999366,0.024032522,0.04698307,0.029190809,0.018742332,0.19807379,9VYbIC9pfRI
0.25263003,0.45011804,0.08275253,0.029644279,0.06852993,0.042789668,0.035477944,0.29195452,GKWWcKueCDA
0.22370392,0.029996894,0.067467116,0.025284637,0.050353333,0.026634865,0.017909339,0.28364432,ewzLXEIcEaQ
0.28587782,0.094159104,0.07669387,0.021078717,0.035540808,0.023796955,0.07371333,0.15145652,AW0ZsXrPsx0
0.40859753,0.50646555,0.23916759,0.31193483,0.17421548,0.15986924,0.1019289,0.27411172,mS_e_FvQJ3k
0.32784328,0.7587887,0.24937886,0.04669875,0.13270827,0.099512525,0.13386416,0.17556101,0mzkqSEk-tw
0.42549786,0.3117679,0.1111529,0.05714241,0.05529617,0.042378873,0.24242763,0.2281378,cufRF3s8-2g
0.31668735,0.107462436,0.114209704,0.03435789,0.06748653,0.047753755,0.022351967,0.17722602,qElHDXIHshI
0.37723458,0.265198,0.21245852,0.041691255,0.11942982,0.060807753,0.09118898,0.16490658,37fVbRMSGog
0.27615896,0.08478642,0.113910064,0.033784762,0.11762947,0.041133504,0.043375164,0.14834408,Kuubx0P_3_0
0.36502835,0.2160154,0.15540397,0.053544767,0.112476215,0.076955676,0.11407687,0.1059251,h2Ce7LCwDEo
0.45355707,0.35359925,0.12075718,0.101157755,0.17943777,0.15455149,0.15859914,0.155867,_KoVeoxhAYo
0.2163408,0.1574218,0.07904553,0.058389977,0.049052816,0.051609617,0.020824814,0.49799538,pi_xTbT2IS0
0.22805107,0.14491646,0.2205173,0.093267515,0.11882335,0.11052326,0.05133759,0.33232936,uSzfylpS-Qw
0.34266883,0.1467189,0.17888345,0.022900343,0.09470576,0.030638264,0.061726328,0.1792217,9X-bsoK3B_A
0.23265888,0.16176513,0.1344795,0.028723814,0.051333465,0.03552419,0.05613239,0.29187217,Sbu8VaCj8G4
0.27394858,0.118604206,0.06289641,0.040188506,0.08586163,0.02777986,0.019158829,0.16616039,S1eUYWHBwyc
0.29808533,0.32831922,0.19886784,0.034610208,0.11240997,0.065271966,0.038911518,0.16747758,G97GTvQvGLs
0.29754215,0.21049544,0.06696469,0.023983922,0.03595685,0.025504494,0.11407687,0.20711476,8VTvz_zScf0
0.2875604,0.2585344,0.22525781,0.057851512,0.12039154,0.11172494,0.035649624,0.2440228,pD50oB-hjqg
0.23889503,0.1693995,0.14339939,0.04498696,0.06304747,0.05780965,0.05852979,0.28506675,0vHq3LgUSrY
0.23231766,0.08710845,0.09970541,0.032626674,0.059693716,0.044044532,0.016104523,0.4380445,RWpddiFghxc
0.45331794,0.23618197,0.085952766,0.07193734,0.13458066,0.09392455,0.14822112,0.07600757,SZlB7g-xDGk
0.374882,0.25644344,0.18693991,0.08523636,0.12675121,0.11614713,0.101391904,0.115452774,8SmJxLOySmg
0.24219233,0.05429137,0.04336705,0.031857405,0.1047909,0.035721283,0.017076347,0.119441174,ImMQjqcEaYM
0.18279237,0.054537784,0.038813334,0.028726872,0.024143558,0.024942854,0.037023053,0.25904298,-IabsM0KTac
0.27978447,0.24502464,0.15800864,0.030318977,0.07285712,0.054607447,0.09172598,0.11551702,JuhfCT14J7c
0.2060161,0.09989543,0.050650783,0.033458192,0.04258694,0.036226597,0.016937515,0.25915575,PG6bIyaHDNM
0.17577016,0.11629358,0.11403976,0.023156628,0.095423356,0.034202494,0.03187269,0.43821454,GSfVAXr0FVw
0.40794575,0.16804957,0.18846522,0.109796055,0.15486677,0.12511776,0.19535941,0.3895987,IzlQ1S32i1w
0.29318646,0.3383917,0.052898247,0.091385715,0.039145317,0.07280917,0.0813051,0.43631488,4GD6pH6JAFE
0.22966428,0.0951311,0.12093054,0.030938756,0.12167619,0.04974621,0.019852988,0.39100564,xuASydTUatI
0.3348629,0.12260884,0.02292922,0.02704256,0.014706253,0.015368939,0.123736724,0.17928584,uFoP1naF_kM
0.15339781,0.19762702,0.061104883,0.02320142,0.049308322,0.03208459,0.03187269,0.2882571,URGW7LtXI4I
0.32157657,0.13379626,0.062252436,0.053798437,0.053308353,0.03888597,0.036508016,0.43985018,kWdWaRAwJ9Q
0.29698434,0.2810768,0.17244154,0.05568256,0.08077503,0.065160334,0.018325835,0.22909833,eXKAWhMgrFI
0.26094657,0.1170238,0.24600044,0.028838955,0.13552164,0.07664056,0.09655894,0.14024083,FMKjQQyWc4E
0.24194318,0.17324966,0.05123446,0.015806803,0.041302223,0.02311011,0.055333257,0.14996092,UvPUg25mYew
0.4213337,0.6531065,0.14447261,0.13391753,0.105589174,0.16632935,0.047495455,0.33814618,0K3moO4QBEs
0.18475303,0.06767269,0.05901535,0.018842584,0.038494296,0.02683226,0.017423427,0.21543644,ZOVP4m0fbRs
0.18844268,0.09333784,0.027277814,0.023672357,0.02770845,0.018964805,0.012911384,0.26402643,gGNKEIvLcjg
0.37072727,0.15394999,0.13478193,0.05062145,0.06427205,0.039533135,0.04406188,0.22197327,LX7hklb1nMs
0.34723705,0.23475254,0.19731957,0.06184902,0.108687945,0.063379586,0.013327881,0.18950425,NGHvg_dllxY
0.39582404,0.48185316,0.23227479,0.04642883,0.1545678,0.10029233,0.049212243,0.14907792,98MpgpzUXco
0.3614757,0.17507975,0.17521094,0.04257035,0.088561825,0.040197816,0.14014533,0.1531171,lgM1OLSHVoM
0.3365811,0.20160834,0.20591305,0.04124185,0.12642527,0.04693933,0.05613239,0.3254633,HauL0FhWpLE
0.34816778,0.17011124,0.12118826,0.05648848,0.12144208,0.058299497,0.027580723,0.21648756,eEXEfBDA0hY
0.19058518,0.09415844,0.060863294,0.024932582,0.048042938,0.030000204,0.023117077,0.22153728,VzX1EOyHECA
0.3351103,0.10264977,0.04839864,0.040781423,0.04004657,0.029719207,0.062925026,0.45104122,7hgLHjk_nUM
0.3214222,0.29738352,0.10867722,0.07095165,0.045466125,0.06033584,0.09870692,0.18417625,wMuiXEaI_OI
0.4617645,0.23987733,0.056795347,0.06638093,0.04706422,0.046244744,0.015479778,0.17974229,Qg8cK6Lh-w8
0.25360927,0.1936196,0.054473776,0.053663198,0.056560148,0.054631524,0.055333257,0.18556274,PO44Gcj1ReY
0.23029353,0.06726349,0.031790216,0.064242184,0.03348995,0.04911379,0.014646785,0.17370516,O68UMMHt408
0.24580182,0.063842304,0.04962255,0.036471248,0.032956608,0.038475525,0.04234509,0.26555225,1lHhkWEG0D4
0.3184701,0.17507592,0.18886185,0.023325842,0.11987588,0.06358188,0.06652113,0.18142955,igi-CZtkyQs
0.20834802,0.08524839,0.052784443,0.031859785,0.08614477,0.029060274,0.078108564,0.27935326,6cH-mK_6fPI
0.29029205,0.32258084,0.13861386,0.03920558,0.084066905,0.051678292,0.018187003,0.23901634,4an7z5y7LI0
0.2263593,0.060587045,0.032364056,0.019498577,0.049111668,0.03198646,0.06612156,0.11438365,C5_OBMDvzHM
0.26747692,0.08790101,0.038571026,0.02732455,0.040616654,0.024327802,0.029469188,0.31299794,z_RFRaMEq0w
0.25184107,0.25372434,0.10615565,0.05567851,0.051421694,0.06830014,0.023117077,0.27174264,_8a5S5SiDfA
0.20936371,0.11277946,0.02888084,0.028977998,0.022405313,0.022081917,0.048525527,0.27720854,hh2Uc--DiOg
0.3124501,0.3704365,0.063595645,0.18532455,0.057893552,0.08563947,0.022213135,0.31270567,vP_oQFaR1XY
0.41292125,0.34765583,0.31998333,0.09013315,0.29347035,0.15494697,0.27690583,0.093073756,r6i3EGiZc08
0.29029205,0.32258084,0.13861386,0.03920558,0.084066905,0.051678292,0.019575324,0.23901634,MVSlnkt8W94
0.24611723,0.03606662,0.01692927,0.01205937,0.015929619,0.0100174975,0.058130227,0.24604169,X_eK4dtho0k
0.2116657,0.08656043,0.06662604,0.04024267,0.035649028,0.05419172,0.019019997,0.19653043,_ROTdgGLn5Q
0.29071993,0.07900577,0.042991493,0.040948927,0.035782695,0.024676617,0.02262963,0.14654346,rDvCCrcQ198
0.3357161,0.2841214,0.11962164,0.033740975,0.08019759,0.036836617,0.052935857,0.37548336,93OS4rejmv4
0.26815164,0.13210575,0.13058205,0.078435645,0.13444218,0.09514759,0.032387726,0.18109535,vZ4N-_864LI
0.18276379,0.04532045,0.17578629,0.027251663,0.05019286,0.04261128,0.1334155,0.29380432,xkTS2IIMZBc
0.43447614,0.17394294,0.11674909,0.09643017,0.069459274,0.07895321,0.22775516,0.095341094,f9bfGpd5-2k
0.24617893,0.23077525,0.31576324,0.030496985,0.19735529,0.071217954,0.060527626,0.19397804,Xf-trBgT8v8
0.3992048,0.113323055,0.04856798,0.06715997,0.080112174,0.030095525,0.09333697,0.26713794,MORoYLtyepM
0.3075214,0.19606256,0.077659346,0.05450696,0.054678075,0.05400058,0.013952625,0.15354171,T6Km6wVosVU
0.3307,0.3191723,0.08264429,0.036985524,0.14428954,0.12568034,0.08850401,0.073151514,VUTqv0pmT-U
0.2416415,0.15936272,0.17061333,0.05151079,0.13411205,0.084901966,0.023632111,0.29918614,O62MR-CQWqg
0.28262025,0.28211868,0.091690436,0.026093857,0.043663498,0.034580622,0.16344422,0.13641506,999rkDrfDtc
0.3136378,0.09900801,0.035132278,0.021513293,0.018865105,0.01485502,0.030842619,0.069530495,fNDeF2gjtkM
0.29964754,0.26131505,0.21709278,0.05921686,0.09942486,0.07759782,0.08689302,0.093584724,IpZxKvNRZsU
0.19434212,0.117911026,0.05477886,0.06399017,0.057340622,0.06348293,0.023632111,0.13920768,wZDvWH45BUQ
0.24319658,0.069254175,0.032305785,0.02071676,0.020806331,0.016724652,0.0334178,0.18458909,DcIZGRRtzfI
0.34262127,0.76173955,0.41344824,0.13236502,0.23113824,0.17092527,0.09655894,0.27056274,sI6cL2A6bSM
0.27360785,0.040895578,0.020882702,0.012203287,0.029879699,0.015508321,0.1539292,0.034036674,IqS3uYNltQI
0.47457376,0.12351617,0.02933978,0.08694467,0.042804576,0.03561517,0.02262963,0.2844476,x7Jc1EOb7eE
0.24107422,0.2352399,0.16047956,0.09116001,0.107915424,0.10037265,0.03856816,0.19593747,oDHUm7tiSJU
0.2881636,0.20052381,0.21135937,0.04978264,0.08068207,0.077148095,0.038911518,0.1255367,4zn1OPoqj0I
0.28008634,0.45275018,0.11136225,0.034948077,0.13749656,0.0622304,0.19634613,0.279358,CVn6jXOiG_o
0.21866179,0.49215612,0.19628543,0.047328055,0.13192333,0.082895346,0.12631269,0.20520356,5K3m3M6wP6s
0.30851537,0.13985468,0.11604474,0.13719851,0.0730389,0.1033862,0.026035614,0.32362247,y51SBm_693o
0.21134272,0.052353043,0.02805413,0.021353059,0.03360649,0.020807562,0.033761155,0.25686106,kha0SCc1nuw
0.4124437,0.48416948,0.2246552,0.05004006,0.06973902,0.07499718,0.05613239,0.23322064,N53D_IktbXw
0.35384652,0.06500909,0.19252753,0.05591804,0.18695548,0.05021257,0.055732824,0.2717004,NSaqCL7Wec4
0.26176113,0.15360357,0.050576434,0.02721284,0.032865483,0.024472693,0.087430015,0.46589962,m7xH0_s94Rs
0.41355482,0.10114088,0.111774296,0.04320627,0.060517345,0.029193914,0.02193547,0.31277716,Xgi45cwylVk
0.3296978,0.51328766,0.45647463,0.0974716,0.24200936,0.15559308,0.042001735,0.29663038,FoaNdnYEXxI
0.17967473,0.08345335,0.06772938,0.025894912,0.05221715,0.024908718,0.03358948,0.2021305,UhB73F6CBOI
0.4605237,0.56358385,0.27171403,0.22832675,0.1099859,0.15729935,0.06412373,0.4546056,-RW6l7oYKV0
0.3173338,0.15423702,0.028978752,0.03349351,0.041549515,0.027874393,0.036336336,0.13605945,_23H2sDDbJs
0.29478642,0.11784354,0.07102064,0.08945278,0.048841473,0.070439175,0.008815838,0.19295,oVXuXt6r2-A
0.25100887,0.09691847,0.039896175,0.090708114,0.028914394,0.051137764,0.027580723,0.26260185,cIhVF8aZt1k
0.28207847,0.12835039,0.0915578,0.040545087,0.06972898,0.04245263,0.19338597,0.25604293,CnSaOh2skwI
0.2109405,0.045661066,0.040242948,0.01821476,0.03695049,0.014076773,0.03049926,0.26603922,lPCEtaAJnvY
0.27297184,0.20866859,0.07914126,0.04789944,0.051100627,0.04980967,0.104076885,0.2050829,SFZtjxPT9NA
0.3320232,0.20337214,0.05929104,0.059306853,0.05364301,0.038419914,0.10699297,0.47856563,4ab2rO4GEGA
0.22404265,0.08903145,0.06977665,0.049156964,0.03958997,0.041753568,0.01263372,0.1786097,h4NdSDLlMZ8
0.3366786,0.17699556,0.123085,0.14058496,0.18054186,0.15026751,0.02792408,0.20839347,7T2e2eTDW6A
0.20744684,0.091055095,0.22547743,0.029308127,0.13553828,0.051196355,0.1550967,0.4369158,vNIYJShF9WI
0.3764262,0.3259224,0.30093578,0.03841169,0.18121697,0.087257124,0.11085691,0.17463261,9g5aJy_sO40
0.23108691,0.21106808,0.062552996,0.034022283,0.055568542,0.03063611,0.0224908,0.39273754,lLjVqzb6x5U
0.43101823,0.35095543,0.21162689,0.122047536,0.19152741,0.1089906,0.21539254,0.09520866,kIqqz-60OqU
0.31001198,0.19319442,0.08284633,0.042716846,0.07869397,0.030943094,0.05493369,0.26859814,kEkiAn3ctLA
0.32713735,0.32963723,0.16267061,0.089095585,0.11987809,0.0901748,0.09763293,0.44742993,i1kKlibXHgs
0.32967263,0.059799206,0.031404812,0.025130678,0.11078809,0.029838199,0.007739889,0.12561618,ZxyWV9CM17U
0.2266993,0.19379035,0.0510047,0.029202912,0.043544486,0.03230127,0.092262976,0.29184267,pVHPTkPmExY
0.37845185,0.15890308,0.11633541,0.04679549,0.093401425,0.07138569,0.0076010567,0.23985237,fjTrdcA44lE
0.45501083,0.76239693,0.38924313,0.08071048,0.17481384,0.15170738,0.19239926,0.4033141,NwYm4EaBlts
0.40344954,0.20775653,0.10977841,0.06525576,0.06710278,0.048770346,0.050242316,0.5549767,5OAIxbi8EeI
0.3200038,0.12746328,0.12665829,0.075147144,0.12123666,0.07918208,0.017701091,0.2804114,y6ZT0yc-13k
0.2975554,0.20753944,0.13176522,0.12181689,0.1367055,0.1407826,0.07970683,0.49278143,hSN7rzSdqtY
0.278165,0.091465324,0.1238195,0.042131662,0.09357536,0.073243335,0.13835071,0.27219233,m5jCycoXFq8
0.24528107,0.15332834,0.031867556,0.033861738,0.02801063,0.040745303,0.019575324,0.19675277,LYg4t3WVJx0
0.28459042,0.57132566,0.25466686,0.07711334,0.13326357,0.109161325,0.124380715,0.26377264,weuJy4nyTho
0.27307954,0.086023144,0.09489846,0.03839203,0.049307507,0.049035463,0.060927194,0.32480836,ikMWL-0f-vI
0.29175517,0.0776432,0.018411526,0.017248105,0.015234465,0.012494857,0.14193995,0.28752977,FlO1vSjCqzg
0.2561705,0.10959097,0.22874711,0.034846526,0.12466635,0.04665734,0.051737156,0.18935381,3wZrbmDv96E
0.3010002,0.07805394,0.030990632,0.046619695,0.036894888,0.020837134,0.022213135,0.12162145,-rwNWgJYd2A
0.3396268,0.16253765,0.09768851,0.0473319,0.12655719,0.05680149,0.10956893,0.26890975,4csMa7bgYiA
0.3415738,0.17072698,0.18733795,0.0707516,0.09227231,0.0929128,0.05413456,0.43837646,q2-opQ2O-jQ
0.21463646,0.13224466,0.113101855,0.060013257,0.054292526,0.07198297,0.027237365,0.23528633,fNKfhx9zmNU
0.5149566,0.45718065,0.19900979,0.1942192,0.061721124,0.13092716,0.058130227,0.1446014,ZNMOgnJ18ok
0.3689506,0.37467644,0.18020865,0.033462137,0.18511659,0.07774111,0.10300289,0.20742603,6mwWDPLaHXM
0.45943227,0.2071087,0.18213601,0.07157016,0.11145482,0.08527845,0.17957193,0.04879328,jcs4KO52e-I
0.18573628,0.04952941,0.03680354,0.03351896,0.03530312,0.029011715,0.010898319,0.44304776,WJBzJDkUuP4
0.33708563,0.18783033,0.056009483,0.019615466,0.028693734,0.013248303,0.009509998,0.1385147,xdNBFv-X-yM
0.26449847,0.0928768,0.1411931,0.022440264,0.06978472,0.03366293,0.017909339,0.16707897,0YL5suoECZo
0.29346702,0.21808887,0.12257515,0.10868482,0.09914976,0.0950035,0.026035614,0.3750197,2x9bQVviRPQ
0.21577805,0.15867078,0.09475853,0.029335344,0.080585055,0.043932263,0.013605545,0.3204089,eRioTicmXWM
0.25680092,0.092323884,0.077614576,0.025405245,0.082121514,0.03442591,0.024833864,0.42635074,GHMikxCvsGI
0.26526466,0.16393067,0.22876158,0.05923808,0.14099582,0.12852462,0.020130653,0.19484515,PRFshMXUTIM
0.31665406,0.11515817,0.04646684,0.07249226,0.05365251,0.0601524,0.0729142,0.53935665,1Vh-IBXLYK4
0.19900832,0.11498956,0.08959618,0.039272662,0.07787317,0.053537384,0.059328925,0.2273608,EwLXOR1SaKA
0.21648026,0.18633664,0.12051398,0.055054463,0.095724806,0.07650928,0.02124131,0.27799565,8PXo4Qce-dU
0.27670926,0.33686888,0.09849244,0.07095107,0.05228735,0.08539522,0.068918526,0.27697283,RNePAhQS7wQ
0.49793008,0.31733435,0.23197089,0.07759894,0.15752213,0.087130845,0.06851897,0.19654205,pATsQD209Vw
0.3773721,0.20705439,0.19252431,0.0967075,0.11406173,0.046351355,0.13017663,0.25472698,MIqzpAsqlCc
0.4846915,0.5097235,0.15627472,0.18287465,0.1010586,0.08716546,0.08850401,0.44363824,67kpSK4MJeE
0.25711116,0.083269775,0.040115952,0.03371643,0.047160856,0.037204843,0.014507953,0.16413316,OuJBHpj-oZc
0.4160314,0.10719504,0.12149997,0.023847176,0.055968266,0.018695097,0.22985287,0.17035635,H4wE2Ixf1ns
0.55724937,0.29510084,0.20619404,0.2406035,0.13709436,0.1411454,0.1539292,0.13126437,qI9kOw4K6is
0.2033191,0.050096076,0.044272862,0.018279118,0.06729634,0.025738828,0.042001735,0.1979906,g2pM9jM3AkY
0.38054526,0.25401863,0.074071825,0.09401983,0.06675517,0.060527284,0.02124131,0.29347828,BkLAifHjBA4
0.27429426,0.17135508,0.050444037,0.049084436,0.0940418,0.0985347,0.12631269,0.33280095,gzx8iXGKlxY
0.21795765,0.13391869,0.13429701,0.050895784,0.13115248,0.081484616,0.03221605,0.1672147,djJMFTbv1Sc
0.42752677,0.29342842,0.10107863,0.0968171,0.10212626,0.11120947,0.09279997,0.2016706,HLm4Lgtxv8Q
0.28606537,0.2546462,0.051360544,0.02755548,0.037262835,0.031089034,0.014299706,0.46454105,FSNikTmB6kM
0.43778273,0.41194567,0.3021735,0.23297666,0.2622176,0.24860036,0.049212243,0.26270333,1FprNLyDo-E
0.3626578,0.19594052,0.15904012,0.048278157,0.06814311,0.052480374,0.10892494,0.06633846,a44tWNShInU
0.259139,0.08801796,0.062145922,0.094923906,0.038726646,0.06164431,0.03599298,0.43731758,x22gAXxduJ0
0.31037682,0.24070325,0.14616378,0.027892997,0.09798318,0.0441488,0.21186037,0.18268034,R8DQhydjoOY
0.21046016,0.38925624,0.06846439,0.019739117,0.13982023,0.074090935,0.2286382,0.3101043,3XTzk9RouSY
0.22546162,0.31239817,0.11695118,0.028328113,0.041248463,0.041531045,0.037023053,0.1429968,tLgYRv1vaPQ
0.19470735,0.05391074,0.01824539,0.010461634,0.015820982,0.01023377,0.028267438,0.2792896,FdviT1DNYfc
0.34604,0.40267116,0.31037357,0.044869293,0.16666749,0.09599031,0.21627559,0.35813868,SPDH2F4wG2Y
0.2087678,0.099144295,0.16104354,0.031056534,0.092179306,0.050848823,0.03599298,0.2731126,ZJktf8qMcVQ
0.33570164,0.2571067,0.46923253,0.053642765,0.18630691,0.10707025,0.20449556,0.1347901,tXZNiI0bE3I
0.23246706,0.1696792,0.09302711,0.03589688,0.06927284,0.05500109,0.0681194,0.45297393,oZa-_fEaDTA
0.22090042,0.13066104,0.017200017,0.023336416,0.007579244,0.017554658,0.0024816236,0.17532656,BgtG3_hDfgw
0.22355434,0.10261811,0.05611709,0.052176617,0.04185456,0.04074295,0.030670939,0.10938087,KXC6-wsDsBg
0.34214243,0.11709856,0.05820454,0.06619647,0.039888684,0.030608343,0.020408317,0.19359015,quG4JLaLiME
0.42677197,0.17439532,0.052010037,0.024485229,0.07081194,0.017267989,0.014785618,0.33215526,FE1dAYue0T8
0.3532583,0.31470057,0.13016053,0.1457184,0.07220264,0.15087402,0.10300289,0.20861311,J1kP_6gavlc
0.33886716,0.14734864,0.04424465,0.051553402,0.031606548,0.05130252,0.13835071,0.24774069,jLWun8a9P58
0.28155074,0.10634671,0.14032426,0.045969103,0.080028385,0.04220512,0.049898956,0.17954165,kUW-voK40Fo
0.3180104,0.32877517,0.267969,0.10337303,0.31857756,0.12638418,0.09387396,0.5331444,Tt6fIM3T0rE
0.33700597,0.26385978,0.10100206,0.045709766,0.031689484,0.044268273,0.12180476,0.22004217,Y1XS5RPzrs0
0.26202944,0.439878,0.23277056,0.102617376,0.123018056,0.10294701,0.10763696,0.568903,CAkMhluCx5c
0.33410832,0.2605111,0.36472097,0.18929921,0.23766153,0.23015119,0.19634613,0.5330828,oE_wxaMM6po
0.35840103,0.36836284,0.091475025,0.058062997,0.08299759,0.07211075,0.123736724,0.25377756,miQ6DsMkZD8
0.25181082,0.058581084,0.04102162,0.025558706,0.028038125,0.02422586,0.0789077,0.26420006,CHUJzSoawsQ
0.29363114,0.24070074,0.028548434,0.030856049,0.0340846,0.030744044,0.1250247,0.20209537,syomsggQcPU
0.413781,0.36362988,0.44211268,0.1147016,0.2288154,0.15179056,0.22981352,0.17409854,-A2dbuK9fcc
0.35798395,0.2042459,0.18701082,0.22229198,0.13978249,0.16424984,0.015896274,0.11919631,ipkCS0ea7Wc
0.38010758,0.17768411,0.021107921,0.040812295,0.020473178,0.027468456,0.03994159,0.18609886,5Do-CguTU9M
0.5037202,0.22355777,0.066733986,0.13552785,0.058812235,0.08440458,0.13521013,0.35062292,O9yYXXxemPk
0.28055155,0.13049473,0.043000557,0.039819263,0.034786254,0.028851097,0.04818217,0.0064358856,_aKBdbpoyHg
0.2516636,0.045598194,0.0925399,0.030677626,0.044964284,0.020570885,0.03599298,0.29898775,S9uE37pLpIw
0.2987455,0.15735196,0.101125516,0.024631416,0.039644983,0.030531539,0.0741129,0.14990759,o4mOt1-7DkY
0.24737163,0.171683,0.037345003,0.059308004,0.030006947,0.024635768,0.054534122,0.26503077,-2eWn2Raw2Q
0.3589306,0.29886892,0.1341587,0.14267159,0.06711769,0.09230612,0.13521013,0.44198897,dZ9mLuOOJj4
0.21532944,0.48581484,0.21956216,0.037452858,0.14134333,0.085640915,0.05493369,0.5680319,f2xuoGCU6Bg
0.37784156,0.54102546,0.12626371,0.14577588,0.13394804,0.15757817,0.06332459,0.37472323,MEdg2acbVJ4
0.38084272,0.38146207,0.16181725,0.18775311,0.11215988,0.11869826,0.11407687,0.44873124,LYWg9wajG8k
0.3312015,0.4313834,0.08525078,0.11429129,0.08453835,0.101963356,0.08170467,0.47659883,3lryJ2_umSg
0.2893265,0.2308801,0.12925495,0.031960588,0.060578227,0.05247041,0.07970683,0.12119339,ttD_HV_gNmc
0.35942233,0.09090031,0.04646995,0.06452113,0.040187296,0.052650977,0.040628307,0.2766116,7L26ykJHfXQ
0.18329173,0.15664843,0.17677794,0.013833578,0.11876205,0.03659391,0.011523063,0.2010279,a8ycpSVMB90
0.17200851,0.059558906,0.033883907,0.019771898,0.05621051,0.028388986,0.0765103,0.19779128,jAeQ0d0rlF8
0.3888915,0.26062992,0.045364954,0.057739202,0.035150792,0.052624594,0.089577995,0.27434745,KWaHD54Rf-Y
0.42640823,0.11501952,0.05933871,0.11861459,0.04598023,0.07649779,0.009440582,0.15172175,KZeQ5YmbgoU
0.40299955,0.26184103,0.07378191,0.04308518,0.065170646,0.04369958,0.011106567,0.31057787,JLn4ykKdpG0
0.2891621,0.064987265,0.056155037,0.030020861,0.03776626,0.033813972,0.015063282,0.18137196,KBG9YHfl_Oo
0.26659366,0.22845283,0.16120486,0.11346215,0.075893536,0.13673313,0.06332459,0.13628288,apF6bft5kFA
0.20678166,0.087320335,0.056259446,0.0589247,0.03788322,0.048179727,0.017701091,0.20986487,yosP8SAPmcs
0.16737418,0.04359069,0.037755262,0.018603748,0.034209825,0.020690406,0.016382186,0.14766973,4fWwBk6TdLw
0.22922704,0.1580054,0.18126749,0.034665164,0.14977613,0.06442956,0.12695669,0.50448006,FQczefQNt7w
0.17121997,0.079931155,0.03726578,0.018015696,0.051681787,0.024034036,0.016937515,0.34735167,ya-Ek6C2xV0
0.41009113,0.17066275,0.029231142,0.06638367,0.020184534,0.033147972,0.0012494888,0.057371844,7xnoWh7wcz4
0.35638124,0.12943892,0.048839163,0.096289314,0.026121989,0.038743883,0.03187269,0.3738333,fpSxz1Qw-7Y
0.3295549,0.1489797,0.069670714,0.06765446,0.06024293,0.05448198,0.036508016,0.15632695,zyYq93YtScE
0.24942772,0.12201984,0.026203914,0.031242907,0.029489083,0.020981515,0.018325835,0.14013359,PNOEtyRVppg
0.45510712,0.6671976,0.4260061,0.2723759,0.57681376,0.48420545,0.065721996,0.25588197,1pwG73Y13Y0
0.36851817,0.19642548,0.07901055,0.09687198,0.04211862,0.050791685,0.021796638,0.14511089,_8NZEqIIYdc
0.19722614,0.06566946,0.03696056,0.03878531,0.048689798,0.036708325,0.14777246,0.5271024,borqfrOboQo
0.27214548,0.13804972,0.11812375,0.08067637,0.0577324,0.059306428,0.112788886,0.28098458,d4wmGQs2jlM
0.29965258,0.11685202,0.13406143,0.034032367,0.11638262,0.0875427,0.082104236,0.08648887,-_n_fZM1Cm8
0.22722208,0.04838405,0.04341162,0.017010923,0.05457111,0.01869437,0.0121478075,0.35758954,LjquptV7neQ
0.21521719,0.08686134,0.041972738,0.035155904,0.065841496,0.07043356,0.031014297,0.19157514,k0Rv-KgNWcw
0.26024762,0.064229235,0.047643423,0.05447415,0.10594819,0.080087245,0.019714156,0.1626834,eoVExuTECFY
0.3405307,0.2037131,0.11606754,0.15645291,0.06543761,0.09893649,0.031701013,0.44241512,1R0N2REOR_A
0.31297785,0.11976698,0.047332473,0.104690775,0.050984476,0.06752801,0.009509998,0.08875853,osVj3-Qbp-Q
0.18617108,0.042226877,0.016407128,0.013854588,0.03032282,0.0077327117,0.34388447,0.33214757,hu_JM29vjvo
0.44623944,0.27268004,0.17590018,0.05591342,0.105430886,0.076331414,0.19042583,0.063532405,Sp4tuLZFOZE
0.2618208,0.3798156,0.14800906,0.08991601,0.091357596,0.10306716,0.09118898,0.14391989,prhBvpETA6k
0.2161798,0.060817916,0.039908897,0.047558475,0.0382787,0.046106387,0.030155903,0.2008828,wTSdrTg7Hbc
0.2770633,0.18571043,0.09358137,0.08220889,0.14435264,0.10671159,0.011592479,0.07720906,qHtNcieKGNQ
0.38070762,0.15586695,0.08615068,0.043833055,0.08141659,0.08317138,0.16275369,0.035436828,Elew2wXL0C4
0.3030748,0.13038817,0.21602283,0.027298674,0.07052804,0.028913891,0.09709594,0.13995957,sKRV2-Y1vwQ
0.2714526,0.16147225,0.24885786,0.08931664,0.139275,0.101134114,0.013397297,0.12059259,rdqzQp_1u3Q
0.52843267,0.44348523,0.14880471,0.24976696,0.1321806,0.1885821,0.018048171,0.26734588,8zHVh7TJHqc
0.218717,0.11371347,0.13405024,0.07235297,0.117663585,0.07741631,0.09816993,0.18568149,MwAGg8H3ENw
0.34516975,0.25241014,0.13383457,0.06631625,0.13882515,0.085610695,0.024662184,0.25713187,kyCgNqargUA
0.343471,0.18479136,0.019646503,0.052866753,0.033220936,0.030422015,0.119872786,0.16413079,sPZc7Oq3QN0
0.2778278,0.06968116,0.064488254,0.04074894,0.052967913,0.03282661,0.02054715,0.08426234,M7EbMblnbew
0.4270994,0.44391415,0.31384477,0.13450049,0.31355965,0.13209419,0.263611,0.0050340053,Tv6UyOaeQp0
0.18555154,0.05497888,0.03765293,0.06887541,0.03152296,0.049517076,0.011661896,0.3607562,lVfq83_BpZg
0.3579099,0.26233464,0.06036941,0.05635033,0.07690791,0.048117086,0.024662184,0.20402044,2jgsNuHwsFM
0.2535152,0.13550058,0.12905273,0.020220013,0.052999116,0.029654363,0.033932835,0.2678891,2JQSVaV7zGw
0.2286541,0.09532769,0.036575787,0.036593158,0.054419395,0.03340506,0.018464668,0.35972747,JOYIQlRpZvk
0.29726204,0.24533719,0.03572286,0.030461056,0.02339728,0.026936507,0.0051367874,0.14481929,Heu419EvW8U
0.21223532,0.046849165,0.08651788,0.01970141,0.11539095,0.024716968,0.112788886,0.28432345,Epma6JyU7-E
0.47494668,0.2468271,0.17886613,0.047374334,0.12032549,0.058330443,0.039254878,0.14346987,tWBVne180Mg
0.40657753,0.15184522,0.10868652,0.14515883,0.16073796,0.1553733,0.06492286,0.39669803,lbPN_PaCnpw
0.22887354,0.15457265,0.035479825,0.009724517,0.03608585,0.010454614,0.028439116,0.25597116,Pnzafp7hQYE
0.26667774,0.043846376,0.023429664,0.044054803,0.014844724,0.017849235,0.16965903,0.09477151,wn4JNFkVXP8
0.3830342,0.16793919,0.060094517,0.062166817,0.097016945,0.07326642,0.026035614,0.32067207,SxNBpzUYyQM
0.3608363,0.2813107,0.103850365,0.03318557,0.08140884,0.035297263,0.08367105,0.2809456,THzd40Hzjxk
0.40026805,0.6033724,0.122852914,0.09198934,0.1847809,0.15731539,0.26589394,0.24583922,rzcagMKdoMc
0.21530318,0.123927474,0.20554586,0.026236169,0.6716253,0.19396743,0.39230084,0.27666372,IALVZfgXWL4
0.41748512,0.27038458,0.15479037,0.076034896,0.09450113,0.094870314,0.10828095,0.17939328,bBQhPZbEjQU
0.37498462,0.39010805,0.13941978,0.04610432,0.20667803,0.09632911,0.07131593,0.45293498,6TBnsc_Jq9k
0.23439056,0.11943444,0.055746894,0.10546011,0.04912385,0.086627744,0.057331093,0.3062984,KfiwtPiPq4s
0.33864442,0.058100216,0.027337471,0.0572178,0.046114698,0.030421019,0.0032452,0.19934666,A0OF_MbQUng
0.32879004,0.1597559,0.078918904,0.024441984,0.111677855,0.028693965,0.044748597,0.20749699,FOMr07Zk4m8
0.20972677,0.09569044,0.040420495,0.068420455,0.032591954,0.05117567,0.023460433,0.25043,-tTo4XixYCY
0.20488204,0.113432325,0.2844838,0.03470629,0.07788597,0.060841374,0.0681194,0.19570808,a7HbE-S6pUg
0.34149852,0.12002753,0.06340599,0.07661645,0.052479137,0.06351691,0.030842619,0.11810143,d-kMVucBZxo
0.26872453,0.45464537,0.22166695,0.08906292,0.08528031,0.09488385,0.03856816,0.43654004,WrAMzAmAW3g
0.28012803,0.072543375,0.04359596,0.0637645,0.036679454,0.050717417,0.0070457286,0.2794839,vQVfUibZwSI
0.2937271,0.09351794,0.072692655,0.06991632,0.05129981,0.05620764,0.007844013,0.03621499,I3-Th8OsWZA
0.26998967,0.2762981,0.1439967,0.08488318,0.11254813,0.09680007,0.062125895,0.30056456,qKEoaQN19MA
0.262389,0.16527186,0.078481294,0.06477673,0.116054915,0.07563111,0.0042690868,0.4379706,tntdGlEAMX4
0.33980832,0.23055461,0.108430035,0.136975,0.06740441,0.08784092,0.03770977,0.23149286,NROGPNwkzTI
0.24706325,0.104376875,0.25081867,0.0361753,0.18970357,0.04729107,0.38261065,0.10598302,ue60U29Jt9c
0.20540428,0.10623017,0.07384763,0.027262494,0.0649565,0.035601985,0.021796638,0.22975804,mw4qqj38hSA
0.3207406,0.29183972,0.3010951,0.18708506,0.304751,0.21922481,0.16620636,0.27230698,mzdyPnTtC2I
0.1867027,0.05118033,0.13013883,0.050044335,0.39681628,0.11842586,0.37083253,0.419429,FxnfPCa9bYE
0.31680006,0.30118638,0.5508755,0.16761173,0.4323113,0.297442,0.040628307,0.3035835,xJMl8fiVzpc
0.54618734,0.63027215,0.39383498,0.19353536,0.2636154,0.24319129,0.31650472,0.45538205,_aD_fGacsHE
0.23488857,0.24452686,0.07509812,0.049460076,0.08840271,0.064220935,0.020130653,0.28832886,kuCswOjR57U
0.2799173,0.11599798,0.06912546,0.022419944,0.05668777,0.025391879,0.03444787,0.41373792,TShfLFjOt3c
0.32268175,0.6132275,0.20093107,0.21201178,0.18042187,0.21109694,0.05413456,0.43971562,bO8_flydz2E
0.35248,0.37019008,0.2687377,0.047179025,0.10503351,0.08301874,0.044748597,0.1089092,gTqBKDq3Uqg
0.49111795,0.34223276,0.17523578,0.20993853,0.13965891,0.21329255,0.053335425,0.28263566,kH5lNkDzLKU
0.44174215,0.44815317,0.19387913,0.14301863,0.266525,0.22072022,0.13296685,0.4684462,X85T_EYQ760
0.46965656,0.41691974,0.30037045,0.4789877,0.30908337,0.4402198,0.16827796,0.2730063,ohyjfZO8FcQ
0.17880295,0.09585822,0.047101747,0.038961977,0.056710403,0.052444715,0.2712817,0.30103388,BvrmhUeCWCo
0.30334598,0.10427481,0.12510195,0.059179656,0.034688428,0.04194187,0.07730943,0.19084921,fCTDygaUglI
0.42739102,0.7638931,0.24437504,0.13476115,0.2092459,0.23737074,0.42315382,0.2697256,B4sfC-SCbVg
0.3003282,0.071078286,0.06670103,0.06518672,0.060965985,0.062321067,0.032731086,0.034518562,6IvggQ7Aano
0.38079682,0.2260558,0.22057272,0.052590508,0.0641239,0.053472556,0.089577995,0.19040483,zpfZ_NLsc-4
0.342412,0.2419299,0.16419713,0.051232204,0.108595006,0.053031467,0.06132676,0.0963621,eoqCDOTrmwU
0.34810334,0.3515707,0.3004934,0.08689304,0.88457716,0.56369984,0.57816684,0.70810634,GHpI-mloOgE
0.4008999,0.09953555,0.04834537,0.07974956,0.061050154,0.041846555,0.05133759,0.1952044,RX0di6yfXDk
0.451591,0.17087819,0.109745234,0.117548704,0.10786432,0.09033854,0.04234509,0.26358703,wj7Ys732SiA
0.33458713,0.07773768,0.036558792,0.03316976,0.044743553,0.019857032,0.039598234,0.13602759,4eM4utZynME
0.45306465,0.29944968,0.100205146,0.12192646,0.079433724,0.062192366,0.046122026,0.19427562,QoINyVG4zXQ
0.23997343,0.15064377,0.0971929,0.034403756,0.09520579,0.0667357,0.018048171,0.12585822,5o89P7PbF4c
0.24618848,0.058165498,0.02726936,0.017925596,0.089425884,0.020384062,0.025005542,0.065930635,wkOZXxu5iiQ
0.5112625,0.18926023,0.20164256,0.18914413,0.11149609,0.10329904,0.12888865,0.26874003,DUVzXZFxXQ0
0.18530934,0.053923417,0.07657838,0.020016707,0.24671414,0.06204515,0.24418297,0.20344318,8bj3I-14vq4
0.39604032,0.1263856,0.14722863,0.033585843,0.14815517,0.040135227,0.22333995,0.18807743,p3AvzTbCcJQ
0.45159087,0.17087828,0.109745264,0.117548704,0.107864365,0.09033854,0.04234509,0.26358703,-3Vyr_dvkug
0.51202977,0.18106799,0.06012188,0.17513166,0.06129231,0.110128835,0.02397547,0.31092003,KcRVHbJJasc
0.33867583,0.103489034,0.044581357,0.06449615,0.027564038,0.04317875,0.033074442,0.13253112,bxXQPANafo0
0.4100629,0.29576272,0.1768514,0.08943317,0.18546087,0.10849602,0.09655894,0.25153008,ZrmmkfhtZis
0.5123216,0.32835022,0.41743398,0.06344284,0.68785954,0.19578536,0.47762036,0.0002903618,PmE469vWJzc
0.36422053,0.39670312,0.13859506,0.11568119,0.09147899,0.09513295,0.10515087,0.2734528,8xhJXU71RqI
0.3155294,0.19408245,0.2057915,0.1543811,0.086941436,0.0841742,0.13969667,0.17675781,NJ2XRW1GHOw
0.43594745,0.35762918,0.43226185,0.2505878,0.70199466,0.43386197,0.3609816,0.33824447,Uxtu1Q22Ntk
0.33176,0.36258286,0.39671037,0.08624759,0.21420403,0.14446941,0.06252546,0.0912207,dKWYkKx-nW0
0.34146908,0.12567681,0.04860726,0.058675203,0.05655323,0.037538867,0.03187269,0.106779106,9TriamQgD9Y
0.3460622,0.18433584,0.17568763,0.09631426,0.09967086,0.08339289,0.044405237,0.17859489,LMOS7GYUcg8
0.22647655,0.20401298,0.09732545,0.039629597,0.091206595,0.058621228,0.09333697,0.1438157,TbSkXFOt2rM
0.23983124,0.22716407,0.17878313,0.030527353,0.1448085,0.08517064,0.13431281,0.19812013,87DaJbwtpW8
0.37105778,0.30384028,0.17191923,0.07774555,0.10146948,0.10224277,0.029469188,0.33017245,6zIhgsBu0BA
0.19163719,0.25180584,0.23815306,0.030856768,0.19359547,0.123113126,0.12888865,0.42803562,2fQVDVMDaME
0.23150714,0.23836736,0.14351583,0.06734746,0.09891413,0.08890079,0.029469188,0.27372664,y4qa6O6IwUY
0.24425577,0.07342346,0.05436828,0.077347025,0.043825753,0.06319445,0.015132698,0.13897748,JQuyWUdnDNA
0.21206255,0.2552002,0.06823653,0.0358602,0.07099985,0.053740457,0.046122026,0.09133112,6fnz-dxs14I
0.2304108,0.14121471,0.09652617,0.0759709,0.068189,0.09067087,0.020130653,0.24250412,dyhZp_ZwYfA
0.4034426,0.24768025,0.11735171,0.106289,0.13610911,0.09917374,0.229845,0.5680319,PznWpvIHZtE
0.25766355,0.06173577,0.027246919,0.04600363,0.023417968,0.029227527,0.020130653,0.17512532,n6yMlNRH2W8
0.3425144,0.23559475,0.33433408,0.1537384,0.18259618,0.15124829,0.20522906,0.13813806,AEfRyEGuGqQ
