PERSPECTIVE_FLIRTATION,PERSPECTIVE_PROFANITY,PERSPECTIVE_THREAT,PERSPECTIVE_SEXUALLY_EXPLICIT,PERSPECTIVE_TOXICITY,PERSPECTIVE_INFLAMMATORY,PERSPECTIVE_INSULT,PERSPECTIVE_IDENTITY_ATTACK,video_id
0.41396877,0.89914954,0.19962092,0.8494624,0.5535644,0.5680319,0.76320773,0.24524263,t4QQTfIvzv4
0.29929337,0.05772797,0.11072855,0.07654584,0.010551238,0.18505968,0.043003954,0.090581894,XlBUfZYzeM8
0.4047881,0.19144168,0.52085644,0.18000408,0.005275619,0.27704704,0.1423107,0.23171172,ZR7Z74UY2TY
0.37356132,0.055994384,0.14160915,0.042756174,0.015688026,0.19181272,0.10364421,0.106667735,puNieGCEAZo
0.42789623,0.14585,0.45897514,0.14796369,0.036336336,0.20855315,0.11367626,0.1354432,loiARpb_cOU
0.40756676,0.12481666,0.1444494,0.14856625,0.0024122077,0.16319318,0.09513317,0.12302484,gWpeNZQ9dUs
0.28325966,0.019496696,0.041430213,0.02711699,0.007705181,0.26682663,0.02701074,0.048660085,ZqNDsBjdS4M
0.22515033,0.023504872,0.16690348,0.044479612,0.0071151447,0.12018592,0.01654221,0.031201106,ibs8k6DwNEo
0.18977875,0.079989605,0.07974767,0.09297079,0.21109697,0.14283109,0.059463147,0.063175656,qo_gZUXmy0k
0.45839897,0.0631559,0.17858666,0.11867481,0.067320265,0.2505395,0.053926498,0.03902005,BPDPSL9PlDU
0.32313517,0.018947257,0.053216226,0.03453732,0.015896274,0.112356395,0.023904348,0.0123433955,SIkM7TaCByk
0.3422087,0.10309629,0.58781135,0.09675095,0.024147147,0.16205712,0.08095799,0.24921949,RMYE1gNZQdk
0.6223661,0.23594654,0.3025649,0.3400303,0.13700475,0.054770157,0.1939751,0.23159598,CBh4UvL8Kmw
0.21116039,0.09813092,0.11752026,0.044696532,0.065721996,0.35893327,0.21550491,0.4052059,FU2yuHjOgtg
0.3417932,0.09349172,0.32309628,0.11189429,0.0224908,0.024756378,0.039649412,0.06809787,QeSeOrSSwQg
0.3809385,0.08216448,0.15080279,0.17039733,0.035134587,0.13872449,0.0514732,0.06363663,ayhxxtHCqrI
0.30428293,0.06215348,0.13428202,0.057808902,0.058130227,0.18956964,0.0962302,0.21864013,s-rhXgcHzsA
0.27967533,0.029457934,0.045300294,0.042393405,0.038224805,0.27463108,0.024849238,0.04744748,JkWmaXtMbDY
0.23949878,0.09022024,0.13534027,0.08965059,0.035134587,0.32051736,0.05703607,0.1598979,0EupRH9K5y8
0.22062019,0.042154517,0.08633118,0.032864124,0.011384231,0.20707227,0.05526913,0.035392217,dA29PmC7_Fg
0.25619617,0.029943949,0.11131554,0.032562505,0.018048171,0.30567098,0.07278097,0.10197678,3xBuTs0B174
0.23080626,0.03452835,0.076025985,0.038792886,0.013327881,0.36151552,0.052260254,0.09667625,1_-iyzpQY9s
0.2580113,0.06720622,0.12639122,0.09679896,0.012078391,0.27513596,0.050165072,0.06710631,aNWaFxIVbQM
0.37017515,0.074951075,0.19588667,0.06879505,0.014855034,0.078414254,0.07451935,0.07306543,nBAVV8F_bBE
0.18768258,0.028692137,0.023111096,0.03358523,0.0011106568,0.051747646,0.01177165,0.00994841,JfxyakPvWvA
0.46771312,0.24685383,0.80610603,0.12036366,0.039598234,0.2119142,0.29911953,0.52848774,K-fkotC_Ndo
0.668268,0.068249024,0.38504344,0.082532145,0.0022733754,0.0143069895,0.073158786,0.08192893,C_yxhmenP78
0.30162793,0.02358711,0.08439803,0.04558764,0.013050216,0.35402718,0.013777939,0.019391317,x1PemKr-lmE
0.25102064,0.035158616,0.09394847,0.06547565,0.040284947,0.44309318,0.023715103,0.06430749,_hdp27GyC2A
0.38245067,0.0680665,0.06572191,0.044370614,0.012008976,0.20256886,0.12767072,0.09350328,HU6orSwBtco
0.28778562,0.07394766,0.11655424,0.13222396,0.112788886,0.1406802,0.020604819,0.040071554,lIUWTQfuHwA
0.31814954,0.03404192,0.0696166,0.07965327,0.02262963,0.16144264,0.05491971,0.1061321,TLrLaoJm-ag
0.34567502,0.079814315,0.3888002,0.09599645,0.005587992,0.27742264,0.042038545,0.1144708,Psmezmi9AEA
0.50462496,0.12179555,0.27296358,0.17514956,0.17380224,0.30489153,0.16684,0.18880375,XZALLm4ur7M
0.27919537,0.024495855,0.07560496,0.051742416,0.0013796439,0.41397998,0.022231055,0.026346028,w_aVEonbNa4
0.23747478,0.035821844,0.22860046,0.0537564,0.01492445,0.14209248,0.021427626,0.09731955,x7vgoV1X0Uw
0.6374353,0.1741604,0.40941522,0.13587305,0.010967735,0.32717553,0.16076633,0.08423907,rJXYK6wEACQ
0.24249597,0.042691607,0.10209796,0.05462017,0.009232334,0.19109379,0.029602515,0.04339973,p8rM3-2KETA
0.49686003,0.061415058,0.12386453,0.10962719,0.018881164,0.3037391,0.029580308,0.035226397,2r1ebo2tp_w
0.19881473,0.11059995,0.43179864,0.07660864,0.015063282,0.175143,0.0924886,0.32533893,YNilaLh2Zuo
0.33834505,0.046680033,0.121995874,0.08411981,0.02262963,0.26516387,0.044338536,0.03771508,pYScyAEgDH8
0.48714018,0.1876754,0.42266136,0.14808676,0.16758743,0.014020399,0.22929129,0.2922253,BsoU_jJTOTc
0.5008159,0.21359466,0.4404167,0.21030745,0.15743166,0.4520772,0.21109076,0.15989785,N-9wp9zyP90
0.38992992,0.19000757,0.54961246,0.19085683,0.0087811295,0.10380645,0.07789717,0.11995819,8YEfg0gCm6M
0.6208114,0.25252026,0.37291184,0.25962695,0.02655065,0.19201024,0.3007003,0.28039557,11Pw_fi2TOg
0.4397881,0.063769,0.43150908,0.0656779,0.031357653,0.3158736,0.09064103,0.15046893,TkuIh1B-RCE
0.30683127,0.018280016,0.09926046,0.018187277,0.05093802,0.099509716,0.030379938,0.121604435,tCIYxn5vxis
0.36710608,0.053313427,0.3971813,0.056641594,0.10300289,0.24550356,0.04613817,0.081594646,W1nBeHarfeY
0.37518913,0.038616538,0.085611075,0.07861214,0.0016486311,0.02608534,0.030867182,0.05260744,FiYBSvBRyUA
0.3194389,0.016176494,0.05073803,0.022980582,0.05773066,0.20175998,0.021152217,0.0120093925,4HFBYciIfiU
0.25789237,0.075223334,0.2704224,0.078401364,0.012217224,0.09908147,0.03744062,0.043687604,aR8o33eeZto
0.35198408,0.10734508,0.49600595,0.08872353,0.028610796,0.08047314,0.087416455,0.20089622,JIiHIEtVnIA
0.16938616,0.01294006,0.03276071,0.013017003,0.009857078,0.2702624,0.01730862,0.016822997,6BluRg9nRho
0.2750945,0.05316374,0.13283172,0.08493943,0.042001735,0.2776718,0.027655205,0.036891583,sqE1Q0i9NCc
0.21860643,0.15763755,0.1275874,0.10000976,0.08796701,0.07600068,0.12195742,0.21020305,zkNsavFLIds
0.29303563,0.10916349,0.22388974,0.13215256,0.050585672,0.19939396,0.078081295,0.07384636,PGOSTnyFo0I
0.3413445,0.07825767,0.19059984,0.13291849,0.013605545,0.30945244,0.11924292,0.20250545,53_CwfdBBpg
0.2929609,0.02329693,0.08171656,0.032460064,0.0142302895,0.1267088,0.023007458,0.050320413,ZfAS4fSkd6Q
0.28032568,0.15655325,0.5539593,0.1592833,0.0038005284,0.19326726,0.075348146,0.11213982,dedk5Q8bwJ4
0.26146445,0.1513925,0.28623253,0.064575255,0.3511902,0.2651505,0.47426063,0.24218193,i9ANdxrcBR0
0.24213894,0.067241594,0.24363422,0.051622353,0.015479778,0.1751428,0.05821378,0.11286363,uiqj8XvJgNA
0.33075237,0.32796746,0.3393992,0.19081353,0.013952625,0.29836595,0.46469617,0.43144226,UFPxOpJw_eI
0.43302977,0.10860438,0.56617045,0.07213637,0.09816993,0.23283303,0.13994648,0.27642888,IZ10AyhXImY
0.39975795,0.20332836,0.38177812,0.12010164,0.16482529,0.003594261,0.26281047,0.3282062,ro_U3tS93_4
0.4186763,0.04816233,0.114093654,0.06136216,0.008121678,0.1946258,0.06113871,0.05084608,j3eRAGKVLys
0.20134692,0.0073762103,0.1024205,0.009867156,0.0068374802,0.107856825,0.008589562,0.011433954,nUnS0vmVRqU
0.26772752,0.060091853,0.12892026,0.085602194,0.020408317,0.43836212,0.048043713,0.038592253,PKRajxPvv0A
0.45501247,0.06070611,0.24280985,0.11351156,0.04680874,0.20931208,0.06053169,0.07666305,wapg3iJE9Es
0.43072727,0.094865695,0.10810471,0.1668571,0.0053103273,0.1821058,0.04201106,0.050306734,--8ayeKLG0c
0.87669635,0.25599962,0.49710774,0.3959283,0.2712817,0.2652354,0.21594109,0.21686623,m8mmC3tyQ_I
0.2939132,0.03316983,0.12321897,0.059851617,0.009926494,0.2727062,0.03282928,0.056392554,rzATsR_Qdow
0.39582968,0.097943075,0.10522773,0.14586258,0.011870144,0.075253084,0.049778674,0.04822705,UsKMpF-mjsg
0.26059884,0.035096616,0.09631841,0.044272136,0.037194733,0.43682063,0.057689525,0.09610827,hIw4SEZtN_Y
0.27681732,0.020727865,0.052843615,0.040161505,0.033074442,0.31875774,0.02079891,0.025177851,2ucBTKaEPMc
0.5187479,0.12974122,0.25036544,0.19990622,0.008954669,0.1637592,0.06330552,0.04728333,h-EsSUJZ_k8
0.32075492,0.014274616,0.051904168,0.03031428,0.0054838676,0.26465717,0.014399198,0.010846111,q8xSdySw8kc
0.3000432,0.14860873,0.20628873,0.13037054,0.016243355,0.013935335,0.08074239,0.05391892,x73D5efpCkE
0.555357,0.15037253,0.14629807,0.1992262,0.016451603,0.20113863,0.13936058,0.147417,l7ghFUOsK7U
0.5824717,0.13109519,0.30546448,0.15535925,0.02397547,0.28920177,0.14959483,0.13534,djIo83rkj3M
0.30182004,0.051948167,0.1571133,0.07901055,0.0067333565,0.18983999,0.043136295,0.041779563,Y2jmDBtSzy4
0.30087543,0.15217243,0.5488781,0.11555817,0.08689302,0.14900549,0.16428787,0.105394825,p6t1QgUfPcM
0.26451308,0.030135786,0.05794654,0.030303102,0.0253489,0.29642037,0.07109854,0.024659581,UHs3NZMO6e0
0.3436004,0.16534789,0.31589517,0.1634123,0.02809576,0.22386818,0.08839741,0.16055721,Me1SZjWBuoI
0.326878,0.07112693,0.20689191,0.08028418,0.011870144,0.0947276,0.026311811,0.03687952,OJjh4LX_4Ws
0.17697322,0.037201434,0.08568144,0.04721317,0.015202113,0.05936245,0.016722638,0.028459955,YYsYgNz58Kk
0.36243385,0.12871018,0.1809909,0.086995214,0.17173064,0.26729012,0.19682005,0.07797892,UcZMMR9SK_w
0.5087646,0.11745952,0.2925943,0.11628849,0.00843405,0.0384207,0.098600596,0.15198581,2N8x28k2Lhs
0.24157351,0.046938792,0.22309443,0.044677097,0.051737156,0.3337586,0.04371534,0.054820813,cpbc-h1ECCk
0.36338523,0.22515173,0.32805544,0.17431623,0.0765103,0.14463723,0.1751059,0.29732382,Bwauc6vyWw0
0.273105,0.05727635,0.08282141,0.09565574,0.007392809,0.080412075,0.026758153,0.064004794,Z1eM_iX6m8U
0.51629424,0.08866226,0.12121501,0.16018865,0.0013362588,0.110766135,0.04647008,0.043909393,Sg_jQA5M4kA
0.31239903,0.015591064,0.06822804,0.0582477,0.011661896,0.04344924,0.011157389,0.021231832,ARfMk1rZlto
0.34147516,0.062068492,0.40555456,0.057624456,0.048525527,0.09506945,0.05430411,0.08002285,yNEAOGqDe1I
0.1969188,0.030860426,0.07791951,0.04176798,0.024662184,0.17553967,0.023949562,0.026887562,suXoGll3JMw
0.32254842,0.09020351,0.12672603,0.08239982,0.036336336,0.4416529,0.10527188,0.1003518,AVyiv6eJWq0
0.29579538,0.03947329,0.0929357,0.0671329,0.009648831,0.11929436,0.025112318,0.046244673,tXCB5ORsp_o
0.29295537,0.12867613,0.16031207,0.12849909,0.018881164,0.3093076,0.105313,0.19323939,B4hlggILsuY
0.2500849,0.06532598,0.30616868,0.05888317,0.010412407,0.020335723,0.045050465,0.05596424,5NqN5rbzh2I
0.3489574,0.08953107,0.17583686,0.112574026,0.028782474,0.046955436,0.06611094,0.11706935,WA26ItyG3Ik
0.26893145,0.031014284,0.1774021,0.05143766,0.014022041,0.17902131,0.017981285,0.042198054,IBl15polpp8
0.19747618,0.066382654,0.10649907,0.04870807,0.017076347,0.067097835,0.060433112,0.15155053,3Nss4a5sgSI
0.48033014,0.11759559,0.19950779,0.102913536,0.0047897073,0.08748187,0.08594224,0.06703162,wzAJLKLNE9k
0.30438823,0.06515911,0.13344617,0.1145528,0.014646785,0.098491184,0.040505093,0.044047467,_DC8g_NxwmU
0.5205643,0.083253264,0.14915451,0.14546223,0.0669207,0.29903096,0.1641227,0.04846506,Gh0tSwtSpcY
0.3800072,0.07994048,0.28223848,0.097871825,0.016937515,0.11752689,0.068120055,0.16778691,3oPjNV5ClNI
0.30835637,0.067959934,0.12932219,0.07382194,0.062125895,0.21290857,0.07367723,0.08962508,UDNfL24OkCw
0.39881143,0.047641754,0.14379333,0.06737347,0.01631277,0.18451524,0.10058104,0.05159788,F4U9aGYrjcA
0.28771415,0.024773443,0.069952935,0.030413764,0.013744377,0.055289377,0.043240637,0.051831923,jmkT5DWqwUU
0.31634253,0.056529492,0.15270068,0.045745663,0.032387726,0.26832634,0.0765333,0.069243394,wX0HXGo0ZDc
0.2852409,0.06360508,0.26656517,0.05084753,0.017354012,0.032619726,0.071668744,0.116766915,6jNn5O4YBjU
0.24300824,0.105213076,0.36021078,0.05089762,0.057331093,0.5680319,0.14991376,0.26136005,7XrymquihYE
0.24251609,0.084541135,0.08834567,0.083195336,0.02054715,0.20755601,0.11285103,0.08814264,YexPhWxsxVo
0.2483215,0.025976136,0.083861895,0.030320985,0.027752401,0.16432357,0.027804574,0.040868815,FTzjdK5mH_g
0.31612882,0.10305022,0.23415735,0.053379312,0.015410362,0.04796223,0.18181439,0.10765667,YWZx4f2OCfY
0.63558704,0.13952714,0.19573809,0.17747755,0.015063282,0.03375849,0.054800667,0.060528137,cR9XzTCHMrM
0.25218287,0.021115111,0.071725294,0.035319556,0.009648831,0.03535543,0.013558666,0.021191785,3zPEj5xV6PM
0.34572792,0.10893568,0.5334838,0.088365376,0.105704986,0.20881782,0.09142564,0.19158694,yxG-81Ipgz8
0.5004426,0.09067368,0.21178709,0.09574788,0.045778666,0.21173695,0.10018409,0.1341922,NhAaewMMKmo
0.24438803,0.08833344,0.30248675,0.054139927,0.10515087,0.32423282,0.16671139,0.28397068,mn-YP78L1q0
0.32667533,0.06707219,0.36703697,0.0732696,0.0036443423,0.14374772,0.054545533,0.055562638,gZvEfghjpJ4
0.26881462,0.057200193,0.11219203,0.08885008,0.0069068964,0.09481302,0.03437572,0.04065061,lkrgRl_g__4
0.43205446,0.10428884,0.33711135,0.10435592,0.0121478075,0.05853312,0.05713748,0.09793249,FD_0Sz2Zc3w
0.42752552,0.12473353,0.374441,0.14972545,0.047495455,0.09428977,0.11732164,0.11714767,Zzc0yFAEN8U
0.48723868,0.033501823,0.093451425,0.05107997,0.080905534,0.24503341,0.08249793,0.07881019,JZ_tGKiMYpw
0.31211463,0.06790787,0.13280007,0.061256293,0.003054306,0.093254656,0.051981173,0.09697815,07ABUwjEW44
0.4464902,0.16723959,0.23841646,0.15095319,0.09763293,0.10206647,0.25690246,0.21627861,Jcm72G9gLCY
0.38492692,0.12801406,0.258988,0.08625466,0.07251463,0.27222857,0.30073038,0.35110807,TEhpWAFuWFk
0.25213197,0.1637719,0.20142323,0.1375591,0.019297661,0.19263262,0.12553826,0.11487029,1mxnK0lBakU
0.39978418,0.07423006,0.1672337,0.10000299,0.04406188,0.08750107,0.056129135,0.07176107,mB0qaFpq-OU
0.21608044,0.028167501,0.10478014,0.035182413,0.015340946,0.26477262,0.019370744,0.029277228,FkgH1yG4BUc
0.24829242,0.058040082,0.14555603,0.039947875,0.021657806,0.23195425,0.06435941,0.07271121,nvspHfsIoVE
0.40437803,0.18225883,0.52623785,0.21526997,0.061726328,0.17722431,0.08134606,0.15193817,EZNdiyJ_QEA
0.29529828,0.0626013,0.09335766,0.1010856,0.052136723,0.23103786,0.019311393,0.029858649,GEIetH9N6oo
0.35325497,0.054948892,0.084272206,0.08075712,0.0142302895,0.1382527,0.04706531,0.054898996,Dn7gWOPeUu8
0.3192548,0.099749975,0.14044297,0.105080016,0.023288755,0.04649189,0.034152158,0.04678463,qmN7MfOysXg
0.51444435,0.22087286,0.43961656,0.19825819,0.0030195978,0.057426702,0.21534665,0.18963432,iVvaBHyHbFM
0.32039282,0.1754714,0.2690471,0.14360097,0.0013796439,0.31211722,0.16192542,0.15860385,pqhmDeLg0LA
0.41507366,0.18626733,0.23532167,0.1706467,0.10461388,0.044675566,0.26341835,0.21353374,EKAfyZD8MGU
0.25962883,0.03335531,0.17152834,0.051561754,0.03856816,0.024731936,0.02434372,0.060193475,Y90K7wABx5o
0.3223076,0.021488393,0.0983923,0.03685029,0.049212243,0.34847116,0.029021619,0.024316339,8jiRTKhM9WU
0.33847225,0.08327083,0.17180982,0.06196084,0.038224805,0.10170562,0.08279073,0.069192864,o93IxHyEcbk
0.4592195,0.083437085,0.28557244,0.08371775,0.09602194,0.14226,0.1824043,0.16438702,YDcYCzWZ4Rs
0.30588758,0.15504424,0.5089645,0.12990105,0.02517722,0.14038424,0.11893295,0.14720485,0WyDAPkyChE
0.18668184,0.040303227,0.20882326,0.034385454,0.049898956,0.13394737,0.030666703,0.07467618,S-GLlNDpOtk
0.19509263,0.15672353,0.11737293,0.07774385,0.060927194,0.18154338,0.25925672,0.113988966,LZ_EVF1RC_k
0.4054508,0.08406168,0.38504568,0.12559341,0.0070804367,0.12832095,0.035751715,0.05284381,oTGMvmbXduk
0.30605853,0.50808775,0.12710378,0.05625792,0.22983712,0.278859,0.87215024,0.17998847,ftBvcrNaqrM
0.49403617,0.2964998,0.44374353,0.2604059,0.37221906,0.27375346,0.26950002,0.15293115,Dgq7TPZ6wH4
0.6424927,0.22585924,0.6041897,0.29836452,0.014438537,0.07419169,0.23664851,0.30284894,BhVYcO4tO30
0.27817562,0.10291359,0.10284157,0.11627948,0.038224805,0.2672746,0.085880615,0.07587315,-5KPfJ1Oj04
0.29899016,0.20086144,0.39368698,0.15307142,0.020130653,0.21119927,0.14173809,0.1343912,9QAeqh3kSa4
0.47699964,0.07723321,0.18582962,0.09696942,0.0067680646,0.3399911,0.06584212,0.084823824,pE2r_6-E7QA
0.27317992,0.10332806,0.14246756,0.09996543,0.004546751,0.13766143,0.09172736,0.08643701,vXrtOxO8j4A
0.30529955,0.0020231288,0.006658998,0.023474842,0.0045120427,0.06605404,0.0016934532,0.0005308998,NmcoQFuBJGg
0.3290379,0.09232981,0.17424071,0.10751549,0.010551238,0.058284834,0.05661802,0.058843616,RAqMxbHUlHg
0.38898307,0.07455398,0.1751742,0.07331858,0.02397547,0.04140719,0.06854099,0.063187584,fwDvRKq6X-c
0.38733685,0.24062172,0.40226817,0.21468216,0.17518331,0.19324961,0.12732978,0.13536298,ghNKMMl_2iQ
0.29028752,0.1328685,0.27516147,0.11990806,0.03856816,0.30357066,0.12937342,0.082943246,CgcfgnV7QLo
0.3412682,0.1349184,0.11723502,0.11160389,0.053335425,0.00803988,0.109467275,0.12005669,tF930nPZxxw
0.34910673,0.060800906,0.26902503,0.08450558,0.0012234577,0.19327365,0.062471267,0.04080131,8O-IODLU5pc
0.3226881,0.10699428,0.31179458,0.13964209,0.014855034,0.11363256,0.0659902,0.13845417,FLIVOu7LkZs
0.43981436,0.08769444,0.30643678,0.09264671,0.059728492,0.4983534,0.1067342,0.12715447,haRWvj3V1yA
0.3822606,0.06633617,0.37527415,0.07815103,0.010273575,0.26597425,0.056327254,0.08643075,85W2b1BTEc4
0.32781425,0.014035852,0.10863119,0.02669904,0.0041129007,0.100521095,0.011006157,0.017506823,jV7-EYA0MGo
0.47244102,0.11039532,0.2590777,0.1607545,0.040971663,0.10786721,0.1093013,0.11180335,slgl-MZwK7U
0.33561748,0.049442653,0.103311725,0.059294753,0.013536129,0.08811137,0.047615424,0.08252448,RPqFQgvsOx4
0.4461431,0.09963993,0.7601203,0.06497972,0.11085691,0.08718781,0.15037099,0.23858404,2RLI90ZbwPk
0.25979415,0.124210365,0.4462891,0.088852435,0.0100653265,0.285072,0.11793632,0.12080207,Hzb4PpfrOZE
0.5917125,0.120602764,0.21179058,0.20740166,0.013119632,0.18179052,0.07655241,0.0818097,SQNcq5cetuY
0.30342403,0.046199646,0.2871492,0.06681275,0.0057615316,0.1776292,0.021068694,0.027163636,4M6fW1ElZwQ
0.27785745,0.057949726,0.06422611,0.045641717,0.012356056,0.46404675,0.07216946,0.04351093,wK092Jb092E
0.33700225,0.23467946,0.4849867,0.16565548,0.039254878,0.2180933,0.21950947,0.20288435,I7aHnR3aZuo
0.36411315,0.07998684,0.32547542,0.06956759,0.004373211,0.045564447,0.072109826,0.06571054,SUSillmduSE
0.59418786,0.09962908,0.14764057,0.21270193,0.0041476088,0.18627422,0.0496316,0.057852246,nBaXKPsg4F4
0.44925308,0.1402721,0.55866784,0.13489899,0.009857078,0.035392724,0.16995716,0.13132966,SbvJfkpaJ0Y
0.3231269,0.041884407,0.09668105,0.04022475,0.012494888,0.30514193,0.08422235,0.055006668,JBI72u22QMc
0.55690104,0.31292897,0.7606379,0.15197854,0.0039046525,0.106977195,0.4320037,0.52333707,Cnlw7-1-1uI
0.34313518,0.09614327,0.2385942,0.057087958,0.011800728,0.24730094,0.12813596,0.07333115,GywZl0VlXjE
0.37526643,0.07550215,0.24093859,0.090148054,0.032387726,0.17391622,0.12821133,0.068024434,jfxWfKgP4VQ
0.19960204,0.04181693,0.061314926,0.037507143,0.14193995,0.37274054,0.045111295,0.10129848,mTPTrQSir-k
0.36012408,0.17506775,0.16789706,0.1348511,0.2712817,0.2474374,0.1918393,0.29191533,VQQ8FDfD5q4
0.36406592,0.048143253,0.23625779,0.09426251,0.0057962397,0.17812067,0.028929211,0.06050068,JZVzjriV9_M
0.2517175,0.06320177,0.22025698,0.053689145,0.0253489,0.32414785,0.060319357,0.0988204,o0SWE_jio-Q
0.3726164,0.06429643,0.14910124,0.098827355,0.040284947,0.3080401,0.05046269,0.06283249,iIfbJz9ethQ
0.44676837,0.07739181,0.25600353,0.060944945,0.09763293,0.07085939,0.08544715,0.21108684,OKBCQAK_wes
0.48296967,0.23678888,0.59154433,0.08646322,0.16620636,0.38512778,0.34780446,0.44863647,5KOIp5630O8
0.36496127,0.09699157,0.18468456,0.1292768,0.018187003,0.16902061,0.03717166,0.0657913,Ehd2jApxaq4
0.4328572,0.07411564,0.1993033,0.06502577,0.013883209,0.023473049,0.056902774,0.074666776,7QjAt4Uy7bs
0.26217574,0.088303305,0.14553149,0.06622581,0.027409043,0.26662874,0.14332123,0.095991835,0KzXcZpQbyc
0.33067417,0.24788952,0.5460724,0.17210078,0.14597784,0.41265336,0.41149965,0.47447795,6stDVMOW8QM
0.26193455,0.029236637,0.14518563,0.031096984,0.019852988,0.45100874,0.028757194,0.072695516,lD8I_rkJrkU
0.3572088,0.072944,0.196038,0.06000457,0.03358948,0.0401662,0.052809067,0.112379424,T6XSrQiH3wM
0.29884848,0.036022775,0.265913,0.052459612,0.068918526,0.34397423,0.043805797,0.11402091,Lp4vDryggjw
0.29751787,0.062379595,0.40395916,0.056851376,0.022945397,0.057032526,0.042817418,0.13778271,VdRIbY37fww
0.37260193,0.14203449,0.11388358,0.2166397,0.059328925,0.08435668,0.095158935,0.11611298,hFpYHlq4nfA
0.2989576,0.016809134,0.04144647,0.038782284,0.01228664,0.11878881,0.029142398,0.03937964,cwlFJffAZM4
0.38617072,0.19607732,0.52266455,0.19618414,0.06252546,0.13253434,0.1183228,0.15207885,N1-bCj4InD0
0.34765106,0.0656825,0.22566104,0.0666615,0.033932835,0.023466306,0.07258134,0.1964205,qO-pKYzcY_8
0.37373075,0.09144632,0.21816927,0.068577535,0.029125832,0.14698946,0.045407284,0.04093233,dMZUZJUk-sg
0.54820377,0.09484656,0.19501004,0.10081951,0.004963247,0.08124133,0.08631996,0.06865156,F37maFg6WDs
0.26859358,0.04655142,0.21800032,0.063935935,0.005275619,0.20164864,0.02521992,0.051323876,A0yjzSp_Lc4
0.39857954,0.075224616,0.3007317,0.07134432,0.17661177,0.17593068,0.13316305,0.23859061,mWziPCrfjfw
0.2511572,0.14160956,0.17014675,0.0701537,0.016521018,0.21912634,0.15849994,0.14302453,RFIh5X_yP54
0.40117052,0.11857212,0.623099,0.07638298,0.0095794145,0.15376998,0.14643341,0.2570764,iZHccKIRR3Q
0.66262734,0.09637095,0.2993934,0.079493545,0.03358948,0.0064882333,0.11680337,0.17019187,9K_HwAPpK3Q
0.35665852,0.05488522,0.19568016,0.09775307,0.007670473,0.14798072,0.050910074,0.07293122,w3gUePCupkc
0.44579038,0.1681359,0.23756704,0.17528121,0.024662184,0.09046468,0.14750253,0.095357105,5_TN7_-bUdQ
0.28665072,0.09795778,0.27063563,0.05219917,0.008121678,0.2474809,0.108822815,0.13474543,VF2RKhE6dGM
0.28427154,0.0066547273,0.014008834,0.028982727,0.022351967,0.10561202,0.016201708,0.0094211865,BNplm3Zevk4
0.33450735,0.04937223,0.13562955,0.08303366,0.029640866,0.29639304,0.05742029,0.04530371,KQfijsgcuA8
0.40773445,0.25355616,0.49736956,0.2348877,0.24242763,0.21264067,0.23261973,0.18047248,Q5l7ymvdKeU
0.22009794,0.065744065,0.20154992,0.06900582,0.030155903,0.19744335,0.050341576,0.075976394,m9X5H7dxbzw
0.33899763,0.15583137,0.518511,0.2251877,0.00025922555,0.0901827,0.09519669,0.31512254,SVb6_jCg_gM
0.47654855,0.082618535,0.20391452,0.12853518,0.0076010567,0.059903834,0.06374496,0.042338304,OJT5nxWN-N8
0.35149744,0.067920454,0.40752882,0.07340352,0.03444787,0.109344095,0.066626556,0.07599229,2uCRrEH9K4c
0.4762209,0.10556227,0.32535502,0.09549968,0.0005553284,0.15691657,0.074956335,0.041713808,i97P4-FOrKM
0.1884152,0.025757357,0.06564616,0.03446401,0.016590435,0.4244499,0.023115052,0.040779475,SweinN_CMSI
0.24440272,0.03257307,0.15187472,0.04952584,0.038911518,0.30322963,0.026355052,0.071531154,0C3CJ5VE3v8
0.45903423,0.15776488,0.48359275,0.23157221,0.11085691,0.080659084,0.12282901,0.3022681,4Ca9otA_8DA
0.40429866,0.17923857,0.41574806,0.102993265,0.16035037,0.08183782,0.19048913,0.45670173,XP23G5-HVkE
0.55161375,0.15833445,0.23940893,0.20511244,0.02262963,0.049747728,0.13882908,0.09347748,63VaJIXP874
0.34808192,0.10952983,0.32892254,0.14485645,0.032902762,0.27238756,0.08184534,0.11597841,BW66Mlp5cAA
0.206416,0.04297126,0.059455,0.039697144,0.0142302895,0.15902384,0.032788206,0.033266593,lCj8XIwU6QI
0.24971004,0.024931854,0.1013682,0.030249648,0.02262963,0.284726,0.036995884,0.03741204,PX0euqxEcnc
0.22300181,0.07353602,0.12828895,0.10884145,0.0186035,0.40274602,0.0361944,0.08118022,xueh3FK4LDw
0.5963782,0.17127201,0.18206559,0.20765612,0.007184561,0.1496392,0.10031411,0.07902668,vT9OQDVV-98
0.5358145,0.02702897,0.069478326,0.037879746,0.028439116,0.25851506,0.058659114,0.035670016,4VBWiMudQf0
0.35287982,0.12777501,0.48285973,0.099409826,0.031357653,0.18082014,0.12205394,0.23529866,l7hM4-XH6DE
0.30570993,0.077573486,0.11416752,0.083210155,0.0017787862,0.13106297,0.061033934,0.10776191,AdytT2MqJXw
0.30698618,0.04036948,0.23611522,0.09625706,0.027752401,0.20235915,0.019833399,0.022349553,DakRN0fCLOM
0.45919403,0.14516185,0.20025696,0.12012561,0.047495455,0.25311023,0.16066308,0.23695602,zswlP4d-aH0
0.38755652,0.018513741,0.23136425,0.044781636,0.111500904,0.37240136,0.035323117,0.08387062,ce3cuByF8g8
0.3428299,0.15067326,0.36686245,0.1891977,0.036851373,0.221251,0.16266645,0.34748545,TvvyTKzbGEM
0.19236995,0.046047278,0.07716342,0.05104223,0.011800728,0.28195974,0.037764255,0.10394716,nN79RifsSXw
0.28330576,0.0867218,0.3781732,0.090498045,0.017423427,0.1283936,0.05990469,0.17051113,w9Y3QS41Euk
0.51989025,0.16188525,0.36621827,0.18939452,0.13082063,0.029732034,0.09331165,0.13710098,2eknwRAXpu0
0.24392109,0.010504363,0.048760492,0.014975526,0.018187003,0.0036259503,0.007404457,0.009262684,Ct77QkhYC4M
0.27461255,0.026747774,0.08619922,0.049628854,0.009440582,0.2003674,0.025228454,0.027667653,hQ6_fMhahoA
0.43110135,0.06299759,0.10768578,0.07683251,0.015063282,0.1534425,0.042442754,0.03999641,EMiYqvGzvkI
0.26476616,0.13728033,0.3026022,0.08365902,0.0765103,0.23384394,0.12848215,0.20733878,EdVvjlMh4x0
0.46965978,0.14780283,0.47195736,0.09859307,0.22157386,0.16041592,0.2027978,0.16296008,UgHQMGxFdc0
0.35891935,0.06182729,0.3283328,0.080458865,0.003089014,0.045757685,0.050967712,0.05257549,6OEBt6tf_wk
0.7784964,0.09780084,0.463075,0.09954018,0.011106567,0.24710153,0.14554882,0.11780383,9PgAdoSuOfI
0.44062683,0.112684235,0.26909053,0.14688991,0.050585672,0.27936473,0.13007839,0.14559501,O9Vbn7bT4jI
0.33799306,0.07854035,0.26792488,0.16717604,0.065721996,0.1752688,0.031167537,0.05965623,B2zwe8a4arM
0.32932281,0.024349036,0.1398452,0.020818776,0.007739889,0.02607468,0.032986052,0.029325273,LjYi1bjpsp4
0.3647216,0.125976,0.30257934,0.15738739,0.14328592,0.3087579,0.079807416,0.16825658,CYrqw5RCWjk
0.3948834,0.15226378,0.5053727,0.07857787,0.03358948,0.117692314,0.18296704,0.3003196,YVcfI7GWruE
0.4100249,0.06271505,0.4194199,0.09157698,0.05133759,0.020959252,0.0455206,0.11498336,2s21syVhzP4
0.33707184,0.27139,0.18108383,0.26880485,0.27194336,0.18574764,0.2956991,0.22681297,3nMBNAlHQMo
0.5311451,0.111606985,0.3398341,0.123069905,0.018187003,0.12985523,0.11672844,0.2306641,KpS2o77WC9E
0.34496465,0.028239576,0.0652371,0.058225967,0.008954669,0.18944138,0.017804,0.017633544,AIc5K84BJLs
0.36403275,0.10625965,0.32407865,0.12270992,0.022213135,0.0035324616,0.0431052,0.11408367,t-rOHGfBQN0
0.5064938,0.11055828,0.32911935,0.10485344,0.011314815,0.16136007,0.1460679,0.11907135,sSg5VMwIDHY
0.3009359,0.012777243,0.051797416,0.014341091,0.13565879,0.19119845,0.02480257,0.015808469,bXbBS_5wvQQ
0.22697757,0.008108369,0.02046064,0.04085148,0.032731086,0.5680319,0.010315074,0.0061504776,oT6YmGoAn5c
0.31095353,0.041814372,0.07703514,0.08829216,0.006455692,0.1791777,0.026032666,0.033994287,Ncxo_TE8CRg
0.33577013,0.068434514,0.50078386,0.08577631,0.0027766419,0.07453884,0.034543663,0.11712608,ryPBLk90xEQ
0.38773882,0.117306605,0.45921248,0.100877784,0.27856,0.27694908,0.064805195,0.22958727,E_b8MMeqZrM
0.25323296,0.0582039,0.33568773,0.046204872,0.0026725177,0.09622641,0.060316093,0.06722062,Vp_PN4aMMPM
0.32156515,0.08782025,0.15892573,0.07541848,0.09709594,0.16167931,0.1521041,0.103610136,hyp2TRYQxWY
0.31169268,0.024413025,0.06787486,0.03612237,0.01492445,0.12872852,0.02247136,0.019324275,W5es0UAv3Tw
0.30950826,0.0413351,0.18719305,0.045318495,0.03994159,0.051509075,0.029641937,0.10933823,IigTXqdaiB8
0.36321682,0.09454301,0.075039245,0.19926105,0.037881445,0.014812309,0.07394881,0.043539308,cOGJsGAEkJ8
0.33666497,0.101769105,0.1533374,0.1446992,0.20449556,0.25838724,0.06278524,0.06083782,r2IZD-38ULI
0.3066629,0.12322047,0.22236554,0.15770629,0.022213135,0.13693698,0.047819305,0.09018044,wSZTLW81-Xc
0.34463274,0.0955997,0.50834185,0.10787045,0.13565879,0.27248332,0.1205505,0.2195072,-kmY_iwdrKM
0.33300436,0.11443095,0.30060372,0.090911224,0.033932835,0.055593867,0.052924648,0.13998865,Gepp4Z5pv5o
0.29137284,0.025473116,0.0857855,0.02620142,0.023803791,0.123320594,0.029284324,0.035122328,031PWKpotAw
0.38880712,0.102352135,0.16596149,0.10273504,0.03461955,0.0021895566,0.09559124,0.10016506,qh1rYvVLZf4
0.38929567,0.2013009,0.14377193,0.29649472,0.17518331,0.27742994,0.30162877,0.316789,oPUMzw1Rhjw
0.4355856,0.12066368,0.27416337,0.15303466,0.058929358,0.24314837,0.19320217,0.29501468,kWFii7_vHDk
0.33758166,0.17006856,0.32908097,0.16688463,0.0023601456,0.025768306,0.09601726,0.09257008,TB5i8GcjKm8
0.28257954,0.02004104,0.13130218,0.021719858,0.0045120427,0.3388831,0.04134438,0.011999085,9SCu142yyBk
0.4633847,0.23560894,0.5687978,0.15364696,0.0729142,0.35452768,0.22916272,0.27492607,b41Wu4-whX8
0.38033196,0.03662184,0.042411547,0.10405742,0.031357653,0.15734696,0.022455294,0.008374121,hNngb_oTCLM
0.40551087,0.060680408,0.21586901,0.040948033,0.03358948,0.2686369,0.111093365,0.10674512,lObhiNlkNdg
0.36922264,0.025010338,0.077762626,0.03193795,0.01631277,0.17843364,0.045090538,0.038557887,9gU58Mr28mQ
0.28103492,0.06939161,0.13323079,0.060395792,0.008052262,0.18556778,0.05693676,0.062665164,Ms28lO0_dYE
0.40185153,0.13613273,0.5967848,0.14884202,0.0358213,0.12203123,0.14685582,0.22044489,80oyG1Vl1Vc
0.2163758,0.04053874,0.2272629,0.04912727,0.0022733754,0.3065959,0.017037189,0.030455016,kwxydEcDfuY
0.29920617,0.09783661,0.15521142,0.09789661,0.28517663,0.12873599,0.18997338,0.14698598,THHRmY7hdUQ
0.3308974,0.2487492,0.52116567,0.1590588,0.018325835,0.44047448,0.34422418,0.50255775,98d1J3Od-MU
0.46984434,0.08561336,0.23214884,0.07538117,0.080905534,0.08828734,0.12323001,0.14239009,lw3g17hIQdI
0.29657942,0.096643224,0.22156543,0.086275905,0.07970683,0.5046847,0.10006724,0.21693678,HoYXXga9L48
0.3508623,0.021894442,0.11095717,0.03226747,0.014577369,0.6038649,0.035887245,0.036475264,tOMd1gg4-ew
0.34103477,0.050798275,0.1654315,0.05809362,0.022351967,0.14235303,0.13566756,0.09371719,NA-5Xv9HBuQ
0.27374414,0.011131172,0.07073991,0.049986795,0.067320265,0.24673611,0.006905037,0.01355493,KxWR-8-4wDU
0.32999033,0.16752878,0.25838876,0.10333033,0.09655894,0.50148565,0.32377565,0.30764845,co2mjnn8UAs
0.43271497,0.10511365,0.41346535,0.14172061,0.0034360941,0.17947116,0.11209363,0.070570625,1501-MD82n0
0.26842454,0.04706057,0.19163059,0.05045449,0.011037151,0.105536565,0.061099086,0.06312198,F5Hip6Kd55U
0.5114009,0.12393249,0.43402505,0.16965911,0.032902762,0.016826099,0.11098769,0.10031791,20LYSvpz7GY
0.32526526,0.074382976,0.3377329,0.09629364,0.0019696802,0.13027626,0.03633008,0.04360853,CArfaGmYuGM
0.33341277,0.031131413,0.070553474,0.03915331,0.011175984,0.21264668,0.05356246,0.03673183,R31-u6kVbOw
0.3833156,0.16413677,0.17490144,0.16880125,0.008017553,0.16049658,0.14110579,0.17774318,P4muAq7J8K0
0.29349023,0.09024975,0.17014393,0.14023517,0.018464668,0.12707837,0.037330918,0.06427961,3LtFgVhXJcM
0.2934493,0.14822632,0.23186255,0.14440674,0.01631277,0.15543124,0.07072307,0.10626777,Jtk2QN2rMDk
0.3800444,0.08932334,0.3788201,0.12510875,0.0037658205,0.015399481,0.048370842,0.13102849,iXSxc6bnANk
0.3040253,0.01467728,0.040008713,0.029333672,0.007878721,0.1755982,0.008795088,0.010563338,8S59k00sh6c
0.25996473,0.0539259,0.15935887,0.037412245,0.018742332,0.28621465,0.059758473,0.06647204,wsuM1z0n4JA
0.50982356,0.18904647,0.31478056,0.18799366,0.055333257,0.01133367,0.11970423,0.09451307,UggADa3JdzE
0.44361818,0.31152996,0.4135685,0.20502603,0.019019997,0.07114244,0.1919761,0.20280062,9AGbBQGfQB4
0.35651064,0.02844116,0.066059045,0.054077145,0.0043211486,0.2636976,0.05406414,0.085297726,SrgH6NrmBHw
0.5869307,0.15164211,0.32736617,0.28499335,0.040971663,0.4427742,0.12762384,0.15211178,xgAUnKHYdcY
0.29533345,0.096190736,0.12104039,0.052781127,0.0753116,0.1779746,0.15072413,0.14059658,gfyogetKEp0
0.18066558,0.039792504,0.07522811,0.053458817,0.009648831,0.23973924,0.027485454,0.035008717,1LFEHUMbL_Q
0.36842972,0.3116878,0.46275792,0.23858628,0.09978092,0.030251503,0.23180607,0.39038342,I0cqc2KWhsQ
0.3837623,0.043914452,0.21963383,0.05284562,0.0008850546,0.04779986,0.026769176,0.042568475,aiYpDDHKy18
0.265554,0.038342264,0.05523997,0.037769575,0.03839648,0.37227297,0.058954634,0.1705636,uKC6a86M3ks
0.3508987,0.24126211,0.5501106,0.18198054,0.13296685,0.19430046,0.3134905,0.40649965,p25NbX4jGx0
0.3233564,0.08953351,0.17704073,0.1179812,0.011731312,0.07062059,0.038851324,0.06794944,dlg89GHwVyg
0.24804622,0.046316992,0.23782456,0.06920392,0.09279997,0.27690658,0.02641561,0.032444965,Ixf__izoI_4
0.38455975,0.39333808,0.40141526,0.22913298,0.008503466,0.20737024,0.46538088,0.5108304,X4LiRgTAH0w
0.60899645,0.106832534,0.2585081,0.13572091,0.032731086,0.098786324,0.12662748,0.12784317,LEaMbbOdg8E
0.32236397,0.0923017,0.20470613,0.08508732,0.012217224,0.2263535,0.043708492,0.08885656,eDzATxOGnPo
0.33805534,0.06275438,0.20393197,0.06149852,0.0358213,0.16672672,0.100833915,0.08373891,C0C6Sv3iyBk
0.35173813,0.043158863,0.36244622,0.046740465,0.0067680646,0.31503177,0.036319464,0.058600668,jnqC7GSyJFQ
0.34021005,0.056535438,0.4213618,0.058790743,0.0032972621,0.13300465,0.043789793,0.05701056,0Kb0r_Ft6to
0.5001122,0.16881685,0.33607706,0.16527441,0.040971663,0.0807923,0.096497044,0.17671244,zCyWSuaE-Q4
0.53356236,0.20483308,0.6324806,0.24968994,0.018464668,0.177996,0.25080773,0.39471376,_59tqVMgre0
0.40322703,0.17877354,0.28987944,0.16551058,0.015757442,0.1808901,0.11788993,0.15752271,DDJ11QNfTIw
0.42748132,0.13191853,0.44060352,0.15771428,0.007496933,0.04656102,0.09386624,0.18057579,z0sraw6iMIc
0.34380803,0.035319272,0.14068034,0.058966897,0.0082952175,0.048653886,0.022236262,0.04431112,n6_hEKDa4lw
0.5751741,0.16405863,0.6185305,0.14427353,0.010273575,0.014553331,0.17165832,0.3095137,V64mcMGKXX8
0.28753892,0.070479944,0.22926947,0.08338912,0.012703137,0.061758034,0.020149112,0.05074302,eqOkaFJp6fw
0.3078513,0.08585244,0.23402254,0.07175501,0.017631676,0.1853351,0.10013651,0.20143907,FWdmBgQwmMg
0.3757848,0.09147928,0.3146519,0.07722367,0.0136749605,0.12206139,0.08164099,0.22756791,sx7VajPOFWU
0.35749662,0.078615926,0.3032196,0.0657821,0.0019696802,0.13365985,0.06710172,0.05794816,1aKBQLWVRQw
0.26377162,0.0417994,0.09984733,0.08339639,0.013466713,0.08665808,0.026189717,0.03139626,3KZ1GcXOu7c
0.35133347,0.20344497,0.1571851,0.13306463,0.17957193,0.121535055,0.17590718,0.113006294,QsK5gJBsBgE
0.5804188,0.094230555,0.17332576,0.09537404,0.034791227,0.15554641,0.1251717,0.3007932,l-DgMYB6L0c
0.36602616,0.050800346,0.3791255,0.055222,0.00999591,0.2936762,0.03856646,0.05702446,ke_lArOAin8
0.21345209,0.032853406,0.18537883,0.025701689,0.009787662,0.06935667,0.034747113,0.11156838,SJS8KAu9Tzg
0.25514406,0.041728236,0.17971955,0.03610408,0.0019176182,0.24365014,0.035254125,0.032675214,Nx1x5mXYYy0
0.39147365,0.053008206,0.30179012,0.0790304,0.0014403829,0.11008972,0.047002938,0.081117585,96vpTJd0lQA
0.22979866,0.04287005,0.07230002,0.191719,0.00035358797,0.17786922,0.04163962,0.111733556,mHu5kZTlb-0
0.2390758,0.06258985,0.10514001,0.105237,0.006455692,0.20217673,0.03820631,0.04843268,pcL7qINAJ0s
0.469378,0.20510592,0.42819706,0.2845756,0.020269485,0.06510005,0.13444324,0.29468912,0GzIppFjcYY
0.53614604,0.16722372,0.45409608,0.37335443,0.0048591234,0.26599047,0.116853446,0.1278448,OnXwJ9i1g6c
0.50455,0.15958014,0.2623201,0.28509706,0.014577369,0.023978002,0.09087272,0.12646538,SvjPQk0iIng
0.20108603,0.029622257,0.11399809,0.03562823,0.0136749605,0.24225089,0.02506009,0.029147562,kWOxG9yt5fM
0.53144175,0.17581277,0.4966675,0.15331157,0.014091457,0.15360866,0.24298473,0.1351033,sATRHoX3sdQ
0.3836781,0.32577878,0.51501787,0.18741,0.13565879,0.23348957,0.5092938,0.31890702,T56NCIg1b5o
0.38288233,0.10652641,0.48802704,0.074582465,0.02054715,0.02862541,0.121669516,0.2619618,H7oKpWtBHUM
0.22754987,0.025444593,0.06728847,0.040699925,0.008503466,0.08629834,0.018854555,0.02287422,xuZg4NasCVw
0.42228845,0.038119037,0.2019926,0.068664774,0.014855034,0.3310354,0.030049771,0.07590093,Erg2nqznAMU
0.51757354,0.10915401,0.27246568,0.11061162,0.032731086,0.6422223,0.14230709,0.09468078,pMp1qq-dzME
0.20351805,0.039746594,0.05623144,0.06904574,0.007566349,0.17191249,0.018129958,0.022718402,gL5spmEM-HM
0.367333,0.11850808,0.7291962,0.09541354,0.015340946,0.4413728,0.09096191,0.18345836,5ofhatjEXSI
0.3622412,0.08045515,0.1446497,0.0638168,0.016173938,0.30273047,0.0936794,0.080626056,dcLhyoqQ7eA
0.3768774,0.06854214,0.23714069,0.07932008,0.027580723,0.0069788177,0.04450164,0.08825121,ANBCyyCpuqk
0.6594606,0.034106266,0.21528246,0.07681537,0.02929751,0.25573716,0.030225506,0.06750318,p7SylvCMKCE
0.2629068,0.037960008,0.13323319,0.051181756,0.043375164,0.34331572,0.028284347,0.038941972,vk5GmYXEiFQ
0.396306,0.75400513,0.48684114,0.62779033,0.1884524,0.46279323,0.6607702,0.28928283,9BWC5nWAOkQ
0.72422475,0.5613398,0.2230232,0.3716232,0.10461388,0.30589136,0.21801308,0.1140577,9-v_n8QaB2s
0.40504754,0.29769954,0.49690443,0.29001325,0.053335425,0.0705187,0.24934904,0.24351054,Gjyke3VAafU
0.3959798,0.15400347,0.2366585,0.115390494,0.124380715,0.1872626,0.32873264,0.24475983,WpTqmMz7RM4
0.3697747,0.026246382,0.10319532,0.0412003,0.094410956,0.28435463,0.0731999,0.05722212,8dXTS_-CR_Y
0.35895094,0.046798684,0.07729229,0.09585273,0.049898956,0.058073767,0.030702835,0.042311143,S7FPW_Fyzc4
0.438178,0.20126581,0.56144655,0.21208017,0.005587992,0.01600768,0.15426955,0.25408986,r-B8OLv2v98
0.4952346,0.12876405,0.21580015,0.16839261,0.014438537,0.05191123,0.082100466,0.098030075,DUl5yCCgihU
0.28077546,0.12926836,0.2621913,0.098287426,0.015202113,0.045977604,0.06384499,0.12328359,rAtNs6m-Xsk
0.25288424,0.10598222,0.21567431,0.073567964,0.03616466,0.35944265,0.10986744,0.16474234,6wbEi4W74EE
0.41853967,0.290596,0.56460065,0.31337184,0.011523063,0.08221973,0.16543858,0.25461185,qhAVB1g7vxU
0.4850398,0.20389648,0.54930544,0.16628824,0.0019957114,0.009738982,0.14765283,0.11837433,NFx3c5_KVMA
0.35090482,0.06874445,0.33077413,0.054397248,0.010828903,0.27099252,0.08058483,0.1046657,WiYODpgYaP4
0.44591126,0.015102609,0.029369598,0.1204066,0.0014490599,0.36676976,0.019758496,0.01185032,UOKzdKrVBq0
0.20214927,0.07645098,0.251525,0.047681805,0.0006377599,0.31462744,0.062003523,0.06751882,ZRLApd58OfU
0.29427397,0.09997193,0.43159327,0.08397665,0.026894007,0.44162366,0.087291844,0.14514579,Ptc26qrtljA
0.3466632,0.04001111,0.27051914,0.034396984,0.015479778,0.21555229,0.030096224,0.07114708,2Bk8kXARJfM
0.38882387,0.29783782,0.82345974,0.16675292,0.14956708,0.26827154,0.39192152,0.5005332,OPBJul2VVnM
0.3316659,0.036517665,0.25677255,0.044458397,0.0036616963,0.004384907,0.022413092,0.02568228,vvMnIJFohcM
0.5028311,0.080854155,0.23397137,0.12035285,0.080905534,0.36761552,0.11934342,0.10793538,9UPgURkDoY4
0.5115699,0.05666957,0.3745742,0.09748343,0.02054715,0.09619513,0.05113814,0.0622193,ZEdSlte3EtM
0.46033666,0.102302395,0.2876395,0.13611583,0.0112454,0.06537138,0.1089986,0.11252715,jbhh41ud1vw
0.2784815,0.28905478,0.12922409,0.19871803,0.22981352,0.29226902,0.2668654,0.18872909,-jFB0r4bNYM
0.27584267,0.09514035,0.31636378,0.099099435,0.017354012,0.122671075,0.13906196,0.16483828,VEOCYs7ngh4
0.30092514,0.11160814,0.25980747,0.10310048,0.034962907,0.101223044,0.040783066,0.068848066,xbcgGuBarYQ
0.50054944,0.15581311,0.29277584,0.113662824,0.22069082,0.1930308,0.19281512,0.209432,Jw0BOSWc0ec
0.41058803,0.31457373,0.4102833,0.3364462,0.011453647,0.2720631,0.22688875,0.31452867,J2zTmVaxkwU
0.5031213,0.16596824,0.2885105,0.06776823,0.123736724,0.20801617,0.3502414,0.4041777,i4NPNscR4pA
0.33755857,0.046275426,0.23657788,0.11643737,0.020963646,0.33881542,0.026544407,0.059138026,igfKxSD4htI
0.40729472,0.04601987,0.10227362,0.068349384,0.06851897,0.21318552,0.08291503,0.074658506,6tMedfKFKFc
0.39831895,0.087436736,0.1561292,0.089977436,0.031185975,0.02105834,0.07165924,0.050724316,--FBji5NC-w
0.38718715,0.0611153,0.20645374,0.13890189,0.017701091,0.11971523,0.04558334,0.06445769,hgaSN6kYAa8
0.43626466,0.13441297,0.2468541,0.13974164,0.019714156,0.036624435,0.08239267,0.1091178,7wRrooZxMvs
0.42113453,0.15347067,0.3075291,0.1852935,0.033932835,0.11774793,0.10577661,0.12718324,yHKAjxO-uzQ
0.5137858,0.11169794,0.37356883,0.15772635,0.08290337,0.33531258,0.101775244,0.103250384,Tv4OHtvRI8A
0.41191873,0.13672191,0.17019655,0.19594595,0.08555053,0.29632822,0.09676331,0.107694395,dqU89SGfSPo
0.32789224,0.123424895,0.16763258,0.13919546,0.010620655,0.16189615,0.06509121,0.07072738,SczpaP-6vpM
0.34545442,0.07261951,0.124777846,0.069897115,0.004546751,0.30211848,0.1101078,0.07179401,D0xX5zuU7BQ
0.40075764,0.04499472,0.062088326,0.092851534,0.030155903,0.18437476,0.022700751,0.03932568,baVf047ZQqc
0.41061258,0.07816778,0.14302196,0.09287831,0.004373211,0.046269245,0.049811266,0.040051803,4Lal_g5Uhkg
0.24593991,0.06379524,0.12073011,0.06806917,0.00596978,0.18116713,0.0440668,0.05282448,9mQbVAU-Vq4
0.26802745,0.043987297,0.20641021,0.024684403,0.080905534,0.5803708,0.07267633,0.2128538,H2eVRf3FEnk
0.32850122,0.27875322,0.21863537,0.14681107,0.13610743,0.33537787,0.45396623,0.26926005,CRi77AJQ3Fw
0.27862594,0.05116061,0.27416196,0.14020705,0.008121678,0.024965648,0.014100187,0.034323305,Syz84cZkIBo
0.19059175,0.055405192,0.18087335,0.025043815,0.04680874,0.54096526,0.12176592,0.15167132,TdQNa1a1Pgc
0.36648557,0.17400503,0.3711835,0.29096562,0.0006247444,0.271061,0.2294929,0.577554,-6AMNzA93Xk
0.47633713,0.071382426,0.42935053,0.12914343,0.015479778,0.12066701,0.056921944,0.07647378,EzeTelb4G5c
0.28700092,0.042793926,0.23512784,0.04174956,0.0024642695,0.022278355,0.033870183,0.056862764,agRwuVaF1hU
0.38381597,0.15518112,0.19084401,0.1401187,0.08796701,0.4491054,0.20941536,0.12981972,1BPM31XEyTk
0.417693,0.24849798,0.5650384,0.2749034,0.0064904,0.1188095,0.17027229,0.17621598,OAIn2Mem_MM
0.6782037,0.17954978,0.4113799,0.39974406,0.015757442,0.113632336,0.09953479,0.105183996,5j0AESCpt_M
0.4172899,0.053795006,0.12300052,0.05963421,0.058929358,0.3104972,0.10783053,0.032241955,Q6UA7ub67q8
0.2991772,0.050686136,0.23683114,0.061744165,0.02517722,0.06757928,0.025665686,0.052888658,Fjfs-GBoUYI
0.31803015,0.040049933,0.15771627,0.06331451,0.001466414,0.0011419337,0.04253279,0.045988403,gOP_EWk2u8M
0.34550178,0.15678596,0.36294386,0.14417332,0.0471521,0.06471092,0.15133421,0.118506595,ZZzqBh9LOTs
0.4194338,0.876051,0.22859809,0.7893632,0.5535644,0.61108035,0.77121484,0.2148836,FuXEodbLAqs
0.19198419,0.034880634,0.08357169,0.05798179,0.14328592,0.27730972,0.035177883,0.051014498,wKPa3uVddbU
0.4642798,0.2194323,0.47498822,0.17106557,0.1550967,0.019785667,0.2961127,0.38221326,XTMpD_LTVS8
0.3161515,0.07308013,0.19064763,0.11214739,0.016521018,0.011445155,0.02883604,0.05989924,HcPyz67btzk
0.18514912,0.037706323,0.0833956,0.043954775,0.008468757,0.29987893,0.03139505,0.042539228,pcj2lQwH7N4
0.38769063,0.09785272,0.31659007,0.10063816,0.17242117,0.027053012,0.13316187,0.37219968,WyEGTdyJaz8
0.43548074,0.073630415,0.45334333,0.074087575,0.10956893,0.08668676,0.075755805,0.118497856,W9wueWfyB1w
0.40974203,0.07165495,0.47127917,0.046489604,0.013952625,0.39406228,0.12529664,0.11322183,UUQkHECKchc
0.35355812,0.02884549,0.2552474,0.03743648,0.0056921155,0.3322768,0.048258953,0.0301724,ZMead-o2_-s
0.3218619,0.05282713,0.31337222,0.06392844,0.1710401,0.1750883,0.039487533,0.08223473,LEJ39gnF9sc
0.25604558,0.024646206,0.10420409,0.0873055,0.13790205,0.2702293,0.02196632,0.029453723,D0MSdEP6o6M
0.48021248,0.091477804,0.11311513,0.09381755,0.00017028624,0.07542421,0.19563134,0.38327467,T8GHg9v5CeA
0.24332377,0.0150557645,0.053546324,0.021251565,0.019436494,0.16779168,0.021401737,0.035467282,wISKvm7DGcw
0.5058873,0.2381732,0.6846607,0.15940833,0.18055865,0.14205489,0.23344353,0.28951526,GiCnew08BXs
0.49764833,0.21753427,0.25414297,0.31507295,0.03444787,0.18311234,0.1908021,0.19332623,_t4C2dWBq98
0.5235918,0.24471278,0.5929853,0.19267029,0.00094579364,0.0054388843,0.21956575,0.31252426,2SMtcC0CpE0
0.4445675,0.16958828,0.3019518,0.22277883,0.09065199,0.031534713,0.121005274,0.16695407,u2FFQXYj31s
0.3643187,0.054031868,0.1700098,0.11129595,0.010828903,0.0772817,0.052358627,0.061209384,JRaVfhyFOB8
0.36870977,0.54809576,0.4065998,0.32094613,0.2712817,0.31423604,0.7731162,0.27771834,g2eftOXMfUA
0.4412877,0.13763875,0.25407478,0.23886397,0.004720291,0.19934742,0.09530298,0.097390175,ndHJn_kMJXE
0.29050213,0.03718853,0.16442057,0.028754743,0.0011627187,0.040052146,0.044393145,0.047574535,U11V86XFwlg
0.40941972,0.31434277,0.5128894,0.13696127,0.19535941,0.5811232,0.37224224,0.24962734,-znw0bFu_8s
0.39581364,0.025439851,0.04907972,0.129004,0.09494796,0.13959315,0.014970991,0.029787937,6v_8egNq9fA
0.31369635,0.095161945,0.49179107,0.07006727,0.06931809,0.28470594,0.1195619,0.13703363,0YqqmB-B1UE
0.39954022,0.82702446,0.2537929,0.778477,0.5535644,0.62904316,0.8057371,0.40837118,u8uW7Ak-520
0.23479193,0.0527807,0.10687598,0.051836282,0.00930175,0.16299257,0.061390117,0.06533789,VM4KHEDUeOM
0.23402198,0.18136807,0.35638976,0.13909219,0.017423427,0.19996792,0.14418116,0.11858319,UxRTJzS6Eos
0.28502914,0.033450384,0.42562833,0.02985409,0.124380715,0.5034133,0.04465481,0.03365758,e7riX2tkNks
0.24315849,0.08682411,0.124949835,0.039992187,0.05493369,0.22539315,0.18225178,0.060977798,FOGWgh3IEoM
0.45810375,0.22608675,0.576065,0.09566846,0.05493369,0.09165804,0.4787612,0.30750692,1-t_PSFyzXs
0.2542252,0.040560555,0.1224356,0.054619264,0.016382186,0.26246384,0.03649025,0.0319367,aXVjsF7EnYg
0.47147647,0.06501651,0.0915984,0.07083296,0.0005249588,0.12799448,0.12686095,0.29302934,zHXDoLyyzt8
0.30373535,0.054722983,0.12709689,0.07909449,0.004928539,0.17484406,0.033258975,0.05260886,pclBn0VpRp8
0.33700782,0.09495945,0.20164904,0.064639054,0.105704986,0.08161683,0.11095449,0.19517754,ahpcN8srxOw
0.52565527,0.07999594,0.14490072,0.062316563,0.0056227,0.11799382,0.050019413,0.04042134,OBI5BpOiejM
0.31982556,0.028664736,0.098368004,0.038178526,0.050242316,0.24367084,0.06655287,0.15744412,L2sPz8Z3U9k
0.2546864,0.12060912,0.0976785,0.11596635,0.00013991671,0.08846711,0.19787917,0.10853612,_9tL8EgveZs
0.6186772,0.104876794,0.13942905,0.18952669,0.009162918,0.12488213,0.08031408,0.051890347,P1gRKByMg8g
0.3825099,0.07247809,0.11580589,0.14291023,0.0066639404,0.009912631,0.046474427,0.013008994,G_ye7n5f8OQ
0.26430392,0.09487765,0.11045154,0.10560664,0.046465382,0.2137795,0.09352731,0.08015453,Q71CxiX-syE
0.23988526,0.017530156,0.12591839,0.025463251,0.010204159,0.06800319,0.025652487,0.036686584,iK7__28iw20
0.45607853,0.118111834,0.36108404,0.11874988,0.0014403829,0.14540453,0.10916754,0.17209505,B99gCzs42xk
0.38652593,0.045027778,0.25699666,0.13669041,0.014507953,0.04228641,0.025694199,0.07785691,QlRgffCGQAM
0.22973494,0.15977082,0.14688273,0.09693611,0.1621016,0.3296141,0.14800642,0.10284519,pCBWIMxl2rc
0.30638865,0.057419043,0.26615104,0.043528713,0.008503466,0.058362722,0.05394537,0.06628554,-FHz4kf_cus
0.3144452,0.037976205,0.289396,0.053173956,0.008052262,0.11456149,0.029910028,0.06469978,_OdbneAoLqI
0.29433224,0.056642417,0.1326089,0.07403802,0.030842619,0.17835541,0.05227216,0.059470356,GG4bsQP3nlQ
0.35740086,0.12783073,0.278301,0.09154398,0.067320265,0.023868073,0.13428944,0.18817747,sSr2DsZfKSw
0.26085982,0.07264071,0.34703732,0.057020426,0.009093502,0.03456483,0.07570842,0.06062422,DaiUsATSEoE
0.3582949,0.033821516,0.089835756,0.06331523,0.029469188,0.14760712,0.026055075,0.043676488,qjBYeY15t1s
0.43537763,0.13219318,0.21475218,0.15147552,0.005587992,0.33452645,0.14550234,0.103615075,maTkmWF-gtI
0.2749683,0.12775329,0.33481184,0.11482375,0.016590435,0.021196533,0.06166853,0.0950611,pOnrKQ8rLpk
0.53160334,0.15652366,0.3161672,0.23049545,0.020963646,0.18039308,0.17767432,0.24812269,IgS8ozy2G4Y
0.27562815,0.0356956,0.07813455,0.0808337,0.011661896,0.1431313,0.026181737,0.024605311,j6ZWEG2v70c
0.42791516,0.1561108,0.30931604,0.14870559,0.0121478075,0.08210624,0.07269516,0.12210472,5NSoKWT4IW4
0.36899647,0.19198138,0.37300253,0.20733485,0.04234509,0.28438553,0.119392656,0.11610311,jb0ikXl5H1o
0.5292959,0.14239947,0.2647046,0.15194675,0.016937515,0.257065,0.16038266,0.08558312,cRgAA_XB6LA
0.84693325,0.1646061,0.38763463,0.3605786,0.1473238,0.18992557,0.09252269,0.12871131,fCGsW41aQEw
0.5014422,0.11798516,0.2601347,0.17789479,0.019436494,0.17420469,0.07495544,0.06094673,QWVXLSVYG1I
0.5830579,0.27715006,0.39026904,0.3873024,0.050242316,0.12748754,0.2515489,0.26679727,KTKOoZdZKYU
0.34037226,0.037272587,0.08814822,0.056193817,0.029984225,0.15169379,0.039135553,0.04116308,mpa1YBBonjE
0.33736178,0.01831427,0.095722266,0.028969545,0.031529333,0.047708604,0.03156152,0.071985446,yb26D8bBZB8
0.35615036,0.050538123,0.3282252,0.046925873,0.062925026,0.019444648,0.05476068,0.03635619,vVsXO9brK7M
0.18065552,0.06317935,0.26154974,0.04013438,0.023117077,0.2511539,0.07949567,0.077692546,Zrtc9Cchl5E
0.608261,0.2013027,0.509243,0.1938604,0.3955794,0.34022763,0.2468438,0.3746133,QcAQku5wFFo
0.39149612,0.16972847,0.50359607,0.10863235,0.07451247,0.041524608,0.17540066,0.24453917,CY1hPOneyis
0.32026446,0.017528623,0.06951225,0.03871872,0.018742332,0.060546324,0.019745162,0.018564278,dBn9GywiSWg
0.40476802,0.16833663,0.29294333,0.15668069,0.030842619,0.17235257,0.19461718,0.14709744,OwdYVdQp5s8
0.53338945,0.38951626,0.5099701,0.29735798,0.09279997,0.10572026,0.26928774,0.20499969,qkTyrzPZgDo
0.2045087,0.047178335,0.050795984,0.0661277,0.07371333,0.1626023,0.030689994,0.03125353,U-sMzyRHxtQ
0.4974779,0.072746195,0.17761815,0.0918431,0.00075923797,0.32541126,0.15168478,0.106592424,yfxhK46t8E4
0.33475247,0.06729542,0.3291077,0.09868597,0.02809576,0.23963676,0.05680671,0.10885987,EhLABS87DFE
0.26311502,0.14932974,0.41058323,0.111471735,0.05413456,0.17723459,0.15182695,0.19678138,AhgyaxQJ4P0
0.36449444,0.035773262,0.095138095,0.08778014,0.04783881,0.07812737,0.026466884,0.05496201,XUwLAvfBCzw
0.30627325,0.042092897,0.15264407,0.0724623,0.02193547,0.20964815,0.03424129,0.08118672,tA84L2BpArw
0.45210162,0.056253992,0.087745056,0.0591352,0.00090240856,0.028644577,0.110331826,0.0823436,BR_DFMUzX4E
0.3307346,0.08370876,0.13783891,0.08295957,0.20009461,0.14222181,0.10975627,0.15625589,L4MzXIPCOR4
0.33757558,0.017579364,0.037379466,0.022948315,0.022074303,0.15784997,0.029426862,0.035636157,x4B9FEEpY9Q
0.35842898,0.16661364,0.33308542,0.16842411,0.01561861,0.015086278,0.09789759,0.12471765,ClMb1GcV2do
0.6730494,0.05174253,0.23434182,0.07961165,0.026722329,0.33978838,0.0397441,0.12519386,DWUT17v2Mso
0.38785553,0.15135078,0.1837465,0.10550387,0.08170467,0.00077475124,0.18417044,0.11163609,5tXh_MfrMe0
0.22811538,0.021066243,0.05768306,0.031648718,0.060527626,0.06695119,0.020986026,0.047654912,T4PFt4czJw0
0.6776063,0.08281769,0.0975779,0.083617255,0.00027224104,0.01857552,0.10884258,0.07596161,VAo-t6bmGbo
0.3855965,0.097723,0.24177757,0.13374105,0.012008976,0.269801,0.115094796,0.12069555,ppbrwwpW-LI
0.28492045,0.04832239,0.08103138,0.073105894,0.0037137584,0.18784882,0.04204957,0.032267716,rsM7NP0Bz30
0.3533038,0.075338334,0.13497517,0.13380638,0.012217224,0.32937452,0.038281273,0.053023547,HhM0BYCHL00
0.3707474,0.08714994,0.14137684,0.084309384,0.058929358,0.052165862,0.093827456,0.091598034,vrWFu5k1Jpg
0.47549438,0.079159796,0.15814622,0.181566,0.0007288685,0.12509826,0.052753545,0.07476269,DEC6VYWnXSM
0.32238027,0.019492146,0.124480225,0.022170672,0.007982845,0.2757868,0.027302038,0.029462827,7q0mQ-9_gSY
0.3921006,0.08710571,0.35967517,0.08396126,0.00930175,0.096932314,0.041713428,0.105768725,I7g08nwEmyY
0.28950688,0.27049172,0.24250947,0.09347393,0.03753809,0.20313509,0.52008086,0.122329414,PW4-S25S9YI
0.31533733,0.061043646,0.19077745,0.06578165,0.017770508,0.15813038,0.08296085,0.06459253,L81LoqV6p_0
0.29416397,0.018867986,0.0790631,0.032494225,0.07251463,0.30401114,0.029424826,0.025893139,Xv2VIEY9-A8
0.34498778,0.0601512,0.31057927,0.07597893,0.04268845,0.10055821,0.04121248,0.095076464,zjSqSc1U634
0.56318134,0.10327317,0.38179392,0.0796033,0.014160873,0.2089197,0.1668441,0.14527822,s3amhlJ4IRs
0.23775654,0.25532404,0.28564548,0.06296172,0.42092466,0.21041864,0.16992015,0.16211793,GBA6rTanFHQ
0.29025424,0.08782839,0.3054813,0.11897533,0.14328592,0.19548935,0.0970423,0.108600035,0Ilkgcc_2S8
0.40965474,0.092312604,0.23461469,0.05762318,0.040284947,0.013851837,0.07204564,0.11106721,KikMqNwfmY8
0.34139866,0.08848992,0.08935769,0.061882958,0.03770977,0.24379571,0.112873115,0.071292646,n7REDXyzWAU
0.87054974,0.16639206,0.3165522,0.48678818,0.02193547,0.003434536,0.06294829,0.10298098,IcPN_DPG-ao
0.22432122,0.11430304,0.11997363,0.08005957,0.018325835,0.27467832,0.106733136,0.08447877,exsucLVRGIk
0.5682949,0.4586507,0.3004838,0.8998427,0.31540272,0.4455489,0.28530377,0.34757838,waRNXRaHH34
0.36918157,0.050163098,0.11230127,0.12671886,0.007809305,0.118626446,0.024563901,0.030178342,xqYV7GTqLIU
0.4605213,0.14674418,0.85910726,0.06455436,0.44428605,0.5986436,0.33442175,0.24153979,0K-qQhLTSRg
0.50483114,0.08816945,0.26025715,0.171885,0.0014403829,0.13802433,0.062281683,0.11475648,FKyTalxzysE
0.509591,0.11311176,0.20409603,0.15022592,0.0003297262,0.020706214,0.09940329,0.06944857,BZJ5Ti-nQvg
0.3013309,0.04272536,0.15080929,0.045327146,0.012078391,0.20199777,0.06519319,0.068177514,2WzBQyptruo
0.22425461,0.074945755,0.14818105,0.056797795,0.09548495,0.13021909,0.15246843,0.08458355,846WLPu7wgQ
0.24022877,0.06806901,0.10112398,0.063802056,0.060527626,0.407727,0.08407459,0.09722468,IWeVx9zjN7I
0.4152476,0.11733627,0.32321492,0.13747971,0.14597784,0.2724255,0.07432727,0.09064934,ivWUZf2-M_U
0.2401186,0.049227417,0.082771406,0.047014747,0.004373211,0.3110017,0.04813599,0.117905796,C8ADef5uQ54
0.33371052,0.033348963,0.2404271,0.062672466,0.034791227,0.1979105,0.027200514,0.052983753,57emb6kADmc
0.49738854,0.14762224,0.52950746,0.16362981,0.035306264,0.07860301,0.1400936,0.12378933,21j_OCNLuYg
0.39365652,0.3501921,0.24983999,0.2975169,0.4254099,0.8333526,0.6356477,0.43574068,9zgmZvSKCEk
0.40924984,0.14957942,0.40349612,0.1122555,0.03994159,0.1436226,0.10011241,0.090934835,fJ7MaVNT528
0.45799205,0.017704759,0.043547366,0.15109088,0.0013275818,0.081097625,0.0140513955,0.002301259,f4PeKKQPtwg
0.28958485,0.06404228,0.11188324,0.05654223,0.02397547,0.17410989,0.09058682,0.12841462,9Jv0BQvfSBU
0.21461563,0.04164193,0.11853146,0.046015307,0.052935857,0.4405685,0.036112975,0.08909344,VSUCoL3KU_s
0.30079567,0.026582964,0.09024128,0.046988193,0.029640866,0.19975705,0.022036137,0.010256247,TBJ2PPekSU8
0.3953098,0.037312962,0.08387643,0.04858803,0.0022213135,0.012679053,0.04680551,0.031125546,fAxPkfhaZ9U
0.35908595,0.047760688,0.23898008,0.06358706,0.0021345434,0.06367798,0.05854847,0.047974695,qg2Wfky89Fo
0.3281184,0.041104183,0.17057578,0.06695052,0.033932835,0.26294538,0.03782732,0.06663835,Mzf7u2qJ3QY
0.2607506,0.035143618,0.08051043,0.03645524,0.012356056,0.060371242,0.026955822,0.040414892,h5PiROGaPXg
0.42130005,0.1759071,0.23444726,0.16899058,0.022074303,0.28959283,0.15013751,0.12940298,Fl-H8sVKy6E
0.26791072,0.05212865,0.1214015,0.069266535,0.011870144,0.08789559,0.03749475,0.07038293,uHRLPAWHQjQ
0.2884712,0.043383554,0.14005995,0.06581238,0.008364634,0.3563619,0.039290387,0.044889275,2RfnhxWKYno
0.42367658,0.13212036,0.3256443,0.1581411,0.03839648,0.10493736,0.11852871,0.15650217,7dVHV0JXuwE
0.2876724,0.10083756,0.26016998,0.09150978,0.040628307,0.28396788,0.116238244,0.17138153,uIiwvovYiUQ
0.25689182,0.089483194,0.1626918,0.060707014,0.046465382,0.27441755,0.15370612,0.14116453,zYtmv3I-tUU
0.5907385,0.10704217,0.347171,0.15440615,0.007739889,0.07509947,0.14779504,0.124047674,WhZmhqfwxKs
0.32907736,0.062303904,0.14933547,0.117977075,0.16413476,0.47538653,0.2017003,0.13732634,94lyCcIo2_k
0.33411503,0.07421637,0.08841385,0.073005125,0.0014143519,0.06386096,0.062424775,0.059059326,e0ri_-5XjJg
0.35745984,0.087600134,0.17476754,0.10395148,0.006559816,0.16154987,0.06864291,0.091769844,ZoZT8-HqI64
0.42027366,0.18165241,0.4029148,0.14790162,0.020963646,0.0052670795,0.11638365,0.12497566,8ZSDFmynKck
0.32089704,0.13034335,0.37177378,0.11363285,0.019436494,0.34981003,0.059290312,0.13226147,aWAp1HalqiQ
0.1652321,0.03420566,0.05050164,0.04000757,0.05852979,0.081086904,0.029388115,0.03740171,GmFg-n3DHk0
0.28085542,0.020204498,0.12374433,0.03328353,0.013397297,0.26439714,0.02407523,0.018980274,ubTJI_UphPk
0.19616982,0.016287042,0.044993147,0.021088293,0.101391904,0.06871101,0.020213613,0.01933874,yKjKdkgYTuo
0.5942938,0.116013214,0.33241352,0.13112909,0.040971663,0.039201878,0.11293879,0.15501651,cMdoHrqr7tU
0.3777138,0.05587798,0.14156385,0.08202956,0.0008937316,0.047129504,0.044882543,0.044274252,E4UDoT7YIK8
0.48861966,0.091516234,0.49752772,0.087901846,0.14956708,0.3789337,0.11737504,0.08735495,dMayrvVOMOo
0.33413935,0.09895039,0.4466488,0.11094366,0.016243355,0.054623675,0.049870737,0.12818155,JkaxUblCGz0
0.5774638,0.23536685,0.2806561,0.22322626,0.0066986484,0.1540641,0.18133534,0.14761671,Yxi7ABcIxKU
0.5192291,0.21224625,0.32602975,0.15446088,0.015340946,0.04543242,0.1309102,0.086694516,RsQXjxJMnJk
0.25746378,0.08213464,0.14228652,0.10952661,0.009718247,0.06356319,0.02493962,0.040037498,rOYnwhKwlw8
0.3032145,0.062194783,0.111047655,0.04893512,0.031529333,0.23151726,0.108281024,0.19148956,de1aPKXBdAE
0.43934897,0.12427459,0.19165972,0.1553156,0.05773066,0.043853763,0.12809417,0.09384312,86_vnQc1oBE
0.39927208,0.08822096,0.12179713,0.1092119,0.031185975,0.046010673,0.09758031,0.052645195,aJg4OJxp-co
0.43321195,0.15233679,0.46195757,0.17320277,0.018048171,0.11772251,0.112041324,0.12662888,52pbg6BIN3I
0.3197693,0.05009644,0.091043636,0.084781855,0.011453647,0.1794926,0.04647718,0.0592444,3UUWkr4FUlo
0.39555293,0.075299345,0.33325058,0.065751456,0.039254878,0.05976198,0.06263703,0.08939385,eAzDTlqkyZA
0.42504135,0.14986612,0.1438321,0.108442895,0.0036790504,0.10489929,0.10361647,0.09018573,0t6U9iRgD7k
0.43201712,0.027454114,0.034575563,0.07847008,0.016590435,0.16475064,0.022001991,0.035722014,UfmkgQRmmeE
0.2952885,0.16199918,0.4967856,0.13210228,0.0020564504,0.014755153,0.17217496,0.20890006,vzknWGwiE2g
0.49610704,0.12907961,0.14324798,0.14710587,0.006108612,0.2588774,0.10403683,0.087582365,sRvEwXDxz_I
0.4721885,0.069824435,0.36664304,0.09103383,0.052935857,0.22338627,0.08765988,0.056449875,P2AUat93a8Q
0.1986437,0.04664636,0.10336976,0.06385782,0.043718524,0.06642185,0.045801036,0.049838144,5530I_pYjbo
0.45400715,0.12524363,0.25908715,0.16057737,0.12180476,0.043595217,0.21398164,0.13999759,4rPb9okkVSg
0.37315378,0.017525097,0.098633215,0.04816599,0.00018438637,0.014109586,0.015654467,0.008938884,NzOH1Oj8rYQ
0.41222447,0.16343726,0.58211094,0.12894377,0.004963247,0.029668361,0.15557896,0.2750373,M2e22npLghQ
0.36517033,0.027870791,0.10862259,0.058405887,1.2473196e-05,0.0053666933,0.017388277,0.019494325,1p7NmlTW5qo
0.32276198,0.08639353,0.36011103,0.074462794,5.9654412e-06,0.07499958,0.09242705,0.1315815,6xHsb1LfqhQ
0.39554387,0.09083487,0.2414921,0.16117531,0.011314815,0.17300929,0.05225667,0.11065772,EfdgDBOKO-M
0.37736043,0.09936768,0.15300567,0.47475246,4.0673464e-07,0.012783657,0.033485472,0.07439787,iIc0PLt2vM0
0.54980195,0.21977958,0.5970933,0.1492825,0.23189566,0.34094244,0.29357842,0.33171785,bRVP2mf-A5g
0.4909584,0.21055558,0.2161965,0.2949241,0.2022951,0.19399577,0.18950167,0.21041103,BGdWHy0PIgA
0.38155,0.15957977,0.25833178,0.16972102,0.0012061038,0.049107485,0.16414595,0.109210394,5TXnJ8SBj54
