PERSPECTIVE_IDENTITY_ATTACK,PERSPECTIVE_INFLAMMATORY,PERSPECTIVE_PROFANITY,PERSPECTIVE_TOXICITY,PERSPECTIVE_INSULT,PERSPECTIVE_SEXUALLY_EXPLICIT,PERSPECTIVE_THREAT,PERSPECTIVE_FLIRTATION,video_id
0.05567509,0.027220072,0.06845272,0.12180476,0.0829649,0.05821762,0.21848424,0.37900725,k9-fqqw_jzM
0.013819485,0.14823279,0.019274905,0.030327583,0.026381109,0.022760283,0.05940305,0.24625765,cz0McBJ3pE0
0.25091457,0.3020248,0.15237375,0.3552902,0.19511724,0.050995577,0.7520529,0.22591463,C0VLK3WDfCI
0.037669215,0.14792894,0.043567143,0.082104236,0.05408781,0.049228847,0.09260108,0.21998729,ExNIl8NjnWI
0.025229214,0.1594805,0.018213209,0.036679696,0.02955197,0.01481463,0.06583965,0.16865656,DaNsztFzn-s
0.04638911,0.04085798,0.05160673,0.058929358,0.03911645,0.059711963,0.21023223,0.2559428,1XYgtSCHvp4
0.1486249,0.05346633,0.114208475,0.1473238,0.1223145,0.190708,0.45104644,0.371146,jJ9QjjaCo0A
0.008397107,0.08008108,0.02311633,0.02637897,0.021371048,0.03020691,0.082383744,0.21406965,zLUGn5Z28XE
0.10130245,0.08724261,0.11530562,0.059728492,0.12560178,0.1208015,0.115335725,0.3369834,HYlOzryJzoQ
0.01821375,0.051387277,0.020327242,0.02124131,0.028637609,0.018888075,0.04980325,0.15855223,QhTYo2rAtTI
0.032643244,0.06783752,0.023135662,0.019297661,0.06268842,0.017012693,0.061346076,0.16928706,RnV8o-M3G4w
0.032865457,0.14989103,0.01940016,0.022773718,0.036955692,0.018379018,0.054516643,0.14717047,TW0F8ocprzk
0.04016382,0.1318142,0.03889005,0.028782474,0.037368692,0.047500506,0.12992251,0.26618376,oCYs9lnq1tE
0.034754317,0.07347784,0.03150686,0.05653196,0.03639018,0.029212164,0.09217789,0.19716997,ZF4uC_MmPhc
0.032476522,0.14112912,0.03673297,0.048525527,0.033563763,0.040832512,0.28338033,0.2930386,NUME08cENa4
0.1159708,0.16508241,0.07847358,0.1835188,0.114716925,0.057287745,0.22975884,0.23797013,VK0glzTdE94
0.04020446,0.015993182,0.044586554,0.03444787,0.0587278,0.03468271,0.09603765,0.20471208,Baw9N64BPL0
0.14225243,0.32981223,0.15437512,0.13251819,0.11489621,0.17108837,0.26761103,0.35918278,F9o3PM70osU
0.025244208,0.16472542,0.022395726,0.038911518,0.047315206,0.021112895,0.07364019,0.22320941,OF8U7kONmSI
0.033465855,0.07483604,0.022745438,0.03358948,0.046577875,0.022476858,0.051603384,0.29902712,TqujNic2apc
0.077364355,0.09426906,0.073524944,0.03461955,0.08084713,0.0556612,0.17863898,0.25510532,r8QmxanBOXE
0.02800831,0.094826326,0.025740908,0.014716201,0.033913877,0.046345115,0.07985686,0.25821388,I6z8KaCR0u0
0.035097085,0.2795719,0.047431223,0.13745339,0.06452521,0.034145404,0.090214156,0.16738974,ro1Q4suPDyY
0.023543634,0.13493295,0.02343112,0.055732824,0.043241903,0.018684125,0.070421346,0.19832838,mQS9SB44UBc
0.07094939,0.014968312,0.10238214,0.04406188,0.070210256,0.20811054,0.18911731,0.5346262,XvKgJt4yWDc
0.15397507,0.37717834,0.18644136,0.22687212,0.14249566,0.2004827,0.38167247,0.3373749,YPX2Sj6fcBc
0.02646276,0.1488727,0.02033407,0.08420804,0.04427771,0.019505087,0.056007545,0.1679855,SRyGy6mgTZ8
0.07106917,0.13985744,0.09186733,0.087430015,0.08158581,0.091827616,0.32712647,0.29776448,txjSCcJBU7g
0.13015573,0.20204633,0.43463317,0.085282035,0.28890213,0.21729535,0.1932921,0.350385,kMw-tUA8uCU
0.12102,0.30393553,0.12571877,0.04680874,0.123539574,0.065307796,0.43892992,0.28984335,cUR97LXmbjo
0.052442692,0.109214865,0.036840815,0.15743166,0.0285403,0.042414654,0.24143855,0.289785,EwQU2z5mdUA
0.1079437,0.17721699,0.16510834,0.043031808,0.2470932,0.07384007,0.15349555,0.2908426,sC9c7So_It4
0.034861006,0.09715902,0.04284269,0.054534122,0.0262653,0.05506657,0.06989566,0.20359412,4zPGA-eeCdg
0.033507384,0.07089312,0.04314961,0.13790205,0.029781241,0.09291561,0.07627946,0.28641805,FD58pjM5kko
0.046890475,0.02709894,0.04007997,0.123736724,0.07344303,0.032155983,0.10933149,0.23168485,bdmX-UjgM8M
0.061586764,0.14970487,0.05826656,0.1473238,0.08202159,0.046821266,0.5362356,0.44982144,FA4_YUvS0vI
0.03386356,0.1351441,0.04290776,0.050242316,0.040748756,0.053077903,0.09692795,0.27307016,hTgq-6yDDCk
0.07700137,0.3354379,0.037571415,0.1689685,0.1125649,0.025154684,0.2564926,0.33347255,R0Lwf3B5xYM
0.0457513,0.028543685,0.025454137,0.014160873,0.037875384,0.021646034,0.07322085,0.23293844,TGTmQ-mHP5A
0.023681583,0.17041738,0.019787122,0.048525527,0.03086281,0.015142744,0.09003841,0.16757841,bOpZOI3gofI
0.021869853,0.0783127,0.017562633,0.052935857,0.022028444,0.023981478,0.08399252,0.21565148,oLzo_wZTry0
0.12169491,0.08896876,0.14189379,0.11729682,0.1508827,0.11507349,0.4364604,0.33650306,C9hMg7B8qxE
0.17534216,0.44070265,0.14899328,0.20009461,0.28130573,0.0514686,0.14768471,0.18443084,-utAf88FCXM
0.057520702,0.33804446,0.08689092,0.2590451,0.13005358,0.04094815,0.10320869,0.23321451,sflhHsIPrrc
0.027345836,0.041515153,0.03593615,0.017562259,0.098464526,0.017314948,0.07573595,0.18439141,zamx07xXuXM
0.115083896,0.021449434,0.039367568,0.025692256,0.0526573,0.051548183,0.1783471,0.5530639,buhNp-8To2Y
0.03135853,0.08001236,0.020647872,0.014993866,0.036108598,0.02046267,0.06690514,0.14792064,x8EMmqO9Fzs
0.04318354,0.13613771,0.073163986,0.09387396,0.03857548,0.042066228,0.2814678,0.2030487,jb6lvEUYijM
0.021534923,0.059073824,0.035078008,0.035306264,0.040856283,0.02252776,0.055437803,0.16074592,G7KSwpYmeYU
0.049964484,0.14375722,0.042455297,0.229845,0.09864929,0.043396384,0.091778256,0.32016093,zqiNxwyiAAQ
0.08230688,0.19697525,0.06862472,0.08555053,0.10057913,0.04686298,0.1693236,0.26499033,so_3Otlc9KY
0.070221595,0.0636754,0.05339491,0.1334155,0.057735175,0.0898519,0.08803824,0.31786725,4QKIQNLB_mw
0.054393306,0.029024338,0.055147357,0.02792408,0.03229706,0.0817765,0.23255832,0.27226567,8XUxcrDB9Jc
0.05444608,0.14803405,0.037083127,0.03994159,0.067923024,0.027861733,0.12647392,0.21635932,PYbeO7ZiXvs
0.030915003,0.049019866,0.04008056,0.04268845,0.058992524,0.037713617,0.09426162,0.33431873,fPjgmLxxZWo
0.027572965,0.057661593,0.030140296,0.027752401,0.040239535,0.025687454,0.07263397,0.16509473,0_GbBHXe8aA
0.013725437,0.10736498,0.016871082,0.05653196,0.066258065,0.015397422,0.057398498,0.16945904,hqXYyiUZwFU
0.062956914,0.0075901765,0.0584387,0.0006594524,0.04527994,0.08803643,0.12707587,0.3457471,s8gpFXiLKoo
0.01612051,0.066114835,0.0168906,0.043375164,0.015605921,0.028027626,0.12472071,0.30939922,VRvQSwb2hMA
0.03380155,0.11658192,0.031922415,0.10699297,0.028291095,0.050390057,0.16243401,0.35947135,4T3EiG-0T2U
0.0193584,0.045678746,0.026709005,0.07371333,0.032471694,0.023795508,0.052888814,0.15430075,gmAiVJpSSwI
0.09951882,0.10785042,0.11578686,0.11407687,0.05604318,0.19653244,0.25717768,0.47848722,vYlBmZRsz3M
0.3497504,0.46450433,0.26113752,0.26589394,0.3756884,0.078606255,0.25072777,0.22905065,SKylm9jMYIw
0.11335158,0.043239474,0.048771918,0.05373499,0.048078615,0.080424204,0.13745427,0.40981942,G98LvLh-PzE
0.027806126,0.09448464,0.024477916,0.092262976,0.03659661,0.022689559,0.075137645,0.15429577,SnChAtCsplA
0.09770615,0.06473659,0.030882815,0.064523295,0.04581327,0.036225926,0.19722366,0.22920954,eFGfz3-lTj0
0.19087079,0.05055678,0.121339604,0.008364634,0.14165437,0.08654645,0.27951506,0.46126288,HmifI5zJa7Y
0.20342536,0.0738521,0.10067689,0.1414913,0.12125235,0.1095494,0.30286703,0.35602596,ZkFQ8bxRvno
0.06691603,0.08981019,0.06494539,0.079307266,0.07558401,0.08303312,0.09210441,0.26371118,SnpNLZytQPs
0.19623657,0.026918277,0.105422705,0.08170467,0.16613698,0.09780375,0.27458954,0.42948315,KqByyAcXwFU
0.19928369,0.1763385,0.33519837,0.17173064,0.20442595,0.13181101,0.26605424,0.34095776,RBiripNqbJA
0.38997388,0.015861247,0.18659657,0.083939545,0.23591672,0.15231921,0.62255234,0.562903,PyAVdjLwqqI
0.12612537,0.010254942,0.1476968,0.014438537,0.083388686,0.23638391,0.2740542,0.35403955,N8rwJySRiVk
0.028449658,0.10885694,0.03259758,0.087430015,0.043070726,0.022735443,0.06666479,0.16244107,y8f7CVc0A88
0.41593578,0.09332661,0.30356964,0.040971663,0.29149294,0.15929165,0.88942176,0.45693824,bOwuAuButm8
0.123979576,0.40666178,0.18913792,0.21627559,0.1768322,0.19122271,0.25152564,0.38670835,39YUWgsr2YM
0.14541686,0.07040016,0.061998636,0.022773718,0.11179051,0.0480541,0.25057146,0.36206916,q7cxu4Lvv9s
0.030509338,0.19142698,0.029894115,0.020685982,0.02074849,0.043685,0.063420154,0.16062593,4O03Qz7l9GQ
0.03908089,0.2580701,0.0451853,0.028439116,0.09755107,0.03215453,0.13315232,0.25273627,UJjUFO_COUI
0.025052685,0.23795904,0.023352636,0.13924801,0.03580686,0.015075136,0.052287728,0.18320183,Lemy0aNa5zc
0.05511455,0.03194662,0.05391929,0.065721996,0.039031733,0.09905123,0.13714221,0.28935426,6WbvVz_gP9A
0.06709906,0.03208796,0.061282627,0.31389946,0.07009439,0.072490245,0.15990478,0.270098,K0YrFoOVTjU
0.0487322,0.17059228,0.032885794,0.040628307,0.06202261,0.040502075,0.060596462,0.27328587,T3WfZKzjGyE
0.116935335,0.43956703,0.47858325,0.44509158,0.71481466,0.043832406,0.32411343,0.20026945,pIzpolYCHII
0.03250429,0.09462896,0.0438973,0.119228795,0.057232503,0.043254204,0.23372243,0.29415402,HoGr8gxJ2C4
0.009461007,0.34557587,0.0062265,0.055333257,0.022726402,0.009149864,0.034837183,0.18612608,TpZ4K-QM2p8
0.2955343,0.086019754,0.17388771,0.07211506,0.22410248,0.14099136,0.58725095,0.49602965,HVTcsw1CW8Y
0.074456446,0.26385784,0.12769066,0.13476147,0.10752335,0.16534226,0.1369258,0.6734721,qvu5O6clNv0
0.02581347,0.1093158,0.01794877,0.020824814,0.029638493,0.019461457,0.061673496,0.14511548,80I06o4tc28
0.024183774,0.35504997,0.022716774,0.039254878,0.033471238,0.021640493,0.0776422,0.1494049,nsBrgsGS35M
0.013476749,0.15619937,0.006830908,0.023632111,0.0389462,0.008848429,0.035188444,0.22517185,95WtJd2u61A
0.03233322,0.17167753,0.015167684,0.025863936,0.024783034,0.014294577,0.064314164,0.18702999,UItCDpWQ8so
0.02777623,0.11987036,0.025325043,0.036851373,0.042698994,0.021901166,0.2048488,0.2594777,S2tK9NGw0jM
0.083732456,0.124624014,0.07291882,0.2015616,0.12481263,0.062001042,0.17889148,0.42760167,JQpLILPdGlQ
0.29176214,0.18508351,0.16006756,0.10828095,0.24570447,0.11549814,0.32217884,0.3663268,MHByP-3MhS0
0.041766446,0.09979961,0.03299293,0.084745035,0.051866964,0.032177072,0.08421594,0.19685742,UuuF7CEM4Zs
0.18872342,0.48931122,0.16676755,0.2712817,0.32222506,0.044698887,0.15013804,0.16506205,mFoA7k63oQ4
0.05162296,0.10243028,0.09329377,0.09118898,0.129023,0.077630244,0.08718637,0.3054169,l7SLaYkovFU
0.07022623,0.14342465,0.10463989,0.050585672,0.11376578,0.12064095,0.13184805,0.35142663,CXEMFjdeTvE
0.030843236,0.046250403,0.039852798,0.055732824,0.021210575,0.07033885,0.19173503,0.35898346,U0SEF1MKyzQ
0.021678165,0.36054832,0.02187472,0.11536485,0.051872257,0.01713427,0.125356,0.25346518,LJI8reBSTv0
0.040574055,0.051321235,0.045900654,0.022945397,0.052742574,0.04126133,0.10714711,0.3096746,hg1X_8xNYdg
0.027750745,0.1648857,0.02445971,0.029984225,0.02569355,0.042253196,0.10921335,0.24104789,FTg3RjNCv7o
0.025047798,0.29397887,0.025651272,0.09118898,0.0382429,0.024446623,0.064101964,0.17220692,a_EV0BOqEGc
0.07000461,0.0904233,0.08962296,0.033246122,0.12809572,0.05754513,0.19187836,0.2548033,nj6JVg0cjO0
0.17552939,0.18293107,0.3079369,0.16151784,0.26871014,0.3779465,0.706946,0.66684866,YAIc-XIofNQ
0.03525668,0.016646147,0.059574626,0.042001735,0.03703058,0.040310334,0.2337544,0.26466712,w6wTwRXqCnY
0.07555148,0.08417279,0.08212119,0.09924392,0.11823182,0.046479,0.14404112,0.21763813,j5WEItjh-Ig
0.045728534,0.11547696,0.03413818,0.0253489,0.028540328,0.048967447,0.24930559,0.35257283,ucXbIWyibQM
0.032076783,0.059003804,0.014294917,0.037023053,0.024300277,0.01701684,0.048973534,0.16171096,Lfts_AJyp6s
0.03602021,0.12095699,0.028197393,0.040628307,0.057613257,0.024262685,0.083622,0.19873051,TTt1Alx8um4
0.07529677,0.08210441,0.07626521,0.103539884,0.15044658,0.084164545,0.11065553,0.25450942,ZP9c6Pnj2NY
0.10679426,0.18833096,0.098926984,0.08796701,0.20018065,0.05302749,0.21869323,0.3659397,5HcqnHONhqM
0.057625692,0.03220956,0.08370442,0.09816993,0.09534301,0.076614246,0.15822504,0.3958204,OkjWKpuqKwE
0.026963225,0.038051836,0.019456146,0.0224908,0.026066914,0.017118603,0.108072,0.23226182,HW0wLDyv7j4
0.028292764,0.01523838,0.020426834,0.0090240855,0.041780464,0.014572052,0.057832222,0.22041361,y54vm4LLCTI
0.082674645,0.13426326,0.055816017,0.09655894,0.10081386,0.06566014,0.1629514,0.39771107,ddxAMqYuZzs
0.1509613,0.38057035,0.16608834,0.092262976,0.15338872,0.16969678,0.23376317,0.34931126,bXILzt-t58c
0.46109042,0.32959363,0.34170383,0.31540272,0.45226565,0.15862244,0.59456044,0.47222456,rMXW3GAnwFM
0.09066776,0.028095584,0.062920555,0.0813051,0.058234278,0.055044137,0.35070068,0.4080587,DjRm36Wh9Wg
0.0948765,0.57761884,0.13386683,0.39230084,0.43495402,0.025465688,0.07090528,0.17763162,XLcstE7NjSk
0.028239395,0.094346136,0.028041275,0.022351967,0.040724367,0.027231673,0.104187824,0.20029436,7zQtFzNb_tE
0.021261455,0.04030052,0.029375117,0.080905534,0.03557093,0.02563277,0.055703685,0.15809546,OTeoOhH-OxE
0.048446435,0.11442412,0.029715354,0.17380224,0.0692528,0.029038819,0.090416946,0.26117066,Pe-Tp4jidEM
0.13878265,0.023828328,0.110141285,0.055732824,0.1399679,0.07725571,0.33893135,0.4702151,I52hHSgN65U
0.016728012,0.10377102,0.012455404,0.016521018,0.026838448,0.014614759,0.03989607,0.15894239,F4z7WkUeyy0
0.08982768,0.0016263166,0.11482614,0.0334178,0.1280769,0.10939959,0.18830979,0.3694489,9_WiSCYCaaY
0.037365098,0.10952017,0.042685233,0.034962907,0.030474367,0.038636927,0.06731782,0.19151762,i93P_Cc7KbU
0.28099966,0.06163312,0.17116034,0.1539292,0.18325679,0.1720205,0.38739553,0.44550997,6glnO0xqV54
0.019934956,0.22821374,0.010038496,0.03221605,0.029516948,0.011998402,0.039148394,0.23230651,gjaVW27ZZYA
0.13073245,0.11578081,0.14769867,0.087430015,0.15536594,0.14217776,0.16661793,0.28984353,YNPJHYjvFok
0.11369779,0.13018906,0.103258125,0.1019289,0.091677874,0.1505985,0.23175377,0.30883917,J3I612RlTLs
0.045153376,0.21874173,0.07237712,0.13790205,0.040744342,0.06167929,0.24475852,0.36523324,Truzu8qgQP8
0.22302261,0.006673063,0.17512542,0.10300289,0.19041806,0.15976769,0.54441816,0.4429122,kwRRT5fuT70
0.013614008,0.074694894,0.019390086,0.10634898,0.009133017,0.044551432,0.035295796,0.37295833,cIsaLuMsY6g
0.025301319,0.11438914,0.022137992,0.036679696,0.02988884,0.023603277,0.07390825,0.20305605,jiivO8g4_Gc
0.031053126,0.035046253,0.037690543,0.031014297,0.03750734,0.049237505,0.071197286,0.29966766,5kp4NRlbkME
0.06238426,0.030531827,0.098762766,0.026894007,0.06011097,0.07314068,0.2790176,0.40741387,YGTF5YP5C9k
0.06370614,0.042606715,0.046960186,0.094410956,0.067020886,0.044888772,0.25040075,0.24419439,W9QVU3kLJro
0.012410574,0.043320138,0.014557093,0.015410362,0.0236558,0.014918693,0.04268659,0.1612736,-MAGSLvhU58
0.032617588,0.11992626,0.03290379,0.024490505,0.05598358,0.026040116,0.09332503,0.19928771,t1lsd_wvpcg
0.1376758,0.028347299,0.18019632,0.28923595,0.152858,0.1626316,0.6219574,0.41945666,Rf10OZB05IY
0.054933224,0.2620308,0.041366074,0.34466723,0.18056297,0.029999958,0.21875831,0.4355963,naptK5U22fk
0.05497878,0.09382832,0.05589179,0.15918289,0.031949934,0.08751986,0.17039105,0.37793073,ZlVp8JL2g20
0.12277314,0.12987475,0.06905766,0.12051678,0.1370408,0.07081525,0.17145976,0.40273464,jntG-TW3w2M
0.0043231463,0.03106369,0.0049556796,0.08850401,0.005372662,0.0073487367,0.036495022,0.20679206,vHThN3KWli8
0.021737969,0.14708829,0.019596893,0.105704986,0.02890566,0.028537432,0.17190368,0.30341697,GGCsBiloe5w
0.026366474,0.27785087,0.04567064,0.080905534,0.034273207,0.05953801,0.1518114,0.2488446,jzDzbcGQY44
0.019838588,0.04460351,0.019326832,0.05493369,0.015477559,0.028698882,0.16249616,0.28954473,sAZYmb9VY74
0.024025068,0.08658676,0.018461874,0.022351967,0.03561982,0.020565227,0.07057581,0.20088188,ZJjWHgwmw-I
0.040565092,0.08292938,0.056016717,0.052136723,0.049637325,0.048130184,0.16341826,0.25505912,aCf8IoH2UtA
0.02183747,0.044523377,0.06282797,0.079307266,0.037669063,0.026953872,0.052918665,0.15376107,dlreSdZkA-I
0.30067265,0.70836115,0.42396334,0.42234805,0.63467246,0.072850674,0.30336502,0.22430952,FyL7D7Dk_nA
0.06535015,0.11823821,0.05545882,0.0801064,0.05537964,0.058057282,0.14944509,0.47446385,j-jxLnX8ZYU
0.0331243,0.1749767,0.0319394,0.045778666,0.047495764,0.025518026,0.1067465,0.1875981,rg-dFy6npCk
0.1677128,0.081875205,0.14609732,0.034791227,0.20853496,0.13509092,0.2088067,0.35226992,juBUtNrXWec
0.02232657,0.096552595,0.021641595,0.03736641,0.034039192,0.01691929,0.062024586,0.15294522,oh2-LOfv_As
0.030278437,0.09557504,0.048505753,0.07251463,0.03646526,0.045989465,0.07226552,0.26656705,xacci5WEpqo
0.041871045,0.016115304,0.045168586,0.05413456,0.04168477,0.04416889,0.19745769,0.25139531,NeaYKgZBa9w
0.023792503,0.050030988,0.020525565,0.11665283,0.025832685,0.025059162,0.1344924,0.30497494,CW3xoO3mptI
0.07985978,0.1339869,0.09329864,0.028954152,0.094607316,0.0560657,0.20716187,0.25308833,NV05ZJ9v5C0
0.07171874,0.03650926,0.028994765,0.14373457,0.06605724,0.019832538,0.086104624,0.23203321,HipZ1E-M0Zk
0.035103202,0.0019099154,0.039901044,0.046465382,0.074579105,0.063913785,0.29343304,0.37957555,tBIGSwLR-tY
0.024289167,0.09231714,0.024021732,0.049898956,0.029249797,0.025064517,0.15393725,0.23441987,PweScsbFsXM
0.14427115,0.041475855,0.0982914,0.22952124,0.112090714,0.069645576,0.22670545,0.43304974,427zTM24sHU
0.009310901,0.14547455,0.0062124263,0.015410362,0.01701934,0.0087288935,0.030029926,0.17143509,59d21G7lI3I
0.09621379,0.075081795,0.066609904,0.038053125,0.06337386,0.059674334,0.3681169,0.28956896,swg66eVjZeU
0.020807335,0.09442289,0.01998767,0.027752401,0.02892408,0.022865541,0.062202528,0.16950531,Wjd_oUgeNVQ
0.016464125,0.025274184,0.01834226,0.04268845,0.045989953,0.034067314,0.058847364,0.258075,StWH_ToJcOU
0.16364641,0.27334037,0.14325124,0.31661135,0.14170551,0.087262176,0.19900924,0.2664374,FX8-i1x-Mlg
0.018691665,0.03891018,0.02215388,0.01999182,0.031483933,0.020035226,0.05249206,0.16589056,J6S_8OafuEk
0.03788514,0.16467728,0.02888551,0.016521018,0.04383695,0.015034522,0.14820407,0.20863222,e7Wn3zbc2J0
0.025303954,0.079228245,0.023996234,0.012564304,0.0377302,0.023739032,0.076402634,0.20573503,FCiSeGa3Cjk
0.040233713,0.13093537,0.025266847,0.04406188,0.04110932,0.029274207,0.074567325,0.22611715,aEL9-AdRo44
0.032383494,0.050728768,0.026460245,0.023117077,0.050573383,0.0123465415,0.057640586,0.15627338,hP3qbaOIWFo
0.05789075,0.075116724,0.052870143,0.010412407,0.04419722,0.07797682,0.10290403,0.29809463,CzJQLGj3mRo
0.024678817,0.11663083,0.0092678135,0.029469188,0.040383216,0.016574912,0.046923958,0.24703948,kRllWoX7xiU
0.026033727,0.107178636,0.026804755,0.042001735,0.036825012,0.019614365,0.070267975,0.16868348,1OwDBEIyWTg
0.04502359,0.35504997,0.04876316,0.052136723,0.033453964,0.055247467,0.082488954,0.19396293,FL2NRRwoYzs
0.025998283,0.0014311549,0.026464308,0.037881445,0.04056625,0.02676296,0.045104228,0.26033145,hyFwKUfhHLw
0.034785103,0.10821912,0.029119981,0.015757442,0.0465368,0.030571813,0.092744775,0.24843612,4XYMZqc00HE
0.034554448,0.06172539,0.025747737,0.02655065,0.018814098,0.03166976,0.05573178,0.24421123,x1rZqnE4CoE
0.108498506,0.12800089,0.05659358,0.08689302,0.061017904,0.052069493,0.1483715,0.4390518,6J3Kx-BBQwQ
0.0350728,0.07777268,0.07842902,0.05093802,0.046260234,0.04923077,0.092254855,0.28027937,W82sS2QUpc0
0.16695546,0.21279764,0.08744443,0.1256687,0.12423723,0.18859571,0.16006707,0.4433722,eZWZ0OL-InE
0.005603686,0.19036007,0.008175842,0.036679696,0.0183705,0.026346749,0.027354823,0.21756062,mVysIKly32g
0.048320476,0.03327844,0.059671473,0.06412373,0.03898131,0.09061675,0.18899064,0.29115534,d4PCl99-TgE
0.059634622,0.08331138,0.0943772,0.046122026,0.059692718,0.07239333,0.26214465,0.3871164,3hSvv1PBFcg
0.07911264,0.25603077,0.10263734,0.040284947,0.059710495,0.09070699,0.33103618,0.42495608,G0kLQfFAp9s
0.16833882,0.06371973,0.14310087,0.1250247,0.1239347,0.14151636,0.41802806,0.31740224,jZxu8D8z3pU
0.09037368,0.101765536,0.1590604,0.16758743,0.0790353,0.16586201,0.206435,0.40326965,22o2QWEHGfw
0.032659512,0.07961519,0.03760554,0.032559406,0.017686253,0.06308309,0.16030684,0.30570066,mjHWa5W_RAw
0.14774655,0.16619608,0.13084082,0.0053797434,0.121445164,0.143031,0.27201846,0.3321651,c_Wer3RQNoc
0.2101577,0.14653024,0.10312319,0.16275369,0.13350658,0.036869094,0.62361175,0.30626926,UlkG3tNrXls
0.12420263,0.048949007,0.16604377,0.13206954,0.16770796,0.20600371,0.263967,0.53022856,9LK57JYc0Sw
0.056218147,0.17414728,0.047006264,0.037023053,0.022497073,0.066490404,0.08708227,0.3553592,P2NuLw6hL9w
0.06476501,0.012091013,0.03762504,0.02193547,0.04303868,0.031206274,0.16699345,0.33967596,TWBsZz37QNs
0.024616292,0.03544093,0.017708812,0.040284947,0.023093887,0.020530332,0.18216932,0.32138482,R9dDeUwXqBU
0.17653541,0.03700371,0.13993154,0.10515087,0.16141303,0.052892048,0.2626626,0.32023185,DERxanVglwY
0.17219429,0.0011145383,0.05036495,0.06372416,0.121500365,0.04154639,0.1302109,0.35197705,ej0qnVccI4k
0.0091375755,0.11210192,0.009162642,0.052935857,0.015935048,0.0093257,0.06526043,0.21170746,wFS1oRsayUI
0.11654283,0.14815332,0.12245612,0.25676212,0.15611559,0.06384837,0.21364485,0.25598633,d7wWfqMgmuU
0.06808364,0.12722766,0.098906934,0.3490159,0.1438956,0.036755856,0.10713512,0.2251795,vy140gRL1z4
0.045634724,0.061307333,0.052660283,0.07131593,0.13214652,0.036596,0.12878247,0.2948706,QlmIsrCxqYg
0.074248224,0.001327566,0.053085327,0.038224805,0.066213325,0.056011897,0.13070461,0.36546808,EEAn4gKz1q4
0.025362173,0.15531331,0.02880194,0.05773066,0.028964145,0.026375238,0.15192589,0.24383572,wqLGXoWrqhU
0.1484483,0.05776526,0.16843624,0.008225801,0.1713008,0.15101074,0.26073107,0.335223,oMfrkdehMDg
0.09993393,0.19871423,0.046864953,0.13835071,0.057315405,0.10731036,0.27534577,0.42968935,9OXP_2yfo70
0.03581767,0.04871086,0.046377465,0.0471521,0.074865416,0.037997466,0.1029593,0.30311,tsjHK7XKLk0
0.027293768,0.10389522,0.07388382,0.0334178,0.03792855,0.057849344,0.124998264,0.2742711,0XwsCsQsO4M
0.29245058,0.0006578133,0.21584699,0.19862764,0.29907972,0.10916869,0.59741354,0.41274416,gU-bawSp9Rw
0.042934645,0.11069057,0.05553027,0.1580154,0.0634808,0.051677994,0.16174881,0.2696111,L8j2gPZzjDc
0.11265608,0.027323041,0.06003756,0.03994159,0.12787698,0.03729997,0.26318225,0.37691486,xlFPwWUCCOA
0.050738305,0.08209767,0.06536693,0.092262976,0.055599462,0.048859626,0.20295851,0.22745836,5wtkA3n9gG4
0.052104775,0.113652326,0.032270115,0.11729682,0.044025272,0.030884659,0.26425546,0.37694326,oKkNkcLeZbw
0.06334638,0.080927566,0.09307754,0.13835071,0.11249813,0.066397555,0.20769447,0.24584828,eTg7IMXn7Ng
0.093375675,0.13845564,0.09519683,0.06372416,0.08330844,0.14631474,0.13201645,0.40664965,1jrT7LmonnI
0.0800558,0.15800172,0.12157533,0.22510603,0.24214806,0.037860837,0.13647448,0.2161571,gZWVeAS6esY
0.081193015,0.10274144,0.08834944,0.035649624,0.07735227,0.03855199,0.14096574,0.2651857,uiQvDS6iL-Q
0.046890475,0.027098937,0.04007997,0.123736724,0.073442966,0.032155983,0.10933149,0.23168492,33AENfR0bOM
0.068856485,0.28254253,0.29639167,0.03427619,0.13238813,0.14262608,0.06346016,0.19063066,v9M81TvLQr8
0.06952632,0.11325369,0.040556207,0.13206954,0.066829145,0.0375034,0.23580265,0.33947983,xeZXaz5r8Z4
0.043896757,0.13021173,0.023162827,0.05773066,0.027815616,0.026026987,0.1019922,0.25857845,CwemfdxhJT4
0.03991032,0.17957975,0.032584768,0.089577995,0.04694523,0.03370461,0.23125535,0.2916044,8xeatuPtCaE
0.048995897,0.05069363,0.035049807,0.03049926,0.031027306,0.058344003,0.14646356,0.26066127,XWcL24QOODg
0.02520322,0.118191,0.017535398,0.011661896,0.028513206,0.023001771,0.0832386,0.25008896,7f1RoBMo-XE
0.046211712,0.23965105,0.04817831,0.05253629,0.08638114,0.033820983,0.10623037,0.37107444,zsLvuodzGhI
0.09670221,0.16666079,0.09472919,0.034962907,0.1165422,0.07951921,0.16682173,0.24824643,UGlauIn9tRk
0.0394012,0.14027597,0.03267961,0.040284947,0.052800875,0.04896998,0.122299366,0.50710654,thcahBpd0p0
0.082450755,0.032202657,0.14644359,0.017006932,0.112575546,0.11427465,0.33926815,0.49302578,c7H8pE-fta4
0.025336873,0.120584056,0.017918132,0.021102477,0.030173775,0.019546501,0.054102823,0.15600902,hGcI0XAtssI
0.03531682,0.097624525,0.04856876,0.042001735,0.0441083,0.05321132,0.120836966,0.26159725,1sMDXFhSRmw
0.11730335,0.00013333073,0.15443075,0.06652113,0.12491371,0.086577654,0.3029324,0.35636833,X8bgcO9b9HI
0.025641046,0.07995605,0.022867477,0.0495556,0.035247244,0.02401081,0.08157465,0.19180603,GM3_ZQgBM9o
0.012950785,0.14836772,0.011050586,0.07850813,0.020811502,0.018004984,0.0864737,0.23384072,NbHmPKFDegU
0.17866835,0.12800111,0.17947304,0.044748597,0.22627364,0.11700929,0.1646316,0.25806442,1Yso8mYJnEw
0.05597637,0.03148401,0.053246528,0.0741129,0.03772405,0.08117837,0.18831934,0.27911896,-M2O2Jd3G8E
0.25247136,0.06346117,0.12476472,0.11665283,0.11775285,0.10579695,0.1880066,0.27570936,OXuVCDH0TUU
0.0740168,0.040553015,0.10622241,0.12695669,0.13072914,0.09144226,0.10024478,0.7784964,S2n7cScHX1I
0.07843992,0.11486665,0.056790333,0.13879937,0.11648285,0.065229915,0.2446481,0.41500998,yh0hyCSQqKE
0.111643,0.022588799,0.058933917,0.023460433,0.0981926,0.03442698,0.23687655,0.3020065,gJbQR6T3XG8
0.040643945,0.17139855,0.03949736,0.03856816,0.111180626,0.01932338,0.10016738,0.20921241,qmOaBl7N9A4
0.036602423,0.06549878,0.045133714,0.038911518,0.06957993,0.054691616,0.101961225,0.2933238,cPGtTiwIjWI
0.110245496,0.6238922,0.08150847,0.14014533,0.12339199,0.08255875,0.3832458,0.37018925,jSkwy9tmZn8
0.034652296,0.12898271,0.026589004,0.09333697,0.038659345,0.02456368,0.06742385,0.1789751,TsyuFZSXTyA
0.050049357,0.10291151,0.046454065,0.0358213,0.07799098,0.033054963,0.1290972,0.19225115,ReRuFiHVyog
0.26818606,0.035734087,0.1385198,0.09118898,0.176135,0.13670954,0.41706818,0.53023916,FY8PZ7wFORs
0.07659096,0.12680812,0.12026911,0.04406188,0.14898333,0.15823819,0.1527629,0.3754501,ikUkqzH84eA
0.06663475,0.20195436,0.06217713,0.14597784,0.12062169,0.032827236,0.29772294,0.38785115,8KN6QPT1mK8
0.067725115,0.000525855,0.09212588,0.22979778,0.0836167,0.0750361,0.102850646,0.28739116,dD378QMDxcI
0.19712229,0.22129613,0.50909156,0.36805952,0.7254304,0.2107696,0.36912656,0.4528021,2RZpPnNOj30
0.046149705,0.052767973,0.05927727,0.029812546,0.075971365,0.04618773,0.09809529,0.20457779,4doLOcoEaUw
0.03193989,0.25155568,0.024382418,0.09387396,0.03956574,0.031756505,0.061958194,0.23325634,gKqUlG-XLWA
0.01500653,0.46269345,0.009906986,0.015826859,0.011921251,0.015608788,0.04438862,0.2483164,93YwFbqwDzI
0.14060993,0.09612754,0.06293152,0.035649624,0.11170163,0.044697765,0.23718736,0.35592508,mQe9FgXZnjI
0.024954917,0.037780754,0.03426639,0.079307266,0.041233044,0.027943358,0.058974598,0.1643869,UYiVtcena3c
0.022228155,0.024229422,0.015371308,0.032731086,0.036067285,0.023359977,0.074295506,0.20809248,RhL-gnUGlc0
0.3148388,0.09148461,0.27393475,0.22333995,0.26640818,0.20408274,0.40014938,0.49496686,_sxh00YVEdE
0.034425486,0.17583783,0.03667348,0.02655065,0.043230817,0.03288758,0.10723356,0.18236427,3pCMxuoNeh4
0.023795668,0.119929165,0.013248561,0.043031808,0.01829533,0.01617489,0.07080107,0.24176608,4JakXe0jiSw
0.11971993,0.11358672,0.13970482,0.29163063,0.10164681,0.06539732,0.60347116,0.20368882,g_PI__u3tjE
0.041986,0.031545695,0.055803567,0.031357653,0.056867857,0.069326624,0.08879556,0.2903224,ld7Kgrrg2Kw
0.030378953,0.01827894,0.03710582,0.00315843,0.029407429,0.034955878,0.14326571,0.32115847,ax1p6-67tqw
0.03221807,0.09221535,0.023243459,0.09709594,0.0243755,0.027978575,0.22369349,0.31076887,DXJ7Bg_f8hY
0.027905889,0.023963628,0.03672576,0.043375164,0.037134778,0.044203535,0.06514308,0.26822388,iPIaXrDqWFc
0.070374526,0.18124358,0.09698106,0.10515087,0.11295177,0.06284915,0.23753913,0.326339,GOhBUvvDWwI
0.18497276,0.4366993,0.23379162,0.40636617,0.6770498,0.07155682,0.22186284,0.26941568,nVHt_74GVic
0.036261592,0.008364452,0.042950965,0.04543531,0.07258577,0.042087942,0.044709787,0.29942206,ZdAvnS3cWxY
0.09660562,0.041127205,0.07233309,0.025692256,0.13080846,0.030475058,0.26312217,0.2650583,TFQHQjvf6SY
0.063537404,0.033047687,0.030206976,0.030327583,0.04876249,0.023246171,0.14534876,0.30552667,nBlaIrKvI58
0.08210311,0.15169674,0.0747533,0.0813051,0.05480967,0.06564665,0.14277092,0.4408221,LPISKqNKySc
0.052233476,0.08309079,0.050966606,0.08581903,0.1418516,0.0232295,0.108033635,0.20336595,5FIyoILxUzo
0.051061444,0.0023853064,0.05061913,0.02792408,0.045106858,0.056345355,0.07728175,0.25395542,N8bJkj_NdBA
0.25414944,0.18285617,0.07735074,0.065721996,0.11781929,0.08732445,0.30706418,0.24235612,rmalylVDxao
0.15119189,0.013966785,0.13441846,0.03994159,0.11972934,0.15162562,0.30326745,0.27358103,Gvb31v_OBtU
0.054973897,0.19791092,0.08496078,0.2712817,0.11482819,0.038879395,0.096712135,0.19964802,YcKYhuI5qhk
0.01628675,0.17653857,0.007964793,0.024662184,0.036634266,0.010367328,0.04870857,0.2354505,ceDJUBLKGtU
0.01834427,0.31056592,0.018135982,0.105704986,0.032717716,0.011743795,0.05698345,0.17153828,Rb98TRLZMTM
0.04163506,0.052868325,0.07240449,0.089577995,0.06579734,0.0414915,0.15936364,0.25028172,C0aRS0Vylas
0.035352185,0.014501937,0.05510699,0.059728492,0.028427238,0.043430455,0.21719903,0.2579587,pmExy3zfW9Y
0.029791877,0.13168935,0.033516366,0.055732824,0.037806187,0.027962074,0.20455784,0.23342045,d1L28T6egO0
0.054939043,0.27705666,0.030661441,0.20009461,0.0362225,0.049595013,0.10353498,0.30641338,9sPIecsUx1k
0.08902687,0.13002214,0.062168572,0.089041,0.052592266,0.111408606,0.2634834,0.3277564,upzFCJO9bqE
0.097700834,0.1803406,0.1388086,0.12309273,0.29428196,0.05952561,0.17444617,0.2377182,HkvRe2GmPOc
0.11619698,0.19040446,0.09537326,0.1414913,0.076104134,0.08528318,0.24975368,0.20765728,N_qNvD3rdRQ
0.06959916,0.10759694,0.06480961,0.029812546,0.074829794,0.039066315,0.13858,0.28280774,nGWUZ72vH4M
0.023853572,0.06376187,0.022826293,0.033932835,0.029405503,0.023508262,0.072085954,0.15642339,XWzwkvuGEyE
0.0144992,0.480814,0.022326918,0.051737156,0.029274017,0.019584036,0.046220098,0.18571825,cOKe0__l9Bc
0.03663157,0.37465522,0.033534806,0.10828095,0.07145205,0.02793905,0.17005342,0.2499494,ILmMNMfjzT8
0.03446001,0.000118006705,0.059123293,0.04818217,0.10275571,0.020358544,0.09062839,0.2821354,wxGj34FZelM
0.015151994,0.19159018,0.0148235755,0.028782474,0.020944355,0.018558685,0.06606876,0.29943052,fv_hLwD0REQ
0.014140013,0.012978245,0.024855047,0.070516795,0.022928284,0.037193473,0.05525316,0.2680925,RMW-altm1Qc
0.03303791,0.14742082,0.02054083,0.105704986,0.04777676,0.023110487,0.07103403,0.21025042,bNAaEfsAyz8
0.04345618,0.07724119,0.0193993,0.062125895,0.032390088,0.020519262,0.2120214,0.3686307,iXgEtLVmhYM
0.07193388,0.20106576,0.08644193,0.05413456,0.11775747,0.07491425,0.13734765,0.3467832,pJz80Z-zLv8
0.036459096,0.14543517,0.039556347,0.0358213,0.0441745,0.036164083,0.07318519,0.18193772,iOjWFxqPPQ4
0.022283202,0.14932644,0.023369385,0.033932835,0.023760278,0.017332628,0.09811985,0.17425925,REu5lB78T0E
0.06753812,0.06424775,0.030574946,0.03358948,0.062847145,0.02330965,0.14119792,0.23561576,1wfusBFn9U0
0.05905787,0.11864804,0.06976244,0.01596569,0.08445339,0.046261046,0.15598504,0.301099,VYRPg1LJ3AU
0.028223807,0.06429826,0.021514405,0.019714156,0.05066037,0.020442113,0.21046244,0.2366184,mLIY9OhSa3g
0.06970855,0.12928633,0.06358251,0.06771983,0.11199205,0.040831313,0.14191982,0.25538585,Q5Fpmf_CIf8
0.03415017,0.10492339,0.035472218,0.02637897,0.04564657,0.025869465,0.09675711,0.18381806,xnrs-HYqTRU
0.037388366,0.14202373,0.06523092,0.34388447,0.11091609,0.030776504,0.09214686,0.18269314,09K63uy5XeY
0.053006463,0.087627165,0.038153622,0.016035106,0.04602241,0.026607743,0.10636338,0.19224046,gc3WQDduQFU
0.0052252365,0.039489284,0.014573677,0.0066639404,0.008362403,0.036212906,0.07141592,0.2978397,zBPNY9AzsYM
0.016994132,0.3058068,0.009413682,0.15626417,0.06927992,0.006672396,0.03670426,0.15004715,ei6hT9ZA94Y
0.010374323,0.117921874,0.020994062,0.018325835,0.015821893,0.008942695,0.02973951,0.1454875,RwYaXm7z5-U
0.06504779,0.06947321,0.08490657,0.03427619,0.050294645,0.08886825,0.295577,0.33098036,cZgFJ2HEc2U
0.049477186,0.1586446,0.10915509,0.15451296,0.06082105,0.08587938,0.28841543,0.33966237,DG9z2Amr6h0
0.014572162,0.08823036,0.021083925,0.018048171,0.03111156,0.02090832,0.061235074,0.19560693,KeBjkmS5Utw
0.020002272,0.17227207,0.023599694,0.035134587,0.03212378,0.022216957,0.05996992,0.17055291,MC4WmvZ95rM
0.012512809,0.10673323,0.013228054,0.020269485,0.01539091,0.012195174,0.04200137,0.16705789,AztWHjVuN_w
0.032121044,0.13250642,0.03572661,0.047495455,0.04545909,0.04482203,0.12752213,0.18633908,MpMm0Arlp2w
0.02577839,0.025246112,0.03430352,0.036336336,0.06340571,0.030252496,0.06466287,0.22850563,_TvdmQpK7f0
0.014781118,0.09579611,0.010736987,0.010759487,0.0370027,0.011033635,0.036610678,0.21546108,APmXZM_d_T0
0.056899186,0.19641092,0.0903494,0.14193995,0.19970144,0.046277467,0.08164681,0.2485619,LCRcjCp8R9E
0.025029263,0.09946708,0.019817054,0.089577995,0.035855316,0.017894303,0.06298522,0.18185699,Uo93md51WwE
0.075141594,0.08613008,0.06784882,0.043375164,0.07815955,0.059870593,0.23083311,0.40669173,cbAzyVGuqWM
0.043837845,0.036232743,0.040874615,0.09333697,0.048564043,0.050225075,0.108757146,0.31646425,ChieYVP_bEA
0.036750205,0.1066255,0.01922603,0.20963,0.03189295,0.021491941,0.06202777,0.1657338,HFPA3e6bFCE
0.017355777,0.12618443,0.01151738,0.038911518,0.028346382,0.016646778,0.04313937,0.22024065,uAzR5PBDMeg
0.025423976,0.13782205,0.01892704,0.044748597,0.033035498,0.023187147,0.10614136,0.2655775,rFFjATF3I30
0.028770503,0.25119627,0.033327684,0.22989221,0.05478382,0.048494034,0.2972885,0.3445708,Ji9ciMqrjOc
0.0037224588,0.024304153,0.009802045,0.0087811295,0.006461927,0.032719176,0.056726232,0.28438643,lT2xWb7x2b8
0.12306022,0.1746255,0.10032901,0.101391904,0.15690115,0.10391873,0.22007157,0.42762974,KDDadNR6r5E
0.025778193,0.001762585,0.01857325,0.015063282,0.027056973,0.0187442,0.18811287,0.26484644,YJiGNM-YGyg
0.07124839,0.45368707,0.055996105,0.032559406,0.047983404,0.07545589,0.18015096,0.2716062,oWz3Lv5Ct90
0.017396774,0.028128708,0.019103331,0.039598234,0.025554292,0.020173654,0.06207103,0.2496062,jcWlMLlJedU
0.10985557,0.14724442,0.055497985,0.09172598,0.10116855,0.064363346,0.17220435,0.39606854,bBAs1rT6a_k
0.18183762,0.43746313,0.69309914,0.37647265,0.8783302,0.115173824,0.1456077,0.25467724,XR2udUIY6WM
0.024800234,0.028231468,0.02306167,0.08170467,0.021214677,0.030153371,0.2220979,0.33914858,bF4a8BFS__o
0.046890475,0.02709894,0.04007997,0.123736724,0.07344303,0.032155983,0.10933149,0.23168485,swUjUXYpRlI
0.095157966,0.121123664,0.15484741,0.023632111,0.12072957,0.111655354,0.36291072,0.46423602,no8MmYdeoxY
0.0054756207,0.11145354,0.00930731,0.044748597,0.011511217,0.013822651,0.012267122,0.17266701,nOeMg_tLt_k
0.12438993,0.0033714024,0.20960541,0.1731117,0.22452112,0.10859424,0.21784712,0.34641096,po2Df047-tA
0.025048956,0.098978624,0.015832352,0.05253629,0.03929217,0.0153216645,0.13235992,0.27777243,J1a8hTM5QUA
0.029449483,0.018874174,0.025998816,0.06252546,0.042541504,0.027727097,0.07032051,0.22294089,vwdF2ar6NCk
0.015723798,0.030915704,0.017132275,0.010273575,0.018297497,0.020645306,0.052339993,0.17882971,ierhBz2za8s
0.018227767,0.047337472,0.01470621,0.026722329,0.0223537,0.019012872,0.06397809,0.27617237,h-clsvhuPhI
0.02429759,0.18708983,0.023262838,0.04543531,0.038910296,0.018001728,0.06818682,0.18173416,DBX922OLIww
0.12723263,0.04520174,0.070883825,0.046122026,0.10527729,0.076834224,0.32481042,0.46560553,miARyzpVXrs
0.04399581,0.037020978,0.0438692,0.027409043,0.045034397,0.045915924,0.2628194,0.37325856,3gsZ-IatMng
0.045622855,0.0817038,0.0392414,0.03444787,0.023441276,0.07602523,0.16149175,0.26081276,VdO68ExVTUA
0.017576924,0.013205024,0.01634253,0.03994159,0.027678529,0.013403265,0.044827398,0.18405542,8_8itB84X7Q
0.0088118175,0.04301422,0.009333827,0.08581903,0.014823454,0.045123946,0.0126407575,0.25550833,nw5tTBU4Gc8
0.037791483,0.07888414,0.040772896,0.033074442,0.021610182,0.0759229,0.20654598,0.3783423,foR-VCnIVnA
0.047166053,0.12343796,0.067157745,0.067320265,0.13069749,0.042153135,0.16680294,0.29769802,RStLVcnmAhY
0.021976158,0.059546325,0.03292589,0.037881445,0.03034489,0.0387264,0.051242247,0.2501146,IAB_UqlLRow
0.15154041,0.1111891,0.0753964,0.123736724,0.062270954,0.12445153,0.13031863,0.22660974,6SNFssH35Mg
0.017447235,0.118509956,0.015840685,0.03994159,0.02225156,0.01939964,0.06965638,0.27636036,F-KGgvMS48E
0.06652344,0.117503054,0.045451827,0.03599298,0.087731406,0.032795914,0.13284169,0.26088968,eJ2AKzgNkyA
0.033452988,0.08132655,0.02656676,0.024318827,0.042238418,0.028352886,0.084588915,0.23271781,qgIqRJTfgGs
0.039019406,0.19640832,0.030990634,0.06652113,0.031917017,0.042846985,0.085883565,0.26952028,8qemjU4oYTU
0.096486434,0.17888197,0.11492217,0.044748597,0.05859981,0.12572029,0.5068426,0.24059318,KZmIixC7044
0.029760445,0.14631394,0.0297224,0.035477944,0.052965507,0.032083854,0.09179128,0.21062547,KB4NqDkJuSQ
0.20068723,5.3631633e-05,0.21520194,0.10634898,0.19406258,0.23058924,0.30415428,0.5177069,q8qi30db-XM
0.11350726,0.24558833,0.112846054,0.14552918,0.09497165,0.14320084,0.17966163,0.4152319,WGtR6kB3iMg
0.14355668,0.0008101309,0.11202581,0.08689302,0.14556414,0.077027954,0.3906941,0.5108788,cFOn0ATs5KM
0.028566923,0.0076085953,0.04760719,0.040284947,0.027332393,0.038125288,0.19940057,0.27779323,Y2CdlNrWeYg
0.069114625,0.08641828,0.065188274,0.092262976,0.07940431,0.09470938,0.10378886,0.26588225,8E8VVkfALBI
0.13025555,0.00039035664,0.23904493,0.09709594,0.19667873,0.15240648,0.76075864,0.4860591,75MoHva-4bA
0.06055357,0.08870248,0.023788763,0.13700475,0.05717081,0.026440335,0.13377082,0.38153648,DdqE4OS6Fyw
0.022208659,0.13799304,0.027410364,0.035477944,0.031729203,0.034351993,0.11902312,0.31163448,zORWbhrFfjY
0.057924733,0.07359321,0.0727461,0.043031808,0.039074823,0.12783858,0.3072051,0.38642955,ykmQcpasPqs
0.07390538,0.25006962,0.16142534,0.094410956,0.09174935,0.17188188,0.3397921,0.46358222,VE7N-beRNi8
0.020968257,0.01640642,0.021477899,0.026722329,0.043485127,0.01986349,0.12819783,0.21910541,DWtOzobJAaE
0.008142014,0.43937144,0.007926314,0.03770977,0.018124236,0.009300525,0.09349094,0.2097801,Pvvu3bI1Te8
0.016097745,0.16347156,0.010668228,0.083939545,0.03110004,0.008171725,0.12320885,0.1945463,mWyd05EG9Os
0.24135904,0.00425868,0.3010557,0.026035614,0.18321893,0.19175282,0.7734228,0.36282033,eLJXIHPXXag
0.039351925,0.08177097,0.027434226,0.15918289,0.034759346,0.03377567,0.20648798,0.36380604,FF5-O-Qa8Us
0.029625785,0.12186433,0.042842016,0.01527153,0.01968778,0.06124996,0.12154152,0.32189885,wJbGmwXRQjg
0.059729513,0.11012335,0.069127336,0.060927194,0.06429208,0.047442134,0.17458858,0.20789416,rsHN2kda4So
0.17892478,0.09015786,0.0972305,0.12953265,0.20275286,0.045371935,0.2488006,0.38999444,EMFxER9h6tM
0.056419786,0.14905137,0.047600083,0.039598234,0.06966587,0.10314938,0.08732229,0.415969,DoqEMdmYY9c
0.07023149,0.078467995,0.046544287,0.038053125,0.066634476,0.025233818,0.112277776,0.21239772,K5ND5VhOyNA
0.0236019,0.31732178,0.03192308,0.1835188,0.16016228,0.018039742,0.102975965,0.2661711,-wHJxphtL00
0.02179701,0.1667449,0.014206248,0.104076885,0.049285088,0.029450081,0.04518996,0.24028073,Dy4dxq0hF5A
0.05617414,0.029118292,0.04468724,0.11600884,0.038930435,0.0391321,0.30586246,0.39071307,gUJXloZTgcE
0.029549023,0.05635382,0.027003027,0.026207292,0.04063881,0.02343512,0.062424075,0.2450038,Ww98m1ucSlg
0.075934924,0.041553315,0.054440346,0.027580723,0.045072816,0.066732384,0.13960065,0.24415316,9acBBcoIFhg
0.030722657,0.12222365,0.023537973,0.05133759,0.03896389,0.022666413,0.06333368,0.30468917,0A0GgWcsNfw
0.025210956,0.22045588,0.055761494,0.28948012,0.06261033,0.019484509,0.08823319,0.19486906,pDw4x6a8VbU
0.027957886,0.16905686,0.029564558,0.028610796,0.05494311,0.052927475,0.09679554,0.3292508,3eKoR5qiElw
0.08800115,0.18029127,0.047508184,0.13017663,0.084402755,0.08719172,0.13831219,0.31844682,e5F6PmWZaJE
0.11565385,0.074783154,0.053057797,0.04406188,0.064868055,0.05983306,0.20876601,0.26588595,AcRyoqh-nA4
0.013380965,0.07332634,0.018892558,0.030155903,0.032732192,0.0159317,0.04993318,0.17453316,6Xb3KYEklfI
0.035083592,0.04089507,0.020625012,0.031185975,0.023528611,0.02882536,0.058373835,0.22525139,g2WY-EhEtiM
0.03706109,0.15358537,0.016401336,0.05653196,0.03440837,0.029713778,0.0612275,0.3478821,iOe4DKDAF4o
0.034576844,0.16776936,0.035296813,0.055333257,0.039665688,0.027724087,0.22315627,0.36303362,Ivmezr5IHmY
0.59971076,0.10533072,0.3515292,0.42631236,0.46465564,0.14301495,0.9533248,0.3373436,bKXdHgBOi6w
0.1299072,0.024656849,0.033893004,0.04783881,0.053193845,0.053417813,0.23674239,0.3552071,I46ZbAy-e9A
0.025972905,0.20100564,0.017516544,0.08850401,0.038186867,0.025208635,0.040521305,0.21903259,_rj7n7rb5sk
0.07880722,0.25838977,0.067305796,0.13017663,0.055176757,0.054364838,0.24703069,0.17977531,XfgrknoYTKM
0.1087831,0.059608057,0.064436816,0.119228795,0.08299292,0.07987333,0.25086582,0.2992851,2mMWz9evo-s
0.09670221,0.16666079,0.09472919,0.034962907,0.1165422,0.07951921,0.16682173,0.24824643,o5yt8ZtZVIE
0.023460036,0.22347596,0.02534125,0.03461955,0.022140708,0.049580306,0.09367841,0.29979804,UQLxhPLELwE
0.07798291,0.12769325,0.052615166,0.1414913,0.09901892,0.06698439,0.15822181,0.39929968,aMIbq8sW64Q
0.03230798,0.07646019,0.046581194,0.09065199,0.046673052,0.04355593,0.09760599,0.21934353,Zt9pcYjrlMI
0.0673302,0.10604963,0.074362345,0.06971766,0.13879527,0.088536225,0.1001145,0.24799101,q1Ag0ReJ4SU
0.15842605,0.2614664,0.042228047,0.1530536,0.06343599,0.0730085,0.072093,0.28661925,pLvGOwXbfGw
0.11041198,0.17872794,0.09950614,0.15743166,0.109490104,0.08496632,0.3050051,0.27924034,qKZnFmjSB10
0.14184025,0.0800638,0.1111784,0.035477944,0.14268501,0.045133255,0.21796137,0.35918894,S1N3hEM0ykk
0.02581285,0.08357249,0.0314691,0.019714156,0.054146256,0.035181977,0.109034516,0.35900122,VIkT0a5VQfo
0.17413285,0.0059148786,0.14233164,0.13610743,0.17440824,0.06797298,0.24415804,0.3895058,kuyrUafPpdU
0.1443262,0.0061095217,0.14617719,0.07371333,0.13519868,0.09174034,0.11924002,0.28135973,smVoWyBZkzs
0.13068722,0.0824249,0.090690166,0.046465382,0.19459876,0.06109819,0.18165025,0.3491773,Au-kErQ7zxY
0.021249797,0.01017457,0.038090013,0.040284947,0.033095136,0.026067456,0.14421165,0.2354799,pIc7tzigD4s
0.071466774,0.0074097,0.045883268,0.05493369,0.038703326,0.045460418,0.15537831,0.26042205,pP0NvXD77Xc
0.037051074,0.08475901,0.04194382,0.03994159,0.052726183,0.03841509,0.0888199,0.23325479,QqCY8HtmUOw
0.019912394,0.43876714,0.020604217,0.030842619,0.029370302,0.019741213,0.05308108,0.15302634,QMoO5acQ9f8
0.029841729,0.1164685,0.040518686,0.22983712,0.055447247,0.034263637,0.088176325,0.18394704,sAOv27nKyAc
0.11005565,0.00027395453,0.109577596,0.119872786,0.14402823,0.07406545,0.13316399,0.36820218,ztZ2fNKBY6A
0.103202075,0.0822065,0.09499705,0.0729142,0.09910026,0.14745164,0.3635468,0.48811603,55XtD2FihtQ
0.0077073984,0.04993688,0.0177161,0.017076347,0.0198078,0.010153687,0.029787092,0.16900024,Z-Bip_Qxr9g
0.033139016,0.08215218,0.03783526,0.06332459,0.05390547,0.029584372,0.07713204,0.23760165,ZIfA03VtDa0
0.0146816345,0.11541223,0.0122630615,0.053335425,0.025321148,0.016891992,0.056151174,0.28403172,3kt4IwDDYJ4
0.020623771,0.047856577,0.017856577,0.036336336,0.02339338,0.018670144,0.060945548,0.15138693,v96RYsJAkII
0.13744935,0.061824895,0.11079699,0.047495455,0.20078216,0.09281184,0.20798443,0.46492082,N4WIcSZKmT4
0.034888256,0.26196572,0.03395668,0.10634898,0.048112255,0.03546061,0.25616515,0.2888443,wQtG8pCuQsM
0.017829835,0.4088043,0.022460492,0.079307266,0.043329276,0.017767873,0.05369785,0.21154316,rruk2NpTdAE
0.04262284,0.18709117,0.094679944,0.043031808,0.04575245,0.106515236,0.12272528,0.3100191,PZTvSMSpnzA
0.021991568,0.080217995,0.02056529,0.025692256,0.037303437,0.022320706,0.054613188,0.23067409,ahmJZ6IAzD8
0.049563423,0.034275234,0.059793063,0.054534122,0.048037402,0.03596395,0.2685205,0.22116543,HI6V5og9ogc
0.12313871,0.64295024,0.03953483,0.092262976,0.062227894,0.02798581,0.09578928,0.19211176,aRZEZxGluNU
0.022471752,0.2761897,0.02173808,0.014438537,0.028697805,0.025082929,0.064393,0.21150494,1EyH2ZY0DRU
0.045601975,0.2571994,0.06394968,0.02517722,0.047680277,0.04378733,0.12559977,0.3247323,1h9MX807kb4
0.023921022,0.07712259,0.02290723,0.01665985,0.013906084,0.026956862,0.13353066,0.1991598,q9q5lEd8sQ8
0.056495737,0.36048514,0.042561624,0.10763696,0.039660696,0.06609473,0.21735135,0.36095145,BDq8rwMgsUY
0.0846273,0.08037537,0.13728535,0.1019289,0.16004297,0.092181385,0.2961365,0.36848363,1x9G4MbFspo
0.008714366,0.05291375,0.015756154,0.009718247,0.010572949,0.010335881,0.030030198,0.15546666,NsNq2ugSH-g
0.16595082,0.04530019,0.080000244,0.0253489,0.14147195,0.053379584,0.14404821,0.24365251,RaNRWWFdLLk
0.015296106,0.22253673,0.008768238,0.065721996,0.039310668,0.013113466,0.047034666,0.23953666,3nug4kD9QiY
0.06912953,0.122432046,0.04345256,0.119228795,0.050826956,0.05704496,0.4030773,0.32368776,SzANTS6Xbkk
0.06267312,0.14559068,0.07885515,0.11600884,0.115819156,0.0905735,0.123753086,0.3715163,6F608fEclfQ
0.07103198,0.035207663,0.051990688,0.035134587,0.046067685,0.11012703,0.12252135,0.3351786,aB7EE_Hu-Bc
0.09299531,0.1385644,0.08058518,0.044748597,0.123284005,0.06716539,0.30985996,0.37396052,yPdmGiHoRNY
0.010117152,0.056042507,0.0092803445,0.019297661,0.023586283,0.008242347,0.035795167,0.15492992,r_HlMBm8chA
0.14571662,0.20044301,0.19601683,0.118584804,0.2793435,0.15738174,0.22423428,0.4899887,gj3cO5TYOkQ
0.10064263,0.006112984,0.14317928,0.13745339,0.17790698,0.10321698,0.1551083,0.38379958,Pzf4eyFsYgQ
0.022197576,0.11912204,0.04034543,0.22983712,0.069293074,0.019130692,0.04190105,0.22446018,jG5GUtHV-Ug
0.056188345,0.0065727043,0.06526299,0.018325835,0.08234593,0.045897074,0.3337405,0.3408387,hqVicmf0Ps0
0.0159347,0.080444686,0.00805254,0.019436494,0.027711302,0.01204657,0.04656763,0.29138952,EMAUQOg9qQY
0.070810184,0.082040615,0.088954456,0.04234509,0.055869784,0.07261004,0.28990152,0.37548807,KPfWB_6UiI0
0.1565321,0.10637272,0.119260624,0.0021779283,0.13088053,0.056832455,0.6215242,0.27324235,Sum9onY9Qok
0.03474756,0.11807132,0.045323506,0.038911518,0.046135664,0.09531292,0.108845234,0.4457601,h8V0e1G2R0s
0.04156626,0.018408941,0.036650557,0.124380715,0.04034645,0.033644516,0.30308318,0.37177643,Qg6cRMu-MYc
0.07493065,0.120451756,0.10849532,0.39206567,0.28484476,0.036409214,0.14456287,0.2498735,ndT67Aah40U
0.10967703,0.16746281,0.08677006,0.06851897,0.09204081,0.10590514,0.5275748,0.36838076,75-PmQMJQ_I
0.023942497,0.085626155,0.021519685,0.047495455,0.031131601,0.024955934,0.09265857,0.23993091,0y1FNeKWr00
0.1363758,0.23199894,0.12213252,0.22333995,0.08830159,0.14384463,0.294512,0.27543733,MTObx4BKGBM
0.07206163,0.07747233,0.08122442,0.0085381735,0.07595666,0.050656162,0.1962993,0.23250525,x9jc4e7tR3g
0.04120467,0.12944695,0.022168875,0.076110736,0.032380704,0.021680087,0.07955543,0.22430956,FfBSyTbD2R8
0.037231218,0.10974131,0.019590518,0.06851897,0.02885906,0.019598512,0.0634508,0.2135371,n6o0YDZLhB8
0.014956692,0.0014638811,0.03591843,0.021518974,0.029426167,0.024847278,0.08107345,0.229579,BzTbFIVTUwo
0.024006601,0.019353637,0.02232433,0.040971663,0.040551733,0.020908171,0.06171737,0.1932449,jww2NUclClk
0.01803574,0.012985249,0.01502236,0.05373499,0.03138959,0.014405082,0.043590028,0.21539149,dgVPX4ljEx8
0.056819435,0.13704664,0.04537091,0.037194733,0.047158603,0.06643455,0.22567321,0.38562998,YyWFRL_M5fc
0.020630192,0.11185887,0.022596419,0.10300289,0.04174295,0.020978933,0.054412536,0.23268515,YUGJNpevs7g
0.015268663,0.12492899,0.008150649,0.0224908,0.04140036,0.009108166,0.040123682,0.23175822,LrdG_22jRJE
0.05375259,0.008385801,0.037849687,0.06971766,0.058524963,0.03181806,0.09484569,0.30699497,QO8L1wnbPS4
0.076645926,0.06440253,0.065895066,0.022351967,0.050353166,0.11104179,0.13491818,0.21787071,LwfNVPEq92o
0.037805222,0.024644421,0.046338122,0.355017,0.055586882,0.040961508,0.34808972,0.24345979,AjRmKRoZeEU
0.025171034,0.09980404,0.026427342,0.022773718,0.05231934,0.022568557,0.15190618,0.23267742,cf0XaFG4uIc
0.030437743,0.083143085,0.04706591,0.05613239,0.062455535,0.055094607,0.068874136,0.2149852,KJMfj12RqEA
0.056478452,0.16063109,0.05961228,0.083939545,0.06941887,0.07750585,0.13622536,0.38889962,agIwpqa7ajA
0.026947865,0.20758204,0.03992367,0.1539292,0.104182325,0.028931914,0.095400184,0.2578661,kEKKSzjIWV0
0.004090445,0.044842556,0.007348932,0.040971663,0.006990533,0.005454708,0.014318098,0.148049,W0Z-Aem3OK0
0.09600986,0.067621805,0.08275403,0.033246122,0.05828447,0.07892854,0.33436203,0.40278402,fd_HZalY040
0.04748712,0.089031346,0.03266471,0.09065199,0.033010002,0.03576085,0.29314202,0.38363436,41RmTsIO5wQ
0.11009355,0.00020086124,0.14687683,0.18253209,0.16679193,0.08890922,0.16554713,0.409957,p2w4-VRhjxI
0.09856329,0.0979906,0.10358442,0.006559816,0.11398115,0.11405559,0.21315663,0.334164,9CJjp-fbBX4
0.033167776,0.07056208,0.055497542,0.062125895,0.039555304,0.07225047,0.1342563,0.4130144,MMkrMDPf3ZQ
0.020640474,0.070981495,0.024417365,0.014299706,0.052391503,0.018900154,0.14103726,0.21619406,MtybPzXPEQo
0.110763706,0.15257925,0.04661309,0.019436494,0.08283501,0.042070623,0.2600695,0.30031168,PuCYitj2Ghs
0.10132643,0.06523814,0.10423137,0.039598234,0.1218071,0.06882481,0.1752451,0.3370132,to4xaCVdG9s
0.019322822,0.09887236,0.03130962,0.08689302,0.038322646,0.017313868,0.26337695,0.22826761,84ev-CLZiUs
0.108420365,0.044913355,0.055934917,0.13700475,0.05180244,0.072286874,0.16555475,0.4635729,YvpzEnmMmFU
0.030167593,0.09417417,0.03415799,0.027580723,0.035002083,0.043091897,0.096111014,0.33354893,CC83yJJkHCE
0.16645515,0.00036449908,0.17421076,0.09816993,0.17363046,0.12603839,0.44471893,0.5151381,G6__llZtLW8
0.11050438,0.10947294,0.13357265,0.0669207,0.08500037,0.10429319,0.37688234,0.42665195,SWuy0VM9S20
0.037894625,0.005413947,0.020794226,0.028267438,0.051794853,0.027326835,0.12401344,0.38943014,ph0kTMnVigs
0.03827409,0.16814928,0.022601575,0.08635602,0.030914485,0.041093074,0.09076013,0.35756704,XWryjBVmnG4
0.010471781,0.10020114,0.0113069415,0.013327881,0.012508527,0.015745906,0.08620368,0.24985759,gJ2gEmiAzZg
0.043551054,0.09118559,0.15880074,0.051737156,0.05636441,0.1433117,0.22464406,0.84295374,xqvhlu_27Pg
0.014993245,0.096534245,0.01621499,0.04268845,0.030367969,0.014449295,0.040653452,0.15505455,eaytX2-Xixs
0.16149049,0.079433985,0.23561421,0.09172598,0.34156355,0.17882818,0.7589792,0.36450082,Tv3mYOxNkRU
0.03172722,0.07605533,0.06335537,0.026035614,0.02886181,0.08979579,0.12819424,0.31609324,QyFMx7BiFm4
0.09370044,0.18380098,0.14134747,0.05133759,0.08105954,0.11538308,0.31152564,0.44056317,qMhWAjtm6Gc
0.10389558,0.24121006,0.08817168,0.09978092,0.049580935,0.100360356,0.46194723,0.29207113,ZMBlnH_OrWQ
0.050077397,0.033864915,0.04504497,0.07011723,0.060266785,0.04649404,0.14172415,0.46267104,FPniNxMutPM
0.030109828,0.10367948,0.048554264,0.15743166,0.057683356,0.07636168,0.082386285,0.4186381,G9QvdCyVq30
0.17247808,0.5457394,0.12844957,0.36553472,0.112087354,0.09126182,0.119204454,0.22779833,HG9z3Q8wU58
0.0171736,0.0890079,0.016977778,0.015549194,0.03033925,0.015638314,0.06001044,0.19511755,9NCWmpMT3zQ
0.025141118,0.08431392,0.023648012,0.039598234,0.02364346,0.02580793,0.12616701,0.20319295,M6n3gz1D8Kw
0.026531124,0.021103518,0.030472377,0.025005542,0.039048076,0.024718087,0.09251838,0.23774995,fKUHhvxV7yg
0.026810788,0.14604305,0.03586481,0.080905534,0.04201836,0.023758847,0.08720688,0.2001367,89G_yqwS3hA
0.10427884,0.08154757,0.0918353,0.026722329,0.060394928,0.107494764,0.32491717,0.22115463,tkpTYVhPSlE
0.07961937,0.18217492,0.096022986,0.26817688,0.11156034,0.05407425,0.19730733,0.24264513,_3uR47PV7vY
0.0426982,0.11249855,0.039746333,0.023803791,0.05039268,0.030137852,0.07025559,0.24847075,8x4y_KcHTZo
0.058112387,0.10651434,0.057377685,0.049212243,0.07161528,0.0448425,0.23718588,0.31418142,7cafqJ0bfF0
0.12766579,0.15741096,0.087026834,0.14283726,0.09988402,0.12015978,0.25817585,0.38575697,QuPq3WGMyOs
0.024685899,0.08154757,0.02446533,0.020408317,0.033139672,0.021479422,0.0626988,0.14307487,b2G-RvCW7VY
0.035167977,0.020853214,0.027363097,0.0142302895,0.014844097,0.03690254,0.061379462,0.169932,-JT9gJB_BoQ
0.025174247,0.20140572,0.023822296,0.12116077,0.03503652,0.022341235,0.08293198,0.15073876,zLxwIyYGus4
0.26029646,0.030329218,0.14184025,0.025692256,0.15783447,0.09999339,0.39265624,0.3875132,HtkVZikoZ68
0.0070459316,0.041188657,0.026696682,0.028954152,0.032699592,0.024250831,0.039735444,0.2622063,8YuchbHRrq8
0.022634218,0.087945476,0.018015202,0.020963646,0.05173917,0.014021748,0.06712191,0.20036842,Y2yGFp9UXDA
0.10903314,0.08595601,0.07464748,0.056931525,0.04643465,0.09305095,0.3254882,0.30262622,xEkB4-sGj9g
0.068394616,0.123961024,0.05691752,0.06372416,0.04193774,0.08497621,0.14198998,0.2346712,ZIOfqvqHDQU
0.085005395,0.0070955064,0.09174134,0.026035614,0.12421338,0.08377299,0.17213207,0.42275268,8tferGH07qc
0.024685899,0.08154757,0.02446533,0.020408317,0.033139672,0.021479422,0.0626988,0.14307487,IuvcqLbdzdI
0.1425818,0.077427275,0.12321654,0.016173938,0.11168848,0.116520286,0.50657725,0.46825564,LJ91KfY7wpg
0.11842878,0.08098659,0.118615374,0.103539884,0.09513461,0.18264547,0.24647564,0.36948815,wqrv019bMCY
0.05401664,0.15272115,0.040832203,0.028610796,0.04631515,0.038959388,0.121158615,0.28169042,-4_S88mXN_8
0.14270835,0.046591043,0.046205446,0.084745035,0.07630804,0.052045874,0.14429305,0.30426583,CMx8Sx1MSv4
0.053300563,0.038734257,0.05694644,0.020963646,0.029893348,0.08369875,0.18057929,0.21148291,oe0VDkwZLg4
0.07607988,0.004969838,0.04456231,0.020408317,0.04961373,0.035633035,0.23301801,0.33736858,vJpOsDt7wmM
0.10743441,0.06505027,0.09258616,0.18549223,0.09813732,0.08208167,0.4819369,0.328724,PP-WuPesQA8
0.07809729,0.100863054,0.09691881,0.039254878,0.059513975,0.14363566,0.28183845,0.31655866,NW5jU1GZcS8
0.8678584,0.64968383,0.56379956,0.5810591,0.7149305,0.37136093,0.24283825,0.315687,5uhE5ZnIJF8
0.07127371,0.20480026,0.034200013,0.08796701,0.051110692,0.038482253,0.23510955,0.3320809,miVZ8nUTJDc
0.056102555,0.10385777,0.037107687,0.09065199,0.034754653,0.062053807,0.15210536,0.32278576,DIOvhK0dA_k
0.10427884,0.08154757,0.0918353,0.026722329,0.060394928,0.107494764,0.32491717,0.22115463,PeuKQC1qGyM
0.041087355,0.11739303,0.031330872,0.020963646,0.05275623,0.044153716,0.07663535,0.27817315,yocHNCY6lXc
0.102959394,0.03490462,0.10331666,0.026035614,0.07214985,0.12533474,0.27691692,0.23987424,8GvLCXGxxDc
0.11866599,0.19069502,0.16615565,0.12244874,0.11189547,0.24736117,0.36599976,0.4362257,Qw0KmHO_twg
0.03885221,0.07338921,0.024670694,0.050242316,0.066187896,0.020703714,0.08026863,0.23992889,lyyM9VwIu3Y
0.041401036,0.014323072,0.09747376,0.05413456,0.05104069,0.12841374,0.13337938,0.35898936,i2cIyDeWJJ0
0.0280132,0.18224138,0.10130286,0.2022951,0.07901191,0.05300586,0.0928914,0.23481198,99zpZUEPaAc
0.058091555,0.11078014,0.047849625,0.043031808,0.03295139,0.08668184,0.15412329,0.29295737,8DfMif5Mmj0
0.09661994,0.008678642,0.1082322,0.0019696802,0.13369085,0.05016825,0.19162786,0.2649951,xZ14rfgJK2U
0.06956843,0.014100062,0.08540107,0.00999591,0.06381812,0.1210095,0.09673589,0.26928073,8GFvYtesdz0
0.12487969,0.12747896,0.1543149,0.10031791,0.07030361,0.16191487,0.121264875,0.27642497,qaGTpL8blKo
0.06990721,0.37399697,0.10154679,0.1580154,0.120770305,0.13336085,0.5081002,0.3853933,XarP24c5OEk
0.022772646,0.0668838,0.014190279,0.0186035,0.02888917,0.014551002,0.053505722,0.1571302,hhIsl7W-gJ0
0.034750614,0.035602193,0.016889058,0.017909339,0.04243685,0.021963958,0.037569467,0.26692474,BeiJim7AiNM
0.14508067,0.12427978,0.15632902,0.084745035,0.11700912,0.23756397,0.30179954,0.50569457,fBiHM0OYh68
0.09607112,0.11494412,0.07125835,0.082104236,0.095218904,0.077133775,0.14739928,0.3932392,ZW-hbYn3kXA
0.1107033,0.14266622,0.15976629,0.05373499,0.092999645,0.27054495,0.13986702,0.37679294,i7slWo-A30Y
0.06947542,0.10866525,0.05795244,0.10956893,0.036429334,0.07829192,0.1840073,0.39001825,SU3M2aooMkU
0.056151465,0.10790565,0.053929478,0.051737156,0.074969195,0.042681936,0.23015676,0.32526803,7AAcH6WIxSA
0.06843468,0.05645996,0.10018287,0.04165838,0.039664466,0.15757371,0.2904078,0.21320406,43jRjOAzX2U
0.13703911,0.07989654,0.14403094,0.03427619,0.11785753,0.16273807,0.20898783,0.9038114,gtvV7idBJA0
0.05598617,0.105586104,0.086295195,0.022074303,0.087905675,0.09532131,0.18113644,0.30436632,NDRyVE6Iu90
0.0424561,0.27318493,0.08270383,0.02517722,0.052320402,0.050942633,0.23464522,0.33918938,HQjZnhiluD0
0.14710224,0.050884,0.21295619,0.2965773,0.11678447,0.45170164,0.2378234,0.60392135,LQ2Sqwe9P5s
0.014251494,0.108042255,0.025608705,0.023460433,0.035496343,0.026074987,0.051717658,0.21868573,NLkC3Lxp1cw
0.0735603,0.12982452,0.05211144,0.13835071,0.052163813,0.05345039,0.18652326,0.22970612,HR08LkOPbuc
0.02988213,0.15857409,0.012284245,0.04680874,0.034563787,0.015310657,0.047688097,0.24818705,CvpEuGhzdms
0.026422422,0.094090275,0.020217186,0.033761155,0.057813082,0.013329142,0.07998309,0.22920935,nC3lwzqKL-4
0.042555697,0.12998238,0.06531106,0.038911518,0.043164797,0.08576481,0.13446409,0.23568559,FkAblEzjP5Y
0.055976264,0.11483664,0.05503702,0.036679696,0.06014551,0.061858706,0.2749747,0.30698478,QT21ZNiesPM
0.07759122,0.03485785,0.07156185,0.03358948,0.082985036,0.088699006,0.18941945,0.33810288,Xm_Z7d2SlN8
0.09364686,0.04558371,0.039868683,0.010828903,0.07082134,0.026392262,0.090801306,0.25691682,M3WVzd4DaD8
0.0306749,0.1444671,0.04583691,0.055732824,0.058347195,0.048575964,0.11073033,0.23459014,WmY9QEKC_SI
0.035903413,0.10123692,0.036749877,0.011661896,0.018179959,0.04969932,0.08444587,0.21337004,Evl-_8gTsqI
0.024726318,0.08037883,0.022159537,0.0253489,0.0444503,0.01483344,0.054508034,0.1921839,xqU62Uo0ktM
0.08035631,0.0734117,0.09227605,0.04268845,0.054466028,0.14125666,0.19811891,0.23682508,5CSZLN4O3oc
0.14674555,0.02675796,0.22291668,0.15159425,0.1259414,0.34198236,0.82345974,0.5280522,KLtySP1wS34
0.097155295,0.024770156,0.12801303,0.08050597,0.08053508,0.06957222,0.3497777,0.26513284,_USvOLfidE8
0.13113767,0.08421268,0.10356256,0.11729682,0.09261915,0.15559824,0.3029124,0.29393345,UESj8iSywTA
0.08919294,0.08086575,0.09608915,0.04680874,0.0965763,0.10381436,0.30304602,0.35007086,5gxzbtaR4ds
0.020283557,0.056260567,0.028718464,0.042001735,0.052943077,0.026531031,0.06456948,0.27799162,YniBysYH-8U
0.1286297,0.022621071,0.12416038,0.09279997,0.08129048,0.15084706,0.39971995,0.22695434,nj0Prc5ttE0
0.038145553,0.02798563,0.0679394,0.1024659,0.028504187,0.076668635,0.1733662,0.25171456,E-lWp0q5YWs
0.044811968,0.04079594,0.067726865,0.050242316,0.030366585,0.11869523,0.29243612,0.3498738,l1R7QgZFNE8
0.05817609,0.08103632,0.07628943,0.021657806,0.09948164,0.0557462,0.13742991,0.22094819,oBWYh99agR0
0.071984254,0.093981996,0.09453605,0.04131502,0.05852332,0.15011795,0.14500976,0.35934198,KnzXwTwIPGg
0.029836422,0.12244615,0.027257102,0.030155903,0.038122993,0.029639529,0.080100775,0.20092964,p-9dcFzwLkI
0.06559119,0.08233107,0.0517468,0.016590435,0.033354376,0.061190598,0.16280909,0.23835866,21PFScRx1yg
0.07999479,0.09613092,0.07552468,0.0224908,0.058598805,0.09103922,0.14367753,0.21949954,aF9eZq4etUU
0.041224826,0.13884313,0.047519468,0.12888865,0.06881705,0.049156096,0.09830867,0.3136765,rns7pZz0BdQ
0.06102888,0.46630278,0.029179007,0.094410956,0.025269829,0.04027992,0.052085686,0.22021317,syMorPb2Hz8
0.040385142,0.20531835,0.04161428,0.02929751,0.037498333,0.037996348,0.18290536,0.23808788,xC9NAXWH5iw
0.10427884,0.08154757,0.0918353,0.026722329,0.060394928,0.107494764,0.32491717,0.22115463,CoeUHyxsl4w
0.05892602,0.20964015,0.075651355,0.06931809,0.07391698,0.051313866,0.22484262,0.2510094,0fu9g9yb9h4
