PERSPECTIVE_FLIRTATION,PERSPECTIVE_PROFANITY,PERSPECTIVE_THREAT,PERSPECTIVE_INSULT,PERSPECTIVE_IDENTITY_ATTACK,PERSPECTIVE_TOXICITY,PERSPECTIVE_INFLAMMATORY,PERSPECTIVE_SEXUALLY_EXPLICIT,video_id
0.5004294,0.07400788,0.30463186,0.038134854,0.06461804,0.03839648,0.09131996,0.124875195,lQ7T70ILMFc
0.3499621,0.04213569,0.1454879,0.047434058,0.059835684,0.0495556,0.1722994,0.065752484,WnWPXZ6vQB8
0.27043438,0.043405663,0.15026207,0.03990812,0.09283008,0.06971766,0.18332227,0.054941695,tQxT3PYW1Ts
0.27073118,0.05487867,0.1846621,0.034740362,0.05028188,0.05493369,0.11096697,0.06805032,YEoCBnQwdzM
0.42127672,0.12230811,0.44200337,0.106086604,0.20534512,0.044405237,0.13504672,0.14379743,QcZWd75Ph4Q
0.23936273,0.07494073,0.15657224,0.05563719,0.098275356,0.026207292,0.085990116,0.08220323,v68zYyaEmEA
0.31878057,0.12414581,0.14526655,0.11864652,0.1066758,0.05493369,0.04678806,0.13855752,srqPnVckJEk
0.48057818,0.06265603,0.3927645,0.07560274,0.1506506,0.07730943,0.12149362,0.06444252,1ppny7Y8Bh4
0.51354796,0.060953207,0.29371727,0.058627423,0.04680802,0.055732824,0.13446666,0.06976913,AQtMRBMw7NM
0.24831648,0.030146051,0.054753162,0.042681925,0.039318923,0.09924392,0.09310788,0.035490524,fRed0Xmc2Wg
0.5006148,0.08983387,0.2654749,0.086107254,0.15899004,0.2590451,0.07378501,0.1650348,cfX4a7jl1yU
0.30862045,0.10669298,0.18737528,0.08225624,0.10150329,0.038224805,0.038622882,0.11928343,eQArIhZG0yU
0.6015814,0.16813198,0.32562938,0.12975653,0.12164932,0.05413456,0.17079501,0.17467436,IhugmviyP1g
0.18820018,0.036884766,0.1157665,0.022174692,0.037184026,0.035306264,0.079554275,0.059346847,FuAUDI7RN30
0.30521932,0.083906226,0.23749693,0.03789623,0.058631636,0.08555053,0.13025792,0.15924552,yN1FzrAsVnc
0.38976508,0.15221784,0.47294223,0.09936969,0.20601536,0.086087525,0.15480864,0.19423874,f1BLsjjAlB4
0.49807775,0.05979564,0.28136557,0.07830193,0.1425541,0.048525527,0.0773647,0.062862724,xtP7uKON62M
0.4059265,0.070335545,0.22236806,0.047807876,0.05338223,0.0765103,0.09131996,0.09453168,AwrQ_6Ahjcs
0.48033148,0.19081682,0.34202498,0.13533407,0.10991509,0.05413456,0.09131996,0.19675362,RzK4DK-eZAI
0.53614867,0.15840413,0.29894266,0.39318776,0.23360735,0.13206954,0.43714163,0.13704726,qwCHAnrA_io
0.55288917,0.14701928,0.2841783,0.09466625,0.13744177,0.10461388,0.13569899,0.20811243,Ue5AirUGmsI
0.4024483,0.08483738,0.25636014,0.07260583,0.109243974,0.014993866,0.05026893,0.12932022,u0Bl2-LIXE0
0.33472082,0.052169364,0.13411519,0.05404836,0.06676625,0.049898956,0.121355854,0.06077651,ywh4zIpIS5A
0.3431853,0.050156817,0.16335677,0.032540023,0.06924208,0.0073233927,0.11776748,0.06617323,2fjJFOKZ40U
0.2147167,0.37958226,0.19582519,0.6064991,0.24723764,0.13655609,0.28043693,0.11294672,0j1adhdv2EQ
0.5131179,0.059747547,0.12793075,0.059094302,0.08745847,0.09279997,0.15825881,0.17435972,3B5Y_xLrYS0
0.40357593,0.039769776,0.21946386,0.04910543,0.04363726,0.11407687,0.03356132,0.07283578,_utBLnIXRKQ
0.3398938,0.09645444,0.27222273,0.106489584,0.1622484,0.17242117,0.16422495,0.103672974,EXniQMpzgeI
0.31369627,0.05886801,0.1734006,0.08338804,0.09241376,0.27690583,0.1563057,0.04932148,Dk18cgAjPpI
0.35564563,0.12179019,0.22938141,0.3014162,0.24536967,0.19239926,0.18266165,0.05508383,J1wYh1Uzssg
0.26921877,0.055718202,0.09329153,0.03356026,0.05071209,0.040284947,0.012432039,0.088459566,J88iSfZgz-o
0.41087732,0.16191281,0.39559555,0.07287459,0.1393981,0.10300289,0.039921556,0.18159236,n3D_pOGcrmM
0.36554268,0.108805604,0.21709931,0.37261543,0.18556389,0.34388447,0.13685167,0.047025625,aNXQRanfrQ8
0.18562672,0.045573685,0.12795731,0.030987777,0.075704776,0.032731086,0.11164087,0.05571614,2rOmObSA3Lw
0.2585601,0.008558899,0.027553413,0.0112816,0.0062004286,0.005275619,0.27483144,0.031802762,l2BRqWcrHlU
0.36649314,0.06807634,0.2137558,0.07634209,0.09652853,0.07251463,0.17127967,0.075604215,1M2Y3E4gSVI
0.36417815,0.09275186,0.15506363,0.08388181,0.068197995,0.02792408,0.09228755,0.12322431,l92g6Yy8t5g
0.31460887,0.076546654,0.119288795,0.11703412,0.086132616,0.17380224,0.09285259,0.10845714,i5jGjmsTAuM
0.3391311,0.09246536,0.14298664,0.11548017,0.10309009,0.112788886,0.00048270865,0.06181685,WrPkBhqROg0
0.46922988,0.14601612,0.3777003,0.17272536,0.2722896,0.09494796,0.041591648,0.10323876,AQGckZcGZfg
0.4077586,0.1274002,0.17467022,0.10879857,0.10826347,0.15188612,0.11288571,0.1462004,rm_oVRaDnf4
0.38392353,0.13279267,0.48913896,0.10530606,0.12584786,0.18154536,0.16608861,0.15721852,bwUMdBPOb38
0.414945,0.0831847,0.24863453,0.069521144,0.097093195,0.016451603,0.050268915,0.12159297,QF47ZetCzH8
0.59532213,0.3559751,0.41023585,0.307544,0.24963436,0.09602194,0.124791436,0.31993958,BoXO8Coe-8U
0.36300176,0.106255814,0.26311645,0.11503134,0.14706619,0.01665985,0.049881727,0.06455877,J0fWtrsogYQ
0.33958283,0.059891175,0.15714505,0.043080777,0.045187633,0.030670939,0.15883088,0.062192906,yQWflLSk1no
0.40712357,0.56195766,0.5313003,0.6406221,0.48781896,0.067320265,0.06216432,0.1887577,2baZ9mCWw00
0.4889173,0.06944286,0.19776452,0.11155237,0.1573641,0.119872786,0.15127465,0.05590127,igBJgOEyHtQ
0.359245,0.05543821,0.15092574,0.04324839,0.036338806,0.03839648,0.08318583,0.07673714,mInvUk3QpTU
0.58529776,0.086610675,0.4286686,0.10861526,0.15459825,0.06931809,0.10389337,0.11062824,pIZd6iFjpb4
0.239716,0.04639398,0.13646504,0.04327283,0.03336416,0.027409043,0.07119443,0.035716742,-ItgrxBx3ng
0.47447273,0.07459583,0.28281835,0.056723237,0.114183456,0.04818217,0.03138782,0.05937505,Jm_Tom5RNYI
0.3504659,0.050138548,0.17893094,0.056000553,0.108836606,0.020408317,0.04988173,0.042810667,K0ZDZj2LrLo
0.35756025,0.024772665,0.13045847,0.053887147,0.029667951,0.14777246,0.18664433,0.035094764,UL0NMNuvAQk
0.38825652,0.1140702,0.13447952,0.08469552,0.07748374,0.10300289,0.26343626,0.13984597,YUn20FvYl6s
0.47632,0.09285347,0.3179825,0.089559376,0.15471812,0.019575324,0.07566681,0.095562585,_eThA5S7bPc
0.3439558,0.06203488,0.19444026,0.067378394,0.1273028,0.017006932,0.049881727,0.04725552,2fF6T9yhdYk
0.40147936,0.076777324,0.1933901,0.049553085,0.06368569,0.03856816,0.09131996,0.09056436,yNAOAkVuIdU
0.25170305,0.023294007,0.085525915,0.03222516,0.03809875,0.015896274,0.13071693,0.032310367,4rGhqZF3jTI
0.3301763,0.037957177,0.089377925,0.04432073,0.063245356,0.055732824,0.16091543,0.054522134,G9_Oj7GAIf0
0.49611828,0.04523499,0.2758706,0.04904192,0.115058534,0.03444787,0.02742089,0.059606668,ae3HiW5SCjE
0.37725273,0.08100743,0.15027617,0.064245865,0.06857269,0.048525527,0.14778756,0.1338569,NjiQbL6AvtA
0.47695068,0.07422837,0.26719463,0.066531874,0.103380814,0.03358948,0.055998772,0.06963398,C7Ev0QYL1w0
0.24995153,0.019094272,0.07332625,0.024500439,0.03219983,0.013327881,0.1850161,0.029106062,DjBC-OLYViA
0.33306015,0.06303074,0.19271207,0.06894922,0.122455,0.018187003,0.049881727,0.041616652,e4k_fCjlPCI
0.39433384,0.03677717,0.09421542,0.064611435,0.056460533,0.030670939,0.02859689,0.04281366,sGxQxuCmbuE
0.36198643,0.08950199,0.20010251,0.07962392,0.12221486,0.01596569,0.04988173,0.056247346,1yVgXg85U3E
0.47490543,0.083749555,0.3062775,0.07483717,0.15013504,0.019575324,0.07276229,0.08874426,1GLdOMvc9ZE
0.3075688,0.08665381,0.21612115,0.10643535,0.116518304,0.0066292323,0.02731225,0.07607135,PEqzxM7I96Q
0.45053124,0.079633914,0.2751598,0.09079837,0.14971237,0.056931525,0.087226875,0.06556261,QZ21ey0RPSA
0.33786815,0.05482106,0.14700532,0.027827496,0.04387473,0.013050216,0.107804455,0.09590207,v5xJgIF1vNA
0.4003666,0.07839197,0.18097737,0.08667192,0.12483293,0.018742332,0.07759782,0.07855188,fnqHTsiBdzQ
0.37273204,0.15645565,0.2456704,0.19210014,0.48068818,0.14597784,0.06412781,0.1249332,Fen-Weo-ZnM
0.48993376,0.047090523,0.24664761,0.04633899,0.114886165,0.1609341,0.0033448562,0.11434678,2TQWPx2ardc
0.6241204,0.040976506,0.08400793,0.025686575,0.030138606,0.025863936,0.2155042,0.057107072,HR5DFiisgzw
0.42127645,0.08949238,0.19013284,0.07045071,0.12609535,0.0253489,0.14338084,0.12234536,0cMDAe5CUKQ
0.38268954,0.036092162,0.16559714,0.06016419,0.062365748,0.043718524,0.03787867,0.03413735,oN79UFM0iNw
0.40533084,0.062498473,0.24231681,0.045290515,0.106137395,0.026894007,0.06653313,0.06264148,s1aUdWiHrco
0.26053333,0.15281391,0.16517632,0.1398744,0.15494698,0.20742953,0.13311808,0.1502016,pYF95GuNLbA
0.42600608,0.08408559,0.25013873,0.068630904,0.093380235,0.016173938,0.063164264,0.12199727,bqUDMSLDELk
0.39481267,0.044710204,0.19810385,0.045446776,0.060284395,0.03856816,0.21757478,0.07060099,Vv36PMDG4zA
0.3698412,0.079231754,0.1948464,0.054095775,0.06395081,0.02809576,0.06814345,0.08295568,dTVu7XU2o9E
0.28873292,0.042745363,0.12739216,0.028006481,0.05620646,0.0024989776,0.06053222,0.053725112,nfvSddMkDUI
0.22627214,0.040273793,0.06015861,0.07558377,0.05655671,0.21274342,0.31370208,0.045812838,uvbURZHyAt0
0.4175576,0.09390957,0.34103167,0.10924514,0.17762157,0.061726328,0.084276825,0.13252808,9est_pDuZXI
0.32459757,0.101460055,0.18093857,0.18122384,0.09372501,0.22991583,0.5751894,0.07171204,rR76XWsrOlE
0.45940387,0.062184636,0.28190297,0.06033812,0.103347816,0.031529333,0.015744993,0.05720495,VlOqM_kPDXU
0.48973536,0.079179615,0.25771317,0.067202985,0.104702525,0.01527153,0.05026893,0.11713649,psIUwR3M0tU
0.34947753,0.057986528,0.19723597,0.06013868,0.11494555,0.016173938,0.049881727,0.047055997,BxzfgBe3Itk
0.696689,0.10530697,0.27442855,0.06849143,0.14606246,0.049898956,0.011503834,0.20896481,OyN8_BKsZso
0.2662272,0.061688926,0.117223844,0.05333591,0.07518273,0.028954152,0.16501017,0.06810996,lv4Zg-209MY
0.42170858,0.07325316,0.29707715,0.06436143,0.13347642,0.02397547,0.07276229,0.075331174,qllNZAfYLw8
0.35493782,0.076343775,0.24203984,0.08092461,0.1384565,0.017076347,0.049881727,0.05758153,DnDbpNXyRrE
0.37028223,0.09515784,0.24829273,0.09518662,0.1421748,0.020269485,0.049881727,0.06805735,luUSISk_YWw
0.29924345,0.051183965,0.20416875,0.060149193,0.07678884,0.2022951,0.18333589,0.071943164,OhxZY2n3tWQ
0.236731,0.050739534,0.09386056,0.053679813,0.10332703,0.040971663,0.18158647,0.0565643,eHR4shpFVMM
0.49991655,0.09797632,0.20019276,0.0677469,0.08573053,0.053335425,0.05645959,0.14386538,KxiQ2sOyiKc
0.2967286,0.05009419,0.16222684,0.036641106,0.05075659,0.021657806,0.15883087,0.05261232,m6BXTTmvKhw
0.33399847,0.09487857,0.15423273,0.080758795,0.07056842,0.15743166,0.097077586,0.10630665,hZZNWxJ92vk
0.35600644,0.09316207,0.22739996,0.09032189,0.1420112,0.018187003,0.049881727,0.054355394,_6jdc7E-Pt0
0.54118323,0.07693878,0.0863592,0.029776098,0.04897811,0.09065199,0.08965853,0.24535285,AHNVAshDo98
0.3725709,0.69404715,0.370942,0.9091764,0.46529093,0.60845,0.28107756,0.2278383,68AWOK_Y3OM
0.34534934,0.04850286,0.18327223,0.050583776,0.10392934,0.017909339,0.04988173,0.041480597,TnMe32l9Usc
0.4971021,0.071941346,0.2941587,0.058491886,0.12384392,0.018742332,0.014345056,0.06831301,fT_DqyZOAgk
0.5412565,0.3380293,0.49774092,0.2874583,0.30621868,0.20302857,0.013116233,0.37037268,fkfz-SneeQc
0.4010491,0.04820374,0.1761616,0.05476127,0.061420377,0.070516795,0.20645295,0.082910135,lJ7MKiccxHE
0.32238144,0.16060933,0.22265916,0.19138236,0.21750733,0.23014031,0.25618136,0.08820042,Vd3y4PFQbXU
0.41861272,0.06220508,0.19355553,0.0894985,0.12648526,0.17759849,0.15521845,0.05203139,tJuFQ9FiAdw
0.4767316,0.10212783,0.3251265,0.096257605,0.14301433,0.019852988,0.098024055,0.086030655,7jL6cBsxst8
0.42438933,0.1087197,0.29676253,0.07891996,0.1119598,0.025005542,0.08274923,0.14811207,nAwhGdFKX8Q
0.55014735,0.16398676,0.32309932,0.20940839,0.14292601,0.2712817,0.43731427,0.19529165,0nDReyAiwD0
0.24665782,0.08512953,0.2593308,0.11796934,0.14922489,0.13700475,0.26357484,0.06541048,vn1mKvoe6As
0.30160883,0.077865556,0.19624092,0.05800311,0.06490677,0.026894007,0.15883088,0.07215306,jqTuu7xZV_w
0.37216234,0.08792097,0.10287943,0.1423392,0.10614532,0.055333257,0.18896598,0.13593733,_qhypaTyHag
0.27322054,0.16293034,0.14792415,0.16444802,0.14356382,0.14059398,0.23282793,0.21781674,9_urasKyWDQ
0.37510443,0.11627618,0.3782212,0.15819241,0.17616872,0.12309273,0.21563387,0.11731732,f-dvQdEipME
0.2693394,0.08153292,0.1469946,0.062474277,0.09495414,0.02655065,0.08888331,0.09471181,NswQD2K4t_k
0.38778415,0.06938367,0.2287607,0.047453254,0.05514786,0.033932835,0.15883088,0.07747176,Xifa5deZM8U
0.33070925,0.05379837,0.19953966,0.0567407,0.11055293,0.0186035,0.049881727,0.044537038,NFDqQ1BlQtA
0.4525323,0.12127323,0.3568889,0.15777701,0.13386233,0.13565879,0.051983267,0.07697966,dxcUYb9bmWw
0.24199419,0.0744821,0.12882192,0.04353579,0.051303077,0.046465382,0.16769579,0.08967063,3tgZrQAmB3Y
0.45469972,0.09534576,0.37407467,0.057763167,0.15829796,0.035649624,0.0853208,0.16391942,CDkZCG0UsO8
0.40962714,0.04714567,0.24642383,0.044491254,0.08222372,0.028954152,0.07931957,0.048214775,lH_PaoEHrj0
0.34276417,0.051591817,0.10002665,0.04600248,0.0687042,0.014507953,0.028080793,0.06298285,LEYkeJRUd78
0.3508622,0.032287527,0.13161339,0.04054504,0.030587774,0.03049926,0.24556549,0.045035254,b3f5XrGFKTE
0.5614524,0.22710025,0.33572882,0.3099785,0.29188845,0.35227737,0.041216288,0.1272395,L069cmM8wTA
0.2679273,0.03719704,0.07826345,0.032775465,0.054951686,0.034962907,0.25494343,0.056174852,SJwiCS9d-sw
0.41612217,0.047658943,0.17470485,0.06936749,0.06478837,0.12051678,0.26779425,0.08040698,d0mcejCyAzE
0.34058082,0.06873089,0.22888863,0.077013955,0.12298858,0.017354012,0.049881727,0.045983568,vvWVHYQ4Qj4
0.4970315,0.098321095,0.14837311,0.06436093,0.06897628,0.018048171,0.03930087,0.1523758,E-PIBCA_EZ8
0.3580189,0.0806183,0.18793286,0.085893504,0.1268634,0.016243355,0.049881727,0.05290827,oEJsudNkgio
0.3479192,0.08094426,0.23199624,0.08891738,0.13644767,0.016521018,0.049881727,0.050520636,g6DRl-AgirY
0.30314592,0.05772248,0.18016313,0.027675616,0.04765643,0.09387396,0.19318101,0.117846735,b9aIJzDOa8A
0.5018222,0.10654447,0.31168768,0.09069551,0.13960092,0.020130653,0.098024055,0.097043954,4qinvc0kq3Y
0.3352412,0.052322995,0.14882062,0.029858636,0.054706685,0.058929358,0.20251116,0.10550652,9YFYYK1oy1M
0.32700592,0.04278843,0.18759617,0.044634897,0.096727155,0.016937515,0.04988173,0.036050126,AhTOOP_CMQ8
0.3930956,0.0799106,0.20937267,0.068651736,0.08329839,0.01665985,0.077300146,0.10479626,4H62mU9UP3E
0.3849309,0.12915538,0.26280552,0.13162638,0.15177071,0.01665985,0.04988173,0.07654733,EX1jbC6z7Kg
0.28044882,0.04916838,0.10129865,0.039155703,0.11251298,0.038224805,0.3620175,0.03724398,8KQmqmJTPak
0.39326313,0.16330072,0.16617581,0.31689936,0.12897854,0.3170379,0.43968874,0.1130797,bxEJAbmhg-w
0.34843132,0.058084328,0.19996028,0.06602241,0.11384074,0.01561861,0.049881727,0.04827639,oS7hloBX82g
0.35529515,0.02298994,0.09333665,0.024496008,0.030411618,0.01561861,0.15058535,0.041795667,vZtQY19jFnc
0.38496226,0.08159445,0.099363156,0.15805739,0.070464954,0.060527626,0.14087583,0.06909196,9Kdz7VZM_ww
0.4101816,0.092549294,0.37242043,0.09087937,0.16073307,0.065721996,0.05512725,0.1425783,4AEaGByu_lM
0.24678536,0.06730773,0.10293238,0.05006993,0.071215905,0.028267438,0.10392994,0.081053205,n9rY7QdEfio
0.3945326,0.59058255,0.5008165,0.43515107,0.40635815,0.16275369,0.1293475,0.45336267,_la41nVnQUo
0.24090037,0.016781641,0.06598095,0.022521952,0.024430208,0.01561861,0.17345113,0.024734832,AeHQpRVxN94
0.3506869,0.08973743,0.24463071,0.10168447,0.13789055,0.017354012,0.049881727,0.055201765,k-Qjb0ffT54
0.27768725,0.04615201,0.16918504,0.043213148,0.065593384,0.092262976,0.19001174,0.0469286,QtJ8Bt0rl8s
0.36429134,0.09433162,0.36593103,0.10390636,0.18876988,0.05253629,0.105748534,0.08989132,DCkzhBSwBow
0.36073473,0.07318854,0.22224037,0.07617871,0.12612121,0.016798683,0.049881727,0.057126895,fo6f6A98Kv0
0.36558244,0.12517081,0.23755832,0.09814096,0.16599888,0.030670939,0.07573675,0.14249305,PQVQNHYUO-k
0.32769376,0.16464867,0.2159806,0.12417612,0.1540654,0.09816993,0.2177023,0.2320695,DVPcnas4a1k
0.2871808,0.030625954,0.076904625,0.06599796,0.082481734,0.04131502,0.12251629,0.03624491,nFx1PUwtsxQ
0.3171011,0.07954512,0.12881888,0.07997884,0.07359911,0.119228795,0.43940705,0.07918552,8OYydaepd64
0.32221156,0.027322454,0.15723476,0.033847876,0.03453578,0.04165838,0.19425936,0.032266624,cCAKqga-bQs
0.5249788,0.09608043,0.32149255,0.07274304,0.12557901,0.018742332,0.09794327,0.112475775,knzrUzArEQQ
0.41368198,0.10565183,0.2418419,0.14945035,0.16055192,0.15626417,0.44083682,0.10463625,XRTc2sivY5Y
0.41363096,0.07431139,0.30005154,0.07128739,0.13040812,0.01999182,0.07481038,0.067569874,UvLaBClKYX8
0.5085106,0.10433444,0.3210013,0.09355204,0.16923107,0.019158829,0.15046944,0.10797214,ARVfa272lCM
0.56338537,0.116650395,0.36554405,0.09369077,0.1575208,0.019575324,0.098024055,0.13627371,kEBrPCPWlpM
0.45732614,0.14135523,0.33216727,0.114226945,0.21068391,0.14552918,0.06159812,0.2576564,r0yy8pJ0Tr4
0.49535394,0.0990748,0.30876005,0.085739404,0.13140145,0.019714156,0.098024055,0.08968473,62oIf5PLgpI
0.36330712,0.0769922,0.21196899,0.079148926,0.12959151,0.015896274,0.049881727,0.058293335,2dnzMqFD0LM
0.43300742,0.080588065,0.30651525,0.068523824,0.13532542,0.022351967,0.07276229,0.08186623,W4uZ3X3p8Wc
0.43826088,0.054741412,0.25656676,0.0471457,0.11624758,0.040284947,0.09137932,0.0675517,py4Yv6_CiJU
0.22673209,0.018989567,0.070339374,0.020518612,0.025990542,0.016035106,0.1357699,0.029752003,pSOqzmUItmA
0.4614333,0.036360525,0.24160616,0.027304018,0.06593217,0.049212243,0.056045566,0.040147033,gUiYsPgEslo
0.3252952,0.06444155,0.16648057,0.051863093,0.05096985,0.025520578,0.15883087,0.06390326,sou-1jZXGBU
0.43365476,0.09930976,0.30712223,0.089139014,0.12788275,0.018881164,0.12758052,0.06965545,Y4n7jS-VQOk
0.36228994,0.06126088,0.20483507,0.062259495,0.11826717,0.016104523,0.049881727,0.052104402,-dWNfLr9yeQ
0.26523933,0.03995447,0.0918773,0.07311548,0.05564961,0.13431281,0.18470955,0.03975303,2mBKMA4-AsU
0.25703254,0.021303186,0.08081386,0.026511082,0.031096315,0.013327881,0.1850161,0.031481612,P3codx-fXbY
0.3609658,0.039960533,0.14580378,0.0565014,0.04708404,0.027409043,0.12544686,0.04689937,3aTImJVmnQY
0.49267036,0.12028779,0.44105282,0.120400496,0.17461672,0.02262963,0.098024055,0.098674946,Bvzm3V8deis
0.2415237,0.064044096,0.23779368,0.036031578,0.042990796,0.05373499,0.066227436,0.077560104,5Oag1hqtJ1E
0.37456912,0.04431259,0.21876855,0.03910814,0.07991309,0.036851373,0.055703122,0.04869838,ZDwqVWZhh6s
0.29945582,0.026509235,0.07240354,0.024988944,0.03170074,0.053335425,0.22117421,0.03989472,g2zm-RczGWw
0.41289067,0.094855584,0.28259528,0.10421607,0.13659449,0.035649624,0.07589007,0.0818681,p_3meUW63AI
0.33574352,0.06962299,0.22348589,0.07335184,0.12947237,0.017631676,0.049881727,0.046745397,ejrpfbK1eE4
0.35172924,0.06829911,0.2046562,0.06856638,0.12044426,0.015479778,0.049881727,0.05354854,l0MYfdnPJJk
0.344007,0.056447245,0.17643532,0.059314292,0.11733268,0.01631277,0.049881727,0.044143707,zVC11YE6NDw
0.405296,0.07918261,0.27517214,0.08359117,0.13765986,0.023803791,0.083662674,0.07344841,mCfsgLVuHjM
0.40070054,0.059571467,0.2409825,0.043324806,0.10876476,0.028439116,0.06653313,0.056036986,NVyBj_8Om24
0.3226263,0.042738166,0.1937744,0.115618005,0.074113436,0.28825936,0.45293698,0.042778734,syNHPG9DeU0
0.33910683,0.060685173,0.2079637,0.062336653,0.11436345,0.016451603,0.049881727,0.048706822,Du-g7zjWI9M
0.48128518,0.090609275,0.3412769,0.0872066,0.15318921,0.0224908,0.07566681,0.09522039,MRcBe8sczn0
0.50966084,0.116597,0.313548,0.16756904,0.16279723,0.049212243,0.07487263,0.09149262,yOqY2ohSRDk
0.3193363,0.1278763,0.21843717,0.07969553,0.10620493,0.16035037,0.06714585,0.14146058,yP0YYKA9wJU
0.26819694,0.020126212,0.078194365,0.02764203,0.034298055,0.017006932,0.080352776,0.03209426,KcP2M2H1O10
0.5018443,0.10690836,0.3273481,0.09369604,0.14180256,0.018325835,0.098024055,0.10146145,P2D35tfDizY
0.49331036,0.09981223,0.29282773,0.0768361,0.13022539,0.02124131,0.098024055,0.08894666,GNm_9ZRT3uk
0.53307915,0.079123005,0.26756585,0.10512062,0.12234523,0.053335425,0.098837905,0.09447294,1uThRriAunw
0.37518382,0.038231082,0.16551594,0.033258658,0.05111675,0.049212243,0.16307522,0.06578537,qgPzvYcFMn0
0.27125025,0.07979208,0.10240441,0.05347534,0.07185968,0.029984225,0.21737152,0.103039764,ltRDwqA4ox8
0.3546498,0.06534384,0.22019447,0.064752206,0.12835963,0.016173938,0.049881727,0.056563307,Kixvq8EHncA
0.37753046,0.06070683,0.24688295,0.067608275,0.11131869,0.019714156,0.07600394,0.054203358,o63XqjJpO2Y
0.33405232,0.12461498,0.6112192,0.10426071,0.12715775,0.11085691,0.19145058,0.10246227,iOh69h45BrM
0.34812555,0.071929954,0.19651726,0.05114615,0.053478114,0.023117077,0.15883088,0.075613156,Fwnn3GE2Ql8
0.2663214,0.015696075,0.052982878,0.046237834,0.029712522,0.0334178,0.29161382,0.01884182,3SK4psT9aNk
0.27201965,0.056275282,0.18115744,0.038722355,0.055282734,0.007739889,0.047181744,0.047723893,NgG-l9mbmmE
0.32872146,0.08367729,0.11701374,0.063000225,0.07667212,0.036851373,0.16501017,0.11722328,v_CC3BlUEQY
0.4239239,0.04411313,0.21470797,0.046874076,0.086391196,0.036851373,0.021700151,0.042838965,b5kU4bpQm-A
0.38107455,0.11506483,0.25738353,0.11022437,0.14212474,0.018742332,0.049881727,0.072451815,9qOspjEROT8
0.30035552,0.028853906,0.06885099,0.035184387,0.04145377,0.035306264,0.16156727,0.037542954,qafo6aHUREo
0.524568,0.06966967,0.28886557,0.08240637,0.09411551,0.13476147,0.10325422,0.046935864,eGy61CH8Ih0
0.2705951,0.058818735,0.26700938,0.040727936,0.06618594,0.0753116,0.18363649,0.082970336,iNNpcQRRRLI
0.19759561,0.022963589,0.04182607,0.02618277,0.044337027,0.068918526,0.19639874,0.040490597,YtGaJcbI3G8
0.3331134,0.05718449,0.20259589,0.05920901,0.11642674,0.01665985,0.049881727,0.046762124,F1OArudmv9A
0.2505626,0.017849127,0.0715506,0.02351204,0.026456038,0.013536129,0.1850161,0.027085692,8j6QRS2qSr4
0.4352974,0.029096844,0.09449806,0.048201747,0.043640014,0.061726328,0.086412095,0.07385415,wscimfP_Sao
0.3352676,0.068489246,0.1997935,0.07300307,0.13243414,0.017492844,0.049881727,0.044551097,eeWQ10zQSRM
0.39131725,0.10287801,0.19806536,0.09853492,0.115832336,0.037881445,0.122268386,0.15282512,SUcl43slGgY
0.28756106,0.020559698,0.07696741,0.02150786,0.027087463,0.014855034,0.20460115,0.030848345,7zkWwzl8B6I
0.45233276,0.06335828,0.23902144,0.052155837,0.10605244,0.030327583,0.01356322,0.0653269,u8gvEnOh54Y
0.48103657,0.09815095,0.29596838,0.10666661,0.18641694,0.021657806,0.056133665,0.10280384,G4Eks5vT6E0
0.5047751,0.12747496,0.48907924,0.060626827,0.1945789,0.036851373,0.13781452,0.23919612,DJcwoH84E8g
0.39579782,0.117690794,0.28371522,0.07217625,0.1530014,0.101391904,0.030084321,0.19054626,bhRwzDZFeoM
0.24952391,0.071331464,0.122979976,0.05673962,0.08279315,0.0741129,0.13032807,0.08364377,Xv7JBbOiBkI
0.41203144,0.047857016,0.2573132,0.033448286,0.10448003,0.05613239,0.1973082,0.064028926,r6VYMeP7dmA
0.4540565,0.04582768,0.30495915,0.034825396,0.055106968,0.011384231,0.03409853,0.065889336,pBabT6j1b4c
0.27376202,0.019330593,0.07627151,0.024742572,0.028363278,0.015896274,0.17345113,0.028827207,3DZfaludMis
0.45642567,0.07392813,0.36886886,0.09316885,0.14895792,0.040628307,0.0859613,0.07042231,XkcFnijhPVM
0.37193567,0.05220002,0.18273102,0.056680854,0.10628806,0.018742332,0.029634507,0.04866489,FzOMxsSvK94
0.5098381,0.11190043,0.3201349,0.09835563,0.14422372,0.018464668,0.098024055,0.1000393,tjaEvVlL0wc
0.2372364,0.04660479,0.09582386,0.036335982,0.047677886,0.055333257,0.14148581,0.07150044,H-lbGdDWJ7w
0.2716328,0.038669933,0.13100734,0.032421198,0.056360833,0.007844013,0.119906805,0.04758727,uyexFx5m74I
0.34705308,0.060024828,0.13908732,0.05137364,0.07391582,0.0495556,0.07367316,0.09490248,l4aPQbphWT4
0.4010166,0.10698613,0.27219144,0.12780505,0.1355882,0.03994159,0.13469933,0.096091606,32_1wF7gOwg
0.3395964,0.06275079,0.21671934,0.06420292,0.12220066,0.018048171,0.049881727,0.048540965,m73WVsTpzV0
0.32096264,0.055191893,0.16013506,0.03175071,0.05216925,0.04165838,0.15883088,0.07574295,Kp3rXxZKoio
0.29074705,0.048850436,0.14239885,0.03434947,0.067677766,0.0020217423,0.10804425,0.055898774,wLlfKy81QZ0
0.39578146,0.20330893,0.16056114,0.12908497,0.14833419,0.018325835,0.0068634246,0.169174,JRVRz0pJyc8
0.41435206,0.12080338,0.36267835,0.13023144,0.258789,0.3123962,0.051180087,0.060480434,dbjkxvxISpg
0.2545274,0.018073484,0.06822701,0.01998741,0.024207026,0.014716201,0.20460115,0.02758749,pmatlR8TjK0
0.32830903,0.06847626,0.24187785,0.043586325,0.078146875,0.036336336,0.031592116,0.075815536,L6tdRxday9c
0.5021469,0.0700482,0.18517394,0.078247674,0.05634808,0.094410956,0.20095639,0.16128637,bpfbv40UwCY
0.48601133,0.07931494,0.16894184,0.13876502,0.1119146,0.067320265,0.28678274,0.093221605,c0wumF97ekc
0.4964907,0.08362996,0.3689141,0.07312182,0.13612872,0.02124131,0.07566681,0.09099147,KNxWWdGXFUg
0.275251,0.06443255,0.13493627,0.033904504,0.061515033,0.034791227,0.14147198,0.12064652,aNcScp8ESSk
0.22556654,0.0874356,0.13831893,0.042714372,0.07538689,0.028439116,0.072354324,0.12900893,udS3uVHY5mA
0.34910682,0.076173924,0.23054907,0.07944061,0.14184621,0.015896274,0.049881727,0.056778613,YMu9ZXE0c74
0.28012115,0.021938821,0.083667755,0.023204286,0.031087695,0.015410362,0.20460115,0.033142082,4QnC_j5Rlo4
0.33181608,0.062456638,0.21499991,0.0663162,0.11696268,0.018881164,0.049881727,0.046352386,2PxP-vY3EfE
0.4015575,0.04484345,0.23822792,0.040566657,0.08106758,0.033246122,0.07931957,0.051658973,p-tWk3TNuuU
0.47150922,0.09947135,0.29057205,0.07850185,0.124289766,0.0168681,0.121333666,0.09611298,pXmy-i_ocw4
0.33725333,0.22331427,0.8660869,0.1655446,0.1358397,0.20449556,0.057703175,0.11183795,4wmtoYhrV1w
0.18988325,0.10376866,0.076647416,0.12871908,0.07426602,0.16758743,0.32865682,0.056533966,mC28hOWWnoI
0.3848409,0.13679905,0.28268585,0.14572634,0.16561311,0.016729267,0.049881727,0.07948609,WVywtzn_wj0
0.39348224,0.073617965,0.23619685,0.08139148,0.11562356,0.022773718,0.029634507,0.05166589,ul0PlfzAfqU
0.5766635,0.6144554,0.2672141,0.30096364,0.13802285,0.263611,0.040483844,0.4914057,dCJaAYdHbL0
0.45731905,0.08241029,0.30477324,0.07806304,0.13192523,0.0253489,0.07566681,0.078747265,-twU3JDgkTM
0.49726182,0.061027758,0.1313143,0.10082598,0.07546121,0.0358213,0.09865108,0.09138049,MYIJi70dCXQ
0.48408484,0.088384025,0.24732633,0.06051979,0.07072179,0.06771983,0.20373172,0.16462763,SSgbWh-TAaM
0.4956308,0.07332977,0.22768912,0.056564126,0.12715414,0.2885035,0.08714247,0.111788474,uHHxJKQZNN8
0.3643947,0.01331182,0.06622391,0.015254829,0.0133533245,0.052136723,0.045064222,0.022898795,vxL1ibI3U88
0.35830545,0.05564578,0.18419656,0.031014359,0.03706895,0.030327583,0.15883085,0.0686435,xRtetDcw0x8
0.41078502,0.0796506,0.24816515,0.06910123,0.094866365,0.01665985,0.036911096,0.121679015,55vFuJMReU4
0.446957,0.045131147,0.2365044,0.04965717,0.08897893,0.03049926,0.043790307,0.048107482,RgMl-EwqO3Y
0.33496422,0.31181064,0.3618795,0.37898836,0.3144715,0.02054715,0.17527778,0.19573385,sx1wK6DqHOY
0.37581924,0.092801444,0.2609836,0.05450923,0.08215173,0.004303795,0.035517916,0.10104107,A74pMRXb6_Q
0.25136855,0.020393956,0.08363575,0.031887647,0.027186101,0.014785618,0.24142814,0.027110483,myE7_pQh_7w
0.41789284,0.08598332,0.3299302,0.08577442,0.14042668,0.0224908,0.08188531,0.07261658,LLzKZYjP3d8
0.3844682,0.040755585,0.18627901,0.069526054,0.111934945,0.1668969,0.108629495,0.035530444,o2ZD0j34n0o
0.23810107,0.10617774,0.1445191,0.10390738,0.11556949,0.06332459,0.18869723,0.08099145,zNDwOu28c4g
0.44388893,0.08337852,0.31198862,0.08259878,0.14595668,0.024147147,0.07547864,0.08753458,aZ81JAnLDfg
0.5354813,0.17456748,0.34805813,0.11741698,0.14525653,0.039598234,0.009423327,0.15020439,X7It7G1SSEI
0.33106256,0.046305973,0.19788441,0.04911195,0.09644026,0.017006932,0.049881727,0.038989346,vWheHgtOS3c
0.35858828,0.049435154,0.1943291,0.053905852,0.10189887,0.017423427,0.049881727,0.04486486,Wdp8DhoMAxo
0.44083592,0.13833202,0.5771851,0.147762,0.18611613,0.1019289,0.018727269,0.13816538,cZYJXJQ3R08
0.4389167,0.09662622,0.28215364,0.09414253,0.13400996,0.01999182,0.12258939,0.0746072,mT1rWD1feS8
0.2753699,0.017096702,0.06687906,0.019806078,0.022389201,0.01631277,0.15058532,0.028686404,Z8TRzxBVv6E
0.50070006,0.06212511,0.17281054,0.031077268,0.054037552,0.024490505,0.0803295,0.104555696,BGAPtxljHqY
0.25504354,0.059707493,0.1755516,0.03350222,0.054444272,0.029469188,0.050170913,0.07355781,Tw3qavViapc
0.40808868,0.07645221,0.24741338,0.063566186,0.09302138,0.016798683,0.033393536,0.120533936,oHtw9iFzjtc
0.41633296,0.08293661,0.30735686,0.08078503,0.13768713,0.020685982,0.07196606,0.06555707,4E3xhFbSImw
0.38288546,0.074272186,0.22854468,0.0530562,0.056155194,0.023803791,0.15883088,0.08922615,HPIw8BKZNrc
0.516205,0.10914095,0.31718424,0.107666,0.16365707,0.0186035,0.095837004,0.11352895,IL6dvDlWMPw
0.34827402,0.30791408,0.36475274,0.5679853,0.40065628,0.5535644,0.116562314,0.15480104,dNKZ5Tp32i4
0.37945378,0.086366974,0.24157965,0.091347575,0.13920166,0.016035106,0.049881727,0.068237096,V9d1U_LJ_KA
0.35455716,0.056021564,0.20511748,0.06083188,0.11203077,0.017076347,0.049881727,0.046906505,Xd3329UJlSw
0.3026041,0.027993789,0.080181174,0.034438822,0.05175613,0.0142302895,0.12916496,0.03610159,M_DMB5IgWl4
0.30754536,0.08281123,0.106923625,0.06178819,0.081766844,0.112788886,0.34884596,0.11667873,IZsbyvjFaWA
0.41854995,0.08342375,0.55232644,0.07815962,0.12942643,0.14822112,0.055313043,0.08995678,xY8FtbVqT4k
0.4504181,0.10599546,0.4307907,0.1174605,0.19760117,0.027580723,0.07566681,0.095212705,9TxskKGN_us
0.37567493,0.089114,0.23596309,0.09493959,0.13755125,0.017631676,0.049881727,0.063276716,hHtifJU9HaU
0.32674202,0.06688343,0.2389503,0.041581757,0.060418725,0.026894007,0.061218224,0.07235289,hEv1BBHxBaU
0.38041925,0.11056229,0.26088345,0.113947056,0.14494713,0.01631277,0.049881727,0.07581532,IX8rho7uEAU
0.4360057,0.08793221,0.3274487,0.08290317,0.13916376,0.103539884,0.12807597,0.105206355,x3kVOWKT14g
0.50545365,0.09316802,0.26919582,0.06998054,0.13529363,0.037023053,0.089052096,0.1061424,-ziySoyKXQk
0.35734817,0.068967395,0.22592911,0.07193575,0.12426948,0.01721518,0.049881727,0.0539219,UbQF9Ro3pNM
0.35042205,0.023790482,0.0651248,0.021178462,0.020425234,0.048525527,0.07384566,0.035533044,0EmM_xEew4Q
0.24511413,0.068445,0.2893705,0.04673785,0.059480645,0.07091636,0.041641492,0.05280166,PNGgQzw6PQg
0.26403597,0.0409823,0.1675995,0.030858988,0.05689085,0.0063862763,0.18928744,0.04525103,cIEzAnrJrCA
0.5164603,0.09391855,0.33238363,0.07911944,0.16353796,0.026894007,0.07566681,0.12841919,FBQy93fvkY8
0.32912526,0.094261184,0.47878927,0.07574647,0.1850964,0.08050597,0.05365276,0.068473026,mHrxx3YJ0e4
0.55665743,0.09599131,0.3269622,0.0687242,0.14358163,0.021102477,0.014345056,0.11570005,X7D3GR2QuSQ
0.48314402,0.04662914,0.12342077,0.01582102,0.022164866,0.018048171,0.00941903,0.0732357,VPbI4gYVHJE
0.38802856,0.15980035,0.25856,0.12638158,0.12290811,0.010620655,0.2007441,0.26130414,FI8_ec12Evg
0.3844447,0.079848945,0.27639455,0.08832986,0.17247981,0.04783881,0.10354203,0.09918144,KMMPwVXEGDY
0.26640067,0.032096524,0.07276233,0.041288547,0.027873812,0.040628307,0.1401435,0.027031323,aJtZGfAA-Qo
0.2658081,0.04398515,0.12688304,0.028037885,0.051537678,0.003262554,0.10804425,0.049480494,JHb7ZJc_UWI
0.33346465,0.08383558,0.096089564,0.061490864,0.055401187,0.053335425,0.16288522,0.10931339,Ii0Hia8sTPo
0.45796907,0.09042821,0.30852035,0.08455133,0.1400233,0.02397547,0.07566681,0.086728506,lPrq5vEiQaY
0.4494941,0.047800157,0.23318034,0.052705847,0.087479606,0.032387726,0.069994226,0.050451517,fH_6NLBmUlc
0.23223656,0.019954605,0.072384275,0.020976914,0.025897635,0.015688026,0.14641109,0.029927783,vR4qzJTu030
0.5068707,0.094585374,0.31735536,0.08225433,0.14866337,0.023117077,0.067350924,0.12078347,KNBwnLL5isM
0.33756563,0.07242365,0.21707746,0.08239049,0.13250443,0.019575324,0.049881727,0.047059845,0-U5b7A40NY
0.28401783,0.018754836,0.07701684,0.02048413,0.02507936,0.016937515,0.11680791,0.029781373,cbyoRYVulFE
0.33926114,0.06495292,0.22001377,0.06437639,0.12789162,0.01721518,0.049881727,0.049326308,991Wm2cFv-Q
0.3027283,0.01325747,0.0879132,0.018405316,0.023326783,0.022945397,0.20780848,0.01816974,mc-s-zv0S3o
0.28909,0.04112874,0.13417098,0.040412895,0.06232889,0.0068374802,0.1260014,0.04814688,vYZG3QYnxdc
0.29160604,0.022970816,0.09927606,0.026001118,0.02901469,0.016590435,0.15058535,0.035196535,mmnOJZowySk
0.301886,0.026961032,0.064148374,0.02850893,0.036449723,0.04165838,0.09101698,0.041209128,4KCI6JXklZw
0.4182493,0.13469316,0.17017438,0.08734813,0.08352121,0.008885254,0.18733118,0.22169632,Y3jR_OL98mU
0.5431233,0.3107603,0.37294433,0.31893337,0.104641095,0.09494796,0.18188445,0.39694273,LsFqXsiZUH4
0.5009377,0.07983368,0.20083034,0.11008548,0.117842406,0.13296685,0.08290442,0.09578778,34-LvrfvxOU
0.3670604,0.10540094,0.27198115,0.05028343,0.08493662,0.09279997,0.20494996,0.11157989,4cEYnoQI42M
0.40163305,0.058299195,0.11796458,0.04769728,0.054254774,0.019436494,0.097421765,0.076762356,vUQOY1VW3GU
0.25804392,0.02116511,0.05926784,0.024099214,0.0337666,0.01527153,0.13410906,0.028607896,OvGxVfc0A_Q
0.45385173,0.053248394,0.22653605,0.04114009,0.072649494,0.03616466,0.078234866,0.06614313,WxdV0eKNgCw
0.34309378,0.055324487,0.18323667,0.053898517,0.1091121,0.016798683,0.049881727,0.046010673,sI8r8smuiVQ
0.37896553,0.078489445,0.23377217,0.0592328,0.06541913,0.03358948,0.15883088,0.08978959,Iv_G76mq69M
0.43960947,0.06544742,0.20393701,0.05371197,0.09163068,0.03461955,0.0005016897,0.06808812,pH_O56GC-BM
0.43508565,0.11740247,0.2506139,0.078175925,0.11227114,0.14193995,0.08576903,0.13463148,EKmqLiVnyUk
0.308762,0.056193482,0.09522493,0.03555829,0.042801797,0.12824467,0.0034107128,0.090691485,2TyJilM_21I
0.2528659,0.022590725,0.097489156,0.02445533,0.029187743,0.017701091,0.20460115,0.033368528,NOtcRMwCAdM
0.3076255,0.07100232,0.17194593,0.041115604,0.06341662,0.00614332,0.036990408,0.07157284,ENjS1LVTxio
0.4565726,0.079115115,0.29131672,0.07008155,0.13361928,0.025692256,0.07566681,0.08185409,GanyHqWLFPI
0.4968038,0.015224103,0.039485022,0.008870555,0.008737648,0.03616466,0.26847538,0.051472895,kbIVWryk3C0
0.405647,0.08295253,0.30913538,0.083308175,0.1434201,0.024662184,0.059837125,0.068195865,1LDiA7rSHEM
0.3643094,0.08352251,0.23999144,0.0779103,0.10123358,0.015340946,0.086339176,0.10538656,IZbnvHh9XDI
0.48851037,0.109800555,0.33181858,0.09593312,0.14591576,0.0186035,0.098024055,0.0971457,Slu2Ho6OnPU
0.4714452,0.08105088,0.1984095,0.12517054,0.12739237,0.00999591,0.10684052,0.11174847,Hkfg7IjQmAw
0.22052929,0.055618584,0.10765638,0.044459004,0.03305184,0.026894007,0.13923532,0.043797776,5bEAOnn00c0
0.23998836,0.019750515,0.066507496,0.0203955,0.024464311,0.01631277,0.17752393,0.029654957,ghjfGrflPUM
0.22712693,0.12512794,0.08206462,0.054493427,0.047458425,0.11536485,0.06365296,0.095858864,dpHQOYnD_r4
0.27124104,0.034350313,0.12136587,0.022567187,0.04420446,0.003089014,0.114224404,0.044849943,4qySo2IQ6O0
0.16168259,0.03968541,0.07516968,0.03172523,0.06717064,0.06012806,0.2525983,0.04485518,-c4rezP1g64
0.6527005,0.17965941,0.5569374,0.21135123,0.27986434,0.06012806,0.1073112,0.17636606,LXg4M4i0ZYQ
0.4219021,0.05011548,0.13973403,0.05751077,0.10009288,0.045778666,0.11074841,0.054297063,WDTNwmXUz2c
0.49623173,0.09727521,0.31782097,0.08947252,0.17271972,0.017423427,0.012427385,0.08654074,xiecfGJygok
0.37114194,0.070969746,0.20247631,0.07415976,0.13738324,0.0168681,0.049881727,0.053965352,TtzAGk77trw
0.42068636,0.0626504,0.25249463,0.04569824,0.10798297,0.028782474,0.06653313,0.07195725,nAPlzvw3oZc
0.3414829,0.053873565,0.14628552,0.04711096,0.047637388,0.017145762,0.12514485,0.06404282,Berls09a2P8
0.4992794,0.13079596,0.37932426,0.14644691,0.22772413,0.0168681,0.024759792,0.14959441,7zV4rAfmIaI
0.239668,0.02009978,0.06925186,0.022778971,0.025952674,0.015202113,0.17752393,0.029600238,hlu8jkFzu1k
0.3509242,0.06622239,0.18660523,0.048293367,0.068766475,0.003141076,0.035517916,0.07871678,TuXrR4NJTJk
0.43246314,0.067139074,0.2644056,0.07228022,0.11502931,0.032731086,0.08678802,0.060412932,diCtC0ZUcxw
0.30057,0.043433562,0.14635368,0.02865555,0.05152885,0.003002244,0.12679213,0.053012706,oqD4H9LylkU
0.3171369,0.039256617,0.0963389,0.07942969,0.07568897,0.016729267,0.1409893,0.03431228,KAWAI28Locc
0.25078937,0.2762304,0.30008155,0.29230016,0.293891,0.09978092,0.05309343,0.14659104,17y9RHHk1Zs
0.38467032,0.12316378,0.12905318,0.13177079,0.08147006,0.020963646,0.07757958,0.10276819,AZOAbo2G7No
0.2642978,0.035173494,0.1233248,0.025818966,0.052602425,0.00614332,0.18928744,0.04111741,XoQIs_2_Tss
0.25065342,0.037180655,0.08911404,0.03166607,0.051687308,0.049898956,0.16674612,0.04607613,O-0soGysuxQ
0.28897357,0.0723157,0.104326,0.056856025,0.04837772,0.09494796,0.11782738,0.09309215,iQrv0CRQN9k
0.36536294,0.10162616,0.24015422,0.10814216,0.11715338,0.005830948,0.11776747,0.1107235,naPx_9V4t2s
0.43947342,0.09013444,0.2978075,0.081858285,0.14937559,0.0253489,0.07566681,0.0826981,jB0y13u_maE
0.4633454,0.08142664,0.29122856,0.066498995,0.13550794,0.01721518,0.009428696,0.06831268,5Vs2A7ua3ig
0.4598465,0.08695977,0.2882917,0.06267662,0.124373384,0.018742332,0.009998063,0.07525899,YT6l7g9Jsr8
0.37888497,0.051881053,0.1654867,0.04533113,0.059757873,0.09494796,0.040822707,0.099717796,BcKMIpAM0Ro
0.3272297,0.11792971,0.24160852,0.19206306,0.20445926,0.006108612,0.13926202,0.14501645,_R4SLWj53Ks
0.26001552,0.019789107,0.075645976,0.022335783,0.024837045,0.016937515,0.085190125,0.031261954,9Mi_DhhKG7c
0.4150925,0.084421284,0.2845675,0.07130958,0.13672788,0.019714156,0.07276229,0.074547894,9Z4w6IXw9mc
0.5359042,0.16309893,0.4165863,0.15401946,0.18859878,0.0224908,0.014345056,0.13671516,t0ak4PsCKDA
0.37159157,0.07861455,0.2144922,0.08474787,0.1348,0.015757442,0.049881727,0.059481654,e9hsdIwZO88
0.40059775,0.023913236,0.12969315,0.035704594,0.035238735,0.055333257,0.047798123,0.033476755,wjrMa8FxpuA
0.33837357,0.042484943,0.087731555,0.0510445,0.05242565,0.06012806,0.17530105,0.056448124,RDTJdqIeI1s
0.2713963,0.044683557,0.15000466,0.04063596,0.06270733,0.0054491595,0.18928744,0.049182866,iGAcNaiWs7o
0.43865153,0.112827554,0.3095695,0.08799447,0.16857795,0.10699297,0.1993765,0.15117149,KiOiV8rpC7c
0.37435278,0.22735858,0.30403715,0.27198404,0.288827,0.006455692,0.08854894,0.2946459,frs2yplgcVI
0.28325883,0.024897283,0.07659657,0.02810737,0.049176563,0.016521018,0.10991952,0.03446853,Mtpl3LHTCxk
0.2831357,0.010944258,0.051870912,0.020934625,0.018675888,0.022213135,0.07658648,0.016528325,Mk0GhTnPdRY
0.5559019,0.06263887,0.111844,0.05052128,0.07863834,0.061726328,0.24608326,0.098398164,GyUQUsz9F98
0.36501256,0.06754729,0.18933992,0.0658837,0.11457198,0.02792408,0.02202673,0.050206415,X4ikiN-FanY
0.23008391,0.016860304,0.06196954,0.021911947,0.019884625,0.015688026,0.16433872,0.023177503,g4RTkZPh7t0
0.3996449,0.10720915,0.23576714,0.1143598,0.118514575,0.14418322,0.2650856,0.13287567,6cDEoUJTC5A
0.33372474,0.036082078,0.12661742,0.03900635,0.033802606,0.017006932,0.14495377,0.032831594,35ggHyTwj5I
0.5713087,0.04087991,0.09678937,0.028764589,0.029183613,0.02262963,0.14080034,0.052421935,TSxsPnGxzTw
0.34612116,0.15055129,0.31709164,0.1681033,0.113515295,0.09548495,0.4453918,0.09281184,Ps7PX-yx75k
0.28175706,0.04079763,0.13235377,0.027180104,0.052139223,0.0025510397,0.10065707,0.049890142,VefpM_DKIvU
0.3727411,0.06978522,0.19563307,0.04523038,0.06939608,0.005900364,0.035517916,0.08603576,NPjB5TkEtT4
0.30744618,0.040680595,0.14958033,0.034762755,0.042347893,0.008850546,0.06488482,0.04128379,WWzK6ZJ-RX8
0.43954602,0.29266703,0.26783165,0.55129296,0.21399245,0.25447917,0.20131502,0.17058259,dXGUefEdmiA
0.22010021,0.079404905,0.12828821,0.042796593,0.04542278,0.019714156,0.06541965,0.073355295,KANpax-L14Q
0.26674446,0.071485594,0.08493896,0.041046962,0.064279824,0.035477944,0.1472993,0.10939307,TDVoC7Fwxjc
0.49173722,0.08326435,0.2902678,0.06222476,0.12993164,0.018464668,0.017008586,0.08159998,CGCcnChwdTo
0.3622297,0.10140764,0.26573488,0.14184776,0.109635584,0.0681194,0.18164253,0.1354091,tL7NvkudupY
0.50275815,0.09368475,0.32379618,0.06895155,0.123151906,0.020963646,0.10169917,0.09643278,yuDfVvGj0I4
0.37065637,0.07702065,0.23137857,0.07440523,0.116567604,0.016104523,0.049881727,0.06353365,Fnee1Gyn1BQ
0.23879229,0.016124645,0.058054,0.018241769,0.019879099,0.016521018,0.17752393,0.024151525,ZO0xHQ1_h-4
0.38198477,0.034179848,0.095227145,0.052249737,0.110682584,0.02517722,0.050730374,0.063236766,MwbxZzjWGxY
0.47754925,0.16618735,0.27896056,0.08859031,0.09487873,0.034104515,0.02061941,0.25373292,1rqX1sMftpE
0.28304216,0.05370529,0.10722246,0.102047116,0.115627356,0.08290337,0.19656429,0.07476928,ZKx1v72ZZi4
0.27802783,0.018799856,0.08021829,0.03158601,0.024795784,0.0168681,0.14625798,0.025686622,Y8xvQw3BCgk
0.43269828,0.1794268,0.23611978,0.1530046,0.14153895,0.010828903,0.09443891,0.27372774,M_kh_7rTep4
0.25018948,0.014165734,0.057552036,0.014587834,0.016314922,0.015757442,0.18407358,0.022418546,-Qz4tJ7Ep5w
0.3728466,0.023361275,0.06497065,0.009660499,0.008774355,0.024662184,0.14708395,0.0518218,UixxCNynlVw
0.31096217,0.03410861,0.14124195,0.029405236,0.043358386,0.08796701,0.29072762,0.054242633,T1WvVzw7-dY
0.45824856,0.10560966,0.15520032,0.09528877,0.09055693,0.0741129,0.2073046,0.071149245,LnjiKT7ZbNQ
0.448192,0.16062382,0.13846482,0.24377061,0.13393371,0.18253209,0.15342054,0.14916348,p8mOplNa-pY
0.2842402,0.017806318,0.056490265,0.014175845,0.024097692,0.036851373,0.14317796,0.032826927,gl7PyhJsueQ
0.4138747,0.42914107,0.49979666,0.33812943,0.252586,0.004060839,0.13603525,0.4325293,9U6QtjUKnkc
0.4605345,0.09060588,0.19694318,0.07487621,0.06477679,0.040628307,0.102021396,0.10999297,D62bTqi3UmA
0.3822484,0.06686224,0.21457592,0.07659295,0.11716428,0.019714156,0.029634507,0.05138916,HwNv4RLVkFM
0.3365967,0.049044732,0.14507923,0.03011246,0.057192758,0.0037484665,0.13167989,0.06410232,1Sw-j0scuEo
0.40053448,0.16573484,0.30005637,0.24608377,0.24758299,0.004251733,0.101517916,0.20619741,ZrVXgomDjy8
0.6710653,0.056674052,0.16049828,0.026026985,0.05218346,0.03444787,0.2542685,0.14205918,yoqCygampOY
0.33553317,0.06255352,0.2069647,0.0430937,0.0636112,0.004251733,0.035517916,0.080216214,yx-ncNqxBjE
0.47965524,0.13404717,0.24403363,0.11462749,0.118087366,0.044748597,0.06280286,0.16038571,KYmm-UL2szU
0.31951576,0.11814079,0.23557627,0.20544861,0.18833214,0.0052062036,0.1373455,0.13678342,mrzAgwV-5G8
0.33773732,0.089731075,0.1563383,0.07265777,0.11263445,0.027409043,0.07274931,0.09185375,r9KOr3gKsVQ
0.51366305,0.15734501,0.2724522,0.16741957,0.23659101,0.003089014,0.03073954,0.17895795,tN8d_NsEXr0
0.25509706,0.019971354,0.09266791,0.018340865,0.021645723,0.016451603,0.17752393,0.031741004,WDLQE9MnfuU
0.3577783,0.040733382,0.14041676,0.02528622,0.03533942,0.033246122,0.14065413,0.056893628,4FY28GWPddI
0.2781255,0.042825818,0.13803424,0.030115517,0.061114993,0.004217025,0.10804425,0.051998954,QwjRPvRd6HE
0.41273066,0.065555826,0.24261118,0.049057335,0.11273293,0.028267438,0.06653313,0.06259791,FMi8q1_rCyU
0.32328224,0.051250212,0.17829391,0.037222825,0.071439594,0.0015878921,0.13753098,0.058563534,U_N06ZiUYeQ
0.5174629,0.09255237,0.5128637,0.08157188,0.14038655,0.020824814,0.0038164128,0.101141624,gDlti8k6coM
0.25763735,0.022985851,0.084572196,0.022101246,0.030320033,0.016035106,0.20460115,0.03476955,NCZJyOzTbGo
0.34069335,0.03509595,0.16313367,0.021102838,0.057304848,0.09655894,0.0032399383,0.0666277,V62_nIYozuM
0.40853706,0.05808939,0.17746003,0.03981687,0.060693737,0.015340946,0.07402042,0.09340364,KTY7s-hvduA
0.30092934,0.081578895,0.18888517,0.09382694,0.100884855,0.0024122077,0.026177203,0.08207711,Z_wTHoAecjg
0.5093069,0.081251785,0.2874003,0.083153345,0.0992046,0.034791227,0.04465213,0.06396349,40vhz5lgcEA
0.39195064,0.055812076,0.17534938,0.061562765,0.111182496,0.019575324,0.029634507,0.051180422,YPhKaH_KFzE
0.3001071,0.05541563,0.16597815,0.029795464,0.052951545,0.022213135,0.09603057,0.08533908,tLItVV3dyDA
0.27960643,0.019119639,0.07530776,0.02331594,0.028096711,0.016521018,0.121353425,0.029796438,JypHyzGMsxs
0.3276853,0.056531366,0.16471495,0.040774304,0.074972205,0.0035228643,0.13167989,0.063944526,-4W1JKmkmDc
0.43766677,0.21464993,0.34434474,0.369113,0.34317076,0.019297661,0.13922876,0.15435846,epKLucWhn7U
0.25178394,0.09651601,0.155144,0.04883976,0.07720703,0.076110736,0.13267346,0.09095949,R938kArGxWw
0.4225725,0.05689392,0.12684333,0.055260338,0.06874615,0.08689302,0.13379174,0.09109253,lGdb7-RuzVI
0.34340918,0.15571687,0.14065108,0.1336764,0.11459917,0.09816993,0.19341366,0.16587108,IPzA0LWD0Ug
0.28491402,0.03574828,0.12344905,0.027530117,0.045163862,0.0042864406,0.16507109,0.03996265,hRAOxFPEKYU
0.53287226,0.10549911,0.37378967,0.10473751,0.15945801,0.044748597,0.28009692,0.12315477,0C7sRfryzu4
0.52183974,0.14672029,0.36321855,0.1144801,0.12711307,0.005275619,0.030924125,0.18150444,wGKbKX6DlQg
0.2939416,0.050528694,0.17252204,0.037379224,0.080110095,0.0017874632,0.10804425,0.058525093,Au8DCnp8RG0
0.4085019,0.22779377,0.24842978,0.17923772,0.16622965,0.008954669,0.09443891,0.3456895,GnOeG0qLElI
0.33313164,0.062453035,0.1931272,0.043207113,0.059442777,0.013952625,0.0940374,0.082558505,VB6ELeVgaKQ
0.30886838,0.041159872,0.12544875,0.0532893,0.06882172,0.02054715,0.15646353,0.05147669,lNXdLI7ACa4
0.51898646,0.037679594,0.08921718,0.02409195,0.034066286,0.06132676,0.04283689,0.096470386,8PNLUNNb_mI
0.32924017,0.029386656,0.0589278,0.019456778,0.02542972,0.017423427,0.05048483,0.055343203,IlKBOQk9mh8
0.374104,0.045140926,0.18969703,0.05236216,0.09051827,0.018742332,0.029634504,0.043308266,w4PFEw0mabI
0.27336085,0.09579198,0.24687274,0.10651317,0.13025293,0.0022386673,0.02731225,0.07920047,a7M4GwKYnWQ
0.3122544,0.043849777,0.14758916,0.02745606,0.03747143,0.018325835,0.15947054,0.061671294,XaFghmtT4Go
0.4042657,0.41928467,0.42325673,0.33941653,0.39493415,0.09548495,0.17516683,0.38040233,z1PQNNb4kOI
0.22989015,0.02370664,0.046759028,0.021597713,0.024054013,0.06372416,0.14598103,0.02821157,5nooPliv1CQ
0.30714828,0.04661829,0.17016077,0.03122748,0.056007683,0.004720291,0.035517916,0.058897063,zzIS3fqxX_Q
0.32651436,0.008310856,0.016164487,0.0023886436,0.0018492034,0.018048171,0.019668916,0.09676534,DACclloP5EA
0.46109194,0.16219807,0.22655752,0.17824818,0.11899911,0.13082063,0.43911424,0.20860462,MUztHs3JHs0
0.25313494,0.019400578,0.07173188,0.025928618,0.032196157,0.014785618,0.15471438,0.028557314,K2l1yZQ-4bQ
0.32881346,0.06309703,0.18116754,0.04887574,0.05706056,0.019297661,0.15849546,0.06826553,-_SLzjuH70E
0.39680994,0.0570502,0.23369156,0.04450753,0.105247274,0.031185975,0.060221877,0.06279324,9nFEApHVPW4
0.51811844,0.11481451,0.35472766,0.09745827,0.15550199,0.0186035,0.098024055,0.10723238,WzDAsmL1UgU
0.49516582,0.08148694,0.26663116,0.03689938,0.07521706,0.094410956,0.2135579,0.15695272,N-psM_v_SJY
0.32517463,0.05625751,0.15753092,0.037288066,0.05353467,0.014369122,0.07402037,0.08778654,jCO3RbAImsg
0.2589012,0.09535016,0.16739063,0.12079835,0.12103827,0.024318827,0.061146744,0.07374308,ckjRsPaWHX8
0.5949874,0.140483,0.19036041,0.07420754,0.1139526,0.011870144,0.007877057,0.1886327,Gk_pbiKQM3E
0.34988308,0.3120348,0.73752975,0.20296295,0.34245604,0.355017,0.18862295,0.47398856,5xv3a7DHRQ8
0.3550332,0.09523147,0.24286187,0.035885,0.059518903,0.10699297,0.056599,0.1570675,02LRwPr2PYw
0.35455665,0.053973425,0.26170254,0.06293117,0.10396341,0.0100653265,0.10692782,0.060010232,ZI4eClpHdCk
0.3746329,0.24703662,0.28023115,0.4313882,0.19197121,0.2945986,0.44399723,0.22467291,GMpDgsbXgZI
0.30210146,0.017953552,0.08999908,0.017409837,0.019867655,0.015826859,0.15058535,0.030251088,jQ37ZBcqtbk
0.50750417,0.6133453,0.8584965,0.59298027,0.6113643,0.22990796,0.11582447,0.4122221,aLOji3f9Da8
0.66779363,0.16965348,0.5663368,0.25334832,0.15245746,0.05852979,0.11969226,0.32015455,yRC8fk6yW4Q
0.33498725,0.1306688,0.27198547,0.106678315,0.14692402,0.04165838,0.077958375,0.10367948,DZOnD33awa0
0.43628323,0.07589488,0.21903667,0.079906546,0.10800852,0.001483768,0.02731225,0.076863706,8nEATJO8flM
0.40113467,0.07907303,0.30526334,0.07081114,0.11964516,0.015826859,0.10744285,0.09056205,2v1V1ElDblc
0.49533108,0.3442285,0.37389874,0.35364193,0.35807022,0.10515087,0.111000694,0.2176893,de25e-V3Mxs
0.27346578,0.06017925,0.17321397,0.04305807,0.061166707,0.015826859,0.10373519,0.062332854,WIWVtNVLupU
0.27098402,0.07871941,0.110943794,0.037959114,0.051739924,0.06532243,0.13955437,0.12743872,4kAHxZN4tXI
0.39505216,0.086071715,0.20983909,0.09508651,0.1179895,0.018464668,0.079933405,0.0945137,UVCaTV5HNTE
0.48147464,0.5090818,0.2751031,0.5109656,0.39845946,0.046465382,0.25094935,0.25429216,Xe2Yfn-Sryc
0.3449257,0.049513422,0.27877527,0.029354539,0.04596125,0.016937515,0.03355896,0.061149165,zAAat_B_Y4w
0.4489492,0.059993614,0.25784385,0.056818664,0.10695835,0.02655065,0.02166369,0.07293813,Y0fbOemwh7A
0.5367089,0.15046096,0.47519276,0.18676512,0.17570943,0.048868883,0.0365474,0.15357977,SWVxI0rNwtA
0.38098463,0.049032137,0.22410098,0.051295254,0.11145085,0.03839648,0.07270112,0.054250237,tqsLvZQ3xR0
0.57429385,0.09423105,0.19240619,0.06650172,0.14209129,0.012911384,0.06817183,0.18026634,EJH0RMdODPY
0.18564786,0.054367118,0.055530682,0.0248804,0.034572113,0.04543531,0.11938521,0.08436465,JnewgblcXlA
0.53721315,0.22369584,0.21558516,0.13736911,0.12744267,0.15188612,0.1008276,0.22471212,CmWri6HxJ8s
0.6464161,0.10736792,0.20698111,0.05116532,0.10038182,0.054534122,0.019155188,0.23024598,GYMEDkwXRyY
0.30289695,0.03430149,0.10911191,0.026592763,0.02865084,0.003002244,0.037042838,0.04134923,Qv1JtJy7ZcM
0.32861635,0.12049477,0.15414682,0.13218959,0.11162583,0.040284947,0.074499175,0.084895976,t9Yui0Oh4KE
0.22501922,0.045832172,0.079216614,0.036398645,0.054469377,0.020408317,0.087067306,0.054553233,bC_Z0ZHzDIY
0.4497029,0.075685635,0.18556829,0.056640066,0.0722614,0.012078391,0.02525054,0.10330184,3rzYBsJgIOM
0.45278558,0.0803708,0.1090502,0.047356274,0.050500423,0.015202113,0.0506344,0.11200273,7FHIyi4Nfe4
0.3373863,0.029535849,0.064773165,0.029709116,0.044403568,0.028782474,0.13764638,0.03359912,w2qD_BvKHk8
0.33732253,0.056372516,0.09537256,0.057120383,0.055808436,0.035306264,0.07874604,0.0814554,LdYCD2sVrg0
0.39975134,0.08362339,0.31180504,0.049032535,0.0560817,0.032559406,0.07816691,0.09379281,cLnjogrDsBM
0.4108822,0.3066981,0.25199223,0.6292219,0.27117744,0.41256893,0.10673548,0.14895861,CnJuFJ39BnI
