video_id,sentiment_title_vader,sentiment_title_roberta_label,sentiment_title_roberta_score,sentiment_description_roberta_label,sentiment_description_roberta_score
jzsiDRP5gXc,0.0,neutral,0.7291272878646851,negative,0.5366742610931396
DA4qLxU5ZVM,0.0,neutral,0.9145148396492004,neutral,0.7391055226325989
u8Gd9MJsnnE,-0.7579,negative,0.600699782371521,neutral,0.5869423151016235
rYMIozCKxGE,0.0,negative,0.8069135546684265,neutral,0.573698878288269
bsN96zE8FuE,0.0,neutral,0.8664126396179199,positive,0.8271135687828064
gufvLjAQsQs,0.0,neutral,0.8999428749084473,neutral,0.9325292706489563
rkniaZtlfpg,-0.296,negative,0.5355435609817505,neutral,0.7689632773399353
VGrfN3v5JL8,-0.5267,neutral,0.7722956538200378,neutral,0.797312319278717
lrfeMqM603E,0.3612,neutral,0.6786049604415894,neutral,0.7184587121009827
nbmMwMQEK9Y,-0.4767,negative,0.8389149308204651,negative,0.5217435359954834
GS6BHBeqdBs,0.0,neutral,0.4960682988166809,neutral,0.7297796010971069
YTaxl0tvbqk,0.0,neutral,0.8932019472122192,neutral,0.7231699228286743
rZN5vSbhsRU,0.0,neutral,0.7347822189331055,neutral,0.6065899133682251
iv7BvLBz8MI,0.0,neutral,0.8780527710914612,neutral,0.8363831043243408
q1fdIP_KyL0,0.0,neutral,0.9301935434341431,neutral,0.9597147107124329
qAp7n2uc5bE,-0.34,negative,0.7048673033714294,positive,0.634894609451294
gMcJGnypBuQ,-0.2023,neutral,0.6441941857337952,neutral,0.8338336944580078
b74F56Unc9Q,-0.5719,negative,0.7958250641822815,neutral,0.831230103969574
ynBQvMESMvk,0.4767,neutral,0.9260551929473877,neutral,0.6962918639183044
tTeRofqTdlg,0.0,neutral,0.7990191578865051,neutral,0.856349766254425
Vol30dTcOQQ,-0.3182,neutral,0.5897492170333862,positive,0.7322400808334351
VTeMFnhJjWw,0.3612,negative,0.5998681783676147,neutral,0.6826668381690979
IrJ-UlN8sPk,-0.7506,negative,0.9256160855293274,neutral,0.5758242011070251
xVx7B6o0Fno,-0.0772,negative,0.8997665643692017,neutral,0.8439849019050598
-3ol1aUN_Go,0.34,negative,0.5611538290977478,negative,0.684678316116333
aE9mTr2uI10,0.0,neutral,0.8174868822097778,neutral,0.8192753791809082
HTK6WB8qOSs,0.0,neutral,0.6134296655654907,neutral,0.5309132933616638
ic2C30ElCSY,0.0,neutral,0.8764455914497375,neutral,0.7670534253120422
E3_euRauzwo,0.0,neutral,0.923485517501831,neutral,0.6233866214752197
KBnsuTcfWeQ,-0.5267,negative,0.5502843856811523,neutral,0.901688277721405
flhGGq3TASo,0.0258,neutral,0.9253549575805664,neutral,0.8100246787071228
ift5nxcSrII,-0.5267,neutral,0.7307087182998657,neutral,0.6970950365066528
DRqUQjyCXJQ,0.4588,neutral,0.5013489127159119,neutral,0.8128496408462524
rGdm386TRnY,-0.4767,negative,0.5214146375656128,neutral,0.8722051382064819
prXpsfTa__0,-0.6249,negative,0.6431950926780701,neutral,0.7803778052330017
JiUxGeYBS4U,-0.128,neutral,0.6243873238563538,neutral,0.7128691673278809
obCgE_6g21s,-0.5267,negative,0.5392433404922485,negative,0.5475290417671204
ceeuHC_xPKA,-0.5267,neutral,0.8071230053901672,positive,0.6773061752319336
atLs7UAzytM,0.0,neutral,0.8965955376625061,neutral,0.7123233079910278
LhYZfh6aqls,-0.5267,negative,0.8067041039466858,neutral,0.8404799699783325
Z6cSu9oT6fs,-0.5106,neutral,0.6604980826377869,neutral,0.6421741843223572
pkjZl-3nA80,0.0,neutral,0.7775550484657288,neutral,0.9517127275466919
eh1LHbDXMQQ,0.0,neutral,0.707639753818512,neutral,0.7587887048721313
IvOFVzfc-k0,-0.6705,negative,0.8255510330200195,negative,0.7685601711273193
zfcB2q0_hAI,0.0772,negative,0.587060809135437,neutral,0.8877191543579102
hGP01scixAI,0.0,negative,0.5632897019386292,neutral,0.8805898427963257
ty7jrPYhdN4,-0.4215,negative,0.8695135116577148,neutral,0.9552021026611328
nCrZcmRoNZI,-0.5267,negative,0.7540770769119263,neutral,0.8533170223236084
4lg6cZmfpeM,0.0,neutral,0.7995191216468811,negative,0.6737580299377441
_iQsr3Z3Xx4,-0.5267,negative,0.6783766150474548,neutral,0.8633536100387573
_aWKftVlHac,0.0,negative,0.5041670203208923,neutral,0.888228714466095
jf6V2CYhKvc,0.0,neutral,0.5598446726799011,neutral,0.58827143907547
kaxFSYlqKlc,-0.5267,negative,0.5456461310386658,positive,0.6133880615234375
1ac9wj2ZVRM,-0.2732,neutral,0.7595717906951904,neutral,0.8626902103424072
zxBchA7mrLE,-0.25,negative,0.5147998332977295,negative,0.574029266834259
gpu4-GBgsBQ,-0.4404,negative,0.8058972358703613,neutral,0.7806555032730103
helPavwg0-c,-0.5267,neutral,0.6538017988204956,neutral,0.763909637928009
CPj_Gk3FlH0,-0.4588,negative,0.6311408281326294,neutral,0.912558376789093
upXofFy8xrE,-0.3182,negative,0.7772141695022583,neutral,0.772100031375885
E5a7CV8U6vM,0.0,neutral,0.5789607763290405,negative,0.5068979263305664
2Q_FGJJWNHI,0.128,neutral,0.9236884713172913,neutral,0.5703768730163574
EZcSWCfbB-c,-0.3182,negative,0.8602748513221741,neutral,0.7672420740127563
NuDmm39p4wk,0.0,neutral,0.6100019216537476,neutral,0.5337949991226196
AUgQ3Mq6oeo,0.0,neutral,0.8997859358787537,neutral,0.9036035537719727
z6Vo5uav9as,-0.7906,negative,0.5818437337875366,neutral,0.6197341680526733
4w62eh7WTNA,-0.0516,neutral,0.8021026849746704,neutral,0.6675077080726624
JE2YphT9UAU,0.0,neutral,0.9446901679039001,positive,0.5741878151893616
erc2WSYRQHw,-0.25,neutral,0.919224739074707,neutral,0.8051497340202332
VypJ9ntnJps,0.0,neutral,0.8187278509140015,neutral,0.8795072436332703
Z4I72iI5MHY,0.0,neutral,0.7200562953948975,positive,0.8841423988342285
Zo913kHDoEo,0.0,neutral,0.9163788557052612,neutral,0.8804712295532227
NjBi93thNFo,0.5994,negative,0.5751524567604065,neutral,0.8607128262519836
Yqfvka7QDO4,0.0,negative,0.7810555100440979,neutral,0.8239690661430359
W9FgIN-Kijo,-0.5267,neutral,0.6690006256103516,negative,0.5573054552078247
QKwrhnh3Hj0,0.0,neutral,0.7689879536628723,neutral,0.9140111804008484
PHWEhGeCXaM,0.0,neutral,0.8353923559188843,neutral,0.8435694575309753
A1IDYHEdZpE,-0.5574,negative,0.7635642290115356,neutral,0.5322456955909729
jOeDnvxYgIw,0.4215,neutral,0.9102455377578735,neutral,0.5797212719917297
929viHEzCEY,0.4404,neutral,0.6307922005653381,negative,0.5239110589027405
hOkKkH23pi4,0.0,neutral,0.8456977009773254,negative,0.6406821608543396
3hybkzCWb_w,-0.4019,neutral,0.8086158037185669,neutral,0.7875986695289612
QHOK_9hWU5U,0.0516,neutral,0.5167443156242371,neutral,0.7128459811210632
65q8J3Q8MlU,-0.6486,negative,0.5022611021995544,neutral,0.927008330821991
2rpkwnVgPNU,-0.34,neutral,0.8406316637992859,positive,0.5597190856933594
AhYRHif-U8I,-0.5267,negative,0.5547212958335876,neutral,0.7983196377754211
UAWhOE1PEuY,0.0,neutral,0.8744385838508606,neutral,0.8194080591201782
nbNXMx_xqs4,-0.5267,neutral,0.7321789860725403,neutral,0.9227145910263062
FLPLeig95M4,0.0,neutral,0.7346454858779907,neutral,0.6745461225509644
sqtVhQY27jc,0.0,negative,0.6331580877304077,neutral,0.7441899180412292
US0Rfav2qBA,0.6369,negative,0.6051864624023438,neutral,0.7172741889953613
Upz4oo4cDfg,-0.2732,neutral,0.675978422164917,negative,0.5872801542282104
4XTZbYtwZJQ,-0.5267,negative,0.7130246162414551,neutral,0.662539541721344
66vEd4bt9SA,-0.2023,neutral,0.8643534183502197,neutral,0.8562918305397034
dowVuV05xlo,0.4404,neutral,0.8789732456207275,neutral,0.8544600009918213
fjnu5pj1Ku4,0.0,negative,0.5115446448326111,negative,0.667395293712616
y7YPZxqJDYQ,-0.7783,negative,0.8738657832145691,neutral,0.49178627133369446
_m5twZSHvZ4,0.1779,neutral,0.5168971419334412,neutral,0.8373131155967712
evqRMVW7lvc,0.0,neutral,0.9003751277923584,neutral,0.9371762871742249
bntGdNFAAAw,-0.6124,negative,0.6235148310661316,neutral,0.5606571435928345
_7FWr2Nvf9I,0.0,neutral,0.6516069769859314,neutral,0.7875015139579773
K_qQuZkodNQ,0.0,negative,0.5459012389183044,neutral,0.8238029479980469
2qrpfHIpnqk,-0.5106,neutral,0.909525454044342,neutral,0.7629432678222656
m6U-5Hck5z0,0.0,neutral,0.8211023807525635,neutral,0.8879365921020508
ZiBaXCyObsg,-0.7717,negative,0.8623090386390686,negative,0.6576319932937622
UGYO28tOB7Y,0.0,neutral,0.8413786888122559,neutral,0.8816686272621155
qkfDYt-9W58,0.0,negative,0.5370922684669495,neutral,0.7751927971839905
1SZnybNvfFE,-0.7351,negative,0.8780332803726196,negative,0.8332968950271606
bh5DklX-N2Y,0.0,neutral,0.8683145642280579,neutral,0.9154303073883057
35Wi3Gm2OrQ,-0.5859,negative,0.5640600323677063,neutral,0.7578244209289551
8_fn-a5qmxY,0.0,neutral,0.9025867581367493,neutral,0.7624416351318359
rEFzB6Lb_DI,0.0,neutral,0.7888370752334595,neutral,0.8342554569244385
Msyp_dmsZRI,0.2732,neutral,0.7001577615737915,neutral,0.8751342296600342
PYZBxH4I_GA,-0.5267,negative,0.6289189457893372,negative,0.6396327018737793
mTqkygZ-Zsg,-0.34,neutral,0.9122331738471985,negative,0.5689852237701416
IKXoJ6UqsoA,-0.5267,neutral,0.8901568055152893,neutral,0.8939896821975708
cykveQsmO1M,0.0,neutral,0.5486471056938171,neutral,0.7951263189315796
Vuh2AeO7ziw,-0.296,neutral,0.6888077855110168,negative,0.7508270740509033
dayJDrRdTEY,-0.3182,neutral,0.5608718395233154,neutral,0.7571870684623718
_Zd75jXaBdA,0.4939,negative,0.8401315808296204,negative,0.6379760503768921
nVZZ1cUYAmw,-0.25,negative,0.6336127519607544,negative,0.5550298094749451
O1yOqtbWrdg,0.0,neutral,0.5168359875679016,positive,0.7387174963951111
FZAcHk1d000,-0.7184,negative,0.8617557287216187,neutral,0.832797646522522
XlJXKe4fcDE,-0.5267,negative,0.5619713068008423,negative,0.6965411901473999
WtgNCo4HRu4,-0.6597,negative,0.8121984601020813,negative,0.6955689191818237
ELntKgrMAzs,-0.6997,negative,0.7778026461601257,neutral,0.8471570014953613
tmQEBFYrEx0,0.0,neutral,0.8938970565795898,neutral,0.8866130709648132
a9YRQaIUNHY,0.0,neutral,0.8166947960853577,neutral,0.5118727087974548
AOwWXYfcrEc,0.4019,positive,0.5267562866210938,neutral,0.8673397302627563
GNI553Np__k,-0.2263,positive,0.9331139922142029,positive,0.6817923188209534
LU3afdtRCqE,0.0,neutral,0.8854976296424866,neutral,0.7342114448547363
N3zujKdhH0U,-0.5267,neutral,0.8600386381149292,neutral,0.7002334594726562
ExPt6yPfN_o,0.0,neutral,0.9166420698165894,positive,0.8364601731300354
QQkID_o8U3k,-0.8591,negative,0.8047767281532288,neutral,0.6678397059440613
AFPIZrd3iF8,0.3182,neutral,0.5997369885444641,neutral,0.9084820747375488
fbWq1FXdhtg,0.0,neutral,0.6982236504554749,neutral,0.8831398487091064
gyzbHFYs3pg,-0.8176,negative,0.5853390693664551,neutral,0.8773454427719116
DC9cojCs-nk,-0.2263,neutral,0.8044623136520386,neutral,0.49341467022895813
43diWYSoERw,0.0,neutral,0.490774929523468,neutral,0.4999992251396179
Emo_pQgwfkk,0.0,neutral,0.7860130667686462,negative,0.609828531742096
sO5h_M6dn6M,-0.4588,neutral,0.9209647178649902,neutral,0.6937617659568787
O9hF5Yo1_Rk,0.0,neutral,0.8524183630943298,neutral,0.673271894454956
3q1wOBVLJHw,0.0,neutral,0.7672976851463318,neutral,0.8985573649406433
WrZheAFpqLQ,0.0,neutral,0.8403611779212952,neutral,0.8422330021858215
qQbACnrgc2o,0.2732,neutral,0.6258271336555481,neutral,0.8294230699539185
YfJq1K20YZg,0.6486,neutral,0.8428846597671509,neutral,0.8209462761878967
oesJCQdkblQ,-0.5267,neutral,0.6538017988204956,neutral,0.7716362476348877
COAgIT61NjA,0.0,neutral,0.9373084902763367,neutral,0.8714435696601868
U_Pr7lS6zU0,-0.5106,negative,0.6508775353431702,positive,0.6137654781341553
Glwk8OskVAU,-0.5106,negative,0.6875818967819214,neutral,0.5804873108863831
RSu_XYXSgz4,-0.8442,negative,0.8050481081008911,neutral,0.6087493300437927
8emVCG1Jrnc,-0.2023,negative,0.6464307904243469,neutral,0.6275349259376526
r3rVGrTknIk,-0.7845,negative,0.7475804090499878,negative,0.5294332504272461
WN5u1T4iXF8,0.0,neutral,0.7409136295318604,neutral,0.7519797682762146
AaB-XNwi1PM,0.0,negative,0.5176260471343994,neutral,0.7997961044311523
HaSTzSIBgwg,0.0,neutral,0.8673549890518188,neutral,0.6230611205101013
LyZl8omsmn8,0.0,neutral,0.8875664472579956,neutral,0.9546061158180237
awLgMJeD0Os,0.0,neutral,0.768322229385376,neutral,0.7703883051872253
7e2dmzJd7yQ,0.0,neutral,0.8846526145935059,neutral,0.7531525492668152
7qlJMEUSSWU,-0.6908,neutral,0.7106565833091736,neutral,0.6522169709205627
RLAL0rAD1TM,0.0,neutral,0.7620235085487366,neutral,0.929399847984314
bF6ExHfRjqk,-0.6249,negative,0.8381462693214417,neutral,0.8838457465171814
Yb7YTarMtzI,-0.6486,negative,0.581066370010376,negative,0.5828169584274292
a_dMDE-BzNc,-0.5267,neutral,0.5209910869598389,neutral,0.8746349215507507
W-2LLrq4SdI,0.0,negative,0.6707221269607544,neutral,0.8124216794967651
xHoJbgl9h_w,-0.3182,negative,0.8403215408325195,neutral,0.91856849193573
oi1StXx1p5M,-0.5267,neutral,0.7259449362754822,positive,0.6154383420944214
bLOW1RvLQHo,-0.5267,neutral,0.7960387468338013,neutral,0.5376223921775818
JovkktIip0k,0.7096,neutral,0.7714443802833557,neutral,0.7152634263038635
m9F3ayPoDIA,-0.5267,neutral,0.7585078477859497,neutral,0.637690544128418
L4DkztDjlak,0.0,negative,0.531221330165863,neutral,0.7581074237823486
enyep7yAKxY,-0.34,negative,0.7505682110786438,negative,0.49344003200531006
OvPrhQ_0GfM,0.0,neutral,0.8166947960853577,neutral,0.5145431160926819
_VJG91FQpJ4,-0.2732,neutral,0.6626086235046387,neutral,0.7790442705154419
1Cylk43dcVs,0.0,negative,0.5898215770721436,neutral,0.572914183139801
yA4NgY3T6fA,0.0,neutral,0.7713075876235962,neutral,0.7549788951873779
qUxkONMfW6U,0.0,negative,0.8206009268760681,negative,0.8509409427642822
kgp_4ThZ7BE,0.0,negative,0.6398788094520569,negative,0.7401937246322632
trB06rINhKI,0.0,neutral,0.8291805386543274,negative,0.6467986106872559
Hs7UZ5y4L_8,0.4404,neutral,0.8829293251037598,neutral,0.7936873435974121
dz9oI7ugqRQ,0.0,neutral,0.90836501121521,neutral,0.9016327261924744
8XsaFuEXRV4,0.0,neutral,0.8034844398498535,neutral,0.8416597247123718
GtSQvYlLweM,-0.4019,negative,0.6014172434806824,neutral,0.8098161220550537
-4vb6UWhf3o,-0.4767,neutral,0.5314381718635559,neutral,0.831955075263977
utNYSivVlJ4,0.0,neutral,0.6220498085021973,negative,0.6763696670532227
agrl6P5mWT8,-0.5267,negative,0.5930708646774292,neutral,0.8794485926628113
wYDMTCqZ0XU,0.0,negative,0.8092993497848511,neutral,0.8614715933799744
isucCrzOh3M,-0.6597,neutral,0.521754264831543,neutral,0.7023215889930725
IvCDqvthiCo,-0.7717,negative,0.7973412275314331,neutral,0.7198342680931091
d-IZwugU6NE,0.2732,neutral,0.8266448378562927,neutral,0.8652801513671875
PkvDJm_4Pjo,-0.6597,negative,0.6655274033546448,neutral,0.8593271970748901
uhibVl0m8FM,-0.34,negative,0.5044915676116943,neutral,0.7653442025184631
G-WCG_T9-bo,-0.4939,neutral,0.6590425968170166,positive,0.8790310025215149
J0yqUUTiYLI,-0.7845,negative,0.889677882194519,neutral,0.555746853351593
VH9ukM11INY,-0.5267,neutral,0.6817948818206787,neutral,0.9146226644515991
4txKoYKYvHY,0.0,neutral,0.556979775428772,neutral,0.6744024753570557
WiM_VlEnFpw,0.0258,negative,0.8193161487579346,neutral,0.6554835438728333
6LFnQ56U7Jo,0.0,neutral,0.9242200255393982,neutral,0.8423101305961609
-J5rtcJlmz4,-0.5267,neutral,0.7164849638938904,neutral,0.9033908247947693
nsF1HczPhxE,0.0,neutral,0.9531779885292053,neutral,0.8900886178016663
tpRVWeMsoaE,-0.4588,negative,0.5134652853012085,neutral,0.8500156402587891
hcKWSqDbxUM,0.0,neutral,0.6515090465545654,neutral,0.7950742840766907
bRp_W-VGw5s,0.0,negative,0.7182781100273132,neutral,0.8802810907363892
indnwMwNF6w,0.0,neutral,0.6430589556694031,neutral,0.8842928409576416
lbZAJLeastk,0.0,neutral,0.5362659096717834,positive,0.6449561715126038
3cNmMygIcX0,0.6249,positive,0.5279259085655212,neutral,0.5815019607543945
vwV-rqMmQtE,-0.0772,neutral,0.8681766986846924,neutral,0.8815600275993347
QMb6f9EeBWs,-0.5267,negative,0.6849483847618103,negative,0.5391501188278198
dPKkBk_xpbs,-0.6808,negative,0.6573875546455383,neutral,0.7463071942329407
ZwfOZB9IWx0,-0.4019,neutral,0.6591587662696838,neutral,0.8478327393531799
uul5qjtDzEk,0.0,neutral,0.7980456352233887,neutral,0.8445695638656616
KPSu-Jolq4Y,0.0,neutral,0.5139650702476501,neutral,0.8560577034950256
9R5TvLCsN-E,-0.5994,neutral,0.8665705323219299,neutral,0.6441609859466553
M-0pk1MuWao,0.0,neutral,0.906409740447998,neutral,0.8713587522506714
0tCYt4VteJU,-0.5994,neutral,0.8566011190414429,neutral,0.7954441905021667
7LsYUfWL1Do,0.0258,neutral,0.8051131963729858,,
Y27t-yWgjGk,-0.296,neutral,0.6988244652748108,neutral,0.802825927734375
9YP5LBhiwL4,0.7096,positive,0.7775340676307678,neutral,0.7072317600250244
GArWVPo-86s,-0.3818,negative,0.4855363667011261,positive,0.8402324914932251
v-KrRplQZMI,0.7096,positive,0.9384890198707581,neutral,0.6441555619239807
oo3g6-JXGKk,0.0,neutral,0.7333405613899231,neutral,0.7986339330673218
8dEmoV0g-Aw,-0.5574,neutral,0.9245098829269409,positive,0.6507344841957092
GcL1ztrN42A,-0.7906,neutral,0.5588815212249756,neutral,0.7698990702629089
CeVqt1Umiko,0.0,neutral,0.867283046245575,neutral,0.6654101610183716
k7dK3Qd4Xsg,0.0,neutral,0.7229037284851074,neutral,0.7411571741104126
MSs5PsapMYY,0.0,neutral,0.8813287019729614,neutral,0.8778973817825317
TCs-nVQcn5g,0.0,negative,0.5286048650741577,negative,0.8370494842529297
eAiTFdiCeuM,0.0,neutral,0.8861342072486877,neutral,0.78802490234375
bivSQ1zd9y8,-0.6597,negative,0.7804203033447266,neutral,0.827643632888794
itpMqWZdNC8,0.3724,neutral,0.690243661403656,neutral,0.594300389289856
y-w6caES8Fs,0.0,neutral,0.8439187407493591,neutral,0.593535840511322
6cHMzWTBDxU,0.0,neutral,0.7759369611740112,neutral,0.8814166784286499
JHfA_1bey0A,0.4939,neutral,0.8544062376022339,neutral,0.7849078178405762
o0qW954JGJo,0.0,neutral,0.6362717747688293,negative,0.6624910831451416
gqZ361LFN-E,0.0,neutral,0.7030801773071289,neutral,0.9096871018409729
cR00neuasbU,-0.4939,negative,0.8551868200302124,neutral,0.5931282043457031
MBKolZ7Fb8Y,-0.7845,negative,0.9072105884552002,positive,0.9829816222190857
C6kisopf54M,-0.5267,neutral,0.7825244665145874,neutral,0.84308260679245
tJgwZa3IxPw,-0.7783,negative,0.6152535676956177,neutral,0.5934274196624756
rG5WbN_0z2M,0.0,neutral,0.723005473613739,neutral,0.8599834442138672
XQ1cJrGXe2k,0.0,neutral,0.883354127407074,neutral,0.6739810109138489
pBEH8appK-Q,-0.5267,neutral,0.5490252375602722,neutral,0.7475705742835999
xqeIRi3XDo8,0.0,neutral,0.7102922201156616,neutral,0.8449150323867798
2ut4HYHkLjQ,0.0772,negative,0.6989943981170654,negative,0.5076315999031067
MvjEB9-nxp4,0.0,neutral,0.8547301292419434,neutral,0.8621914386749268
TQA6Z_g8gdw,0.2732,negative,0.6069337725639343,negative,0.6874836683273315
64WkVkjkTYI,-0.5267,negative,0.6164799928665161,negative,0.7710376977920532
TTb31HVYil0,0.5267,positive,0.5689933896064758,neutral,0.6246247887611389
ZdKc808GJMg,-0.3182,neutral,0.823294460773468,neutral,0.7901021838188171
sr8n7Cos4a8,-0.34,neutral,0.5348048806190491,positive,0.6893748641014099
KYwbmcbtibA,0.4404,neutral,0.8807235956192017,neutral,0.5466453433036804
XJgX20S0Zdg,0.0,neutral,0.7643073797225952,neutral,0.5238257050514221
kBZNFhbKqsc,0.0,neutral,0.9428901672363281,neutral,0.6090711951255798
Ty5XsUhB7J8,0.0,neutral,0.8452242612838745,positive,0.49939003586769104
I8NVVgg9v-U,0.0,neutral,0.7664062976837158,neutral,0.7700713872909546
Zxi--4N8CBY,0.0,neutral,0.8652213215827942,neutral,0.7644419074058533
LjBDr_Pr2jE,0.0,neutral,0.6920806169509888,positive,0.5300788879394531
0x_uz2_a11k,0.5719,positive,0.6551677584648132,neutral,0.696466326713562
4eJ0mUDu7pE,0.128,neutral,0.6365180015563965,negative,0.5499340295791626
7pZMqFF6iNs,0.0,neutral,0.8806948661804199,neutral,0.8528866171836853
VvkeuA_a3bw,0.0,neutral,0.8120607733726501,neutral,0.8353942632675171
NFpCcis1GFQ,0.0,negative,0.8334974646568298,neutral,0.8793346285820007
bD9U9bQUlSs,-0.5267,neutral,0.9242826104164124,neutral,0.9191706776618958
0S6XHbIokh0,0.0,neutral,0.8991824388504028,neutral,0.867277204990387
JgsRzTxzC0U,0.0,neutral,0.6843873262405396,neutral,0.7658669352531433
WtfXRED2Jhs,0.2023,neutral,0.9033834338188171,positive,0.7792160511016846
dAuBM_7-e9g,-0.4019,negative,0.5887578725814819,neutral,0.8689446449279785
DwVIvmhdzdc,0.0,neutral,0.8747503161430359,neutral,0.8998900055885315
5oWlfEidpf4,-0.5106,negative,0.6828508973121643,neutral,0.781575083732605
gRGe-jXs2is,0.0,neutral,0.8627054691314697,neutral,0.7516946792602539
5uFJ60An5k8,-0.7269,negative,0.8391202688217163,positive,0.5147196650505066
JV4QnalowwE,0.0,neutral,0.7979040145874023,neutral,0.7947572469711304
-Rd3leXFcmI,-0.128,neutral,0.9004011750221252,negative,0.6018659472465515
G9p4yt8XjVM,0.0,neutral,0.8530591130256653,neutral,0.7825110554695129
aYk0bu-npso,0.0,neutral,0.8890025019645691,neutral,0.830937385559082
TU3i4hjAmVk,0.0,neutral,0.8753936290740967,neutral,0.7595022320747375
8m1VBksxDyU,-0.6249,negative,0.8101897835731506,neutral,0.6170248985290527
76yMhwUfoys,0.0,neutral,0.9274558424949646,neutral,0.8067593574523926
jtlAL-lKHnE,0.0,neutral,0.6964460611343384,neutral,0.585016667842865
XM_Gh_vP1mg,-0.4939,negative,0.7066792249679565,neutral,0.8400982618331909
HCKFP4aFMwI,-0.5267,neutral,0.745162308216095,neutral,0.8191095590591431
LStlxxFONAw,-0.5859,neutral,0.6284520030021667,neutral,0.6730818748474121
Wz2LISfMBo4,-0.4215,neutral,0.7164434790611267,neutral,0.5898010730743408
K4K7DVBzZ54,-0.6249,negative,0.7306571006774902,negative,0.7282758951187134
So2AExCMzlo,0.0,neutral,0.9010497331619263,neutral,0.7612487077713013
KS456ruZV1M,0.0,neutral,0.9177248477935791,positive,0.7956182360649109
_wZHyq8iO3o,0.0,neutral,0.6466343998908997,neutral,0.6799581050872803
XoN8rPagleA,0.0,neutral,0.829196035861969,neutral,0.8546457886695862
FzuWSWK4vuc,0.0,neutral,0.6667206883430481,neutral,0.5895333290100098
4BrtBmhhohE,0.0,neutral,0.5612031817436218,neutral,0.6431005001068115
MUoe_kyrvqk,0.0,neutral,0.8639336228370667,neutral,0.6099939942359924
aRjYB7le0sw,0.0,neutral,0.9015834927558899,neutral,0.7827647924423218
lNB1qd6qnC0,-0.3612,negative,0.5949643850326538,neutral,0.7744107246398926
8TRkocc3Dig,-0.2732,neutral,0.6549038887023926,neutral,0.9332300424575806
gHDhSWvHNm8,0.128,neutral,0.4877149760723114,neutral,0.8377723097801208
cGfg-WnkXto,0.0,neutral,0.7835846543312073,neutral,0.869813084602356
3UPRNh_6zLk,0.0,neutral,0.8650004267692566,neutral,0.7962556481361389
zPtpAGM-9us,0.5859,neutral,0.9033927917480469,positive,0.7543114423751831
cR5H-tlTtY0,0.0,neutral,0.7731540203094482,neutral,0.8110587000846863
swHsbunOGH4,-0.2732,neutral,0.5635428428649902,neutral,0.8456960320472717
kQ4AaIGxLxs,-0.6369,negative,0.7327662110328674,negative,0.5693738460540771
UG9ao9fY75c,-0.5267,negative,0.5410770773887634,neutral,0.5521880388259888
Y_YHbOwR_Rc,0.0,neutral,0.8335363268852234,neutral,0.876823365688324
n-DO-tE7dsk,-0.3612,negative,0.791302502155304,negative,0.5006414651870728
-2L-5UAya1U,0.4767,positive,0.5067476034164429,neutral,0.8572952151298523
bROze9AMwic,0.0,neutral,0.49915558099746704,negative,0.5268810391426086
YPe0m28Glcs,0.0,neutral,0.865818202495575,neutral,0.6940351128578186
SCTRWU_Gnao,0.0,neutral,0.8263640403747559,neutral,0.8230076432228088
IgbhDwzRAgs,-0.4767,negative,0.9104219675064087,positive,0.5802649259567261
MnwqxJiK5S8,0.0,neutral,0.6612457633018494,neutral,0.6876341700553894
rZWf48jSvXQ,0.0,neutral,0.88221275806427,neutral,0.8261746168136597
JY79KL3Hb3U,-0.5574,negative,0.7547364830970764,neutral,0.6265638470649719
eTNkFfkxGjM,-0.5574,negative,0.8262574076652527,negative,0.5782009363174438
jrkhRR7WtJQ,-0.5994,negative,0.5564420819282532,neutral,0.7352030873298645
oCKa4OVh5-s,0.0,neutral,0.7702312469482422,neutral,0.7665690183639526
-jdCgct6fAk,-0.6124,negative,0.8219906687736511,neutral,0.6161310076713562
kdLZpUfgjms,0.0,neutral,0.548409640789032,neutral,0.939449667930603
jG441JLC4Ak,0.1027,neutral,0.5677527785301208,neutral,0.6876675486564636
kmAwfo-9IWk,0.2732,neutral,0.6444255113601685,neutral,0.7247496843338013
7bZddpx8dtM,-0.5267,neutral,0.8062700629234314,negative,0.6063680648803711
06AfpZf3BzU,-0.4767,negative,0.8096339702606201,neutral,0.6760138869285583
_NGnOCVS16A,-0.5267,neutral,0.8277814984321594,positive,0.5471838712692261
a88OIG_JOcY,0.0,neutral,0.7022667527198792,neutral,0.7922112941741943
pACjrL78K8A,0.0,neutral,0.8506075143814087,neutral,0.8277459740638733
XsMC3X62n4c,-0.4404,negative,0.8090962767601013,negative,0.5039992928504944
-A8URYUNKeo,0.0,neutral,0.8598516583442688,neutral,0.7784704566001892
4Ao0uncWqXc,0.2732,neutral,0.9449167251586914,neutral,0.7596701979637146
85GRWClyY10,0.0,neutral,0.7887320518493652,neutral,0.7833913564682007
mxvQdjdKP78,0.0,neutral,0.8608419895172119,neutral,0.8260867595672607
ecgeJhg_JYI,0.0,neutral,0.894817590713501,neutral,0.9344383478164673
vba3lIDdYbw,-0.4215,neutral,0.7496281266212463,neutral,0.736830472946167
4zMV4cLz05Y,0.0762,negative,0.6002019047737122,neutral,0.7858450412750244
H46eprnYcuY,0.0,neutral,0.7483804225921631,neutral,0.5775195956230164
8ziJwXOVBSw,-0.5267,negative,0.5410770773887634,neutral,0.5521880388259888
-bd6bTRppyc,-0.5267,neutral,0.6805278658866882,neutral,0.8694441914558411
Acgxebewi8s,-0.128,neutral,0.502358078956604,neutral,0.8803614974021912
8wwsKTew_v8,0.0,neutral,0.7879180908203125,neutral,0.8721721172332764
jdIBQgHM1os,0.0,neutral,0.8196892738342285,neutral,0.9480542540550232
9UPJByp9Zv8,0.0,neutral,0.757501482963562,neutral,0.6488954424858093
R8l4jXVlPYw,-0.5267,negative,0.552487850189209,negative,0.5000379085540771
CgbPg5jyg3c,0.0,neutral,0.5118175148963928,neutral,0.6016317009925842
s1hpnHgEEWQ,0.0,neutral,0.9097760319709778,neutral,0.7938681840896606
L6n9X6bKpms,0.3182,neutral,0.898535966873169,neutral,0.7678312063217163
kbgyuK_FP-c,0.0,neutral,0.9404350519180298,,
JTfhYyTuT44,0.0,neutral,0.7767061591148376,negative,0.7941960692405701
qWMW-LKgXVc,0.0,negative,0.6480104923248291,neutral,0.5815330743789673
WThso-fI0sQ,0.0,neutral,0.8315604329109192,neutral,0.8105593919754028
8khVKFGHnhI,-0.2732,negative,0.735227108001709,neutral,0.7198489904403687
Xwdkng6ZGp8,-0.5106,neutral,0.7843467593193054,neutral,0.5643234848976135
T-OuspyohIk,-0.4404,negative,0.6202352643013,negative,0.5304503440856934
wxC5by-Vvko,0.0,neutral,0.6221227049827576,neutral,0.8759264945983887
gUao4-Z2ML8,0.0,neutral,0.6816903948783875,neutral,0.8468767404556274
Kg5-8eIX9k0,0.0,neutral,0.551217794418335,neutral,0.7256628274917603
TsfBczc7bS0,-0.296,neutral,0.8596705794334412,neutral,0.8011084794998169
edAzGFOmV3o,0.0,neutral,0.5790883898735046,neutral,0.5527409911155701
J0J6Yn7V-rk,0.0,neutral,0.5741835832595825,neutral,0.7371792793273926
pNPwQzeVd_E,0.0,neutral,0.8997951745986938,neutral,0.8150835037231445
ziw4bBGEFLg,0.128,neutral,0.9222584962844849,positive,0.7613240480422974
0A0lIfomTP8,0.0,neutral,0.9372543096542358,neutral,0.9271963834762573
vwhwg0uS7xU,0.0,positive,0.4012986123561859,,
YDBhkvHshJY,0.0,neutral,0.5916931629180908,,
_M0c_sbHZeo,-0.5859,negative,0.7582876086235046,neutral,0.694342315196991
j25NHPw8bik,-0.6124,negative,0.8500725626945496,neutral,0.8345003128051758
89NP0NXU6l4,-0.7717,negative,0.5810614228248596,neutral,0.7854240536689758
FVTe7dvMUso,-0.4588,neutral,0.7190418243408203,neutral,0.7371792793273926
yezsgWbVZ30,0.0,negative,0.6657949686050415,neutral,0.8212724924087524
3e6jfa6jzp8,0.34,neutral,0.8970827460289001,neutral,0.7660403251647949
Tc27HJLU5xg,-0.3252,negative,0.8157032132148743,neutral,0.6961546540260315
9jf_HZUxauY,0.5574,neutral,0.8822187781333923,neutral,0.9413526654243469
OiJvRykl1GI,0.0,neutral,0.7456649541854858,neutral,0.9496526122093201
aUHRm6EYiBU,-0.0516,neutral,0.5170893669128418,neutral,0.7425193190574646
OVJxZLIpcfc,0.0,neutral,0.8108742833137512,neutral,0.5981048941612244
aoJEBw-c3TE,0.0,neutral,0.6916119456291199,neutral,0.7173871397972107
PPQ-zSjHOeY,0.0,neutral,0.8667563796043396,neutral,0.7454963326454163
lrTNaOpfHa8,0.3612,neutral,0.7951866984367371,neutral,0.8670343160629272
c85qXebXi1Q,0.0,negative,0.48994380235671997,positive,0.5363116264343262
kceNRZvsJWE,0.0,negative,0.4880531132221222,positive,0.7182442545890808
w2x4LLrjTpY,0.0,neutral,0.8228660821914673,neutral,0.7133982181549072
B3YpQGrRioI,0.0,neutral,0.8177496194839478,neutral,0.5546759366989136
rXVCUpuvn0w,-0.7003,neutral,0.6908279061317444,neutral,0.7628462910652161
2Sim0oAZL98,-0.6249,negative,0.803252100944519,neutral,0.5643447637557983
FWhXEG4OS64,0.2235,negative,0.5456842184066772,negative,0.5607724785804749
3wgEvNw-YQA,-0.7184,negative,0.5676444172859192,neutral,0.5882925391197205
OHxhYKoHfug,0.0,neutral,0.9261060953140259,negative,0.5894871950149536
XOhcrio_5Bc,0.0,neutral,0.9048629403114319,neutral,0.8225914835929871
PLYVpq99s2A,0.0,neutral,0.7781020998954773,positive,0.9348172545433044
_UADcU9JtvA,-0.1779,positive,0.7096672654151917,positive,0.6739087104797363
YwzxJNhbLGk,0.0,neutral,0.9445892572402954,neutral,0.9256671667098999
ra_C49I91sk,0.0772,neutral,0.6232478022575378,neutral,0.6991727948188782
jAKw_NCFEgM,0.0,neutral,0.6261812448501587,negative,0.7965632677078247
58gqjne-gi4,0.0,positive,0.5424380898475647,neutral,0.44835489988327026
3szve4NWl3I,-0.5267,negative,0.9213458299636841,negative,0.7623704671859741
1xWjmXu05us,0.0,neutral,0.7026841044425964,neutral,0.5453399419784546
xUEUT_vI4VE,-0.5267,negative,0.8698000311851501,neutral,0.7506728172302246
faAzjGWaBjY,0.0,neutral,0.6976209878921509,neutral,0.8635944128036499
TESRV38mDc0,0.0,negative,0.6785755157470703,neutral,0.6726369857788086
2aPZ4i7vk-8,-0.25,negative,0.7550954222679138,neutral,0.6590323448181152
wJWj8ajMEHk,-0.7906,negative,0.6603624224662781,neutral,0.5337238311767578
Ojl_LI4Em90,0.0,neutral,0.9016319513320923,neutral,0.5430508255958557
Esx2CH5tkxE,-0.34,neutral,0.6842581033706665,neutral,0.6240233778953552
AXH_TufIw8A,0.0,neutral,0.8201269507408142,neutral,0.7795569896697998
NIfz61nZf44,-0.5267,neutral,0.5222974419593811,neutral,0.7690967917442322
8OiXdZMd9r8,0.0,negative,0.5698123574256897,negative,0.8495159149169922
bbRZ9n1jj9M,0.3182,neutral,0.5998887419700623,neutral,0.7550079822540283
EfU6Wsbzuq8,-0.6808,negative,0.6045056581497192,neutral,0.9202739596366882
yjSD6GpWTuM,0.0,negative,0.5323430895805359,negative,0.7687320709228516
YO4GRfoNjHY,0.0,neutral,0.885453462600708,neutral,0.7316092252731323
r91n-dQPots,-0.7579,negative,0.7429600954055786,neutral,0.9127383232116699
vA3DXtRgOpo,-0.1027,neutral,0.9160809516906738,,
kHT9u4VNuaw,0.0,neutral,0.7926774024963379,,
10QaoZjRINw,0.2732,neutral,0.5873028039932251,neutral,0.8689950108528137
kx8Iez5OTOE,0.0,neutral,0.9102032780647278,neutral,0.9257070422172546
hWy5W3IZ0LQ,0.0,neutral,0.9287689924240112,,
vS1KduGFM5Y,0.4939,neutral,0.8599755167961121,neutral,0.7635233402252197
EuuzTkedQLg,-0.0772,neutral,0.717415452003479,neutral,0.8712847232818604
aLooeL6KzJQ,-0.7184,negative,0.8436154723167419,neutral,0.7450149059295654
HlDur6kzAuE,0.4588,neutral,0.5877528786659241,neutral,0.8130289316177368
c7B9iAceZjY,0.0,negative,0.5584753751754761,neutral,0.8448184728622437
CM4W7UKrcTI,0.0,neutral,0.7373895049095154,neutral,0.5269252061843872
bWerC0cNUOc,0.0,neutral,0.9318112134933472,,
r7W15dHwAWU,-0.8176,neutral,0.5040751695632935,neutral,0.8904527425765991
Cyj32KXwLxk,0.0,neutral,0.9500218033790588,neutral,0.8931456804275513
re7fKhkPxLY,0.2732,negative,0.7967158555984497,neutral,0.8905376195907593
PmgdnJPjwX8,-0.7902,negative,0.8623508214950562,neutral,0.769347071647644
w6uc8n9Xga0,0.0,neutral,0.9300577044487,neutral,0.7186976671218872
0NtCVpuSaog,-0.296,neutral,0.49963656067848206,,
mhJCYHDUedA,0.0,negative,0.5175243616104126,negative,0.7451246976852417
mEmIepbEph0,0.0,neutral,0.9273496270179749,neutral,0.8908259868621826
zmdlDNUprus,0.0,negative,0.6283220052719116,positive,0.7203547954559326
37tJpnMVYQk,0.6249,neutral,0.5206621885299683,neutral,0.6282486915588379
HYQZxRtK1HA,-0.5267,negative,0.6736078858375549,negative,0.6488944292068481
FA6mZciSX4s,0.0,neutral,0.9001583456993103,neutral,0.8185009956359863
WJywMP9JN8M,0.0,neutral,0.6761574149131775,neutral,0.5275526642799377
CRE4ImMk0c4,-0.7585,negative,0.8783525228500366,neutral,0.9034839272499084
r_vn5oczs_I,0.0,neutral,0.4941396117210388,,
sJMwWDW8YmU,0.0,neutral,0.7450608015060425,neutral,0.8628405332565308
lueIx97K0wo,0.5859,positive,0.9852834939956665,,
vFHzrmk5Md0,0.0,neutral,0.8767054677009583,neutral,0.5499559640884399
1QbEcG8O-L8,0.0,neutral,0.8083140254020691,positive,0.6972857713699341
DUQ5OTeQQBY,-0.8271,negative,0.8028770685195923,negative,0.5260202884674072
DqscTbrubT4,0.0,neutral,0.8910470008850098,neutral,0.8938291668891907
PAxSkA1UDOI,-0.6597,negative,0.9077387452125549,neutral,0.5351645946502686
hnY09j2MpHc,0.0,neutral,0.9099555611610413,,
lpgyxvwbAxo,0.0,neutral,0.8653539419174194,neutral,0.6495049595832825
yTSR6jGw54U,-0.5423,negative,0.7576213479042053,neutral,0.5232999324798584
ut_X1yRk7bM,0.4767,neutral,0.9026492834091187,neutral,0.5317918658256531
CpfvjOIot0A,0.4404,neutral,0.7165394425392151,neutral,0.7633687853813171
5UnjpqF1MqM,0.0,neutral,0.8585379123687744,neutral,0.7051282525062561
PncG8DHMftw,0.34,negative,0.4922892451286316,neutral,0.8937697410583496
eriefCfe66A,0.6249,positive,0.5239607095718384,,
0ZC96TGAuHk,0.0,neutral,0.8133842349052429,neutral,0.6990981101989746
fpHrTuNWHTU,-0.5267,negative,0.5058168768882751,negative,0.7584371566772461
sPQ2ZVwCdps,-0.8591,negative,0.8047767281532288,negative,0.7005324959754944
TRxw2oKj8hQ,0.6808,neutral,0.7499227523803711,neutral,0.7328071594238281
OeMqkX9Gdcg,-0.4939,negative,0.7464443445205688,neutral,0.8702942728996277
oVnrLmNOCg4,0.0,neutral,0.9073644280433655,neutral,0.4935917854309082
ILAMhJHJthA,-0.5994,negative,0.6050420999526978,neutral,0.7709156274795532
BbJLNF1Fe8w,-0.8271,neutral,0.6184479594230652,,
tREt3GqzPf0,0.0,neutral,0.7851037383079529,,
vczSiTZj3dA,0.0,neutral,0.8097259402275085,neutral,0.5932179093360901
UYkFgodiVVw,0.4019,positive,0.8998953104019165,,
Q75Bw-9StBA,-0.5267,neutral,0.6290056705474854,negative,0.6653871536254883
mCOZLjgoyWQ,0.0,neutral,0.8524014353752136,,
qWINdmTIGXw,0.5719,positive,0.9504591226577759,,
BHA7JPF6qZw,0.0,neutral,0.730351984500885,,
IwSS5e9Tk2c,0.0,neutral,0.8657357692718506,neutral,0.9245983362197876
KjH_EFfq5jk,0.0,neutral,0.8564750552177429,,
uzACSoeg_9w,0.0,neutral,0.939860463142395,neutral,0.9129871129989624
vPQUIdQZc34,0.0,positive,0.6823960542678833,,
_-FZH34phsI,0.0,negative,0.8233667016029358,negative,0.9202042818069458
1l82kK6PUio,0.0,neutral,0.8918347954750061,,
F6b1KK2EZbY,0.0,neutral,0.7362437844276428,neutral,0.6272541284561157
cLtCA7_5m1s,0.0,neutral,0.9086198210716248,neutral,0.7899870872497559
L5B2GUPEjso,0.0,neutral,0.8619025349617004,,
3uNDIMhGTFc,0.0,positive,0.7084258794784546,,
X2trxAHMHhg,-0.5994,negative,0.5401484370231628,neutral,0.8839348554611206
y3p-Wk_EU5c,-0.3612,negative,0.9040424227714539,neutral,0.6267320513725281
xcw3SMfwp80,0.0,neutral,0.8875592947006226,,
5ETdaWoLVgE,-0.4215,neutral,0.5439870357513428,,
pfjhBFClEJE,-0.5106,neutral,0.5982541441917419,neutral,0.7060753107070923
uOh--VauDcA,0.0,neutral,0.7604959607124329,,
aMAjDYyUoEM,-0.2732,negative,0.5894076228141785,negative,0.5563154816627502
mL29osNOUwc,0.1027,neutral,0.9462265968322754,neutral,0.9462265968322754
xxrEBbvYfxI,0.0,neutral,0.8855603933334351,positive,0.6981688737869263
QBm89zfvWNs,-0.4019,neutral,0.9574443101882935,neutral,0.7868672013282776
tELpmrNJYDI,-0.6249,negative,0.7756220102310181,neutral,0.705138623714447
hS8NK_tUyNk,0.0,negative,0.5948596000671387,negative,0.4961588382720947
lHhhuNDPzpY,-0.5719,negative,0.7486251592636108,negative,0.8364598155021667
EHgRNW7u5Ec,-0.296,neutral,0.7248529195785522,,
X2eWeJvH3Ls,0.0,neutral,0.7148114442825317,neutral,0.7863308787345886
4yjpDzkMhe0,0.0772,neutral,0.7948987483978271,,
dB2_XplN2jo,0.0,negative,0.7510693073272705,negative,0.5952460169792175
45tB9LUgEy0,0.0,neutral,0.7948262095451355,negative,0.49934014678001404
Cy1WH3hE9k4,-0.0516,neutral,0.4055592715740204,,
QKZQEGju2u8,0.0,neutral,0.4866158962249756,neutral,0.7590545415878296
HZhQLnREEE0,-0.3182,negative,0.7402769923210144,negative,0.7763729691505432
QIo88M1aTRI,0.0,neutral,0.919675350189209,neutral,0.9278687238693237
gua3hHTQ48w,0.2263,neutral,0.931952953338623,neutral,0.7379672527313232
tiLohKh2Ljo,-0.6908,negative,0.9294882416725159,negative,0.933874785900116
-RSnc2yqYEE,0.0,neutral,0.6595118045806885,positive,0.5367857813835144
a66J9QCUw-A,-0.3182,neutral,0.8488863110542297,neutral,0.7933276295661926
s6X7TF8Fg5U,0.0,neutral,0.8884555697441101,,
wfuLm5NusB8,-0.5267,negative,0.5219154953956604,negative,0.6992068886756897
mKr4k6WApGM,-0.6908,negative,0.503682017326355,neutral,0.88434237241745
ey6_GU4ghss,-0.8402,negative,0.5900506973266602,neutral,0.7403575778007507
xE2g7mox3pU,0.4404,neutral,0.909834623336792,neutral,0.909834623336792
APsbyVunOnY,0.0,neutral,0.7774026989936829,neutral,0.6895225048065186
gJORU1Z-J_M,0.0,positive,0.9229814410209656,,
S2EcB90wcBg,-0.5994,negative,0.7367424368858337,neutral,0.7450149059295654
w9pW91m2cJQ,-0.5719,negative,0.8414111733436584,neutral,0.6818370223045349
QUBYeYwrtSI,0.0,negative,0.7566370964050293,positive,0.4877072274684906
umLUtRFSep0,0.4767,negative,0.44573718309402466,,
unvD8SlzowU,0.0,negative,0.7554998397827148,,
lQIbtKFq5Bg,0.0,negative,0.5028852224349976,negative,0.8431863188743591
cbLXUqQIT1Y,0.0,neutral,0.886947751045227,,
um_Xa0ncwfE,0.0,neutral,0.9575498700141907,neutral,0.6687200665473938
J0iT84BhL2w,-0.6486,neutral,0.8469353914260864,neutral,0.6102587580680847
ztGJDkMRQsI,-0.4754,negative,0.7162594199180603,,
Tk1Zx06Axik,0.0,neutral,0.7998632788658142,,
iffeR6GvLs4,-0.836,negative,0.8497000932693481,neutral,0.534254789352417
IShgst8QR1E,-0.6908,negative,0.8232342600822449,negative,0.6910605430603027
c5S9CSXo-Oc,0.0,neutral,0.8569594621658325,neutral,0.9207266569137573
Ca2DSsuE7jI,0.0,neutral,0.6480876207351685,neutral,0.7078157663345337
FUAKjmAZAuA,0.0,negative,0.6013574600219727,negative,0.5748364925384521
KeJHlZsbimQ,-0.2732,negative,0.7470809817314148,negative,0.5495722889900208
22d6tRXxVeg,0.0,neutral,0.9276653528213501,neutral,0.9301809668540955
r_CAu6OAv6o,0.0,neutral,0.7631250619888306,neutral,0.9580975770950317
5mCRU21yEN8,0.5859,neutral,0.7396997213363647,,
Nc5mRzEARgw,-0.3182,neutral,0.7791699171066284,negative,0.657006561756134
PzJFhcwQXe4,0.0,negative,0.845564067363739,,
3e4AOydSGTw,-0.4215,negative,0.7978754043579102,,
vNzKs-0WzR4,0.0,neutral,0.7578782439231873,,
CfJPtfP8XZw,0.0,neutral,0.8472437858581543,,
I-2Cnc0KNMk,0.0,neutral,0.8043763637542725,,
zlZEZ0goYBM,0.0,neutral,0.7636546492576599,neutral,0.6737632155418396
NwVakRYvOi0,0.0,neutral,0.7381402850151062,,
G1d18WNBqVo,0.0,neutral,0.879862368106842,,
eqpNj_baN4o,0.0,neutral,0.9138302206993103,,
ucYK4nFGQT0,0.0,neutral,0.8967697024345398,,
hLoXJX-aipQ,0.0,neutral,0.7685414552688599,neutral,0.6737632155418396
ip6Rd91qV4g,0.0,neutral,0.724882185459137,,
yOgMiM1hdS0,0.0,neutral,0.8298051953315735,,
tAh9YGi0P-0,0.0,neutral,0.9299283027648926,,
q3M7n4Y2teA,0.0,neutral,0.9367644786834717,negative,0.712402880191803
D1XaGl3hy7E,0.0,negative,0.5112994313240051,,
9LHg6MITLTU,0.0,neutral,0.9496821761131287,,
QuaaZt42wOE,0.0,neutral,0.6892913579940796,,
3MsNqJDz7TE,0.0,neutral,0.8914754986763,,
NQtbKRCX7Tc,-0.3182,neutral,0.8326628804206848,,
cABXgDC4Byo,-0.296,neutral,0.6161209940910339,,
uW6UKCNE0Qw,0.0,neutral,0.690049409866333,,
t_z8oUef7VY,0.0,neutral,0.8813943266868591,,
OB7gNxZnSuw,0.4939,negative,0.7991122603416443,negative,0.6589266061782837
4p5HZkZV1gQ,0.0,neutral,0.8888711929321289,neutral,0.868291437625885
JVp3AqoJ6RI,0.0,neutral,0.9174131155014038,,
HqUgMGx1o3g,0.0,neutral,0.7588179111480713,neutral,0.7665948867797852
fIA0Tpm7yM4,0.0,neutral,0.7344310879707336,,
vhH47qld6IA,-0.5267,neutral,0.8220780491828918,neutral,0.7720710635185242
Cfd4xCXO9C8,0.0,neutral,0.850561797618866,,
b58A760T4ws,0.0,positive,0.5692753195762634,neutral,0.5554783344268799
O0oJ6rDCcaA,0.0,neutral,0.8359197974205017,,
EFGaB21am0s,0.2716,neutral,0.699821949005127,,
vCJYVL6QWPE,0.6486,neutral,0.8915886282920837,positive,0.9538542032241821
ObsT7VwR6cw,0.0,neutral,0.9032896757125854,neutral,0.9024073481559753
FbUfxz92eyQ,0.0,neutral,0.8702429533004761,,
KvECwPSxSio,0.0,neutral,0.8987265229225159,neutral,0.8996030688285828
7Xruw0y5uto,-0.8074,negative,0.8459107279777527,negative,0.5563717484474182
3CTkrQAFplA,-0.0772,negative,0.702931821346283,neutral,0.8499639630317688
y3kVr2GdTN8,0.4767,neutral,0.9278004765510559,neutral,0.7501918077468872
k0CEhszmZo8,0.0,neutral,0.8015065789222717,neutral,0.7957489490509033
tX4IpR5D7aE,0.0,neutral,0.7013013958930969,neutral,0.8301026225090027
Cr1LLrZAB3M,0.0,neutral,0.8023001551628113,neutral,0.9154707789421082
N9gQS9HOU6s,0.128,neutral,0.4852965474128723,neutral,0.8239085674285889
84fk2g5LIlA,0.0,neutral,0.8486599326133728,,
8SZD9FAd59s,0.0,negative,0.5104272961616516,,
qz2S4cLYulI,-0.3612,negative,0.5979716181755066,negative,0.6544636487960815
bRmOVb2rABs,-0.802,negative,0.7116343379020691,,
q9Ylji3hxHI,0.0,neutral,0.9095304012298584,neutral,0.836743950843811
qEYgnhqsZxY,-0.8402,negative,0.9312092065811157,neutral,0.607888400554657
uGkPTMaIAQ4,0.4215,neutral,0.5797200798988342,,
