"","name","video_id"
"1","5g_covid","zzBLWA-khVg"
"2","5g_covid","Gi5dOvlMCgE"
"3","5g_covid","Zs4B6fPtoaE"
"4","5g_covid","0yD4dMtS_CQ"
"5","5g_covid","oUvBC-2Zc2I"
"6","5g_covid","joKISyHKk1w"
"7","5g_covid","FZIhU_MhB2I"
"8","5g_covid","fbZ1dyulInI"
"9","5g_covid","i4pxw4tYeCU"
"10","5g_covid","HHtizA5Jpok"
"11","5g_covid","AKpk55kIIKg"
"12","5g_covid","lgXqRSyyHOU"
"13","5g_covid","HM_aUduXK-U"
"14","5g_covid","HfuoNxGxYE4"
"15","5g_covid","INIKQVMyKGE"
"16","5g_covid","uf2HpbDCM9I"
"17","5g_covid","EJIKaE3DMrY"
"18","5g_covid","7OVT3N5_4to"
"19","5g_covid","SZqlbWSUi_8"
"20","5g_covid","RJoBIMB5h2c"
"21","5g_covid","9j8G_4FocrA"
"22","5g_covid","cw0A9FUTEKE"
"23","5g_covid","YaOoy8gdFvQ"
"24","5g_covid","kxPWXVFopjQ"
"25","5g_covid","gJftJuWlP-A"
"26","5g_covid","GaEtcHDCj6Y"
"27","5g_covid","kkY2IfO1XwA"
"28","5g_covid","m63EyxOC7KM"
"29","5g_covid","1apuXh-A7Os"
"30","5g_covid","0MAShI0i7MA"
"31","9_11_building_7","4e-CxHOf424"
"32","9_11_building_7","oCPVNLLo-mI"
"33","9_11_building_7","gHnAc5jlHyg"
"34","9_11_building_7","4L6KWlHzv-c"
"35","9_11_building_7","FeasKVBFySw"
"36","9_11_building_7","6p9UrIROYwI"
"37","9_11_building_7","uO9wpQ6b2Yw"
"38","9_11_building_7","gNIzC4a8rLs"
"39","9_11_building_7","ieIFtjnBfJU"
"40","9_11_building_7","nKog6z2kywo"
"41","9_11_building_7","EEogeIIOJzU"
"42","9_11_building_7","PK_iBYSqEsc"
"43","9_11_building_7","QxdyIgkCV4I"
"44","9_11_building_7","Df-o5TKv0C0"
"45","9_11_building_7","OQk5Qw8hHGA"
"46","9_11_building_7","5mq8xwitqFc"
"47","9_11_building_7","SnwYYF_gK1s"
"48","9_11_building_7","aEAGzoK97E0"
"49","9_11_building_7","YgwXG8aJOLM"
"50","9_11_building_7","-oBEW6k18hE"
"51","9_11_building_7","90ip8LquBIM"
"52","9_11_building_7","bUvscqHYO4c"
"53","9_11_building_7","1JPreVoErw4"
"54","9_11_building_7","4LUDXpMhkNk"
"55","9_11_building_7","0ZqP8moItcc"
"56","9_11_building_7","AgksqYdRCPU"
"57","9_11_building_7","ZXcsBLcVc5o"
"58","9_11_building_7","7ZiMG84hws0"
"59","9_11_building_7","mAVVtaNXuFE"
"60","9_11_building_7","bn64AyrHe4Q"
"61","9_11_building_7","Mamvq7LWqRU"
"62","9_11_building_7","2Ws6H9b8CqI"
"63","9_11_building_7","u7yRJ8AlhdA"
"64","9_11_building_7","dV466B8VVtw"
"65","9_11_building_7","ZnneC0tviTE"
"66","9_11_building_7","ZGCN8uUFKl0"
"67","9_11_building_7","Y2erDTPtsBI"
"68","9_11_building_7","-aDUSLRHdUU"
"69","9_11_building_7","PLZ4EQkAbws"
"70","9_11_building_7","bUxqgDV2osY"
"71","9_11_building_7","mY7F4xMcE4s"
"72","9_11_building_7","zEDM9pDY08g"
"73","9_11_building_7","VAkTbyENZ5s"
"74","9_11_building_7","Z7JJbEMJONE"
"75","9_11_building_7","sBciZFE8lAw"
"76","9_11_building_7","SMDkvJRHaNM"
"77","9_11_building_7","qXYpqJvjekM"
"78","9_11_building_7","edowrAzWQBo"
"79","9_11_building_7","ENcy_GPXHPo"
"80","9_11_building_7","QbRk3WAIhVQ"
"81","9_11_building_7","QHdAd6gxMsg"
"82","9_11_building_7","3HbD_Q6kmh8"
"83","9_11_building_7","Eszw6BQH15c"
"84","9_11_building_7","Xhv5qbjICB4"
"85","9_11_building_7","NbA89YbWoL8"
"86","9_11_building_7","1CJQDXZ-RzM"
"87","9_11_building_7","-YBOZYcBg68"
"88","9_11_building_7","F6QV6LK8j1Q"
"89","9_11_building_7","nLqFZNfTmU4"
"90","9_11_building_7","i4CAwjfY-dU"
"91","9_11_building_7","bEAwYkvZ5og"
"92","9_11_building_7","4LFZA0Rx1gg"
"93","9_11_building_7","Mb4MNe1vk70"
"94","9_11_building_7","eRVUvgJpi50"
"95","9_11_building_7","eJBUedWFJ40"
"96","9_11_building_7","5WmBt6BBUzs"
"97","9_11_building_7","VveRmJpFW6o"
"98","9_11_building_7","OVVQEBy1pW4"
"99","9_11_building_7","DYBhgEm3j7A"
"100","9_11_building_7","JnLcUxV1dPo"
"101","9_11_building_7","9HpEAddV2FQ"
"102","9_11_building_7","0Aqe7fLcpqM"
"103","9_11_building_7","56OhXUuY2RE"
"104","9_11_building_7","GySgEL4NRFY"
"105","9_11_building_7","vzInIjD6nKw"
"106","9_11_building_7","6rTHFDKI5Ug"
"107","adrenochrome","JXqS8t0_2Rk"
"108","adrenochrome","AUZmVlZSZyo"
"109","adrenochrome","xJYBWeT3yfE"
"110","adrenochrome","CtIYqkqN2Bg"
"111","adrenochrome","I7FhcSbZkgI"
"112","adrenochrome","lYT0Jpfm7tI"
"113","adrenochrome","zCaKRUcSNPU"
"114","adrenochrome","x7oYn8AeqeM"
"115","adrenochrome","rVUru5Gwagc"
"116","adrenochrome","9Om51NLL4UI"
"117","adrenochrome","bs94AXrDaTc"
"118","adrenochrome","pjb7c98HDWQ"
"119","adrenochrome","xZRnil8wi58"
"120","adrenochrome","9twiJbZ9-nQ"
"121","adrenochrome","MBG5gsxVuoc"
"122","adrenochrome","9UcF0slpKA4"
"123","adrenochrome","G1y38N4LQiU"
"124","adrenochrome","Jpb0QKIBxTk"
"125","adrenochrome","NO8U5JVXMpY"
"126","adrenochrome","q7mj0-VlUYE"
"127","adrenochrome","KndylQiVD_A"
"128","adrenochrome","YvBmuOiP4-4"
"129","adrenochrome","poLKyOYCQ3w"
"130","adrenochrome","ELthERxjxLU"
"131","adrenochrome","lrZfP1HpRZ8"
"132","adrenochrome","KA1dlOm01IQ"
"133","adrenochrome","bp3kSBQutR4"
"134","adrenochrome","ylMG79DyRGQ"
"135","adrenochrome","7BlrLNE8lFs"
"136","adrenochrome","bdfPanvCn1o"
"137","adrenochrome","_7WBgUhu9Es"
"138","adrenochrome","SbEOTZPgTvw"
"139","adrenochrome","PxMPwNTmIDI"
"140","adrenochrome","o2VpRp258bg"
"141","adrenochrome","zTQqlDrfPF4"
"142","adrenochrome","7tQuq4QeO9w"
"143","adrenochrome","otphsTWroSc"
"144","adrenochrome","g1n1CyKVdkc"
"145","adrenochrome","srNJzOtcdqw"
"146","adrenochrome","NGJE8l155tI"
"147","adrenochrome","1Gvtw5kSDVo"
"148","adrenochrome","qSaNq_CPB70"
"149","adrenochrome","5Cni1EQNPx0"
"150","adrenochrome","P0JwC5WNLlQ"
"151","adrenochrome","nQ-SGBZmEhk"
"152","adrenochrome","kV-jXScUpuk"
"153","adrenochrome","D4UVYbgwD5w"
"154","adrenochrome","UAeAKitFdJo"
"155","adrenochrome","EKMtE62aTpI"
"156","adrenochrome","6Jehh4qUGwY"
"157","adrenochrome","pe6WD7XFz_s"
"158","adrenochrome","jFDPIsCg05g"
"159","adrenochrome","37ERC3ucKBQ"
"160","adrenochrome","msqFo2UGpj4"
"161","adrenochrome","rN6GOxTy3b4"
"162","adrenochrome","uxn1Lx-RPds"
"163","adrenochrome","Acn4GSLVAyA"
"164","adrenochrome","3jNEbuPay_k"
"165","adrenochrome","EwQHiHJtFrA"
"166","adrenochrome","8cb_6JEOc1M"
"167","adrenochrome","-7o3bVInA2A"
"168","adrenochrome","39fW_MKh_2A"
"169","adrenochrome","tspSeo_rHxo"
"170","adrenochrome","392BwAcQKyk"
"171","adrenochrome","Y-Yat-F8Ujs"
"172","adrenochrome","ctzdNvppFT0"
"173","adrenochrome","0SMvXhVSXB0"
"174","adrenochrome","KDfTKUYPP38"
"175","adrenochrome","jSUygQzkPeE"
"176","adrenochrome","psrtppZUuPM"
"177","adrenochrome","lgF0Ff22EXA"
"178","adrenochrome","cPU4yLjHrBk"
"179","adrenochrome","HgzzK1_Tq00"
"180","adrenochrome","YVaH0_tdJQQ"
"181","adrenochrome","9YL9Njk82iY"
"182","adrenochrome","Wx52tCkg5Lg"
"183","adrenochrome","-FwJKvcJs8A"
"184","adrenochrome","iAIn4y3KZV4"
"185","adrenochrome","xjxlYS2YX8o"
"186","adrenochrome","lxrjv_p3wpA"
"187","adrenochrome","b8vG6Hwf26Y"
"188","adrenochrome","auD-c-OzkgM"
"189","adrenochrome","bht-htJ9Tcw"
"190","adrenochrome","FbI62YIf-UQ"
"191","adrenochrome","wh4CRqTHrEI"
"192","adrenochrome","ZNjTZVrLENc"
"193","adrenochrome","RjfM01iX_0I"
"194","adrenochrome","vIljE2K3h40"
"195","adrenochrome","lnWs5I95MH4"
"196","adrenochrome","aiOWz9OCZIY"
"197","adrenochrome","m6kFCNsnQpQ"
"198","adrenochrome","PK9Hs7AluWA"
"199","adrenochrome","SygZ1m_LXXQ"
"200","adrenochrome","xFIz0xW5tWA"
"201","adrenochrome","_lgINJxOolo"
"202","great_replacement_theory","dVqVkIOugac"
"203","great_replacement_theory","LQQAhvnhPWg"
"204","great_replacement_theory","U_1n0hi_pz4"
"205","great_replacement_theory","k_2Eqvr-ZoI"
"206","great_replacement_theory","wubP6CIKAc4"
"207","great_replacement_theory","gogCccQsum4"
"208","great_replacement_theory","IOn_gL3HpJo"
"209","great_replacement_theory","yQ4IuoJL8g0"
"210","great_replacement_theory","RZEAVb5CJRI"
"211","great_replacement_theory","xj1xDfJ3D_o"
"212","great_replacement_theory","2Md3wAZSVb4"
"213","great_replacement_theory","f9jLJhSZDrM"
"214","great_replacement_theory","HncFO8Sujvk"
"215","great_replacement_theory","dgCPd4qoKXw"
"216","great_replacement_theory","RPN9Pn8PvI4"
"217","great_replacement_theory","xvOJqzKHgw4"
"218","great_replacement_theory","dskVval50AE"
"219","great_replacement_theory","fe2b09H-TfI"
"220","great_replacement_theory","AYG6iKt6Owo"
"221","great_replacement_theory","Y_REAzKPFrs"
"222","great_replacement_theory","ls8x3JzL_rk"
"223","great_replacement_theory","SOahJtcq91c"
"224","great_replacement_theory","dqzJmdlJx0k"
"225","great_replacement_theory","JNbh8F0_92g"
"226","great_replacement_theory","DT1Ee1AQqhI"
"227","great_replacement_theory","o5MNSTY8HpY"
"228","great_replacement_theory","fh4uQeoi5wY"
"229","great_replacement_theory","nJD7jWQ9zBk"
"230","great_replacement_theory","lxVq4U5jkAw"
"231","great_replacement_theory","SCs_1WT2LzU"
"232","great_replacement_theory","WpL12sf4U6A"
"233","great_replacement_theory","TUGplcrQx18"
"234","great_replacement_theory","kovcmuls_18"
"235","great_replacement_theory","IvI2YJA1pm8"
"236","great_replacement_theory","dWPDYVz04Gg"
"237","great_replacement_theory","_kSigGDhlXA"
"238","great_replacement_theory","OjBGADt2jdY"
"239","great_replacement_theory","HOab0eMgyJE"
"240","great_replacement_theory","9JfYsugxHb0"
"241","great_replacement_theory","XmEvn5j0z7Q"
"242","great_replacement_theory","FEhdgkNpReM"
"243","great_replacement_theory","8KB62ySUVcE"
"244","great_replacement_theory","UrFWkoGMbi0"
"245","great_replacement_theory","uFOEiwGOMSg"
"246","great_replacement_theory","VUbxVfSqtt8"
"247","great_replacement_theory","Dk-5G3FvqxU"
"248","great_replacement_theory","FUripP2c5dE"
"249","great_replacement_theory","R_xkB6S87OA"
"250","great_replacement_theory","vO9dzgoTwbo"
"251","great_replacement_theory","ToUPgntSfZw"
"252","great_replacement_theory","DREmnsungVM"
"253","great_replacement_theory","1ZcHSfdl1_M"
"254","great_replacement_theory","GOt3WljFM7o"
"255","great_replacement_theory","b3FI8id2wEM"
"256","great_replacement_theory","BRfszwy9gMk"
"257","great_replacement_theory","XMGxxRRtmHc"
"258","great_replacement_theory","X_tzrg8e1d0"
"259","great_replacement_theory","3J4r74YlCZE"
"260","great_replacement_theory","V2spdl5OUj4"
"261","great_replacement_theory","WVwg_v2mlRo"
"262","great_replacement_theory","-OPcLiokyxw"
"263","great_replacement_theory","n8mMW8f_19c"
"264","great_replacement_theory","EICp1vGlh_U"
"265","great_replacement_theory","3kqf5hgRwqw"
"266","great_replacement_theory","-EzgfBMVwFQ"
"267","great_replacement_theory","QabYOjtNguA"
"268","great_replacement_theory","dwgsbZ1MsAE"
"269","great_replacement_theory","be9D06BG6u8"
"270","great_replacement_theory","vnBduzGRtHU"
"271","great_replacement_theory","nr7P8a5MCWg"
"272","great_replacement_theory","9QPyPy3ifwg"
"273","great_replacement_theory","s1Tgn2XGYpU"
"274","great_replacement_theory","Y5VXExIHrZM"
"275","great_replacement_theory","hLX0I0XiYoE"
"276","great_replacement_theory","Y2eJ_MRQ3OE"
"277","great_replacement_theory","IFFMaLM0Puw"
"278","great_replacement_theory","-QJZW7VNzhY"
"279","great_replacement_theory","IoHVnWmHhFU"
"280","great_replacement_theory","AH8QJ_FasJo"
"281","great_replacement_theory","LjEMRrW0gJA"
"282","great_replacement_theory","oKRus5JP0XY"
"283","great_replacement_theory","4PfZlxhvdkM"
"284","great_replacement_theory","eidisPTsMyE"
"285","great_replacement_theory","EEfG_0acVf0"
"286","great_replacement_theory","sB7TsLfHLGM"
"287","great_replacement_theory","luUL__OsJBc"
"288","great_replacement_theory","OfsrjxAjO3w"
"289","great_replacement_theory","Z_0iFBJPWoY"
"290","great_replacement_theory","AXTys4QQvlo"
"291","great_replacement_theory","pyUQP-R48yg"
"292","great_replacement_theory","mc2TAjeok10"
"293","great_replacement_theory","zUSlOmu15jE"
"294","great_replacement_theory","k3bWN0MiYKA"
"295","great_replacement_theory","UWDiVPnS1tg"
"296","great_replacement_theory","kKVmv8gxT-I"
"297","great_replacement_theory","7deTQz2YMxI"
"298","great_replacement_theory","qwB-BJgza0o"
"299","great_replacement_theory","bSDN1LTIWuc"
"300","great_replacement_theory","ZgXY30mKrLA"
"301","great_replacement_theory","Vra_dozRDD8"
"302","great_replacement_theory","0fUk0rtUDUY"
"303","great_replacement_theory","PQKgDFA96us"
"304","great_replacement_theory","QsiH_we4K0I"
"305","great_replacement_theory","S1QR2Vl97WI"
"306","great_replacement_theory","0RQc74xp6-s"
"307","great_replacement_theory","I2mx-hZQWF0"
"308","great_replacement_theory","UYK_9gH7d7U"
"309","is_earth_flat","iYZbQIXoVMY"
"310","is_earth_flat","grVwNYaKCRc"
"311","is_earth_flat","iZYqRUcQPlg"
"312","is_earth_flat","vpljiOgd9RQ"
"313","is_earth_flat","e5ACN9iF8Jw"
"314","is_earth_flat","E7qJPyuEgvw"
"315","is_earth_flat","SPS6vaVgK6k"
"316","is_earth_flat","hLPPE3_DVCw"
"317","is_earth_flat","aPBVGXdsR0I"
"318","is_earth_flat","DYrA6xbPjkg"
"319","is_earth_flat","K0-GxoJ_Pcg"
"320","is_earth_flat","313icHT2XF8"
"321","is_earth_flat","KyD8VIK032o"
"322","is_earth_flat","Hsf0iGXgzjk"
"323","is_earth_flat","1k3Fnb2wR0c"
"324","is_earth_flat","AQl8h7Aa75s"
"325","is_earth_flat","b7vRfItdIFk"
"326","is_earth_flat","26UkTow1RRo"
"327","is_earth_flat","TdVKZkfAkpk"
"328","is_earth_flat","b0nki8vrAv8"
"329","is_earth_flat","ecfqbWCiZSA"
"330","is_earth_flat","pMw6Bj7Idis"
"331","is_earth_flat","zu1p5yl5P0Y"
"332","is_earth_flat","EYHvq_Pqn3o"
"333","is_earth_flat","_bHqBy92iGM"
"334","is_earth_flat","VNqNnUJVcVs"
"335","is_earth_flat","YtTtaMXjAT8"
"336","is_earth_flat","YjWn23pEl3k"
"337","is_earth_flat","53vLQnuV9FY"
"338","is_earth_flat","M7vt5paORIc"
"339","is_earth_flat","vCzPpEEtJ5E"
"340","is_earth_flat","ae4OigBcEiU"
"341","is_earth_flat","XeO2mQRPS8s"
"342","is_earth_flat","yJFq4HV-MGQ"
"343","is_earth_flat","XiWOA2VTq04"
"344","is_earth_flat","iQF9_pzAkoY"
"345","is_earth_flat","IwJzsE8CvzQ"
"346","is_earth_flat","QeSkozlcWAM"
"347","is_earth_flat","su-fmoZUkF8"
"348","is_earth_flat","fFgbNv-d4Yg"
"349","is_earth_flat","wClJlarfyhE"
"350","is_earth_flat","bNUQorsHObg"
"351","is_earth_flat","BHSlc28u02o"
"352","is_earth_flat","uhaZX4ZMcLw"
"353","is_earth_flat","jfg_SzObG3g"
"354","is_earth_flat","Q7yvvq-9ytE"
"355","is_earth_flat","mSJJL27lsyE"
"356","is_earth_flat","001IXnp0ogc"
"357","is_earth_flat","1ML791vzyh0"
"358","is_earth_flat","xU_F0DC_fQw"
"359","is_earth_flat","n9bYHwp_xnU"
"360","is_earth_flat","hFgDS3yjGIA"
"361","is_earth_flat","68YuU2tStoU"
"362","is_earth_flat","MYnjzsjeMK8"
"363","is_earth_flat","JDy95_eNPzM"
"364","is_earth_flat","-nwN3aViYOc"
"365","is_earth_flat","hkQozII_7uI"
"366","is_earth_flat","OqB2EZO99z4"
"367","is_earth_flat","2z3quJk_mWw"
"368","is_earth_flat","SWnbrHp1CEs"
"369","is_earth_flat","R7uAf8-GlTE"
"370","is_earth_flat","gyjLeyXRmdE"
"371","is_earth_flat","weSkbBnGyxs"
"372","is_earth_flat","CGjFAe018oA"
"373","is_earth_flat","7OaWs29HKEU"
"374","is_earth_flat","6nOx6QlnrI4"
"375","is_earth_flat","YaPa4esJJx4"
"376","is_earth_flat","6Ghzi_bIpbM"
"377","is_earth_flat","Dd-FAyHdpxI"
"378","is_earth_flat","RywkkwO78m8"
"379","is_earth_flat","mYB1JP-gfLE"
"380","is_earth_flat","fF6T7GWPygk"
"381","is_earth_flat","lbB7AhwaZy8"
"382","is_earth_flat","ne3HV9tIITw"
"383","is_earth_flat","QsvwswQl6Vo"
"384","is_earth_flat","D7TFzVX0lLw"
"385","is_earth_flat","491vRzKbkw4"
"386","is_earth_flat","tgyKISW_elQ"
"387","is_earth_flat","9hdqiHcH2tw"
"388","is_earth_flat","W0UcdY62Sw4"
"389","is_earth_flat","amJoVWAakos"
"390","is_earth_flat","7ae_XdFEQDw"
"391","is_earth_flat","OhvCJGRBX1A"
"392","is_earth_flat","gcNKIGAodj8"
"393","is_earth_flat","umo6pMCkcXs"
"394","is_earth_flat","9HCKdN4ll-s"
"395","is_earth_flat","vjfh0ura1dY"
"396","is_earth_flat","tC5RalYWZ5Y"
"397","is_earth_flat","_trulM9Ht4E"
"398","is_earth_flat","2pqj4Zn7XfQ"
"399","is_earth_flat","QBa40ujWt5s"
"400","is_earth_flat","8HYMb3MgQRg"
"401","is_earth_flat","RK93TfSYeQU"
"402","is_earth_flat","701uS_hGlk4"
"403","is_earth_flat","f8DQSM-b2cc"
"404","is_earth_flat","M16zJ0AZVI4"
"405","is_earth_flat","rT33pk-3N_w"
"406","is_earth_flat","Kuge8hvJ0ys"
"407","is_earth_flat","1gHbwT_R9t0"
"408","is_earth_flat","57w7B2cvz1Q"
"409","is_earth_flat","p33NtCtIjrM"
"410","is_earth_flat","mayqd9oX7fg"
"411","is_earth_flat","m4kM5zwxThE"
"412","is_earth_flat","i2dTXB3O3dw"
"413","is_earth_flat","06bvdFK3vVU"
"414","is_earth_flat","J1hrZS9BpAE"
"415","is_earth_flat","TlcNNZlj7-Q"
"416","is_earth_flat","PDmQnspIVv8"
"417","is_earth_flat","2gFsOoKAHZg"
"418","is_earth_flat","thxbiR-XfJo"
"419","is_earth_flat","JYY3bIKJFg8"
"420","is_earth_flat","YSAz-Ot3Mco"
"421","is_earth_flat","T4WjyTV98lg"
"422","is_earth_flat","tek8-LtMgss"
"423","is_earth_flat","8qoVahR6YOo"
"424","is_earth_flat","6t_n6N_Yzzs"
"425","is_earth_flat","xM9S4QiEHEY"
"426","is_earth_flat","kySCYT2-tsc"
"427","is_earth_flat","rZwEUZvX-eg"
"428","is_earth_flat","W_RRslHBNEI"
"429","is_earth_flat","OovIIiQJXTg"
"430","is_earth_flat","pbu4dhkDc9A"
"431","is_earth_flat","pfXHsuaAWeE"
"432","is_earth_flat","EZT_gKAgtrw"
"433","is_earth_flat","P4l9Y5OHqpk"
"434","is_earth_flat","L5sHm04nWMg"
"435","is_earth_flat","4XEy2jh7Z-o"
"436","is_earth_flat","erA3WQE9Zes"
"437","is_earth_flat","L0zVJmsz5ww"
"438","is_earth_flat","b_oNqqaDOzU"
"439","is_earth_flat","Xei0BmDfPUk"
"440","is_earth_flat","1nZZtKuWY5E"
"441","is_earth_flat","DJdQphU3y94"
"442","is_earth_flat","eMAw1v467uc"
"443","is_earth_flat","DPRJzNc876A"
"444","is_earth_flat","UzIKWnZJ29s"
"445","is_earth_flat","mxhxL1LzKww"
"446","plandemic","gSKY4Oz9IXQ"
"447","plandemic","Hyt7GDovwDI"
"448","plandemic","K1-EkuG0Wy0"
"449","plandemic","6lEWIA6aNS4"
"450","plandemic","TWpjc1QZg84"
"451","plandemic","ArakYBkqT90"
"452","plandemic","ltmLUOjQvaE"
"453","plandemic","JasyAndXUNE"
"454","plandemic","iJv28QTHpfQ"
"455","plandemic","lpt3eDD3H4E"
"456","plandemic","N41pMlW01TI"
"457","plandemic","Jy120ZW_G_c"
"458","plandemic","ALlrp7Q8al4"
"459","plandemic","3-rsm1BeiJA"
"460","plandemic","7aT-Nb0nDeY"
"461","plandemic","rFUK6C0jlws"
"462","plandemic","IYK4DkK7qeY"
"463","plandemic","u7-fh7GeIVI"
"464","plandemic","z5PnV1Pz3-E"
"465","plandemic","Fu720tQMI_A"
"466","plandemic","O09lwkHeEvI"
"467","plandemic","2-O3SZr58bg"
"468","plandemic","FadzU7zzWbE"
"469","plandemic","zJaT_shiR1Y"
"470","plandemic","nEy0EVCRvdg"
"471","plandemic","_pmH6s-cMFk"
"472","plandemic","V1tQnU5WtTQ"
"473","plandemic","Ewq6XyJ6T6s"
"474","plandemic","H91Asd5t0zs"
"475","plandemic","B4bupkt2FGU"
"476","plandemic","KHeg9DDrjMs"
"477","plandemic","NyFtEHbL-Ec"
"478","plandemic","BESMxl9-P9w"
"479","plandemic","WkcF33MLMD0"
"480","plandemic","Os6bhAY7jSs"
"481","plandemic","YXAu88t7yq0"
"482","plandemic","IaxoIbXAcKM"
"483","plandemic","6Mm90mSC-cs"
"484","plandemic","KqUWgel7ajs"
"485","plandemic","tbK1VZBmivI"
"486","plandemic","9VtTv51152o"
"487","plandemic","u_UAL0KPiPw"
"488","qanon","8emVCG1Jrnc"
"489","qanon","NjBi93thNFo"
"490","qanon","mTqkygZ-Zsg"
"491","qanon","-bd6bTRppyc"
"492","qanon","2ut4HYHkLjQ"
"493","qanon","tTeRofqTdlg"
"494","qanon","dayJDrRdTEY"
"495","qanon","0S6XHbIokh0"
"496","qanon","trB06rINhKI"
"497","qanon","_7FWr2Nvf9I"
"498","qanon","nbmMwMQEK9Y"
"499","qanon","gufvLjAQsQs"
"500","qanon","65q8J3Q8MlU"
"501","qanon","tX4IpR5D7aE"
"502","qanon","4eJ0mUDu7pE"
"503","qanon","LStlxxFONAw"
"504","qanon","z6Vo5uav9as"
"505","qanon","m6U-5Hck5z0"
"506","qanon","lNB1qd6qnC0"
"507","qanon","KPSu-Jolq4Y"
"508","qanon","XsMC3X62n4c"
"509","qanon","u8Gd9MJsnnE"
"510","qanon","929viHEzCEY"
"511","qanon","QBm89zfvWNs"
"512","qanon","ra_C49I91sk"
"513","qanon","itpMqWZdNC8"
"514","qanon","r_vn5oczs_I"
"515","qanon","rGdm386TRnY"
"516","qanon","4lg6cZmfpeM"
"517","qanon","eh1LHbDXMQQ"
"518","qanon","vhH47qld6IA"
"519","qanon","ift5nxcSrII"
"520","qanon","8XsaFuEXRV4"
"521","qanon","Vol30dTcOQQ"
"522","qanon","rG5WbN_0z2M"
"523","qanon","KBnsuTcfWeQ"
"524","qanon","zfcB2q0_hAI"
"525","qanon","QQkID_o8U3k"
"526","qanon","a9YRQaIUNHY"
"527","qanon","obCgE_6g21s"
"528","qanon","WThso-fI0sQ"
"529","qanon","4txKoYKYvHY"
"530","qanon","zxBchA7mrLE"
"531","qanon","W-2LLrq4SdI"
"532","qanon","j25NHPw8bik"
"533","qanon","bsN96zE8FuE"
"534","qanon","1SZnybNvfFE"
"535","qanon","G-WCG_T9-bo"
"536","qanon","E5a7CV8U6vM"
"537","qanon","gyzbHFYs3pg"
"538","qanon","Xwdkng6ZGp8"
"539","qanon","-3ol1aUN_Go"
"540","qanon","y7YPZxqJDYQ"
"541","qanon","ic2C30ElCSY"
"542","qanon","fpHrTuNWHTU"
"543","qanon","G9p4yt8XjVM"
"544","qanon","qAp7n2uc5bE"
"545","qanon","JTfhYyTuT44"
"546","qanon","jzsiDRP5gXc"
"547","qanon","UAWhOE1PEuY"
"548","qanon","Emo_pQgwfkk"
"549","qanon","O1yOqtbWrdg"
"550","qanon","tJgwZa3IxPw"
"551","qanon","hGP01scixAI"
"552","qanon","rYMIozCKxGE"
"553","qanon","OVJxZLIpcfc"
"554","qanon","AhYRHif-U8I"
"555","qanon","T-OuspyohIk"
"556","qanon","WN5u1T4iXF8"
"557","qanon","Yqfvka7QDO4"
"558","qanon","RSu_XYXSgz4"
"559","qanon","Vuh2AeO7ziw"
"560","qanon","58gqjne-gi4"
"561","qanon","cbLXUqQIT1Y"
"562","qanon","IvOFVzfc-k0"
"563","qanon","U_Pr7lS6zU0"
"564","qanon","1Cylk43dcVs"
"565","qanon","dB2_XplN2jo"
"566","qanon","YfJq1K20YZg"
"567","qanon","EfU6Wsbzuq8"
"568","qanon","q1fdIP_KyL0"
"569","qanon","9R5TvLCsN-E"
"570","qanon","A1IDYHEdZpE"
"571","qanon","hnY09j2MpHc"
"572","qanon","gMcJGnypBuQ"
"573","qanon","PHWEhGeCXaM"
"574","qanon","-A8URYUNKeo"
"575","qanon","3q1wOBVLJHw"
"576","qanon","L4DkztDjlak"
"577","qanon","QHOK_9hWU5U"
"578","qanon","N3zujKdhH0U"
"579","qanon","evqRMVW7lvc"
"580","qanon","jrkhRR7WtJQ"
"581","qanon","mEmIepbEph0"
"582","qanon","GS6BHBeqdBs"
"583","qanon","hWy5W3IZ0LQ"
"584","qanon","d-IZwugU6NE"
"585","qanon","tpRVWeMsoaE"
"586","qanon","VGrfN3v5JL8"
"587","qanon","iv7BvLBz8MI"
"588","qanon","rZN5vSbhsRU"
"589","qanon","xxrEBbvYfxI"
"590","qanon","8_fn-a5qmxY"
"591","qanon","8wwsKTew_v8"
"592","qanon","VTeMFnhJjWw"
"593","qanon","Glwk8OskVAU"
"594","qanon","4BrtBmhhohE"
"595","qanon","7e2dmzJd7yQ"
"596","qanon","TTb31HVYil0"
"597","qanon","rkniaZtlfpg"
"598","qanon","r3rVGrTknIk"
"599","qanon","FzuWSWK4vuc"
